<?xml version="1.0" encoding="UTF-8" standalone="no"?><alcoholShop>  									<!-- Kompletn? p?ed?vac? data webov?ho obchodu s alkoholem -->
	    	
	   		<zbozi>
	   			
	   			<polozka cena="9" pid="id_2" typ="pivo">
	   				<jmeno> Kozlik 11  </jmeno>
	   				<popis> Vyborne pivo od pivovaru <vyrobce> Plze?sk? prazdroj </vyrobce>  </popis>
					<dostupnost>
					  	<pocet> 452 </pocet>
					</dostupnost>	
	   			</polozka>
	   			
	   			<polozka cena="250" pid="id_3" typ="liker">
	   				<jmeno> Baileys </jmeno>
	   				<popis> Sladk? tlamolep <vyrobce> Gilbeys </vyrobce>  </popis>
					<dostupnost>
					  	<dodani>
					  		<date>2.1.2001</date>
					  		<ocekavanyPocet> 45 </ocekavanyPocet>
					  	</dodani>
					</dostupnost>	
	   			</polozka>	
	   			
	   			<polozka cena="850" pid="id_8" typ="vino">
	   				<jmeno> Sl?mov? v?no </jmeno>
	   				<popis> Luxusn? v?no <vyrobce>  Vinn? sklepy Valtice, a.s. </vyrobce>  </popis>
					<dostupnost>
					  	<pocet> 42 </pocet>
					</dostupnost>	
	   			</polozka>
	   			
	   			<polozka cena="350" pid="id_10" typ="destilat">
	   				<jmeno> Nemiroff </jmeno>
	   				<popis> Nejlep?? vodka, co jsem pil <vyrobce> Nemyriv, Hungary </vyrobce>  </popis>
					<dostupnost>
					  	<pocet> 25 </pocet>
					</dostupnost>	
	   			</polozka>	
	   			
	   			<polozka cena="250" pid="id_12" typ="liker">
	   				<jmeno> Metaxa </jmeno>
	   				<popis> Dotkni se slunce <vyrobce>  Spyros Metaxas </vyrobce>  </popis>
					<dostupnost>
					  	<dodani>
					  		<date>2.4.2014</date>
					  		<ocekavanyPocet> 15 </ocekavanyPocet>
					  	</dodani>
					</dostupnost>	
	   			</polozka>	
	   			
	   			<polozka cena="100" pid="id_15" typ="destilat">
	   				<jmeno> Pra?sk? vodka </jmeno>
	   				<popis> Ide?ln? volba, pokud chcete oslepnout <vyrobce> Dynybyl </vyrobce>  </popis>
					<dostupnost>
					  	<pocet> 74 </pocet>
					</dostupnost>	
	   			</polozka>	
	   			
	   		
	   			<zlevnene>
	   				<sleva akcnicena="7" neomezeno="ANO" ref_pid="id_2"/>
	   				<sleva akcnicena="750" ref_pid="id_8"/>
	   				<sleva akcnicena="70" ref_pid="id_15"/>
	   			<sleva akcnicena="220" neomezeno="ANO" ref_pid="id_3"/></zlevnene>	
	   		</zbozi>
	   		
	   		<zakaznici>
	
	   			
	   			<zakaznik rodnecislo="55421/12557" zid="zid_002">
	   				<osobniUdaje>
	   				<name>
	   					<fname> Petr </fname>
	   					<sname>P??hoda</sname>
	   				</name>
	   				<kontakt primary="+42054544246">
	   				  
	   				  <email acc="alkac@gmail.com"/>
	   				</kontakt>
	   				</osobniUdaje>
	   			</zakaznik>
	   			
	   			<zakaznik rodnecislo="55544/125" zid="zid_003">
	   				<osobniUdaje>
	   				<name>
		   				<fname> Milan </fname>
		   				<sname>Buri?nek</sname>
	   				</name>
	   				<kontakt primary="+42054544246">
	   				  
	   				  <email acc="buris@gmail.com"/>
	   				</kontakt>
	   				</osobniUdaje>
	   			</zakaznik>
	   			
	   			<zakaznik rodnecislo="154054/1121" zid="zid_004">
	   				<osobniUdaje>
	   				<name>
		   				<fname> Karel </fname>
		   				<sname>Pelik?n</sname>
	   				</name>
	   				<kontakt primary="+42051211246">
	   				  
	   				</kontakt>
	   				</osobniUdaje>
	   			</zakaznik>
	   			
	   			
	   			<zakaznik rodnecislo="101044/125" zid="zid_005">
	   				<osobniUdaje>
	   				<name>
		   				<fname> Dominik </fname>
		   				<sname> ?afrata </sname>
	   				</name>
	   				<kontakt primary="+42054124246">
	   				  
	   				  <email acc="minka@gmail.com"/>
	   				</kontakt>
	   				</osobniUdaje>
	   			</zakaznik>
	   			
	   			
	   			<zakaznik rodnecislo="11212/2112" zid="zid_006">
	   				<osobniUdaje>
	   				<name>
		   				<fname>Michal </fname>
		   				<sname>Houska</sname>
	   				</name>
	   				<kontakt primary="+42014545454" secondary="+42011154522">
	   				  
	   				  
	   				  <email acc="houser@seznam.cz"/>
	   				</kontakt>
	   				</osobniUdaje>
	   			</zakaznik>
	   			
	   			<zakaznik rodnecislo="55422/1225" zid="zid_007">
	   				<osobniUdaje>
	   				<name>
		   				<fname> Franta </fname>
		   				<sname>N?dvorn?k</sname>
	   				</name>
	   				<kontakt primary="+4205454446">
	   				  
	   				  <email acc="napravnik@gmail.com"/>
	   				</kontakt>
	   				</osobniUdaje>
	   			</zakaznik>
	   			
	   			<zakaznik rodnecislo="8451481/1267" zid="zid_008">
	   				<osobniUdaje>
	   				<name>
		   				<fname> Karel </fname>
		   				<sname>Nov?k</sname>
	   				</name>
	   				<kontakt primary="+4207854246">
	   				  
	   				  <email acc="Karel@gmail.com"/>
	   				</kontakt>
	   				</osobniUdaje>
	   			</zakaznik>
	   			
	   			<zakaznik rodnecislo="421541/1267" zid="zid_009">
	   				<osobniUdaje>
	   				<name>
		   				<fname> Oskar </fname>
		   				<sname>Lehotsk?</sname>
	   				</name>
	   				<kontakt primary="+4207854246">
	   				  
	   				</kontakt>
	   				</osobniUdaje>
	   			</zakaznik>
	   			
	   			<zakaznik rodnecislo="154054/1121" zid="zid_0010">
	   				<osobniUdaje>
	   				<name>
		   				<fname> Karel </fname>
		   				<sname>Pelik?n</sname>
	   				</name>
	   				<kontakt primary="+42051211246">
	   				  
	   				</kontakt>
	   				</osobniUdaje>
	   			</zakaznik>
	   			
	   			<zakaznik rodnecislo="000001/0001" zid="zid_0011">
	   				<osobniUdaje>
	   				<name>
		   				<fname> Chuck </fname>
		   				<sname>Norris</sname>
	   				</name>
	   				<kontakt primary="+420123456789">
	   				  
	   				  <email acc="gmail@chucknorris.com"/>            <!-- Chuck Norris has a Gmail account -->
	   				  <email acc="The@one.com"/>
	   				</kontakt>
	   				</osobniUdaje>
	   			</zakaznik>
	   			
	   		</zakaznici>
	   		
	   		
	   		<financniPohledavky>
	   			<faktura castka="14000" odeslana="ANO" ref_pid="id_12" splatnost="14.2.2012" upominka="ANO"/>
	   			<faktura castka="1250" odeslana="ANO" ref_pid="id_8" splatnost="1.8.2013" upominka="ANO"/>
	   			<faktura castka="12000" odeslana="ANO" ref_pid="id_2" splatnost="4.12.2012"/>   <!-- Upominka p?ipravena pro tisk-->
	   			<faktura castka="14000" odeslana="ANO" ref_pid="id_2" splatnost="1.1.2013"/>
	   			<faktura castka="14000" odeslana="ANO" ref_pid="id_3" splatnost="27.5.2013" upominka="ANO"/>
	   		</financniPohledavky>
	   		
	   		
</alcoholShop>