<html>
   <head>
      <meta http-equiv="Content-Type" content="text/html; charset=UTF-8">
      <title>XQuery Jan Dryk</title>
   </head>
   <body>
      <table>
         <tr>
            <td>Frog</td>
         </tr>
         <tr>
            <td>Flame of Azzinoth</td>
         </tr>
         <tr>
            <td>Faerie Dragon</td>
         </tr>
         <tr>
            <td>Ironforge Rifleman</td>
         </tr>
         <tr>
            <td>Hex</td>
         </tr>
         <tr>
            <td>Emperor Cobra</td>
         </tr>
         <tr>
            <td>Raging Worgen</td>
         </tr>
         <tr>
            <td>Total:</td>
            <td>7</td>
         </tr>
      </table>
   </body>
</html>