<?xml version="1.0" encoding="UTF-8"?>
<Minion xmlns:xsi="http://www.w3.org/2001/XMLSchema-instance" Title="Ironforge Rifleman"
        Subtype="General"
        Rarity="Common"
        Cost="3"
        Attack="2"
        Health="2"
        Id="id_Rifleman"
        IsCard="true">
		<Description>Ready! Aim! Drink!</Description>
		<Abilities>
			   <Battlecry>
				     <Action>
					       <Damage Amount="1">
						         <Target Type="Choose" Scope="All"/>
					       </Damage>
				     </Action>
			   </Battlecry>
		</Abilities>
	</Minion>
<Minion xmlns:xsi="http://www.w3.org/2001/XMLSchema-instance" Id="id_Illidan" Cost="6"
        Title="Illidan Stormrage"
        Rarity="Legendary"
        Attack="7"
        Health="5"
        Subtype="General"
        IsCard="true">
		<Description>Whenever you play a card, summon a 2/1 Flame of Azzinoth.</Description>
		<Abilities>
			   <Event Trigger="CardPlayed">
				     <Action>
					       <Summon Id="id_FlameOfAzzinoth"/>
				     </Action>
			   </Event>
		</Abilities>
	</Minion>
<Spell xmlns:xsi="http://www.w3.org/2001/XMLSchema-instance" Id="id_Hex" Cost="3"
       Title="Hex"
       Rarity="Free"
       IsCard="true">
		<Description>Transform a minion into a 0/1 Frog with Taunt.</Description>
		<Action>
			   <Destroy>
				     <Target Type="Choose" Scope="Minions"/>
			   </Destroy>
			   <Summon Id="id_Frog" Friendly="false"/>
		</Action>
	</Spell>