<?xml version="1.0" encoding="UTF-8"?>
<Minion Title="Ironforge Rifleman" Subtype="General" Rarity="Common" Id="id_Rifleman"
        IsCard="true"
        Cost="3"
        Health="1"
        Attack="2">
   <Description xmlns:xsi="http://www.w3.org/2001/XMLSchema-instance">Ready! Aim! Drink!</Description>
   <Abilities xmlns:xsi="http://www.w3.org/2001/XMLSchema-instance">
			   <Battlecry>
				     <Action>
					       <Damage Amount="1">
						         <Target Type="Choose" Scope="All"/>
					       </Damage>
				     </Action>
			   </Battlecry>
		</Abilities>
</Minion>
<Minion Title="Ysera" Subtype="Dragon" Class="All" Rarity="Legendary" Id="id_Ysera"
        IsCard="true"
        Cost="9"
        Health="12"
        Attack="4">
   <Description xmlns:xsi="http://www.w3.org/2001/XMLSchema-instance">At the end of your turn draw a Dream Card.</Description>
   <Abilities xmlns:xsi="http://www.w3.org/2001/XMLSchema-instance">
			   <Event Trigger="TurnEnd">
				     <Action>
					       <Random>
						         <Action>
						</Action>
						         <Action>
						</Action>
						         <Action>
						</Action>
						         <Action>
						</Action>
					       </Random>
				     </Action>
			   </Event>
		</Abilities>
</Minion>