<?xml version="1.0" encoding="UTF-8"?>
<Minion xmlns:xsi="http://www.w3.org/2001/XMLSchema-instance" Id="id_Ysera" Cost="9"
        Title="Ysera"
        Attack="4"
        Class="All"
        Health="12"
        IsCard="true"
        Rarity="Legendary"
        Subtype="Dragon">
		<Description>At the end of your turn draw a Dream Card.</Description>
		<Abilities>
			   <Event Trigger="TurnEnd">
				     <Action>
					       <Random>
						         <Action>
						</Action>
						         <Action>
						</Action>
						         <Action>
						</Action>
						         <Action>
						</Action>
					       </Random>
				     </Action>
			   </Event>
		</Abilities>
	</Minion>