<?xml version="1.0" encoding="UTF-8" standalone="no"?><obchod>
  <info>
    <title>
      Potraviny v?eho druhu
    </title>
    <popis>
      <!--popis se nacte z externiho souboru-->
      <?php include "description.php"; ?>
      <![CDATA[
        if ($zobrazit_ikonu)
        {
          $ikona->zobraz();
        }
      ]]>
    </popis>
    <kontakty>
      <adresa>
        <ulice>
          <nazev_ulice>
            P???n?
          </nazev_ulice>
          <cp>
            1558
          </cp>
        </ulice>
        <obec>
          Kocourkov
        </obec>
        <psc>
          10101
        </psc>
      </adresa>
      <email>potraviny@vsechno.cz</email>
      <telefon>+4202123123132</telefon>
      <fax>+4202321321321</fax>
    </kontakty>
  </info>
  <seznam_kategorii>
    <kategorie>
		<kategorie><nazev>Ml??n? v?robky - jogurty</nazev><kid>kid_101</kid></kategorie>
		<kategorie><nazev>Ml??n? v?robky - ostatn?</nazev><kid>kid_102</kid></kategorie>
    <nazev>Ml??n? v?robky</nazev><kid>kid_001</kid></kategorie>
    <kategorie><nazev>Pe?ivo</nazev><kid>kid_002</kid></kategorie>
    <kategorie><nazev>Ovoce</nazev><kid>kid_003</kid></kategorie>
  </seznam_kategorii>
  <dodavatele>
    <dodavatel><tuzemsky>ne</tuzemsky><nazev>TESCO</nazev><did>did_001</did></dodavatel>
    <dodavatel><tuzemsky>ano</tuzemsky><nazev>Pek?rna Cvr?ovice</nazev><did>did_002</did></dodavatel>
    <dodavatel><tuzemsky>ano</tuzemsky><nazev>Ovoce nejen na V?noce</nazev><did>did_003</did></dodavatel>
  </dodavatele>
  <produkty>
    <mlecny_vyrobek><pid>pid_001</pid><nazev>M?slo</nazev><kategorie>kid_102</kategorie><dodavatel>did_001</dodavatel><cena>20</cena></mlecny_vyrobek>
    <pecivo><pid>pid_002</pid><nazev>Chl?b</nazev><kategorie>kid_002</kategorie><dodavatel>did_002</dodavatel><cena>19</cena></pecivo>
    <pecivo><pid>pid_003</pid><nazev>Rohl?k</nazev><kategorie>kid_002</kategorie><dodavatel>did_002</dodavatel><cena>1.5</cena></pecivo>
    <pecivo><pid>pid_004</pid><nazev>Houska</nazev><kategorie>kid_002</kategorie><dodavatel>did_002</dodavatel><cena>2</cena></pecivo>
    <mlecny_vyrobek><pid>pid_005</pid><nazev>Ml?ko</nazev><kategorie>kid_102</kategorie><dodavatel>did_001</dodavatel><cena>12</cena></mlecny_vyrobek>
    <mlecny_vyrobek><pid>pid_006</pid><nazev>Ovocn? jogurt Yogobella - jahodov?</nazev><kategorie>kid_101</kategorie><dodavatel>did_001</dodavatel><cena>10</cena></mlecny_vyrobek>
    <mlecny_vyrobek><pid>pid_007</pid><nazev>Ovocn? jogurt Yogobella - malinov?</nazev><kategorie>kid_101</kategorie><dodavatel>did_001</dodavatel><cena>11</cena></mlecny_vyrobek>
    <mlecny_vyrobek><pid>pid_008</pid><nazev>Ovocn? jogurt Yogobella - ban?nov?</nazev><kategorie>kid_101</kategorie><dodavatel>did_001</dodavatel><cena>9</cena></mlecny_vyrobek>
    <ovoce><pid>pid_009</pid><nazev>Ban?n</nazev><kategorie>kid_003</kategorie><dodavatel>did_003</dodavatel><cena>7</cena></ovoce>
    <ovoce><pid>pid_010</pid><nazev>Jablko</nazev><kategorie>kid_003</kategorie><dodavatel>did_003</dodavatel><cena>4</cena></ovoce>
  </produkty>
</obchod>