<?xml version="1.0" encoding="UTF-8"?>
<actors>
   <actor>
      <name firstname="Elijah" surname="Wood"/>
      <movie>
         <name value="Pán prstenů: Společenstvo prstenu"/>
      </movie>
   </actor>
   <actor>
      <name firstname="Sean" surname="Astin"/>
      <movie>
         <name value="Pán prstenů: Společenstvo prstenu"/>
      </movie>
   </actor>
   <actor>
      <name firstname="Ian" surname="McKellen"/>
      <movie>
         <name value="Pán prstenů: Společenstvo prstenu"/>
      </movie>
      <movie>
         <name value="X-Men"/>
      </movie>
   </actor>
   <actor>
      <name firstname="Christopher" surname="Lee"/>
      <movie>
         <name value="Pán prstenů: Společenstvo prstenu"/>
      </movie>
      <movie>
         <name value="Star Wars: Pomsta Sithů"/>
      </movie>
   </actor>
   <actor>
      <name firstname="Patrick" surname="Stewart"/>
      <movie>
         <name value="X-Men"/>
      </movie>
   </actor>
   <actor>
      <name firstname="Hugh" surname="Jackman"/>
      <movie>
         <name value="X-Men"/>
      </movie>
   </actor>
   <actor>
      <name firstname="Ewan" surname="McGregor"/>
      <movie>
         <name value="Star Wars: Pomsta Sithů"/>
      </movie>
   </actor>
   <actor>
      <name firstname="Natalie" surname="Portman"/>
      <movie>
         <name value="Star Wars: Pomsta Sithů"/>
      </movie>
   </actor>
</actors>