<?xml version="1.0" encoding="UTF-8"?>
<databaseStructure>
   <movieDatabase>
      <movies>
         <quality>
            <movie>
               <genres/>
               <countries/>
               <directors/>
               <actors/>
            </movie>
            <movie>
               <genres/>
               <countries/>
               <directors/>
               <actors/>
            </movie>
         </quality>
         <quality>
            <movie>
               <genres/>
               <countries/>
               <directors/>
               <actors/>
            </movie>
         </quality>
      </movies>
   </movieDatabase>
</databaseStructure>