<html>
   <body>
      <h1>List of movies</h1>
      <table>
         <tr>
            <td>Movie</td>
            <td>Year</td>
            <td>IMDB rating</td>
         </tr>
         <tr>
            <td>X-Men</td>
            <td>2000</td>
            <td>7.4</td>
         </tr>
         <tr>
            <td>Pán prstenů: Společenstvo prstenu</td>
            <td>2001</td>
            <td>8.8</td>
         </tr>
         <tr>
            <td>Star Wars: Pomsta Sithů</td>
            <td>2005</td>
            <td>7.7</td>
         </tr>
      </table>
   </body>
</html>