<?xml version="1.0" encoding="UTF-8"?>
<query>
   <Company id="adobe">
		    <CompanyName>Adobe</CompanyName>
		    <Seat>
			      <Street>Technicka</Street>
			      <Number number="250" secondNumber="15"/>
			      <City>Los Angeles</City>
			      <Country>California</Country>
		    </Seat>
		    <Specification>Software company</Specification>
	  </Company>
   <Company id="google">
		    <CompanyName>Google</CompanyName>
		    <Seat>
			      <Street>Google Street</Street>
			      <Number number="666" secondNumber="88"/>
			      <City>Los Angeles</City>
			      <Country>California</Country>
		    </Seat>
		    <Specification>Not to say</Specification>
	  </Company>
   <Company id="skype">
		    <CompanyName>Skype</CompanyName>
		    <Seat>
			      <Street>Wolfeschlegelsteinhausenbergerdorff Street</Street>
			      <Number number="1415" secondNumber="26"/>
			      <City>Undercity</City>
			      <Country>Transilvania</Country>
		    </Seat>
		    <Specification>Calling everywhere</Specification>
	  </Company>
   <Company id="microsoft">
		    <CompanyName>Microsoft</CompanyName>
		    <Seat>
			      <Street>Wallstreet</Street>
			      <Number number="5"/>
			      <City>Road To Hell City</City>
			      <Country>Ney York</Country>
		    </Seat>
		    <Specification>God of all windows</Specification>
	  </Company>
   <Company id="oracle">
		    <CompanyName>Oracle</CompanyName>
		    <Seat>
			      <Street>Silicon hill</Street>
			      <Number number="66"/>
			      <City>Los Angeles</City>
			      <Country>California</Country>
		    </Seat>
		    <Specification>Java guru</Specification>
	  </Company>
</query>