<?xml version="1.0" encoding="UTF-8" standalone="no"?><terroristDatabase>
	<groups><group id="group_001">
			<name>AlQaeda</name>
			<description>A top terrorist organization.</description>
			<leaders>
				<boss>
					<personRef ref="person_001"/>
				</boss>
			</leaders>
			<groups>
				<group id="group_005">
					<name>Al Hijra</name>
					<description><?php LoadGroupDescription('group_005'); ?></description>
					<leaders>
						<boss>
							<personRef ref="person_011"/>
						</boss>
					</leaders>
				</group>
			</groups>
		</group><group id="group_003">
			<name>ETA</name>
		</group><group id="group_002">
			<name>IRA</name>
			<members>
				<personRef ref="person_010"/>
			</members>
		</group><group id="group_004">
			<name>OSA</name>
			<description>Not a top terrorist organization, but we do not like them.<![CDATA[ function LoadDynamicInfo('group_004'); ]]></description>
		</group></groups>
	<persons>
		<person id="person_001" sex="unknown">
			<name>Osama bin Laden</name>
			<status active="no" alive="no" captured="no"/>
			<description>Former leader of <groupRef ref="group_001"/>.</description>
		</person>
		<person id="person_002" sex="unknown">
			<name>Ayman al-Zawahiri</name>
		</person>
		<person id="person_003" sex="unknown">
			<name>Saif al-Adel</name>
		</person>
		<person id="person_004" sex="unknown">
			<name>Atiyah Abd al-Rahman</name>
		</person>
		<person id="person_005" sex="unknown">
			<name>Anwar al-Awlaki</name>
		</person>
		<person id="person_006" sex="unknown">
			<name>Adam Yahiye Gadahn</name>
		</person>
		<person id="person_007" sex="unknown">
			<name>Wadih el-Hage</name>
		</person>
		<person id="person_008" sex="unknown">
			<name>Sharif Mobley</name>
		</person>
		<person id="person_009" sex="unknown">
			<name>Mohammed Wali Zazi</name>
		</person>
		<person id="person_010" sex="unknown">
			<name>Sean Hughes</name>
		</person>
		<person id="person_011" sex="unknown">
			<name>Abu Rida al Suri</name>
			<description>Financier of <groupRef ref="group_004"/> via <groupRef ref="group_005"/>. Veteran of Afghanistan-Soviet civil war (1980-1989).
			Funds &gt; 500,000$ per year.</description>
			<encounterings>
				<encountering>
					<description>Meeting of terrorists.</description>
					<timestamp>
						<date>1999-03-04</date>
					</timestamp>
					<place>
						<name>Khartoum, Sudan</name>
						<description>Capital of Sudan</description>
					</place>
				</encountering>
			</encounterings>
		</person>
	<person id="per_100" sex="female"><name>Ulrike Meinhof</name></person></persons>
	<places>
	</places>
</terroristDatabase>