<html>
   <head>
      <meta http-equiv="Content-Type" content="text/html; charset=UTF-8">HTML TEST
   </head>
   <body>
      <table border="1">
         <tr>
            <td>name</td>
            <td>salary</td>
         </tr>
         <tr>
            <td>JohnSmith</td>
            <td>2000</td>
         </tr>
         <tr>
            <td>PeterBrown</td>
            <td>3000</td>
         </tr>
         <tr>
            <td>ArthurTaylor</td>
            <td>2500</td>
         </tr>
         <tr>
            <td>MartinSmith</td>
            <td>2400</td>
         </tr>
      </table>
   </body>
</html>