<html>
   <head>
      <meta http-equiv="Content-Type" content="text/html; charset=UTF-8">
      <title>Přehled autorů a knih</title>
   </head>
   <body>
      <h1>Přehled autorů a knih</h1>
      <div>
         <h2>Tolkien John Ronald Reuel</h2>
         <ul>
            <li>Silmarillion</li>
            <li>Húrinovy děti</li>
            <li>Hobit aneb Cesta tam a zase zpátky</li>
            <li>Pán prstenů - Společenství prstenu</li>
            <li>Pán prstenů - Dvě věže</li>
            <li>Pán prstenů - Návrat krále</li>
         </ul>
      </div>
      <div>
         <h2>Rowling Joanne</h2>
         <ul>
            <li>Harry Potter a Kámen mudrců</li>
            <li>Harry Potter a Tajemná komnata</li>
            <li>Harry Potter a Vězeň z Azkabanu</li>
            <li>Harry Potter a Ohnivý pohár</li>
         </ul>
      </div>
   </body>
</html>