<?xml version="1.0" encoding="UTF-8"?>
<all_authors>
   <author>
      <name>John Ronald Reuel Tolkien</name>
      <born>3. 1. 1892</born>
   </author>
   <author>
      <name>Andrzej Sapkowski</name>
      <born/>
   </author>
   <author>
      <name>Joanne Rowling</name>
      <born/>
   </author>
   <author>
      <name>Pavel Renčín</name>
      <born>8. 6. 1977</born>
   </author>
   <author>
      <name>Stephen King</name>
      <born>21. 9. 1947</born>
   </author>
   <author>
      <name>Christopher Paolini</name>
      <born>17. 11. 1983</born>
   </author>
   <author>
      <name>Terry Goodkind</name>
      <born>05. 01. 1948</born>
   </author>
   <author>
      <name>Mieville China</name>
      <born/>
   </author>
</all_authors>