<html>
   <head>
      <meta http-equiv="Content-Type" content="text/html; charset=UTF-8">
      <title>Diagram inspirace</title>
   </head>
   <body>
      <h1>Diagram inspirace</h1>
      <author>
         <name>Tolkien, John Ronald Reuel</name>
         <inspirers></inspirers>
      </author>
      <author>
         <name>Sapkowski, Andrzej</name>
         <inspirers>
            <surname>Tolkien</surname>
         </inspirers>
      </author>
      <author>
         <name>Rowling, Joanne</name>
         <inspirers>
            <surname>Tolkien</surname>
            <surname>Sapkowski</surname>
            <surname>Renčín</surname>
         </inspirers>
      </author>
      <author>
         <name>Renčín, Pavel</name>
         <inspirers>
            <surname>Tolkien</surname>
            <surname>Sapkowski</surname>
         </inspirers>
      </author>
      <author>
         <name>King, Stephen</name>
         <inspirers></inspirers>
      </author>
   </body>
</html>