<?xml version="1.0" encoding="UTF-8"?>
<seznam>
   <oddeleni id="D1">
      <zamestnanec>
         <jmeno>John</jmeno>
         <prijmeni>Smith</prijmeni>
      </zamestnanec>
      <zamestnanec>
         <jmeno>Martin</jmeno>
         <prijmeni>Smith</prijmeni>
      </zamestnanec>
      <zamestnanec>
         <jmeno>Arthur</jmeno>
         <prijmeni>Taylor</prijmeni>
      </zamestnanec>
   </oddeleni>
   <oddeleni id="D2">
      <zamestnanec>
         <jmeno>Peter</jmeno>
         <prijmeni>Brown</prijmeni>
      </zamestnanec>
   </oddeleni>
</seznam>