<?xml version="1.0" encoding="UTF-8"?>
<zastavky>
   <zastavka linka="22">
      <nazev>
         <nazev>Strasnicka 2</nazev>
      </nazev>
      <cas_do_dalsi>
         <cas_dalsi_zastavku>4</cas_dalsi_zastavku>
      </cas_do_dalsi>
   </zastavka>
   <zastavka linka="322">
      <nazev>
         <nazev>Blazinec</nazev>
      </nazev>
      <cas_do_dalsi>
         <cas_dalsi_zastavku>4</cas_dalsi_zastavku>
      </cas_do_dalsi>
   </zastavka>
   <zastavka linka="55">
      <nazev>
         <nazev>Druha</nazev>
      </nazev>
      <cas_do_dalsi>
         <cas_dalsi_zastavku>5</cas_dalsi_zastavku>
      </cas_do_dalsi>
   </zastavka>
   <zastavka linka="10">
      <nazev>
         <nazev>Duhova</nazev>
      </nazev>
      <cas_do_dalsi>
         <cas_dalsi_zastavku>5</cas_dalsi_zastavku>
      </cas_do_dalsi>
   </zastavka>
   <zastavka linka="38">
      <nazev>
         <nazev>Vac. nam.</nazev>
      </nazev>
      <cas_do_dalsi>
         <cas_dalsi_zastavku>5</cas_dalsi_zastavku>
      </cas_do_dalsi>
   </zastavka>
   <zastavka linka="355">
      <nazev>
         <nazev>Fandova</nazev>
      </nazev>
      <cas_do_dalsi>
         <cas_dalsi_zastavku>5</cas_dalsi_zastavku>
      </cas_do_dalsi>
   </zastavka>
   <zastavka linka="10">
      <nazev>
         <nazev>Ruska</nazev>
      </nazev>
      <cas_do_dalsi>
         <cas_dalsi_zastavku>5</cas_dalsi_zastavku>
      </cas_do_dalsi>
   </zastavka>
   <zastavka linka="38">
      <nazev>
         <nazev>Sparta</nazev>
      </nazev>
      <cas_do_dalsi>
         <cas_dalsi_zastavku>5</cas_dalsi_zastavku>
      </cas_do_dalsi>
   </zastavka>
   <zastavka linka="26">
      <nazev>
         <nazev>Na hroude</nazev>
      </nazev>
      <cas_do_dalsi>
         <cas_dalsi_zastavku>7</cas_dalsi_zastavku>
      </cas_do_dalsi>
   </zastavka>
   <zastavka linka="226">
      <nazev>
         <nazev>Na sportovisti</nazev>
      </nazev>
      <cas_do_dalsi>
         <cas_dalsi_zastavku>7</cas_dalsi_zastavku>
      </cas_do_dalsi>
   </zastavka>
</zastavky>