<?xml version="1.0" encoding="UTF-8"?>
<plat_zamestnancu>
   <zamestnanec>
      <jmeno>John</jmeno>
      <prijmeni>Smith</prijmeni>
      <plat>2000</plat>
   </zamestnanec>
   <zamestnanec>
      <jmeno>Peter</jmeno>
      <prijmeni>Brown</prijmeni>
      <plat>3000</plat>
   </zamestnanec>
   <zamestnanec>
      <jmeno>Arthur</jmeno>
      <prijmeni>Taylor</prijmeni>
      <plat>2500</plat>
   </zamestnanec>
   <zamestnanec>
      <jmeno>Martin</jmeno>
      <prijmeni>Smith</prijmeni>
      <plat>2400</plat>
   </zamestnanec>
   <celkovy_plat>9900</celkovy_plat>
</plat_zamestnancu>