<HTML>
   <HEAD>
      <meta http-equiv="Content-Type" content="text/html; charset=UTF-8">
      <TITLE>QUERY 5</TITLE>
   </HEAD>
   <BODY>
      <TABLE border="1">
         <THEAD>
            <TR>
               <TH>Type</TH>
               <TH>Linka</TH>
            </TR>
            <TR>
               <TH colspan="2">Zastavka s mezerou</TH>
            </TR>
         </THEAD>
         <TBODY>
            <TR>
               <TD>tramvaj</TD>
               <TD>22</TD>
            </TR>
            <TR>
               <TD colspan="2">Strasnicka 2</TD>
            </TR>
            <TR>
               <TD colspan="2">U skolky</TD>
            </TR>
            <TR>
               <TD colspan="2">U Frantisku</TD>
            </TR>
         </TBODY>
      </TABLE>
      <TABLE border="1">
         <THEAD>
            <TR>
               <TH>Type</TH>
               <TH>Linka</TH>
            </TR>
            <TR>
               <TH colspan="2">Zastavka s mezerou</TH>
            </TR>
         </THEAD>
         <TBODY>
            <TR>
               <TD>autobus</TD>
               <TD>226</TD>
            </TR>
            <TR>
               <TD colspan="2">Na sportovisti</TD>
            </TR>
            <TR>
               <TD colspan="2">Pod kopcem</TD>
            </TR>
            <TR>
               <TD colspan="2">Na kruhaku</TD>
            </TR>
         </TBODY>
      </TABLE>
   </BODY>
</HTML>