<?xml version="1.0" encoding="UTF-8"?>
<planet xmlns:xsi="http://www.w3.org/2001/XMLSchema-instance" id="PLA_1">
				<name>Mercury</name>
				<volume>6.083×10e10 km3</volume>
				<mass>3.3022×10e23 kg</mass>
				<escapeVelocity>4.25 km/s</escapeVelocity>
				<equatorialRadius>2439 km</equatorialRadius>
				<satellites>
				</satellites>
				<composition>
					<composite name="molecular oxygen" amount="42"/>
					<composite name="sodium" amount="29"/>
					<composite name="hydrogen" amount="22"/>
					<composite name="helium" amount="6"/>
					<composite name="potassium" amount="0.5"/>
				</composition>
				<equatorialGravity>3.7 m/s2</equatorialGravity>
				<orbitalPeriod>87.969 day</orbitalPeriod>
				<orbit>
					<aphelion>0.466 AU</aphelion>
					<perihelion>0.307 AU</perihelion>
				</orbit>
			</planet>
<planet xmlns:xsi="http://www.w3.org/2001/XMLSchema-instance" id="PLA_2">
				<name>Venus</name>
				<volume>9.28×10e11 km3</volume>
				<mass>4.868 5×10e24 kg</mass>
				<escapeVelocity>10.36 km/s</escapeVelocity>
				<equatorialRadius>6,051.8 km</equatorialRadius>
				<satellites>
					<satellite name="VE68" type="asteroid"/>
				</satellites>
				<composition>
					<composite name="carbon dioxide" amount="96.5"/>
					<composite name="nitrogen" amount="3.5"/>
					<composite name="sulfur dioxide" amount="0.015"/>
				</composition>
				<equatorialGravity>8.87 m/s2</equatorialGravity>
				<orbitalPeriod>224.698 day</orbitalPeriod>
				<orbit>
					<aphelion>0.728 AU</aphelion>
					<perihelion>0.718 AU</perihelion>
				</orbit>
			</planet>
<planet xmlns:xsi="http://www.w3.org/2001/XMLSchema-instance" id="PLA_3">
				<name>Earth</name>
				<volume>1.08321×10e12 km3</volume>
				<mass>5.9736×10e24 kg</mass>
				<escapeVelocity>11.186 km/s</escapeVelocity>
				<equatorialRadius>6,378.1 km</equatorialRadius>
				<satellites>
					<satellite name="Moon" type="moon"/>
					<satellite name="ISS" type="station"/>
				</satellites>
				<composition>
					<composite name="nitrogen" amount="78.08"/>
					<composite name="oxygen" amount="20.95"/>
					<composite name="argon" amount="0.93"/>
				</composition>
				<equatorialGravity>9.780327 m/s2</equatorialGravity>
				<orbitalPeriod>365.256363004 days</orbitalPeriod>
				<orbit>
					<aphelion>1.016 AU</aphelion>
					<perihelion>0.983 AU</perihelion>
				</orbit>
			</planet>
<planet xmlns:xsi="http://www.w3.org/2001/XMLSchema-instance" id="PLA_4">
				<name>Saturn</name>
				<volume>8.2713×10e14 km3</volume>
				<mass>5.6846×10e26 kg</mass>
				<escapeVelocity>35.5 km/s</escapeVelocity>
				<equatorialRadius>60268 km</equatorialRadius>
				<satellites>
					<satellite name="Titan" type="moon">Titan text</satellite>
					<satellite name="Ring" description="ice ring around Saturn"/>
				</satellites>
				<composition>
					<composite name="hydrogen" amount="96"/>
					<composite name="helium" amount="3"/>
					<composite name="methane" amount="0.4"/>
					<composite name="ammonia" amount="0.01"/>
				</composition>
				<equatorialGravity>10.44 m/s2</equatorialGravity>
				<orbitalPeriod>10759.22 day</orbitalPeriod>
				<orbit>
					<aphelion>10.11 AU</aphelion>
					<perihelion>9.05 AU</perihelion>
				</orbit>
			</planet>
<planet xmlns:xsi="http://www.w3.org/2001/XMLSchema-instance" id="PLA_5">
				<name>Alpha Centauri Bb</name>
				<mass>0.934 Mo</mass>
				<equatorialRadius>0.863 Ro</equatorialRadius>
				<orbitalPeriod>3.2357 day</orbitalPeriod>
				<orbit>
					<aphelion>0.04 AU</aphelion>
					<perihelion>0.03 AU</perihelion>
				</orbit>
			</planet>
<sun xmlns:xsi="http://www.w3.org/2001/XMLSchema-instance" id="STA_3">
				<name>Alpha Centauri B</name>
				<mass>0.907 Mo</mass>
				<equatorialRadius>0.865 Ro</equatorialRadius>
				<classification>K1V</classification>
			</sun>
<planet xmlns:xsi="http://www.w3.org/2001/XMLSchema-instance" id="PLA_6">
				<name>Andromedae A</name>
				<mass>0.434 Mo</mass>
				<equatorialRadius>0.563 Ro</equatorialRadius>
				<orbitalPeriod>12.2357 day</orbitalPeriod>
				<orbit>
					<aphelion>0.04 AU</aphelion>
					<perihelion>0.04 AU</perihelion>
				</orbit>
			</planet>
<planet xmlns:xsi="http://www.w3.org/2001/XMLSchema-instance" id="PLA_7">
				<name>Andromedae B</name>
				<mass>1.934 Mo</mass>
				<equatorialRadius>1.863 Ro</equatorialRadius>
				<orbitalPeriod>93.2357 day</orbitalPeriod>
				<orbit>
					<aphelion>0.5 AU</aphelion>
					<perihelion>0.4 AU</perihelion>
				</orbit>
			</planet>
<planet xmlns:xsi="http://www.w3.org/2001/XMLSchema-instance" id="PLA_8">
				<name>Andromedae C</name>
				<mass>3.934 Mo</mass>
				<equatorialRadius>3.863 Ro</equatorialRadius>
				<orbitalPeriod>160.2357 day</orbitalPeriod>
				<orbit>
					<aphelion>1.04 AU</aphelion>
					<perihelion>1.0 AU</perihelion>
				</orbit>
			</planet>