<?xml version="1.0" encoding="UTF-8"?>
<universe xmlns:xsi="http://www.w3.org/2001/XMLSchema-instance"
          xsi:noNamespaceSchemaLocation="data.xsd">
   <galaxy id="GAL_1">
      <name>Milky Way
	
		alert("nevim proc je nutne mit tady nejaky skript");</name>
      <type value="SBc"/>
      <solarSystem id="SOL_1">
         <name>Sun</name>
         <sun id="STA_1">
            <name>Sun</name>
            <volume>1.412×10e18 km3</volume>
            <mass>1.9891×10e30 kg</mass>
            <escapeVelocity>617.7 km/s</escapeVelocity>
            <equatorialRadius>6.96342×10e5 km</equatorialRadius>
            <satellites>
               <satellite refid="PLA_1"/>
               <satellite refid="PLA_2"/>
               <satellite refid="PLA_3"/>
               <satellite refid="PLA_4"/>
            </satellites>
            <composition>
               <composite name="hydrogen" amount="73.46"/>
               <composite name="helium" amount="24.85"/>
               <composite name="oxygen" amount="0.77"/>
               <composite name="carbon" amount="0.29"/>
               <composite name="iron" amount="0.16"/>
            </composition>
            <classification>G2V</classification>
         </sun>
         <planet id="PLA_1">
            <name>Mercury</name>
            <volume>6.083×10e10 km3</volume>
            <mass>3.3022×10e23 kg</mass>
            <escapeVelocity>4.25 km/s</escapeVelocity>
            <equatorialRadius>2439 km</equatorialRadius>
            <satellites/>
            <composition>
               <composite name="molecular oxygen" amount="42"/>
               <composite name="sodium" amount="29"/>
               <composite name="hydrogen" amount="22"/>
               <composite name="helium" amount="6"/>
               <composite name="potassium" amount="0.5"/>
            </composition>
            <equatorialGravity>3.7 m/s2</equatorialGravity>
            <orbitalPeriod>87.969 day</orbitalPeriod>
            <orbit>
               <aphelion>0.466 AU</aphelion>
               <perihelion>0.307 AU</perihelion>
            </orbit>
         </planet>
         <planet id="PLA_2">
            <name>Venus</name>
            <volume>9.28×10e11 km3</volume>
            <mass>4.868 5×10e24 kg</mass>
            <escapeVelocity>10.36 km/s</escapeVelocity>
            <equatorialRadius>6,051.8 km</equatorialRadius>
            <satellites>
               <satellite name="VE68" type="asteroid"/>
            </satellites>
            <composition>
               <composite name="carbon dioxide" amount="96.5"/>
               <composite name="nitrogen" amount="3.5"/>
               <composite name="sulfur dioxide" amount="0.015"/>
            </composition>
            <equatorialGravity>8.87 m/s2</equatorialGravity>
            <orbitalPeriod>224.698 day</orbitalPeriod>
            <orbit>
               <aphelion>0.728 AU</aphelion>
               <perihelion>0.718 AU</perihelion>
            </orbit>
         </planet>
         <planet id="PLA_3">
            <name>Earth</name>
            <volume>1.08321×10e12 km3</volume>
            <mass>5.9736×10e24 kg</mass>
            <escapeVelocity>11.186 km/s</escapeVelocity>
            <equatorialRadius>6,378.1 km</equatorialRadius>
            <satellites>
               <satellite name="Moon" type="moon"/>
               <satellite name="ISS" type="station"/>
            </satellites>
            <composition>
               <composite name="nitrogen" amount="78.08"/>
               <composite name="oxygen" amount="20.95"/>
               <composite name="argon" amount="0.93"/>
            </composition>
            <equatorialGravity>9.780327 m/s2</equatorialGravity>
            <orbitalPeriod>365.256363004 days</orbitalPeriod>
            <orbit>
               <aphelion>1.016 AU</aphelion>
               <perihelion>0.983 AU</perihelion>
            </orbit>
         </planet>
         <planet id="PLA_4">
            <name>Saturn</name>
            <volume>8.2713×10e14 km3</volume>
            <mass>5.6846×10e26 kg</mass>
            <escapeVelocity>35.5 km/s</escapeVelocity>
            <equatorialRadius>60268 km</equatorialRadius>
            <satellites>
               <satellite name="Titan" type="moon">Titan text</satellite>
               <satellite name="Ring" description="ice ring around Saturn"/>
            </satellites>
            <composition>
               <composite name="hydrogen" amount="96"/>
               <composite name="helium" amount="3"/>
               <composite name="methane" amount="0.4"/>
               <composite name="ammonia" amount="0.01"/>
            </composition>
            <equatorialGravity>10.44 m/s2</equatorialGravity>
            <orbitalPeriod>10759.22 day</orbitalPeriod>
            <orbit>
               <aphelion>10.11 AU</aphelion>
               <perihelion>9.05 AU</perihelion>
            </orbit>
         </planet>
         <planet id="PLA_15">
				        <name>Uranus</name>
				        <volume>6.833×10e13 km3</volume>
				        <mass>8.6810×10e25</mass>
				        <escapeVelocity>21.3 km/s</escapeVelocity>
				        <equatorialRadius>25559 km</equatorialRadius>
				        <satellites>
					          <satellite name="Miranda" type="moon"/>
					          <satellite name="Ariel" type="moon"/>
					          <satellite name="Umbriel" type="moon"/>
					          <satellite name="Titania" type="moon"/>
					          <satellite name="Oberon" type="moon"/>
				        </satellites>
				        <composition>
					          <composite name="hydrogen" amount="83"/>
					          <composite name="helium" amount="15"/>
					          <composite name="methane" amount="2.3"/>
				        </composition>
				        <equatorialGravity>8.69 m/s2</equatorialGravity>
				        <orbitalPeriod>30799 day</orbitalPeriod>
				        <orbit>
					          <aphelion>20.08 AU</aphelion>
					          <perihelion>18.37 AU</perihelion>
				        </orbit>
			      </planet>
         <planet id="PLA_16">
				        <name>Neptune</name>
				        <volume>6.254×10e13 km3</volume>
				        <mass>1.0243×10e26 kg</mass>
				        <escapeVelocity>23.5 km/s</escapeVelocity>
				        <equatorialRadius>24764 km</equatorialRadius>
				        <satellites>
					          <satellite name="Triton" type="moon"/>
					          <satellite name="Nereid" type="moon"/>
					          <satellite name="Proteus" type="moon"/>
					          <satellite name="Naiad" type="moon"/>
				        </satellites>
				        <composition>
					          <composite name="hydrogen" amount="80"/>
					          <composite name="helium" amount="19"/>
					          <composite name="methane" amount="1.5"/>
				        </composition>
				        <equatorialGravity>11.15 m/s2</equatorialGravity>
				        <orbitalPeriod>60190 day</orbitalPeriod>
				        <orbit>
					          <aphelion>30.44 AU</aphelion>
					          <perihelion>29.77 AU</perihelion>
				        </orbit>
			      </planet>
      </solarSystem>
      <solarSystem id="SOL_2">
         <name>Alpha Centauri</name>
         <sun id="STA_2">
            <name>Alpha Centauri A</name>
            <mass>1.100 M☉</mass>
            <equatorialRadius>1.227 R☉</equatorialRadius>
            <satellites>
               <satellite refid="PLA_5"/>
               <satellite refid="STA_3"/>
            </satellites>
            <classification>G2V</classification>
         </sun>
         <sun id="STA_3">
            <name>Alpha Centauri B</name>
            <mass>0.907 Mo</mass>
            <equatorialRadius>0.865 Ro</equatorialRadius>
            <classification>K1V</classification>
         </sun>
         <planet id="PLA_5">
            <name>Alpha Centauri Bb</name>
            <mass>0.934 Mo</mass>
            <equatorialRadius>0.863 Ro</equatorialRadius>
            <orbitalPeriod>3.2357 day</orbitalPeriod>
            <orbit>
               <aphelion>0.04 AU</aphelion>
               <perihelion>0.03 AU</perihelion>
            </orbit>
         </planet>
      </solarSystem>
      <name>Milky Way
	
		alert("nevim proc je nutne mit tady nejaky skript");
		
		</name>
      <type value="SBc"/>
   </galaxy>
   <galaxy id="GAL_2">
      <name>Andromeda</name>
      <type value="S"/>
      <solarSystem id="SOL_3">
         <name>Andromedae</name>
         <sun id="STA_4">
            <name>S Andromedae</name>
            <mass>1.907 Mo</mass>
            <equatorialRadius>1.865 Ro</equatorialRadius>
            <satellites>
               <satellite refid="PLA_6"/>
               <satellite refid="PLA_7"/>
               <satellite refid="PLA_8"/>
            </satellites>
            <classification>K1V</classification>
         </sun>
         <planet id="PLA_6">
            <name>Andromedae A</name>
            <mass>0.434 Mo</mass>
            <equatorialRadius>0.563 Ro</equatorialRadius>
            <orbitalPeriod>12.2357 day</orbitalPeriod>
            <orbit>
               <aphelion>0.04 AU</aphelion>
               <perihelion>0.04 AU</perihelion>
            </orbit>
         </planet>
         <planet id="PLA_7">
            <name>Andromedae B</name>
            <mass>1.934 Mo</mass>
            <equatorialRadius>1.863 Ro</equatorialRadius>
            <orbitalPeriod>93.2357 day</orbitalPeriod>
            <orbit>
               <aphelion>0.5 AU</aphelion>
               <perihelion>0.4 AU</perihelion>
            </orbit>
         </planet>
         <planet id="PLA_8">
            <name>Andromedae C</name>
            <mass>3.934 Mo</mass>
            <equatorialRadius>3.863 Ro</equatorialRadius>
            <orbitalPeriod>160.2357 day</orbitalPeriod>
            <orbit>
               <aphelion>1.04 AU</aphelion>
               <perihelion>1.0 AU</perihelion>
            </orbit>
         </planet>
      </solarSystem>
   </galaxy>
</universe>