<html>
   <body>
      <div>
         <h1>Sun satellites</h1>
         <ul>
            <li>Mercury</li>
            <li>Venus</li>
            <li>Earth</li>
            <li>Saturn</li>
         </ul>
      </div>
      <div>
         <h1>Alpha Centauri A satellites</h1>
         <ul>
            <li>Alpha Centauri Bb</li>
         </ul>
      </div>
      <div>
         <h1>Alpha Centauri B satellites</h1>
         <p>No satellites</p>
      </div>
      <div>
         <h1>S Andromedae satellites</h1>
         <ul>
            <li>Andromedae A</li>
            <li>Andromedae B</li>
            <li>Andromedae C</li>
         </ul>
      </div>
   </body>
</html>