<html>
   <body>
      <table>
         <tr>
            <th>Name</th>
            <th>Volume</th>
            <th>Mass</th>
            <th>Solar System</th>
            <th>Satellite Count</th>
            <th>Major Composite</th>
         </tr>
         <tr>
            <td>Earth</td>
            <td>1.08321×10e12 km3</td>
            <td>5.9736×10e24 kg</td>
            <td>Sun</td>
            <td>2</td>
            <td>argon</td>
         </tr>
         <tr>
            <td>Saturn</td>
            <td>8.2713×10e14 km3</td>
            <td>5.6846×10e26 kg</td>
            <td>Sun</td>
            <td>2</td>
            <td>ammonia</td>
         </tr>
         <tr>
            <td>Venus</td>
            <td>9.28×10e11 km3</td>
            <td>4.868 5×10e24 kg</td>
            <td>Sun</td>
            <td>1</td>
            <td>sulfur dioxide</td>
         </tr>
      </table>
   </body>
</html>