<?xml version="1.0" encoding="UTF-8"?>
<xquery1>
   <warehouse>
      <name>Sklad v Praze</name>
      <products>
         <product id="p_01">
            <name>mleko</name>
            <price>20</price>
            <quantity>100</quantity>
         </product>
         <product id="p_02">
            <name>chleb</name>
            <price>32</price>
            <quantity>82</quantity>
         </product>
         <product id="p_03">
            <name>klobasa</name>
            <price>152</price>
            <quantity>122</quantity>
         </product>
         <product id="p_04">
            <name>zarovka</name>
            <price>13</price>
            <quantity>42</quantity>
         </product>
         <product id="p_08">
            <name>jablko</name>
            <price>31</price>
            <quantity>11</quantity>
         </product>
      </products>
   </warehouse>
   <warehouse>
      <name>Sklad v Brne</name>
      <products>
         <product id="p_04">
            <name>zarovka</name>
            <price>13</price>
            <quantity>71 71</quantity>
         </product>
         <product id="p_05">
            <name>cokolada</name>
            <price>25</price>
            <quantity>71</quantity>
         </product>
         <product id="p_06">
            <name>rohlik</name>
            <price>2</price>
            <quantity>222</quantity>
         </product>
         <product id="p_07">
            <name>kureci stehno</name>
            <price>67</price>
            <quantity>31</quantity>
         </product>
         <product id="p_08">
            <name>jablko</name>
            <price>31</price>
            <quantity>112</quantity>
         </product>
      </products>
   </warehouse>
</xquery1>