<?xml version="1.0" encoding="UTF-8"?>
<xquery4>
   <produkt to_fridge="true">
      <nazev>mleko</nazev>
      <v_skladech>
         <sklad>Sklad v Praze</sklad>
      </v_skladech>
   </produkt>
   <produkt to_fridge="false">
      <nazev>chleb</nazev>
      <v_skladech>
         <sklad>Sklad v Praze</sklad>
      </v_skladech>
   </produkt>
   <produkt to_fridge="true">
      <nazev>klobasa</nazev>
      <v_skladech>
         <sklad>Sklad v Praze</sklad>
      </v_skladech>
   </produkt>
   <produkt to_fridge="false">
      <nazev>zarovka</nazev>
      <v_skladech>
         <sklad>Sklad v Praze</sklad>
         <sklad>Sklad v Brne</sklad>
      </v_skladech>
   </produkt>
   <produkt to_fridge="true">
      <nazev>cokolada</nazev>
      <v_skladech>
         <sklad>Sklad v Brne</sklad>
      </v_skladech>
   </produkt>
   <produkt to_fridge="false">
      <nazev>rohlik</nazev>
      <v_skladech>
         <sklad>Sklad v Brne</sklad>
      </v_skladech>
   </produkt>
   <produkt to_fridge="true">
      <nazev>kureci stehno</nazev>
      <v_skladech>
         <sklad>Sklad v Brne</sklad>
      </v_skladech>
   </produkt>
   <produkt to_fridge="true">
      <nazev>jablko</nazev>
      <v_skladech>
         <sklad>Sklad v Praze</sklad>
         <sklad>Sklad v Brne</sklad>
      </v_skladech>
   </produkt>
   <produkt to_fridge="true">
      <nazev>rajce</nazev>
      <v_skladech/>
   </produkt>
   <produkt to_fridge="false">
      <nazev>pizza</nazev>
      <v_skladech/>
   </produkt>
</xquery4>