<?xml version="1.0" encoding="UTF-8"?>
<xquery2>
   <worker>
      <name>
         <firstname>John</firstname>
         <lastname>Smith</lastname>
      </name>
      <number_of_workers>2</number_of_workers>
      <workers>
         <worker>
            <name>
               <firstname>Jack</firstname>
               <lastname>Daniels</lastname>
            </name>
            <number_of_workers>0</number_of_workers>
            <workers/>
         </worker>
         <worker>
            <name>
               <firstname>Johnnie</firstname>
               <lastname>Walker</lastname>
            </name>
            <number_of_workers>0</number_of_workers>
            <workers/>
         </worker>
      </workers>
   </worker>
   <worker>
      <name>
         <firstname>Jack</firstname>
         <lastname>Daniels</lastname>
      </name>
      <number_of_workers>0</number_of_workers>
      <workers/>
   </worker>
   <worker>
      <name>
         <firstname>Johnnie</firstname>
         <lastname>Walker</lastname>
      </name>
      <number_of_workers>0</number_of_workers>
      <workers/>
   </worker>
</xquery2>