<?xml version="1.0" encoding="UTF-8"?>
<druh name="Maso">
   <pocet>2</pocet>
   <sekcia name="Hovadzie">
      <pocet>2</pocet>
      <podsekcia>
         <sekcia name="./">
            <pocet>1</pocet>
            <podsekcia>
               <recept name="Kozmické Curry s ryžou"/>
            </podsekcia>
         </sekcia>
         <sekcia name="P">
            <pocet>1</pocet>
            <podsekcia>
               <recept name="Praženica"/>
            </podsekcia>
         </sekcia>
      </podsekcia>
   </sekcia>
   <sekcia name="Bravcove">
      <pocet>1</pocet>
      <podsekcia>
         <sekcia name="H">
            <pocet>2</pocet>
            <podsekcia>
               <recept name="Hurky"/>
               <recept name="Horehronsky rezen"/>
            </podsekcia>
         </sekcia>
      </podsekcia>
   </sekcia>
</druh>
<druh name="Dezerty">
   <pocet>1</pocet>
   <sekcia name="Vodove">
      <pocet>1</pocet>
      <podsekcia>
         <sekcia name="Z">
            <pocet>1</pocet>
            <podsekcia>
               <recept name="Zmrzlinovy pohar extra"/>
            </podsekcia>
         </sekcia>
      </podsekcia>
   </sekcia>
</druh>
<druh name="Maso">
   <pocet>1</pocet>
   <sekcia name="Uzeniny">
      <pocet>1</pocet>
      <podsekcia>
         <sekcia name="/.">
            <pocet>2</pocet>
            <podsekcia>
               <recept name="Tulácky guláš"/>
               <recept name="Praženica"/>
            </podsekcia>
         </sekcia>
      </podsekcia>
   </sekcia>
</druh>