<?xml version="1.0" encoding="UTF-8"?>
<table border="1.0">
   <tr>
      <th>Participant name</th>
      <th>Presentation title</th>
      <th>Co-authors</th>
   </tr>
   <tr>
      <td>
						Christian
						Oehr
					</td>
      <td>Plasma treatment of polymers and plasma polymerization.</td>
      <td>
         <p>U. Christian</p>
      </td>
   </tr>
   <tr>
      <td>
						Fanggao
						Chang
					</td>
      <td>The conductivity and permittivity of Ni-silicone rubber composites under uniaxial pressure</td>
      <td>
         <p>Feng Yang</p>
         <p>MD. P. Almond</p>
         <p>Na Zhang</p>
         <p>Guilin Song</p>
      </td>
   </tr>
   <tr>
      <td>
						Franz
						Faupel
					</td>
      <td>Polymer/metal nanocomposites prepared by vacuum based processes</td>
      <td>
         <p>A. Faupel</p>
      </td>
   </tr>
   <tr>
      <td>
						Holger
						Kersten
					</td>
      <td>Atomistic modeling of metal-cluster implantation into a polymeric substrate</td>
      <td>
         <p>P. Kersten</p>
      </td>
   </tr>
   <tr>
      <td>
						Luciano
						Colombo
					</td>
      <td>Atomistic modeling of metal-cluster implantation into a polymeric substrate</td>
      <td>
         <p>L. Faust</p>
      </td>
   </tr>
   <tr>
      <td>
						Matthias
						Schwartzkopf
					</td>
      <td>Real-time in situ µGISAXS study of gold cluster growth kinetics during netron sputter deposition</td>
      <td>
         <p>A. Buffet</p>
         <p>V. Körstgens</p>
         <p>E. Metwalli</p>
         <p>K. Schlage</p>
         <p>G. Benecke</p>
         <p>J. Perlich</p>
         <p>A. Rothkirch</p>
         <p>G. Herzog</p>
      </td>
   </tr>
   <tr>
      <td>
						Michael
						Thomas
					</td>
      <td>Surface engineering with atmospheric-pressure plasmas.</td>
      <td>
         <p>L. Thomas</p>
      </td>
   </tr>
   <tr>
      <td>
						Michel
						Mitov
					</td>
      <td>Self-organization of gold nanoparticles in cholesteric liquid crystals</td>
      <td>
         <p>Rajaa Bitar</p>
         <p>Gonzague Agez</p>
      </td>
   </tr>
   <tr>
      <td>
						Michel
						Mitov
					</td>
      <td>The role of ion bombardment for thin film deposition: basics.</td>
      <td>
         <p>G. Tajvani</p>
      </td>
   </tr>
   <tr>
      <td>
						Oleksandr
						Polonskyi
					</td>
      <td>Highly efficient transition metal nanoparticle generation in the gas phase by pulsed DC magnetron sputtering</td>
      <td>
         <p>Tilo Peter</p>
         <p>Amir Mohammad Ahadi</p>
         <p>Thomas Strunskus</p>
         <p>Franz Faupel</p>
      </td>
   </tr>
   <tr>
      <td>
						Ralf Peter
						Brinkmann
					</td>
      <td>Modelling of technical plasmas.</td>
      <td>
         <p>L. Brinkmann</p>
      </td>
   </tr>
</table>