<?xml version="1.0" encoding="UTF-8"?>
<table border="1.0">
   <tr>
      <th>Conference ID</th>
      <th>Conference heading</th>
      <th>Count of participants</th>
      <th>Total fee</th>
      <th>Average fee</th>
   </tr>
   <tr>
      <td>CID2013</td>
      <td>6th International Workshop on Polymer / Metal Nanocomposites</td>
      <td>12</td>
      <td>5100</td>
      <td>425</td>
   </tr>
   <tr>
      <td>CID2014</td>
      <td>14th International Conference on Plasma Surface Engineering</td>
      <td>5</td>
      <td>2390</td>
      <td>478</td>
   </tr>
</table>