<html>
   <body>
      <h1>Departments</h1>
      <table border="1">
         <th>
            <td>Department</td>
            <td>Manager</td>
         </th>
         <tr>
            <td>Production</td>
            <td>John Smith</td>
            <td>3</td>
         </tr>
         <tr>
            <td>Development</td>
            <td></td>
            <td>1</td>
         </tr>
         <tr style="color: red;">
            <td>Engineering</td>
            <td>Arthur Taylor</td>
            <td>1</td>
         </tr>
         <tr style="color: red;">
            <td>Accounting</td>
            <td></td>
            <td>1</td>
         </tr>
      </table>
   </body>
</html>