<?xml version="1.0" encoding="UTF-8"?>
<articles>
   <article>
      <title>"Hello World" in PHP</title>
      <authors>
         <author>
            <name>Frank Smith</name>
         </author>
      </authors>
   </article>
   <article>
      <title>And another article 4</title>
      <authors>
         <author>
            <name>Author 2</name>
         </author>
      </authors>
   </article>
   <article>
      <title>Another article 3</title>
      <authors>
         <author>
            <name>Author 1</name>
         </author>
      </authors>
   </article>
   <article>
      <title>Article 3</title>
      <authors>
         <author>
            <name>Jim Nickelback</name>
         </author>
         <author>
            <name>Michael V. Holmes</name>
         </author>
      </authors>
   </article>
   <article>
      <title>Article 4</title>
      <authors>
         <author>
            <name>Frank Smith</name>
         </author>
      </authors>
   </article>
   <article>
      <title>Article 5</title>
      <authors>
         <author>
            <name>Jim Nickelback</name>
         </author>
      </authors>
   </article>
   <article>
      <title>Extern article 1</title>
      <authors>
         <author>
            <name>Author 1</name>
         </author>
      </authors>
   </article>
   <article>
      <title>New article 2</title>
      <authors>
         <author>
            <name>Author 1</name>
         </author>
      </authors>
   </article>
   <article>
      <title>Other Article</title>
      <authors>
         <author>
            <name>Jack Simpson III.</name>
         </author>
      </authors>
   </article>
</articles>