<html>
   <head>
      <meta http-equiv="Content-Type" content="text/html; charset=UTF-8">
      <title>Articles</title><style>
			
			body { font-family: Georgia, sans-serif }
			
		</style></head>
   <body>
      <div>
         <h1>"Hello World" in PHP</h1>
         <p>
            				To create a Hello World application in PHP, use the following
            				source code:
            				
            					&lt;?php
            						echo "Hello, World!\n";
            					?&gt;
            				
            				After running this code, you should see the following output:
            				
            				See also
            				.
            			
         </p>
         <div>
            <p>2 comment, 2 authors (John Doe, Jim Beam)</p>
         </div>
      </div>
      <div>
         <h1>Other Article</h1>
         <p></p>
         <div>
            <p>No comments.</p>
         </div>
      </div>
      <div>
         <h1>Article 3</h1>
         <p></p>
         <div>
            <p>No comments.</p>
         </div>
      </div>
      <div>
         <h1>Article 4</h1>
         <p></p>
         <div>
            <p>No comments.</p>
         </div>
      </div>
      <div>
         <h1>Article 5</h1>
         <p></p>
         <div>
            <p>No comments.</p>
         </div>
      </div>
   </body>
</html>