<?xml version="1.0" encoding="UTF-8"?>
<categories>
   <category>
      <name>Computers</name>
      <level>0</level>
   </category>
   <category>
      <name>Programming</name>
      <level>1</level>
   </category>
   <category>
      <name>.NET</name>
      <level>2</level>
   </category>
   <category>
      <name>C/C++</name>
      <level>2</level>
   </category>
   <category>
      <name>HTML/CSS/JS</name>
      <level>2</level>
   </category>
   <category>
      <name>PHP</name>
      <level>2</level>
   </category>
   <category>
      <name>Applications</name>
      <level>1</level>
   </category>
   <category>
      <name>Operation Systems</name>
      <level>1</level>
   </category>
   <category>
      <name>Business</name>
      <level>0</level>
   </category>
   <category>
      <name>Marketing</name>
      <level>1</level>
   </category>
   <category>
      <name>Management</name>
      <level>1</level>
   </category>
   <category>
      <name>Other</name>
      <level>0</level>
   </category>
</categories>