<?xml version="1.0" encoding="UTF-8"?>
<authors>
   <author>
      <name>Frank Smith</name>
      <email>frank@smithfamily.com</email>
      <articles>
         <article>
            <title>"Hello World" in PHP</title>
         </article>
         <article>
            <title>Article 4</title>
         </article>
      </articles>
   </author>
   <author>
      <name>Michael V. Holmes</name>
      <email>mvh@gmail.com</email>
      <articles>
         <article>
            <title>Article 3</title>
         </article>
      </articles>
   </author>
   <author>
      <name>Jim Nickelback</name>
      <email>jimmy@hotmail.com</email>
      <articles>
         <article>
            <title>Article 3</title>
         </article>
         <article>
            <title>Article 5</title>
         </article>
      </articles>
   </author>
</authors>