<?xml version="1.0" encoding="UTF-8"?>
<hraci>
   <hrac>
      <meno>
         <krstne>Hanka</krstne>
         <priezvisko>Dostalova</priezvisko>
      </meno>
      <hracove_hry>
         <hra id="magekn">
            <nazov>Mage Knight</nazov>
         </hra>
         <hra id="dunglo">
            <nazov>Dungeon Lords</nazov>
         </hra>
      </hracove_hry>
   </hrac>
   <hrac>
      <meno>
         <krstne>Kamil</krstne>
         <priezvisko>Dychalka</priezvisko>
      </meno>
      <hracove_hry>
         <hra id="magekn">
            <nazov>Mage Knight</nazov>
         </hra>
         <hra id="agric">
            <nazov>Agricola</nazov>
         </hra>
         <hra id="gameth">
            <nazov>Game of Thrones</nazov>
         </hra>
         <hra id="dunglo">
            <nazov>Dungeon Lords</nazov>
         </hra>
      </hracove_hry>
   </hrac>
   <hrac>
      <meno>
         <krstne>Johan</krstne>
         <priezvisko>Heder</priezvisko>
      </meno>
      <hracove_hry>
         <hra id="magekn">
            <nazov>Mage Knight</nazov>
         </hra>
         <hra id="gameth">
            <nazov>Game of Thrones</nazov>
         </hra>
      </hracove_hry>
   </hrac>
   <hrac>
      <meno>
         <krstne>Robert</krstne>
         <priezvisko>Jediny</priezvisko>
      </meno>
      <hracove_hry>
         <hra id="agric">
            <nazov>Agricola</nazov>
         </hra>
         <hra id="dunglo">
            <nazov>Dungeon Lords</nazov>
         </hra>
      </hracove_hry>
   </hrac>
   <hrac>
      <meno>
         <krstne>Martin</krstne>
         <priezvisko>Lopata</priezvisko>
      </meno>
      <hracove_hry>
         <hra id="agric">
            <nazov>Agricola</nazov>
         </hra>
         <hra id="gameth">
            <nazov>Game of Thrones</nazov>
         </hra>
         <hra id="dunglo">
            <nazov>Dungeon Lords</nazov>
         </hra>
      </hracove_hry>
   </hrac>
   <hrac>
      <meno>
         <krstne>Felix</krstne>
         <priezvisko>Lopez</priezvisko>
      </meno>
      <hracove_hry>
         <hra id="agric">
            <nazov>Agricola</nazov>
         </hra>
         <hra id="gameth">
            <nazov>Game of Thrones</nazov>
         </hra>
      </hracove_hry>
   </hrac>
   <hrac>
      <meno>
         <krstne>Jana</krstne>
         <priezvisko>Machalovska</priezvisko>
      </meno>
      <hracove_hry/>
   </hrac>
   <hrac>
      <meno>
         <krstne>Ivan</krstne>
         <stredne>Nikolajevic</stredne>
         <priezvisko>Pogomorov</priezvisko>
      </meno>
      <hracove_hry>
         <hra id="gameth">
            <nazov>Game of Thrones</nazov>
         </hra>
      </hracove_hry>
   </hrac>
   <hrac>
      <meno>
         <krstne>Honza</krstne>
         <priezvisko>Velky</priezvisko>
      </meno>
      <hracove_hry>
         <hra id="agric">
            <nazov>Agricola</nazov>
         </hra>
      </hracove_hry>
   </hrac>
   <hrac>
      <meno>
         <krstne>Lukas</krstne>
         <priezvisko>Zeman</priezvisko>
      </meno>
      <hracove_hry/>
   </hrac>
</hraci>