<?xml version="1.0" encoding="UTF-8"?>
<hraci popis="s hrou pre jedneho hraca">
   <hrac>
      <meno>
         <krstne>Honza</krstne>
         <priezvisko>Velky</priezvisko>
      </meno>
   </hrac>
   <hrac>
      <meno>
         <krstne>Martin</krstne>
         <priezvisko>Lopata</priezvisko>
      </meno>
   </hrac>
   <hrac>
      <meno>
         <krstne>Johan</krstne>
         <priezvisko>Heder</priezvisko>
      </meno>
   </hrac>
   <hrac>
      <meno>
         <krstne>Robert</krstne>
         <priezvisko>Jediny</priezvisko>
      </meno>
   </hrac>
   <hrac>
      <meno>
         <krstne>Felix</krstne>
         <priezvisko>Lopez</priezvisko>
      </meno>
   </hrac>
   <hrac>
      <meno>
         <krstne>Kamil</krstne>
         <priezvisko>Dychalka</priezvisko>
      </meno>
   </hrac>
   <hrac>
      <meno>
         <krstne>Hanka</krstne>
         <priezvisko>Dostalova</priezvisko>
      </meno>
   </hrac>
</hraci>