<?xml version="1.0" encoding="UTF-8"?>
<hraci popis="s hrami pre aspon 10 hracov (dokopy)">
   <hrac>
      <meno>
         <krstne>Martin</krstne>
         <priezvisko>Lopata</priezvisko>
      </meno>
   </hrac>
   <hrac>
      <meno>
         <krstne>Johan</krstne>
         <priezvisko>Heder</priezvisko>
      </meno>
   </hrac>
   <hrac>
      <meno>
         <krstne>Felix</krstne>
         <priezvisko>Lopez</priezvisko>
      </meno>
   </hrac>
   <hrac>
      <meno>
         <krstne>Kamil</krstne>
         <priezvisko>Dychalka</priezvisko>
      </meno>
   </hrac>
</hraci>