<?xml version="1.0" encoding="UTF-8"?>
<databaza depth="1" subelements-count="2">
   <hraci depth="2" subelements-count="10">
      <hrac depth="3" subelements-count="4">
         <meno depth="4" subelements-count="2">
            <krstne depth="5" subelements-count="0"/>
            <priezvisko depth="5" subelements-count="0"/>
         </meno>
         <hracove_hry depth="4" subelements-count="1">
            <hracova_hra depth="5" subelements-count="0"/>
         </hracove_hry>
         <status depth="4" subelements-count="0"/>
         <o_hracovi depth="4" subelements-count="0"/>
      </hrac>
      <hrac depth="3" subelements-count="4">
         <meno depth="4" subelements-count="2">
            <krstne depth="5" subelements-count="0"/>
            <priezvisko depth="5" subelements-count="0"/>
         </meno>
         <hracove_hry depth="4" subelements-count="3">
            <hracova_hra depth="5" subelements-count="0"/>
            <hracova_hra depth="5" subelements-count="0"/>
            <hracova_hra depth="5" subelements-count="0"/>
         </hracove_hry>
         <status depth="4" subelements-count="0"/>
         <o_hracovi depth="4" subelements-count="0"/>
      </hrac>
      <hrac depth="3" subelements-count="3">
         <meno depth="4" subelements-count="2">
            <krstne depth="5" subelements-count="0"/>
            <priezvisko depth="5" subelements-count="0"/>
         </meno>
         <hracove_hry depth="4" subelements-count="2">
            <hracova_hra depth="5" subelements-count="0"/>
            <hracova_hra depth="5" subelements-count="0"/>
         </hracove_hry>
         <status depth="4" subelements-count="0"/>
      </hrac>
      <hrac depth="3" subelements-count="4">
         <meno depth="4" subelements-count="2">
            <krstne depth="5" subelements-count="0"/>
            <priezvisko depth="5" subelements-count="0"/>
         </meno>
         <hracove_hry depth="4" subelements-count="0"/>
         <status depth="4" subelements-count="0"/>
         <o_hracovi depth="4" subelements-count="0"/>
      </hrac>
      <hrac depth="3" subelements-count="3">
         <meno depth="4" subelements-count="2">
            <krstne depth="5" subelements-count="0"/>
            <priezvisko depth="5" subelements-count="0"/>
         </meno>
         <hracove_hry depth="4" subelements-count="2">
            <hracova_hra depth="5" subelements-count="0"/>
            <hracova_hra depth="5" subelements-count="0"/>
         </hracove_hry>
         <status depth="4" subelements-count="0"/>
      </hrac>
      <hrac depth="3" subelements-count="3">
         <meno depth="4" subelements-count="3">
            <krstne depth="5" subelements-count="0"/>
            <stredne depth="5" subelements-count="0"/>
            <priezvisko depth="5" subelements-count="0"/>
         </meno>
         <hracove_hry depth="4" subelements-count="1">
            <hracova_hra depth="5" subelements-count="0"/>
         </hracove_hry>
         <status depth="4" subelements-count="0"/>
      </hrac>
      <hrac depth="3" subelements-count="3">
         <meno depth="4" subelements-count="2">
            <krstne depth="5" subelements-count="0"/>
            <priezvisko depth="5" subelements-count="0"/>
         </meno>
         <hracove_hry depth="4" subelements-count="2">
            <hracova_hra depth="5" subelements-count="0"/>
            <hracova_hra depth="5" subelements-count="0"/>
         </hracove_hry>
         <status depth="4" subelements-count="0"/>
      </hrac>
      <hrac depth="3" subelements-count="3">
         <meno depth="4" subelements-count="2">
            <krstne depth="5" subelements-count="0"/>
            <priezvisko depth="5" subelements-count="0"/>
         </meno>
         <hracove_hry depth="4" subelements-count="4">
            <hracova_hra depth="5" subelements-count="0"/>
            <hracova_hra depth="5" subelements-count="0"/>
            <hracova_hra depth="5" subelements-count="0"/>
            <hracova_hra depth="5" subelements-count="0"/>
         </hracove_hry>
         <status depth="4" subelements-count="0"/>
      </hrac>
      <hrac depth="3" subelements-count="3">
         <meno depth="4" subelements-count="2">
            <krstne depth="5" subelements-count="0"/>
            <priezvisko depth="5" subelements-count="0"/>
         </meno>
         <hracove_hry depth="4" subelements-count="2">
            <hracova_hra depth="5" subelements-count="0"/>
            <hracova_hra depth="5" subelements-count="0"/>
         </hracove_hry>
         <status depth="4" subelements-count="0"/>
      </hrac>
      <hrac depth="3" subelements-count="4">
         <meno depth="4" subelements-count="2">
            <krstne depth="5" subelements-count="0"/>
            <priezvisko depth="5" subelements-count="0"/>
         </meno>
         <hracove_hry depth="4" subelements-count="0"/>
         <status depth="4" subelements-count="0"/>
         <o_hracovi depth="4" subelements-count="0"/>
      </hrac>
   </hraci>
   <hry depth="2" subelements-count="4">
      <hra depth="3" subelements-count="4">
         <nazov depth="4" subelements-count="0"/>
         <pocet_hracov depth="4" subelements-count="3">
            <min depth="5" subelements-count="0"/>
            <max depth="5" subelements-count="0"/>
            <ideal depth="5" subelements-count="0"/>
         </pocet_hracov>
         <hodnotenie depth="4" subelements-count="4">
            <celkove depth="5" subelements-count="2">
               <percenta depth="6" subelements-count="0"/>
               <poradie depth="6" subelements-count="0"/>
            </celkove>
            <hracske depth="5" subelements-count="1">
               <percenta depth="6" subelements-count="0"/>
            </hracske>
            <hracske depth="5" subelements-count="1">
               <percenta depth="6" subelements-count="0"/>
            </hracske>
            <hracske depth="5" subelements-count="1">
               <percenta depth="6" subelements-count="0"/>
            </hracske>
         </hodnotenie>
         <popis depth="4" subelements-count="1">
            <p depth="5" subelements-count="0"/>
         </popis>
      </hra>
      <hra depth="3" subelements-count="5">
         <nazov depth="4" subelements-count="0"/>
         <pocet_hracov depth="4" subelements-count="3">
            <min depth="5" subelements-count="0"/>
            <max depth="5" subelements-count="0"/>
            <ideal depth="5" subelements-count="0"/>
         </pocet_hracov>
         <hodnotenie depth="4" subelements-count="3">
            <celkove depth="5" subelements-count="2">
               <percenta depth="6" subelements-count="0"/>
               <poradie depth="6" subelements-count="0"/>
            </celkove>
            <hracske depth="5" subelements-count="1">
               <percenta depth="6" subelements-count="0"/>
            </hracske>
            <hracske depth="5" subelements-count="1">
               <percenta depth="6" subelements-count="0"/>
            </hracske>
         </hodnotenie>
         <obrazok depth="4" subelements-count="0"/>
         <popis depth="4" subelements-count="0"/>
      </hra>
      <hra depth="3" subelements-count="4">
         <nazov depth="4" subelements-count="0"/>
         <pocet_hracov depth="4" subelements-count="3">
            <min depth="5" subelements-count="0"/>
            <max depth="5" subelements-count="0"/>
            <ideal depth="5" subelements-count="0"/>
         </pocet_hracov>
         <hodnotenie depth="4" subelements-count="1">
            <celkove depth="5" subelements-count="2">
               <percenta depth="6" subelements-count="0"/>
               <poradie depth="6" subelements-count="0"/>
            </celkove>
         </hodnotenie>
         <popis depth="4" subelements-count="0"/>
      </hra>
      <hra depth="3" subelements-count="5">
         <nazov depth="4" subelements-count="0"/>
         <pocet_hracov depth="4" subelements-count="3">
            <min depth="5" subelements-count="0"/>
            <max depth="5" subelements-count="0"/>
            <ideal depth="5" subelements-count="0"/>
         </pocet_hracov>
         <hodnotenie depth="4" subelements-count="3">
            <celkove depth="5" subelements-count="2">
               <percenta depth="6" subelements-count="0"/>
               <poradie depth="6" subelements-count="0"/>
            </celkove>
            <hracske depth="5" subelements-count="1">
               <percenta depth="6" subelements-count="0"/>
            </hracske>
            <hracske depth="5" subelements-count="1">
               <percenta depth="6" subelements-count="0"/>
            </hracske>
         </hodnotenie>
         <obrazok depth="4" subelements-count="0"/>
         <popis depth="4" subelements-count="2">
            <p depth="5" subelements-count="0"/>
            <p depth="5" subelements-count="0"/>
         </popis>
      </hra>
   </hry>
</databaza>