<html>
   <head>
      <meta http-equiv="Content-Type" content="text/html; charset=UTF-8">
      <title>
         				DoskoveHry.org
         			
      </title>
   </head>
   <body>
      <h2>Tabulka hracov a hry, ktore maju zakupene od jednotlivych vyrobcov</h2>
      <table>
         <tr>
            <th>Hrac</th>
            <th>MindOK</th>
            <th>WizKids</th>
            <th>Fantasy Flight Games</th>
         </tr>
         <tr>
            <td>Dostalova</td>
            <td>
               <nazov>Dungeon Lords</nazov>
            </td>
            <td>
               <nazov>Mage Knight</nazov>
            </td>
            <td>ziadna</td>
         </tr>
         <tr>
            <td>Dychalka</td>
            <td>
               <nazov>Dungeon Lords</nazov>
               <nazov>Agricola</nazov>
            </td>
            <td>
               <nazov>Mage Knight</nazov>
            </td>
            <td>
               <nazov>Game of Thrones</nazov>
            </td>
         </tr>
         <tr>
            <td>Heder</td>
            <td>ziadna</td>
            <td>
               <nazov>Mage Knight</nazov>
            </td>
            <td>
               <nazov>Game of Thrones</nazov>
            </td>
         </tr>
         <tr>
            <td>Jediny</td>
            <td>
               <nazov>Dungeon Lords</nazov>
               <nazov>Agricola</nazov>
            </td>
            <td>ziadna</td>
            <td>ziadna</td>
         </tr>
         <tr>
            <td>Lopata</td>
            <td>
               <nazov>Dungeon Lords</nazov>
               <nazov>Agricola</nazov>
            </td>
            <td>ziadna</td>
            <td>
               <nazov>Game of Thrones</nazov>
            </td>
         </tr>
         <tr>
            <td>Lopez</td>
            <td>
               <nazov>Agricola</nazov>
            </td>
            <td>ziadna</td>
            <td>
               <nazov>Game of Thrones</nazov>
            </td>
         </tr>
         <tr>
            <td>Machalovska</td>
            <td>ziadna</td>
            <td>ziadna</td>
            <td>ziadna</td>
         </tr>
         <tr>
            <td>Pogomorov</td>
            <td>ziadna</td>
            <td>ziadna</td>
            <td>
               <nazov>Game of Thrones</nazov>
            </td>
         </tr>
         <tr>
            <td>Velky</td>
            <td>
               <nazov>Agricola</nazov>
            </td>
            <td>ziadna</td>
            <td>ziadna</td>
         </tr>
         <tr>
            <td>Zeman</td>
            <td>ziadna</td>
            <td>ziadna</td>
            <td>ziadna</td>
         </tr>
      </table>
   </body>
</html>