<?xml version="1.0" encoding="UTF-8"?>
<hracske_hodnotenia>
   <hrac id="hedej">
      <hra>
         <nazov>Mage Knight</nazov>
         <hodnotenie>92%</hodnotenie>
      </hra>
   </hrac>
   <hrac id="dychk">
      <hra>
         <nazov>Mage Knight</nazov>
         <hodnotenie>88%</hodnotenie>
      </hra>
   </hrac>
   <hrac id="dosth">
      <hra>
         <nazov>Mage Knight</nazov>
         <hodnotenie>91%</hodnotenie>
      </hra>
   </hrac>
   <hrac id="lopef">
      <hra>
         <nazov>Agricola</nazov>
         <hodnotenie>95%</hodnotenie>
      </hra>
   </hrac>
   <hrac id="jedir">
      <hra>
         <nazov>Agricola</nazov>
         <hodnotenie>90%</hodnotenie>
      </hra>
      <hra>
         <nazov>Dungeon Lords</nazov>
         <hodnotenie>85%</hodnotenie>
      </hra>
   </hrac>
   <hrac id="lopam">
      <hra>
         <nazov>Dungeon Lords</nazov>
         <hodnotenie>75%</hodnotenie>
      </hra>
   </hrac>
</hracske_hodnotenia>