<?xml version="1.0" encoding="UTF-8"?>
<skladby>
   <skladba>A Hard Day's Night</skladba>
   <skladba>I Should Have Known Better</skladba>
   <skladba>If I Fell</skladba>
   <skladba>I'm Happy Just to Dance with You</skladba>
   <skladba>And I Love Her</skladba>
   <skladba>Tell Me Why</skladba>
   <skladba>Can't Buy Me Love</skladba>
   <skladba>Any Time at All</skladba>
   <skladba>I'll Cry Instead</skladba>
   <skladba>Things We Said Today</skladba>
   <skladba>When I Get Home</skladba>
   <skladba>You Can't Do That</skladba>
   <skladba>I'll Be Back</skladba>, <skladba>Who Am I to Be</skladba>
   <skladba>Don't Lie to Me</skladba>
   <skladba>My Love</skladba>
   <skladba>All Over Again</skladba>
   <skladba>Call It a Day</skladba>
   <skladba>I'm On My Way</skladba>
   <skladba>Mystery Of Oklahoma</skladba>
   <skladba>Long Long Time</skladba>
   <skladba>This Song</skladba>
   <skladba>I Wanna Believe</skladba>
   <skladba>The Sinner</skladba>
   <skladba>I'll Be Fine</skladba>
   <skladba>Sometimes</skladba>
   <skladba>That I Care</skladba>
   <skladba>Take Me Back</skladba>
   <skladba>September Rain</skladba>
   <skladba>Hard to Call My Home</skladba>
   <skladba>Aries Man</skladba>
   <skladba>Home</skladba>
   <skladba>Be My Answer</skladba>
   <skladba>Set Me Free</skladba>
   <skladba>Just Right</skladba>
   <skladba>Papa</skladba>
   <skladba>She Doesn't Care Anymore</skladba>
   <skladba>Be Mine</skladba>
   <skladba>i Belong to You</skladba>
   <skladba>Live, Love and Learn</skladba>
   <skladba>On the Other Side of the Road</skladba>
   <skladba>Walk Away</skladba>
   <skladba>Music</skladba>
   <skladba>Miss Everybody's Business</skladba>
   <skladba>No One Said It Was Easy</skladba>
   <skladba>Dream</skladba>
   <skladba>Only Failure</skladba>
   <skladba>Simple Fear</skladba>
   <skladba>This Time</skladba>
   <skladba>Waiting</skladba>
</skladby>