<?xml version="1.0" encoding="UTF-8"?>
<songs>
   <song>
      <name>I'll Cry Instead</name>
      <length>1:49</length>
   </song>
   <song>
      <name>I'm Happy Just to Dance with You</name>
      <length>1:59</length>
   </song>
   <song>
      <name>Tell Me Why</name>
      <length>2:12</length>
   </song>
   <song>
      <name>Can't Buy Me Love</name>
      <length>2:14</length>
   </song>
   <song>
      <name>Any Time at All</name>
      <length>2:15</length>
   </song>
   <song>
      <name>When I Get Home</name>
      <length>2:20</length>
   </song>
   <song>
      <name>I'll Be Back</name>
      <length>2:20</length>
   </song>
   <song>
      <name>If I Fell</name>
      <length>2:24</length>
   </song>
   <song>
      <name>And I Love Her</name>
      <length>2:33</length>
   </song>
   <song>
      <name>A Hard Day's Night</name>
      <length>2:34</length>
   </song>
   <song>
      <name>You Can't Do That</name>
      <length>2:39</length>
   </song>
   <song>
      <name>Things We Said Today</name>
      <length>2:40</length>
   </song>
   <song>
      <name>I Should Have Known Better</name>
      <length>2:46</length>
   </song>
</songs>