<html>
   <head>
      <meta http-equiv="Content-Type" content="text/html; charset=UTF-8">
      <title>Alba</title>
   </head>
   <body>
      <table>
         <thead>
            <tr>
               <th>Album</th>
               <th>Delka (v sekundach)</th>
               <th>Skladby</th>
            </tr>
         </thead>
         <tbody>
            <tr>
               <td>A hard day's night</td>
               <td>1845</td>
               <td>
                  <ol>
                     <li>A Hard Day's Night (2:34)</li>
                     <li>I Should Have Known Better (2:46)</li>
                     <li>If I Fell (2:24)</li>
                     <li style="color: red">I'm Happy Just to Dance with You (1:59)</li>
                     <li>And I Love Her (2:33)</li>
                     <li>Tell Me Why (2:12)</li>
                     <li>Can't Buy Me Love (2:14)</li>
                     <li>Any Time at All (2:15)</li>
                     <li style="color: red">I'll Cry Instead (1:49)</li>
                     <li>Things We Said Today (2:40)</li>
                     <li>When I Get Home (2:20)</li>
                     <li>You Can't Do That (2:39)</li>
                     <li>I'll Be Back (2:20)</li>
                  </ol>
               </td>
            </tr>
         </tbody>
      </table>
   </body>
</html>