<?xml version="1.0" encoding="UTF-8"?>
<MovieWriters>
   <Writer>
      <FullName>Stephen King</FullName>
      <Info>
			Stephen Edwin King was born on September 21, 1947, at the Maine General Hospital in Portland. His parents were Donald Edwin King and Ruth Pillsbury King. He was the only natural-born child in the family, his older brother David having been adopted at birth two years earlier. The Kings were the typical...
		</Info>
   </Writer>
   <Writer>
      <FullName>Alan Ball</FullName>
      <Info>
			Graduate of Florida State University School of Theatre...
		</Info>
   </Writer>
</MovieWriters>