<?xml version="1.0" encoding="UTF-8"?>
<Stars>
   <Star>
      <Star STAR_ID="S0680"/>
      <uciteluDirectoru>1</uciteluDirectoru>
   </Star>
   <Star>
      <Star STAR_ID="S480"/>
      <uciteluDirectoru>1</uciteluDirectoru>
   </Star>
   <Star>
      <Star STAR_ID="S0680">Natalie Portman</Star>
      <uciteluDirectoru>1</uciteluDirectoru>
   </Star>
   <Star>
      <Star STAR_ID="S480">Mila Kunis</Star>
      <uciteluDirectoru>1</uciteluDirectoru>
   </Star>
   <Star>
      <Star STAR_ID="S5687">Vincent Cassel</Star>
      <uciteluDirectoru>1</uciteluDirectoru>
   </Star>
   <Star>
      <Star STAR_ID="S068W0"/>
      <uciteluDirectoru>1</uciteluDirectoru>
   </Star>
   <Star>
      <Star STAR_ID="SCD480"/>
      <uciteluDirectoru>1</uciteluDirectoru>
   </Star>
   <Star>
      <Star STAR_ID="E87"/>
      <uciteluDirectoru>1</uciteluDirectoru>
   </Star>
   <Star>
      <Star STAR_ID="T55687"/>
      <uciteluDirectoru>1</uciteluDirectoru>
   </Star>
   <Star>
      <Star STAR_ID="S068W0">Jason Flemyng</Star>
      <uciteluDirectoru>1</uciteluDirectoru>
   </Star>
   <Star>
      <Star STAR_ID="SCD480">Dexter Fletcher</Star>
      <uciteluDirectoru>1</uciteluDirectoru>
   </Star>
   <Star>
      <Star STAR_ID="E87">Nick Moran</Star>
      <uciteluDirectoru>1</uciteluDirectoru>
   </Star>
   <Star>
      <Star STAR_ID="T55687">Jason Statham</Star>
      <uciteluDirectoru>1</uciteluDirectoru>
   </Star>
   <Star>
      <Star STAR_ID="X068W0">Nicolas Cage</Star>
      <uciteluDirectoru>1</uciteluDirectoru>
   </Star>
   <Star>
      <Star STAR_ID="DFCD480">Ethan Hawker</Star>
      <uciteluDirectoru>1</uciteluDirectoru>
   </Star>
   <Star>
      <Star STAR_ID="E677">Jared Leto </Star>
      <uciteluDirectoru>1</uciteluDirectoru>
   </Star>
   <Star>
      <Star STAR_ID="X06N8W0">Marlon Brando</Star>
      <uciteluDirectoru>1</uciteluDirectoru>
   </Star>
   <Star>
      <Star STAR_ID="DFD480">Al Pacino</Star>
      <uciteluDirectoru>1</uciteluDirectoru>
   </Star>
   <Star>
      <Star STAR_ID="E6797">James Caan</Star>
      <uciteluDirectoru>1</uciteluDirectoru>
   </Star>
   <Star>
      <Star STAR_ID="V0680">Tim Robbins</Star>
      <uciteluDirectoru>1</uciteluDirectoru>
   </Star>
   <Star>
      <Star STAR_ID="V480">Morgan Freeman</Star>
      <uciteluDirectoru>1</uciteluDirectoru>
   </Star>
   <Star>
      <Star STAR_ID="V5687">Bob Gunton </Star>
      <uciteluDirectoru>1</uciteluDirectoru>
   </Star>
   <Star>
      <Star STAR_ID="V0680">Kevin Spacey</Star>
      <uciteluDirectoru>2</uciteluDirectoru>
   </Star>
   <Star>
      <Star STAR_ID="V480">Annette Bening</Star>
      <uciteluDirectoru>2</uciteluDirectoru>
   </Star>
   <Star>
      <Star STAR_ID="V5687">Thora Birch</Star>
      <uciteluDirectoru>2</uciteluDirectoru>
   </Star>
</Stars>