<?xml version="1.0" encoding="UTF-8"?>
<Writers>
   <Writer>
      <Name>Mark Heyman</Name>
      <DateBirth>6.2.1958</DateBirth>
   </Writer>
   <Writer>
      <Name>Andres Heinz</Name>
      <DateBirth/>
   </Writer>
   <Writer>
      <Name>Guy Ritchie</Name>
      <DateBirth>10.9.1968</DateBirth>
   </Writer>
   <Writer>
      <Name>Andrew Niccol</Name>
      <DateBirth>10.6.1964</DateBirth>
   </Writer>
   <Writer>
      <Name>Mario Puzo</Name>
      <DateBirth>15.10.1920</DateBirth>
   </Writer>
   <Writer>
      <Name>Stephen King</Name>
      <DateBirth>21.9.1947</DateBirth>
   </Writer>
   <Writer>
      <Name>Alan Ball</Name>
      <DateBirth>13.5.1957</DateBirth>
   </Writer>
   <Writer>
      <FullName>Stephen King</FullName>
      <DateBirth>21.9.1947</DateBirth>
   </Writer>
   <Writer>
      <FullName>Alan Ball</FullName>
      <DateBirth>13.5.1957</DateBirth>
   </Writer>
   <Writer>
      <FullName>Gabriel García Márquez</FullName>
      <DateBirth>6.3.1927</DateBirth>
   </Writer>
</Writers>