<?xml version="1.0" encoding="UTF-8" standalone="no"?><!-- databaza videopozicovne --><pozicovna>
	<nazovPozicovne><b>ViDeOpOzIcOvNa</b></nazovPozicovne>
	<aktualnyDatum><?php echo Date("d.m.Y")?></aktualnyDatum>
	<zakaznici>
		<zakaznik>
			<meno>Jan Novak</meno>
			<datumNarodenia>1987-05-01</datumNarodenia>
			<datumRegistracie>2012-03-10</datumRegistracie>
			<kontakt>
				<email>jan.novak@vymysleny.eml</email>
				<telefon>+420123456789</telefon>
				<adresa>
					<ulicacp>Namesti Miru 35</ulicacp>
					<psc>123 45</psc>
					<mesto>Praha</mesto>
					<stat>Ceska Republika</stat>
				</adresa>
			</kontakt>
			<zakaznikPoznamka/>
		<id>z1</id></zakaznik>
		<zakaznik>
			<meno>Peter Modry</meno>
			<datumNarodenia>1975-01-26</datumNarodenia>
			<datumRegistracie>2012-03-10</datumRegistracie>
			<kontakt>
				<email>modryp@vymysleny.eml</email>
				<telefon>+420123456798</telefon>
				<adresa>
					<ulicacp>Zelena 2</ulicacp>
					<psc>123 45</psc>
					<mesto>Praha</mesto>
					<stat>Ceska Republika</stat>
				</adresa>
			</kontakt>
			<zakaznikPoznamka>
		<b>CASTO VRACIA FILMY NESKORO!</b>
	</zakaznikPoznamka>
		<id>z2</id></zakaznik>
		<zakaznik>
			<meno>Monika Tepla</meno>
			<datumNarodenia>1991-06-06</datumNarodenia>
			<datumRegistracie>2012-03-10</datumRegistracie>
			<kontakt>
				<email>monicka123@vymysleny.eml</email>
				<adresa>
					<ulicacp>Pri Letisku 2</ulicacp>
					<psc>132 54</psc>
					<mesto>Banska Bystrica</mesto>
					<stat>Slovenska Republika</stat>
				</adresa>
			</kontakt>
			<zakaznikPoznamka><![CDATA[
<i>Vzorny zakaznik.</i>
]]></zakaznikPoznamka>
		<id>z3</id></zakaznik>
		<zakaznik>
			<meno>Frantisek Kusy</meno>
			<datumNarodenia>1988-02-29</datumNarodenia>
			<datumRegistracie>2012-03-11</datumRegistracie>
			<kontakt>
				<email>frku@vymysleny.eml</email>
				<telefon>+420123546789</telefon>
				<adresa>
					<ulicacp>Lastovicia 15</ulicacp>
					<psc>123 45</psc>
					<mesto>Piestany</mesto>
					<stat>Slovenska Republika</stat>
				</adresa>
			</kontakt>
		<id>z4</id></zakaznik>
	</zakaznici>
	<filmy>
		<film>
			<nazov originalnyNazov="DieHard"><nazov>Smrtonosna pasca</nazov></nazov>
			<zaner>Akcny</zaner> <!-- moze byt viac-->
			<zaner>Thriller</zaner>
			<zaner>Krimi</zaner>
			<rokVydania>1988</rokVydania>
			<dlzka>131</dlzka>
			<krajinaPovodu>USA</krajinaPovodu><!-- moze byt viac-->
			<rezia>John McTiernan</rezia>
			<zvuk>Anglicke<typ>5.1</typ></zvuk> <!-- jazyk dubbingu a typ zvuku, moze byt viac-->
			<zvuk>Cesky<typ>5.1</typ></zvuk>
			<zvuk>Slovensky<typ>5.1</typ></zvuk>
			<titulky>Ceske</titulky>
			<titulky>Slovenske</titulky>
			<titulky>Nemecke</titulky>
			<titulky>Anglicke</titulky>
			<nosic><medium>DVD</medium></nosic>
			<herci>
				<herec>Bruce Willis</herec>
				<herec>Bonnie Bedelia</herec><!-- herci v hlavnej ulohe-->
			</herci>
			<pristupnost><uroven>12</uroven></pristupnost> <!-- hodnotenie pristupunosti-->
		<id>f1</id></film>
		<film>
			<nazov originalnyNazov="Pearl Harbor"><nazov>Pearl Harbor</nazov></nazov>
			<zaner>Vojnovy</zaner> <!-- moze byt viac-->
			<zaner>Akcny</zaner>
			<zaner>Romanticky</zaner>
			<zaner>Drama</zaner>
			<rokVydania>2001</rokVydania>
			<dlzka>176</dlzka>
			<krajinaPovodu>USA</krajinaPovodu><!-- moze byt viac-->
			<rezia>Michael Bay</rezia>
			<zvuk>Anglicke<typ>7.1</typ></zvuk> <!-- jazyk dubbingu a typ zvuku, moze byt viac-->
			<zvuk>Cesky<typ>5.1</typ></zvuk>
			<titulky>Bulharske</titulky> <!-- jazyk tituliek, moze byt viac-->
			<titulky>Ceske</titulky>
			<titulky>Slovenske</titulky>
			<titulky>Nemecke</titulky>
			<titulky>Spanielske</titulky>
			<nosic><medium>BD</medium></nosic>
			<herci>
				<herec>Ben Affleck</herec>
				<herec>Josh Hartnett</herec><!-- herci v hlavnej ulohe-->
				<herec>Kate Beckinsale</herec>
			</herci>
			<pristupnost><uroven>12</uroven></pristupnost> <!-- hodnotenie pristupunosti-->
		<id>f2</id></film>
		<film>
			<nazov originalnyNazov="Anglicke Jahody"><nazov>Anglicke Jahody</nazov></nazov>
			<zaner>Vojnovy</zaner> <!-- moze byt viac-->
			<zaner>Romanticky</zaner>
			<zaner>Drama</zaner>
			<rokVydania>2008</rokVydania>
			<dlzka>114</dlzka>
			<krajinaPovodu>Ceska Republika</krajinaPovodu><!-- moze byt viac-->
			<krajinaPovodu>Slovensko</krajinaPovodu>
			<krajinaPovodu>Ukrajina</krajinaPovodu>
			<rezia>Vladimir Drha</rezia>
			<zvuk>Slovensky<typ>Stereo</typ></zvuk> <!-- jazyk dubbingu a typ zvuku, moze byt viac-->
			<zvuk>Cesky<typ>5.1</typ></zvuk>
			<titulky>Bulharske</titulky> <!-- jazyk tituliek, moze byt viac-->
			<titulky>Ceske<poznamka>Pre nepocujucich</poznamka></titulky>
			<titulky>Slovenske</titulky>
			<titulky>Nemecke</titulky>
			<titulky>Spanielske</titulky>
			<nosic><medium>DVD</medium></nosic>
			<herci>
				<herec>Viktor Preiss</herec>
				<herec>Pavla Tomicova</herec><!-- herci v hlavnej ulohe-->
			</herci>
			<pristupnost><uroven>12</uroven></pristupnost> <!-- hodnotenie pristupunosti-->
		<id>f3</id></film>
		<film>
			<nazov originalnyNazov="The Godfather"><nazov>Krstny otec</nazov></nazov>
			<zaner>Krimi</zaner> <!-- moze byt viac-->
			<zaner>Drama</zaner>
			<rokVydania>1972</rokVydania>
			<dlzka>175</dlzka>
			<krajinaPovodu>USA</krajinaPovodu><!-- moze byt viac-->
			<rezia>Francis Ford Coppola</rezia>
			<zvuk>Anglicke<typ>7.1</typ></zvuk> <!-- jazyk dubbingu a typ zvuku, moze byt viac-->
			<zvuk>Cesky<typ>5.1</typ></zvuk>
			<titulky>Ceske</titulky><!-- jazyk tituliek, moze byt viac-->
			<titulky>Slovenske</titulky>
			<titulky>Anglicke<poznamka>Pre nepocujucich</poznamka></titulky>
			<titulky>Nemecke</titulky>
			<titulky>Spanielske</titulky>
			<nosic><medium>BD</medium></nosic>
			<herci>
				<herec>Marlon Brando</herec>
				<herec>Al Pacino</herec><!-- herci v hlavnej ulohe-->
			</herci>
			<pristupnost><uroven>12</uroven></pristupnost> <!-- hodnotenie pristupunosti-->
		<id>f4</id></film>
		<film>
			<nazov originalnyNazov="Cars"><nazov>Auta</nazov></nazov>
			<zaner>Animovany</zaner> <!-- moze byt viac-->
			<zaner>Rodinny</zaner>
			<zaner>Komedia</zaner>
			<zaner>Sportovy</zaner>
			<rokVydania>2006</rokVydania>
			<dlzka>116</dlzka>
			<krajinaPovodu>USA</krajinaPovodu><!-- moze byt viac-->
			<rezia>John Lasseter</rezia>
			<rezia>Joe Ranft</rezia>
			<zvuk>Anglicke<typ>5.1</typ></zvuk> <!-- jazyk dubbingu a typ zvuku, moze byt viac-->
			<zvuk>Cesky<typ>5.1</typ></zvuk>
			<zvuk>Slovensky<typ>5.1</typ></zvuk>
			<titulky>Ceske</titulky><!-- jazyk tituliek, moze byt viac-->
			<titulky>Slovenske</titulky>
			<titulky>Nemecke</titulky>
			<titulky>Spanielske</titulky>
			<nosic><medium>DVD</medium></nosic>
			<herci>
				<herec>Owen Wilson</herec>
				<herec>Paul Newman</herec><!-- herci v hlavnej ulohe-->
			</herci>
			<pristupnost><uroven>6</uroven></pristupnost> <!-- hodnotenie pristupunosti-->
		<id>f5</id></film>
	</filmy>
	<rezervacie>
		<rezervacia stav="uzavreta">
			<datumVypozicania>2012-03-10</datumVypozicania>
			<datumVratenia>2012-03-12</datumVratenia><!-- datum, do ktoreho ma byt film vrateny -->
			<vypozicanyFilm><id>f1</id></vypozicanyFilm>
			<vypozicalZakaznik><id>z2</id></vypozicalZakaznik>
		<id>r1</id></rezervacia>
		<rezervacia stav="uzavreta">
			<datumVypozicania>2012-03-10</datumVypozicania>
			<datumVratenia>2012-03-12</datumVratenia><!-- datum, do ktoreho ma byt film vrateny -->
			<vypozicanyFilm><id>f2</id></vypozicanyFilm>
			<vypozicalZakaznik><id>z2</id></vypozicalZakaznik>
		<id>r2</id></rezervacia>
		<rezervacia stav="uzavreta">
			<datumVypozicania>2012-03-10</datumVypozicania>
			<datumVratenia>2012-03-12</datumVratenia><!-- datum, do ktoreho ma byt film vrateny -->
			<vypozicanyFilm><id>f3</id></vypozicanyFilm>
			<vypozicalZakaznik><id>z2</id></vypozicalZakaznik>
		<id>r3</id></rezervacia>
		<rezervacia stav="otvorena">
			<datumVypozicania>2012-03-11</datumVypozicania>
			<vratitDo>2012-03-20</vratitDo><!-- datum, do ktoreho ma byt film vrateny -->
			<vypozicanyFilm><id>f5</id></vypozicanyFilm>
			<vypozicalZakaznik><id>z1</id></vypozicalZakaznik>
		<id>r4</id></rezervacia>
		<rezervacia stav="uzavreta">
			<datumVypozicania>2012-03-12</datumVypozicania>
			<datumVratenia>2012-03-13</datumVratenia><!-- datum, do ktoreho ma byt film vrateny -->
			<vypozicanyFilm><id>f1</id></vypozicanyFilm>
			<vypozicalZakaznik><id>z4</id></vypozicalZakaznik>
		<id>r5</id></rezervacia>
		<rezervacia stav="uzavreta">
			<datumVypozicania>2012-03-12</datumVypozicania>
			<datumVratenia>2012-03-13</datumVratenia><!-- datum, do ktoreho ma byt film vrateny -->
			<vypozicanyFilm><id>f4</id></vypozicanyFilm>
			<vypozicalZakaznik><id>z1</id></vypozicalZakaznik>
		<id>r6</id></rezervacia>
		<rezervacia stav="otvorena">
			<datumVypozicania>2012-03-13</datumVypozicania>
			<vratitDo>2012-03-20</vratitDo><!-- datum, do ktoreho ma byt film vrateny -->
			<vypozicanyFilm><id>f3</id></vypozicanyFilm>
			<vypozicalZakaznik><id>z4</id></vypozicalZakaznik>
		<id>r8</id></rezervacia>
		<rezervacia stav="otvorena">
			<datumVypozicania>2012-03-13</datumVypozicania>
			<vratitDo>2012-03-20</vratitDo><!-- datum, do ktoreho ma byt film vrateny -->
			<vypozicanyFilm><id>f3</id></vypozicanyFilm>
			<vypozicalZakaznik><id>z2</id></vypozicalZakaznik>
		<id>r9</id></rezervacia>
		<rezervacia stav="otvorena">
			<datumVypozicania>2012-03-13</datumVypozicania>
			<vratitDo>2012-03-20</vratitDo><!-- datum, do ktoreho ma byt film vrateny -->
			<vypozicanyFilm><id>f4</id></vypozicanyFilm>
			<vypozicalZakaznik><id>z2</id></vypozicalZakaznik>
		<id>r10</id></rezervacia>
	</rezervacie>
</pozicovna>