<html>
   <head>
      <meta http-equiv="Content-Type" content="text/html; charset=UTF-8"><style type="text/css">
        body {
            text-align:center;
            color:white;
        }
        table {
            margin:auto;
            background-color:#D96A6F;
            text-align:center;
            
        }
        .header {
            background-color:#C7262E;
            color:white;
        }
        .none {
            text-decoration:line-through;
        }
        
    </style></head>
   <body>
      <table>
         <tr class="header">
            <td>Oddeleni</td>
            <td>Manager</td>
            <td>Pocet zamestnancu</td>
         </tr>
         <tr class="some">
            <td>Production</td>
            <td>John Smith</td>
            <td>1</td>
         </tr>
         <tr class="none">
            <td>Accounting</td>
            <td> </td>
            <td>1</td>
         </tr>
      </table>
   </body>
</html>