<?xml version="1.0" encoding="UTF-8"?>
<oddeleni>
   <name>Production</name>
   <zamestnanci>
      <zamestnanec>JohnSmith</zamestnanec>
   </zamestnanci>
</oddeleni>
<oddeleni>
   <name>Development</name>
   <zamestnanci>
      <zamestnanec>MartinSmith</zamestnanec>
   </zamestnanci>
</oddeleni>
<oddeleni>
   <name>Engineering</name>
   <zamestnanci>
      <zamestnanec>ArthurTaylor</zamestnanec>
      <zamestnanec>Kate Stone</zamestnanec>
   </zamestnanci>
</oddeleni>
<oddeleni>
   <name>Accounting</name>
   <zamestnanci>
      <zamestnanec>PeterBrown</zamestnanec>
   </zamestnanci>
</oddeleni>