<?xml version="1.0" encoding="UTF-8"?>
<koncerty>
   <concert>Horkye Slize &amp; Chiki liki<artists>
         <artist xmlns:xsi="http://www.w3.org/2001/XMLSchema-instance" id="artist_1"
                 url="http://www.horkyzeslize.sk">
			         <name>Horkyze Slize</name>
			         <country>Slovakia</country>
			         <description>Crazy punk rock from Slovakia.</description>
		       </artist>
         <artist xmlns:xsi="http://www.w3.org/2001/XMLSchema-instance" id="artist_2">
			         <name>Chiki liki tu-a</name>
			         <country>Slovakia</country>
			         <description>Eastern Slovakia jokes.</description>
		       </artist>
      </artists>
   </concert>
   <concert>Another Festival<artists>
         <artist xmlns:xsi="http://www.w3.org/2001/XMLSchema-instance" id="artist_4">
			         <name>Kabat</name>
			         <country>Czech rep.</country>
		       </artist>
         <artist xmlns:xsi="http://www.w3.org/2001/XMLSchema-instance" id="artist_6">
			         <name>Karel Plihal</name>
			         <country>Czech republic</country>
		       </artist>
      </artists>
   </concert>
   <concert>Summer Festival<artists>
         <artist xmlns:xsi="http://www.w3.org/2001/XMLSchema-instance" id="artist_4">
			         <name>Kabat</name>
			         <country>Czech rep.</country>
		       </artist>
         <artist xmlns:xsi="http://www.w3.org/2001/XMLSchema-instance" id="artist_6">
			         <name>Karel Plihal</name>
			         <country>Czech republic</country>
		       </artist>
         <artist xmlns:xsi="http://www.w3.org/2001/XMLSchema-instance" id="artist_7">
			         <name>Guns 'n Roses</name> 
            <!-- entity usage -->
			<country>USA</country>
		       </artist>
         <artist xmlns:xsi="http://www.w3.org/2001/XMLSchema-instance" id="artist_8">
			         <name>Avenged Sevenfold</name>
			         <country>USA</country>
		       </artist>
      </artists>
   </concert>
   <concert>Polemic<artists>
         <artist xmlns:xsi="http://www.w3.org/2001/XMLSchema-instance" id="artist_3">
			         <name>Polemic</name>
			         <country>Slovakia</country>
		       </artist>
      </artists>
   </concert>
</koncerty>