<?xml version="1.0" encoding="UTF-8"?>
<person>
   <firstName>
      <firstName>John</firstName>
   </firstName>
   <lastName>
      <lastName>Smith</lastName>
   </lastName>
   <worksIn>
      <worksIn>D1</worksIn>
   </worksIn>
</person>
<person>
   <firstName>
      <firstName>Peter</firstName>
   </firstName>
   <lastName>
      <lastName>Brown</lastName>
   </lastName>
   <worksIn>
      <worksIn>D2</worksIn>
   </worksIn>
</person>
<person>
   <firstName>
      <firstName>Arthur</firstName>
   </firstName>
   <lastName>
      <lastName>Taylor</lastName>
   </lastName>
   <worksIn>
      <worksIn>D1.2</worksIn>
   </worksIn>
</person>
<person>
   <firstName>
      <firstName>Pan</firstName>
   </firstName>
   <lastName>
      <lastName>Duplicita</lastName>
   </lastName>
   <worksIn>
      <worksIn>D1.1</worksIn>
   </worksIn>
</person>
<person>
   <firstName>
      <firstName>Martin</firstName>
   </firstName>
   <lastName>
      <lastName>Smith</lastName>
   </lastName>
   <worksIn>
      <worksIn>D1.1</worksIn>
   </worksIn>
</person>
<person>
   <firstName>
      <firstName>Pepa</firstName>
   </firstName>
   <lastName>
      <lastName>Zdepa</lastName>
   </lastName>
   <worksIn>
      <worksIn>D1.2</worksIn>
   </worksIn>
</person>
<person>
   <firstName>
      <firstName>Franta</firstName>
   </firstName>
   <lastName>
      <lastName>Vomacka</lastName>
   </lastName>
   <worksIn>
      <worksIn>D1.2.1</worksIn>
   </worksIn>
</person>