<?xml version="1.0" encoding="UTF-8"?>
<departments>
   <department>
      <name>
         <name>Manufacturing</name>
      </name>
      <employee>
        <firstName>John</firstName>
        <lastName>Smith</lastName>
        <email>smith@co.org</email>
        <salary>2000</salary>
        <worksIn>D1</worksIn>
      </employee>   
   </department>
   <department>
      <name>
         <name>Manufacturing-prep.</name>
      </name>  
      <employee>
        <firstName>Pan</firstName>
        <lastName>Duplicita</lastName>
        <email>dup@co.org</email>
	        <email>la@co.org</email>
        <salary>2400</salary>
        <worksIn>D1.1</worksIn>
      </employee>
      <employee>
        <firstName>Martin</firstName>
        <lastName>Smith</lastName>
        <email>smith.m@co.org</email>
        <salary>2400</salary>
        <worksIn>D1.1</worksIn>
      </employee>
   </department>
   <department>
      <name>
         <name>Manufacturing-assembly</name>
      </name> 
      <employee>
        <firstName>Arthur</firstName>
        <lastName>Taylor</lastName>
        <email>taylor@co.org</email>
        <salary>2500</salary>
        <worksIn>D1.2</worksIn>
	        <director>brown@co.org</director>
      </employee> 
   </department>
   <department>
      <name>
         <name>Manufacturing-assembly-press</name>
      </name>    
   </department>
</departments>