<?xml version="1.0" encoding="UTF-8"?>
<departments>
   <department>
		    <name>Manufacturing</name>
		    <short>D1</short>
		    <description>Manufacturing department</description>
	  </department>
   <department>
		    <name>Manufacturing-prep.</name>
		    <short>D1.1</short>
		    <description>Manufacturing dep. - material preparation</description>
	  </department>
   <department>
		    <name>Manufacturing-assembly</name>
		    <short>D1.2</short>
		    <description>Assembly line</description>
	  </department>
</departments>