<html>
   <head>
      <meta http-equiv="Content-Type" content="text/html; charset=UTF-8">
      <title>Player statistics</title>
   </head>
   <body>
      <h1>Player statistics</h1>
      <h2>Los Angeles Lakers</h2>
      <table>
         <tr>
            <th>Player</th>
            <th>Height</th>
            <th>Weigh</th>
            <th>Total rebs.</th>
            <th>Total fouls</th>
            <th>Total pts.</th>
         </tr>
         <tr>
            <td>Shannon Brown</td>
            <td>210</td>
            <td>6-4</td>
            <td>2</td>
            <td>2</td>
            <td>0</td>
         </tr>
         <tr>
            <td>Kobe Bryant</td>
            <td>205</td>
            <td>6-6</td>
            <td>8</td>
            <td>3</td>
            <td>50</td>
         </tr>
         <tr>
            <td>Andrew Bynum</td>
            <td>285</td>
            <td>7-0</td>
            <td>28</td>
            <td>7</td>
            <td>29</td>
         </tr>
         <tr>
            <td>Derek Fisher</td>
            <td>210</td>
            <td>6-1</td>
            <td>3</td>
            <td>1</td>
            <td>17</td>
         </tr>
         <tr>
            <td>Pau Gasol</td>
            <td>250</td>
            <td>7-0</td>
            <td>16</td>
            <td>3</td>
            <td>34</td>
         </tr>
         <tr>
            <td>Ron Artest</td>
            <td>260</td>
            <td>6-7</td>
            <td>2</td>
            <td>4</td>
            <td>7</td>
         </tr>
         <tr>
            <td>Steve Blake</td>
            <td>172</td>
            <td>6-3</td>
            <td>0</td>
            <td>0</td>
            <td>0</td>
         </tr>
         <tr>
            <td>Devin Ebanks</td>
            <td>215</td>
            <td>6-9</td>
            <td>0</td>
            <td>0</td>
            <td>0</td>
         </tr>
         <tr>
            <td>Lamar Odom</td>
            <td>230</td>
            <td>6-10</td>
            <td>0</td>
            <td>0</td>
            <td>0</td>
         </tr>
         <tr>
            <td>Luke Walton</td>
            <td>235</td>
            <td>6-8</td>
            <td>0</td>
            <td>0</td>
            <td>0</td>
         </tr>
      </table>
      <h2>Miami Heat</h2>
      <table>
         <tr>
            <th>Player</th>
            <th>Height</th>
            <th>Weigh</th>
            <th>Total rebs.</th>
            <th>Total fouls</th>
            <th>Total pts.</th>
         </tr>
         <tr>
            <td>Mario Chalmers</td>
            <td>190</td>
            <td>6-2</td>
            <td>5</td>
            <td>2</td>
            <td>9</td>
         </tr>
         <tr>
            <td>Dwayne Wade</td>
            <td>220</td>
            <td>6-4</td>
            <td>5</td>
            <td>1</td>
            <td>20</td>
         </tr>
         <tr>
            <td>Lebron James</td>
            <td>250</td>
            <td>6-8</td>
            <td>8</td>
            <td>1</td>
            <td>19</td>
         </tr>
         <tr>
            <td>Chris Bosh</td>
            <td>235</td>
            <td>6-11</td>
            <td>9</td>
            <td>3</td>
            <td>24</td>
         </tr>
         <tr>
            <td>Joel Anthony</td>
            <td></td>
            <td></td>
            <td>1</td>
            <td>2</td>
            <td>0</td>
         </tr>
      </table>
      <h2>Atlanta Hawks</h2>
      <table>
         <tr>
            <th>Player</th>
            <th>Height</th>
            <th>Weigh</th>
            <th>Total rebs.</th>
            <th>Total fouls</th>
            <th>Total pts.</th>
         </tr>
         <tr>
            <td>Jamal Crawford</td>
            <td></td>
            <td></td>
            <td>2</td>
            <td>2</td>
            <td>12</td>
         </tr>
         <tr>
            <td>Al Horford</td>
            <td></td>
            <td></td>
            <td>9</td>
            <td>2</td>
            <td>17</td>
         </tr>
         <tr>
            <td>Joe Johnson</td>
            <td></td>
            <td></td>
            <td>1</td>
            <td>4</td>
            <td>11</td>
         </tr>
         <tr>
            <td>Kirk Hinrich</td>
            <td></td>
            <td></td>
            <td>9</td>
            <td>3</td>
            <td>24</td>
         </tr>
         <tr>
            <td>Josh Smith</td>
            <td></td>
            <td></td>
            <td>6</td>
            <td>3</td>
            <td>16</td>
         </tr>
      </table>
   </body>
</html>