<?xml version="1.0" encoding="UTF-8"?>
<companies>
   <company>
      <name>Los Angeles Lakers</name>
      <head>Phil Jackson</head>
   </company>
   <company>
      <name>Miami Heat</name>
      <head>Erik Spoelstra</head>
   </company>
   <company>
      <name>Atlanta Hawks</name>
      <head>Larry Drew</head>
   </company>
   <company>
      <name>Nike</name>
      <head>Bill Bowerman</head>
   </company>
   <company>
      <name>Adidas</name>
      <head>Herbert Hainer</head>
   </company>
   <company>
      <name>Gatorade</name>
      <head>Susan D. Wellington</head>
   </company>
</companies>