<html>
   <head>
      <meta http-equiv="Content-Type" content="text/html; charset=UTF-8">
      <title>Databaze pocitacovych programu </title>
   </head>
   <body>
      <h1>Programy</h1>
      <table>
         <th>
            <td>Nazev</td>
            <td>Vyrobce</td>
            <td>OS</td>
            <td>Stazeno</td>
         </th>
         <tr id="autoCADLT">
            <td>AutoCAD LT</td>
            <td>Autodesk</td>
            <td>Windows</td>
            <td>12214x</td>
         </tr>
         <tr id="googleEarth">
            <td>Google Earth</td>
            <td>Google Inc.</td>
            <td>Windows</td>
            <td>1099462x</td>
         </tr>
         <tr id="gooleTalk">
            <td>Google Talk</td>
            <td>Google Inc.</td>
            <td>Windows</td>
            <td>22070x</td>
         </tr>
         <tr id="icqProgram">
            <td>ICQ</td>
            <td>ICQ</td>
            <td>Windows</td>
            <td>8023759x</td>
         </tr>
         <tr id="mozillaThunderbird">
            <td>Mozilla Thunderbird</td>
            <td>Mozilla.org</td>
            <td>Windows Linux</td>
            <td>258473x</td>
         </tr>
         <tr id="sunnysoftDictionary">
            <td>Sunnysoft Dictionary</td>
            <td>Sunnysoft, s. r. o.</td>
            <td>Windows Mobile</td>
            <td>6097x</td>
         </tr>
         <tr id="toneGenerator">
            <td>Tone Generator</td>
            <td>NCHswiftSound</td>
            <td>Windows</td>
            <td>4319x</td>
         </tr>
      </table>
   </body>
</html>