<?xml version="1.0" encoding="UTF-8"?>
<PC>
   <pocetProgramu>0</pocetProgramu>
   <pocetProgramuVcetnePodkategorii>7</pocetProgramuVcetnePodkategorii>
   <podkategorie>
      <GrafikaADesign>
         <pocetProgramu>0</pocetProgramu>
         <pocetProgramuVcetnePodkategorii>0</pocetProgramuVcetnePodkategorii>
         <podkategorie/>
      </GrafikaADesign>
      <Komunikace>
         <pocetProgramu>0</pocetProgramu>
         <pocetProgramuVcetnePodkategorii>4</pocetProgramuVcetnePodkategorii>
         <podkategorie>
            <E-mail>
               <pocetProgramu>1</pocetProgramu>
               <pocetProgramuVcetnePodkategorii>1</pocetProgramuVcetnePodkategorii>
               <podkategorie/>
            </E-mail>
            <InstantMessengers>
               <pocetProgramu>2</pocetProgramu>
               <pocetProgramuVcetnePodkategorii>2</pocetProgramuVcetnePodkategorii>
               <podkategorie/>
            </InstantMessengers>
            <MobilníTelefony>
               <pocetProgramu>1</pocetProgramu>
               <pocetProgramuVcetnePodkategorii>1</pocetProgramuVcetnePodkategorii>
               <podkategorie/>
            </MobilníTelefony>
         </podkategorie>
      </Komunikace>
      <PodnikáníADomácnost>
         <pocetProgramu>0</pocetProgramu>
         <pocetProgramuVcetnePodkategorii>3</pocetProgramuVcetnePodkategorii>
         <podkategorie>
            <Ostatní>
               <pocetProgramu>2</pocetProgramu>
               <pocetProgramuVcetnePodkategorii>2</pocetProgramuVcetnePodkategorii>
               <podkategorie/>
            </Ostatní>
            <cad>
               <pocetProgramu>1</pocetProgramu>
               <pocetProgramuVcetnePodkategorii>1</pocetProgramuVcetnePodkategorii>
               <podkategorie/>
            </cad>
         </podkategorie>
      </PodnikáníADomácnost>
   </podkategorie>
</PC>