<?xml version="1.0" encoding="UTF-8"?>
<program id="autoCADLT">
   <nazev>AutoCAD LT</nazev>
   <kategorie id="cad">CAD a technika</kategorie>
   <vyrobce id="Autodesk">Autodesk</vyrobce>
   <db>data1</db>
</program>
<program id="gmail">
   <nazev>GMail</nazev>
   <kategorie id="E-mail">E-mail</kategorie>
   <vyrobce id="google">Google Inc.</vyrobce>
   <db>data2</db>
</program>
<program id="googleEarth">
   <nazev>Google Earth</nazev>
   <kategorie id="Ostatní">Ostatní</kategorie>
   <vyrobce id="google">Google Inc.</vyrobce>
   <db>data1</db>
</program>
<program id="gooleTalk">
   <nazev>Google Talk</nazev>
   <kategorie id="InstantMessengers">Instant Messengers</kategorie>
   <vyrobce id="google">Google Inc.</vyrobce>
   <db>data1</db>
</program>
<program id="icqProgram">
   <nazev>ICQ</nazev>
   <kategorie id="InstantMessengers">Instant Messengers</kategorie>
   <vyrobce id="icq">ICQ</vyrobce>
   <db>data1</db>
</program>
<program id="mozillaThunderbird">
   <nazev>Mozilla Thunderbird</nazev>
   <kategorie id="E-mail">E-mail</kategorie>
   <vyrobce id="mozilla">Mozilla.org</vyrobce>
   <db>data1</db>
</program>
<program id="sunnysoftDictionary">
   <nazev>Sunnysoft Dictionary</nazev>
   <kategorie id="MobilníTelefony">Mobilní telefony</kategorie>
   <vyrobce id="Sunnysoft">Sunnysoft, s. r. o.</vyrobce>
   <db>data1</db>
</program>
<program id="toneGenerator">
   <nazev>Tone Generator</nazev>
   <kategorie id="Ostatní">Ostatní</kategorie>
   <vyrobce id="NCHswiftSound">NCHswiftSound</vyrobce>
   <db>data1</db>
</program>