<html>
   <head>
      <meta http-equiv="Content-Type" content="text/html; charset=UTF-8">
      <title>Statistika o XML s hudebnimi dily</title>
   </head>
   <body>
      <table>
         <tr>
            <th>Nazev dila</th>
            <th>Pocet podelementu</th>
         </tr>
         <tr>
            <td>Cello Sonata A-minor, op. 36</td>
            <td>15</td>
         </tr>
         <tr>
            <td>The second waltz</td>
            <td>8</td>
         </tr>
         <tr>
            <td>Totentanz</td>
            <td>13</td>
         </tr>
         <tr>
            <td>Wish You Were Here</td>
            <td>22</td>
         </tr>
         <tr>
            <td>The Doors</td>
            <td>30</td>
         </tr>
      </table>
   </body>
</html>