<?xml version="1.0" encoding="UTF-8"?>
<categories_list>
   <category name="Baroko">
      <piece>
         <name>Partita No. 2</name>
         <author>J. S. Bach</author>
      </piece>
   </category>
   <category name="Edvard Grieg">
      <piece>
         <name>Cello Sonata A-minor, op. 36</name>
         <author>Edvard Grieg</author>
      </piece>
   </category>
   <category name="Klasická hudba">
      <piece>
         <name>Cello Sonata A-minor, op. 36</name>
         <author>Edvard Grieg</author>
      </piece>
      <piece>
         <name>The second waltz</name>
         <author>Dmitri Shostakovich</author>
      </piece>
      <piece>
         <name>Totentanz</name>
         <author>Franz Liszt</author>
      </piece>
      <piece>
         <name>Partita No. 2</name>
         <author>J. S. Bach</author>
      </piece>
      <piece>
         <name>Piano Concerto In G Major</name>
         <author>Maurice Ravel</author>
      </piece>
   </category>
   <category name="Pink Floyd">
      <piece>
         <name>Wish You Were Here</name>
         <author>Pink Floyd</author>
      </piece>
      <piece>
         <name>Dark Side Of The Moon</name>
         <author>Pink Floyd</author>
      </piece>
   </category>
   <category name="Rock">
      <piece>
         <name>Wish You Were Here</name>
         <author>Pink Floyd</author>
      </piece>
      <piece>
         <name>The Doors</name>
         <author>The Doors</author>
      </piece>
      <piece>
         <name>Dark Side Of The Moon</name>
         <author>Pink Floyd</author>
      </piece>
      <piece>
         <name>Fragile</name>
         <author>Yes</author>
      </piece>
      <piece>
         <name>Close to the Edge</name>
         <author>Yes</author>
      </piece>
   </category>
   <category name="Romantismus">
      <piece>
         <name>Cello Sonata A-minor, op. 36</name>
         <author>Edvard Grieg</author>
      </piece>
      <piece>
         <name>Totentanz</name>
         <author>Franz Liszt</author>
      </piece>
   </category>
</categories_list>