<html>
   <head>
      <meta http-equiv="Content-Type" content="text/html; charset=UTF-8">
      <title>Hudebni dila z nejbohatsi kategorie</title>
   </head>
   <body>
      <table>
         <tr>
            <th>ID dila</th>
            <th>Nazev</th>
            <th>Autori</th>
            <th>Casti</th>
            <th>Celkova delka</th>
         </tr>
         <tr>
            <td>piece_1</td>
            <td>Cello Sonata A-minor, op. 36</td>
            <td><span>Edvard Grieg</span></td>
            <td><span>Allegro agitato ( 00:09:24 )</span><span>Andante molto tranquillo ( 00:06:13 )</span><span>Allegro molto e marcato ( 00:12:38 )</span></td>
            <td>00:28:15</td>
         </tr>
         <tr>
            <td>piece_4</td>
            <td>Wish You Were Here</td>
            <td><span>Pink Floyd</span></td>
            <td><span>Shine On You Crazy Diamond ( 00:26:12 )</span><span>Welcome To The Machine ( 00:07:27 )</span><span>Have A Cigar ( 00:05:25 )</span><span>Wish You Were Here ( 00:05:15 )</span></td>
            <td>00:44:19</td>
         </tr>
         <tr>
            <td>piece_5</td>
            <td>The Doors</td>
            <td><span>The Doors</span><span>Jim Morrison</span></td>
            <td><span>Break on Through ( 00:02:25 )</span><span>Soul Kitchen ( 00:03:34 )</span><span>The Crystal Ship</span><span>Twentienth Century Fox</span><span>Alabama Song ( 00:03:18 )</span><span>Light My Fire</span><span>Back Door Man</span><span>I Looked At You</span><span>End Of The Night</span><span>Take It As It Comes</span><span>The End ( 00:11:47 )</span></td>
            <td>00:21:04</td>
         </tr>
      </table>
   </body>
</html>