<?xml version="1.0" encoding="UTF-8"?>
<pieces_list>
   <piece>
      <name>Cello Sonata A-minor, op. 36</name>
      <author>Edvard Grieg</author>
      <interpretation>
         <interpret>Mischa Maisky &amp; Martha Argerich </interpret>
         <url>http://www.youtube.com/watch?v=Mnk0BEfaacs</url>
         <length>00:09:24</length>
         <comment>
            <author>František Mařil</author>
            <text>For a composer who preferred short forms, Grieg wrote some wonderful sonatas, not to﻿ mention a string quartet and a certain, rather popular piano concerto!</text>
         </comment>
      </interpretation>
      <interpretation>
         <interpret>Mischa Maisky &amp; Martha Argerich </interpret>
         <url>http://www.youtube.com/watch?v=4iOqWCseYiM</url>
         <length>00:06:13</length>
      </interpretation>
      <interpretation>
         <interpret>Mischa Maisky &amp; Martha Argerich </interpret>
         <url>http://www.youtube.com/watch?v=8Q1O_FPN4II</url>
         <length>00:12:38</length>
         <comment>
            <author>Pepa Kolář</author>
            <text>This is totally a masterpiece. Like no one.</text>
         </comment>
         <comment>
            <author>Josef Puldis</author>
            <text>The ending of the A-minor cello sonata, uses the same﻿ theme as the ending of the A-minor concerto. Go Grieg!</text>
         </comment>
      </interpretation>
   </piece>
   <piece>
      <name>The Doors</name>
      <author>The Doors</author>
      <interpretation>
         <interpret>The Doors</interpret>
         <url>http://www.youtube.com/watch?v=cJQwnAhXnBk</url>
         <length>00:02:25</length>
      </interpretation>
      <interpretation>
         <interpret>The Doors</interpret>
         <url>http://www.youtube.com/watch?v=58ceB8U9N3w</url>
         <length>00:03:34</length>
      </interpretation>
      <interpretation>
         <interpret>The Doors</interpret>
         <url>http://www.youtube.com/watch?v=FS8y-7B2pEk</url>
         <length>00:03:18</length>
      </interpretation>
      <interpretation>
         <interpret>The Doors</interpret>
         <url>http://www.youtube.com/watch?v=aGmAmJFUvzM</url>
         <length>00:11:47</length>
      </interpretation>
   </piece>
   <piece>
      <name>The second waltz</name>
      <author>Dmitri Shostakovich</author>
      <interpretation>
         <interpret>Unknown</interpret>
         <url>http://www.youtube.com/watch?v=IoS1_CRS5fA</url>
         <length>00:03:39</length>
         <comment>
            <author>Karel Kobrač</author>
            <text>So addicted to this performance and work.</text>
         </comment>
      </interpretation>
   </piece>
   <piece>
      <name>Totentanz</name>
      <author>Franz Liszt</author>
      <interpretation>
         <interpret>Valentina Lisitsa</interpret>
         <url>http://www.youtube.com/watch?v=zGBXA1tBiLw</url>
         <length>00:14:53</length>
         <comment>
            <author>Jan Osvětlil</author>
            <text>I can't play the piano, even the easiest piece, i would like it, but﻿ i can't, that's why for me is a consolation to be able to play these videos.</text>
         </comment>
         <comment>
            <author>Martin Pekař</author>
            <text>He was depressed because his loved ones died, therefore he expressed his﻿ feelings through music, iirc.</text>
         </comment>
      </interpretation>
      <interpretation>
         <interpret>Péter Tóth, Palo Alto Philharmonic Orchestra</interpret>
         <url>http://www.youtube.com/watch?v=GX0KiSwm3yc</url>
         <length>00:17:14</length>
      </interpretation>
   </piece>
   <piece>
      <name>Wish You Were Here</name>
      <author>Pink Floyd</author>
      <interpretation>
         <interpret>Pink Floyd</interpret>
         <url>http://www.youtube.com/watch?v=V1i-RKqOFxQ</url>
         <length>00:26:12</length>
         <comment>
            <author>Josef Krátil</author>
            <text>I just listened to this song thirteen consecutive times just to﻿ reach the end of my seven hour shift faster, and it worked. thank you pink floyd.</text>
         </comment>
         <comment>
            <author>Pavel Řezník</author>
            <text>This is the song no matter how many times ive listened to it, or what was going on in my﻿ life, i've gotten something different from it everytime i hear it.</text>
         </comment>
      </interpretation>
      <interpretation>
         <interpret>Pink Floyd</interpret>
         <url>http://www.youtube.com/watch?v=foCzlvXKWTA</url>
         <length>00:07:27</length>
      </interpretation>
      <interpretation>
         <interpret>Pink Floyd</interpret>
         <url>http://www.youtube.com/watch?v=4sVShT6nVTA</url>
         <length>00:05:25</length>
      </interpretation>
      <interpretation>
         <interpret>Pink Floyd</interpret>
         <url>http://www.youtube.com/watch?v=GNIM4L6e8pg</url>
         <length>00:05:15</length>
      </interpretation>
   </piece>
</pieces_list>