<?xml version="1.0" encoding="UTF-8"?>
<tags_list>
   <tag>1967</tag>
   <tag>Alabama Song</tag>
   <tag>Allegro agitato</tag>
   <tag>Allegro molto e marcato</tag>
   <tag>Andante molto tranquillo</tag>
   <tag>Back Door Man</tag>
   <tag>Break on Through</tag>
   <tag>Cello Sonata A-minor, op. 36</tag>
   <tag>Dmitri Shostakovich</tag>
   <tag>Edvard Grieg</tag>
   <tag>End Of The Night</tag>
   <tag>Franz Liszt</tag>
   <tag>Have A Cigar</tag>
   <tag>I Looked At You</tag>
   <tag>Jim Morrison</tag>
   <tag>Light My Fire</tag>
   <tag>Pink Floyd</tag>
   <tag>Rick Wright</tag>
   <tag>Roger Waters</tag>
   <tag>Shine On You Crazy Diamond</tag>
   <tag>Shine On Your Crazy Diamond</tag>
   <tag>Soul Kitchen</tag>
   <tag>Take It As It Comes</tag>
   <tag>The Crystal Ship</tag>
   <tag>The Doors</tag>
   <tag>The End</tag>
   <tag>The second waltz</tag>
   <tag>Totentanz</tag>
   <tag>Twentienth Century Fox</tag>
   <tag>Valčík</tag>
   <tag>Welcome To The Machine</tag>
   <tag>Wish You Were Here</tag>
</tags_list>