<?xml version="1.0" encoding="UTF-8"?>
<classes>
   <class subClassCount="1">
      <subclasses>
         <class subclassCount="2">
            <subclasses>
               <class subclassCount="1">
                  <subclasses>
                     <class subclassCount="1">
                        <subclasses>
                           <class subclassCount="1">
                              <subclasses>
                                 <class subclassCount="1">
                                    <subclasses>
                                       <class subclassCount="0"/>
                                    </subclasses>
                                 </class>
                              </subclasses>
                           </class>
                        </subclasses>
                     </class>
                  </subclasses>
               </class>
               <class subclassCount="0"/>
            </subclasses>
         </class>
      </subclasses>
   </class>
   <class subClassCount="4">
      <subclasses>
         <class subclassCount="1">
            <subclasses>
               <class subclassCount="0"/>
            </subclasses>
         </class>
         <class subclassCount="1">
            <subclasses>
               <class subclassCount="1">
                  <subclasses>
                     <class subclassCount="0"/>
                  </subclasses>
               </class>
            </subclasses>
         </class>
         <class subclassCount="1">
            <subclasses>
               <class subclassCount="0"/>
            </subclasses>
         </class>
         <class subclassCount="1">
            <subclasses>
               <class subclassCount="0"/>
            </subclasses>
         </class>
      </subclasses>
   </class>
</classes>