<html>
   <head>
      <meta http-equiv="Content-Type" content="text/html; charset=UTF-8">
      <title>Data summary from data.xml and data1.xml</title>
   </head>
   <body>
      <h2>The Laziest Group Ever</h2>
      <ul></ul>
      <h2>Bon Jovi</h2>
      <ul>
         <li>
            <h3>Bon Jovi</h3>
            <ol>
               <li>Runaway</li>
               <li>Roulette</li>
               <li>She Don't Know Me</li>
               <li>Shot through the heart</li>
            </ol>
         </li>
         <li>
            <h3>BJ Best</h3>
            <ol>
               <li>Living on a Prayer</li>
            </ol>
         </li>
      </ul>
      <h2>Ensiferum</h2>
      <ul>
         <li>
            <h3>Dragonheads</h3>
            <ol>
               <li>Dragonheads</li>
               <li>Into Hiding</li>
               <li>Dragonheads v2</li>
            </ol>
         </li>
         <li>
            <h3>Ensiferum</h3>
            <ol>
               <li>Intro</li>
               <li>Hero in a dream</li>
               <li>Token Of Time</li>
               <li>Guardians Of Fate</li>
               <li>Old Man</li>
               <li>Little Dreamer</li>
               <li>Battle Song</li>
               <li>The Battle Song</li>
               <li>Epic Battle Song</li>
               <li>Very Epic Battle Song</li>
            </ol>
         </li>
         <li>
            <h3>From Afar</h3>
            <ol>
               <li>Twilight Tavern</li>
               <li>Elusive Reaches</li>
               <li>Stone Cold Metal</li>
               <li>Stone Cold Metal</li>
            </ol>
         </li>
      </ul>
      <h2>Lady Gaga</h2>
      <ul>
         <li>
            <h3>The Cherrytree Seasons</h3>
            <ol>
               <li>Poker Face</li>
               <li>Just Dance</li>
               <li>Eh, eh</li>
            </ol>
         </li>
      </ul>
      <h2>Suidakra</h2>
      <ul>
         <li>
            <h3>Crogacht</h3>
            <ol>
               <li>Conlaoch</li>
               <li>Scatnach</li>
            </ol>
         </li>
         <li>
            <h3>Book of Dowth</h3>
            <ol>
               <li>Dowth 2059</li>
            </ol>
         </li>
      </ul>
   </body>
</html>