<?xml version="1.0" encoding="UTF-8" standalone="no"?><zapas>
	<komentar>
		Zajimave utkani mezi <a id_ref="tym_2">Svycarskem</a> a <a id_ref="tym_1">Ceskou republikou</a>!
	</komentar>
	<vysledek>
		<body id_ref="tym_2">6</body>
		<body id_ref="tym_1">7</body>
		<vitez><id_ref>tym_1</id_ref></vitez>
	</vysledek>
	<endy>
		<end><hammer>tym_1</hammer><score>1</score><winner>tym_1</winner></end>
		<end><hammer>tym_2</hammer><score>2</score><winner>tym_2</winner></end>
		<end><hammer>tym_1</hammer><score>3</score><winner>tym_1</winner></end>
		<end><hammer>tym_1</hammer><score>1</score><winner>tym_2</winner></end>
		<end><hammer>tym_2</hammer><score>1</score><winner>tym_2</winner></end>
		<end><hammer>tym_1</hammer><score>1</score><winner>tym_1</winner></end>
		<end><hammer>tym_2</hammer><score>2</score><winner>tym_2</winner></end>
		<end><hammer>tym_2</hammer><score>1</score><winner>tym_1</winner></end>
		<end><hammer>tym_1</hammer><score>1</score><winner>tym_1</winner></end>
		<end><hammer>tym_2</hammer><score>0</score><winner>tym_1</winner></end>
	</endy>
	<tymy>
		<tym id="tym_2">
			<hraci>
				<hrac>
					<pozice>fourth</pozice>
					<datumnarozeni><den>29</den><mesic>11</mesic><rok>1991</rok></datumnarozeni>
					<jmeno>Benoit Schwarz</jmeno>
				</hrac>
				<hrac skip="yes">
					<pozice>third</pozice>
					<datumnarozeni><den>13</den><mesic>2</mesic><rok>1990</rok></datumnarozeni>
					<jmeno>Peter De Cruz</jmeno>
				</hrac>
				<hrac>
					<pozice>second</pozice>
					<datumnarozeni><den>2</den><mesic>7</mesic><rok>1990</rok></datumnarozeni>
					<jmeno>Roger Gulka</jmeno>
				</hrac>
				<hrac>
					<pozice>lead</pozice>
					<datumnarozeni><den>30</den><mesic>10</mesic><rok>1990</rok></datumnarozeni>
					<jmeno>Valentin Tanner</jmeno>
				</hrac>
			</hraci>
			<nazev>SUI</nazev>
		</tym>
		<tym id="tym_1">
			<hraci>
				<hrac skip="yes">
					<pozice>fourth</pozice>
					<datumnarozeni><den>3</den><mesic>3</mesic><rok>1990</rok></datumnarozeni>
					<jmeno>Karel Klima</jmeno>
				</hrac>
				<hrac>
					<pozice>third</pozice>
					<datumnarozeni><den>21</den><mesic>5</mesic><rok>1988</rok></datumnarozeni>
					<jmeno>Jan Sedlar</jmeno>
				</hrac>
				<hrac>
					<pozice>second</pozice>
					<datumnarozeni><den>7</den><mesic>3</mesic><rok>1988</rok></datumnarozeni>
					<jmeno>Michael Vecer</jmeno>
				</hrac>
				<hrac>
					<pozice>lead</pozice>
					<datumnarozeni><den>26</den><mesic>7</mesic><rok>1988</rok></datumnarozeni>
					<jmeno>Jakub Skala</jmeno>
				</hrac>
			</hraci>
			<nazev>CZE</nazev>
		</tym>
	</tymy>
</zapas>