<?xml version="1.0" encoding="UTF-8" standalone="no"?><schema><xmlns>http://www.priklad.cz/du</xmlns><xmlns:xsi>http://www.w3.org/2001/XMLSchema-instance</xmlns:xsi><xsi:schemaLocation>http://www.priklad.cz/du data.xsd</xsi:schemaLocation>
	<!-- identification due to current rules of ?D and ZSSK -->
	<identification>
		<classID><id>CD_classID</id>043</classID>
		<classVersion><id>CD_classVersion</id>0</classVersion>
	</identification>

	<!-- process variables definition -->
	<process_variables>
		<variable type="UNKNOWN"><id>RADA</id><type>BCD4</type>
			<location>
				<port><id>0</id><offset>0</offset><size>3</size></port>
			</location>
			<description>Obsahuje konstantni hodnotu <ref><id>CD_classID</id>043</ref> kodovanou v BCD k?du.</description>
		</variable>

		<variable type="UNKNOWN"><id>VR</id><type>BCD4</type>
			<location>
				<port><id>0</id><offset>3</offset><size>1</size></port>
			</location>
			<description>Obsahuje konstantni hodnotu <ref><id>CD_classVersion</id>0</ref> kodovanou v BCD k?du.</description>
		</variable>

		<variable type="UNKNOWN"><id>CISLO</id><type>BCD4</type>
			<location>
				<port><id>0</id><offset>4</offset><size>3</size></port>
			</location>
			<description>Obsahuje identifika?n? ??slo vozu v r?mci dan? ?ady.</description>
		</variable>

		<variable type="UNKNOWN"><id>nextStation</id><type>CHAR8</type>
			<location>
				<port><id>14</id><offset>0</offset><size>30</size></port>
			</location>
			<description>Obsahuje n?zev p???t? z?st?vky na cest?.</description>
		</variable>

		<variable type="UNKNOWN"><id>mimText</id><type>CHAR8</type>
			<location>
				<port><id>15</id><offset>0</offset><size>30</size></port>
			</location>
			<description>TODO:KDO VI</description>
		</variable>

		<variable type="UNKNOWN"><id>importantRouteStations</id><type>CHAR8</type>
			<location>
				<port><id>16</id><offset>0</offset><size>30</size></port>
			</location>
			<description>Obsahuje seznam stanic p?es kter? se jede na cest?.</description>
		</variable>

		<variable type="UNKNOWN"><id>finalStation</id><type>CHAR8</type>
			<location>
				<port><id>17</id><offset>0</offset><size>30</size></port>
			</location>
			<description>Obsahuje n?zev c?lov? stanice na cest?.</description>
		</variable>

		<variable type="UNKNOWN"><id>VST1A</id><type>BOOLEAN1</type>
			<location>
				<port><id>20</id><offset>0</offset><size>8</size></port>
			</location>
			<composite_variable>
				<composite><name>XM2</name><position>6</position></composite>
				<composite><name>XM1</name><position>7</position></composite>
			</composite_variable>
			<description>TODO:KDO VI</description>
		</variable>

		<variable type="UNKNOWN"><id>VST1C</id><type>CHAR8</type>
			<location>
				<port><id>20</id><offset>1</offset><size>1</size></port>
			</location>
			<description>RESERVED</description>
		</variable>

		<variable type="UNKNOWN"><id>VST1B</id><type>BOOLEAN1</type>
			<location>
				<port><id>20</id><offset>16</offset><size>8</size></port>
			</location>
			<composite_variable>
				<composite><name>VS4</name><position>0</position></composite>
				<composite><name>VS3</name><position>1</position></composite>
				<composite><name>VS2</name><position>2</position></composite>
				<composite><name>VS1</name><position>3</position></composite>
				<composite><name>VS6</name><position>4</position></composite>
				<composite><name>DNZ</name><position>5</position></composite>
				<composite><name>DLZ</name><position>6</position></composite>
				<composite><name>DPZ</name><position>7</position></composite>
			</composite_variable>
			<description>TODO:KDO VI</description>
		</variable>

		<variable type="UNKNOWN"><id>VST2A</id><type>BOOLEAN1</type>
			<location>
				<port><id>20</id><offset>24</offset><size>8</size></port>
			</location>
			<composite_variable>
				<composite><name>OSC4</name><position>0</position></composite>
				<composite><name>OSC3</name><position>1</position></composite>
				<composite><name>OSC2</name><position>2</position></composite>
				<composite><name>OSC1</name><position>3</position></composite>
			</composite_variable>
			<description>TODO:KDO VI</description>
		</variable>

		<variable type="UNKNOWN"><id>VST2C</id><type>CHAR8</type>
			<location>
				<port><id>20</id><offset>4</offset><size>1</size></port>
			</location>
			<description>RESERVED</description>
		</variable>

		<variable type="UNKNOWN"><id>VST2B</id><type>BOOLEAN1</type>
			<location>
				<port><id>20</id><offset>32</offset><size>8</size></port>
			</location>
			<composite_variable>
				<composite><name>PTSM</name><position>0</position></composite>
				<composite><name>!DVE</name><position>1</position></composite>
				<composite><name>!PTS</name><position>3</position></composite>
				<composite><name>!WC</name><position>4</position></composite>
				<composite><name>RUCB</name><position>5</position></composite>
				<composite><name>CHG1</name><position>7</position></composite>
			</composite_variable>
			<description>TODO:KDO VI</description>
		</variable>
		
		<variable type="UNKNOWN"><id>R0</id><type>CHAR8</type>
			<location>
				<port><id>20</id><offset>6</offset><size>2</size></port>
			</location>
			<description>RESERVED</description>
		</variable>

		<variable type="UNKNOWN"><id>R1</id><type>CHAR8</type>
			<location>
				<port><id>20</id><offset>8</offset><size>1</size></port>
			</location>
			<description>RESERVED</description>
		</variable>

		<variable type="UNKNOWN"><id>VYST1R</id><type>BOOLEAN1</type>
			<location>
				<port><id>20</id><offset>72</offset><size>8</size></port>
			</location>
			<composite_variable>
				<composite><name>SG1</name><position>0</position></composite>
				<composite><name>SG2</name><position>1</position></composite>
				<composite><name>SG3</name><position>2</position></composite>
				<composite><name>SG4</name><position>3</position></composite>
				<composite><name>SGC</name><position>4</position></composite>
				<composite><name>DNZ</name><position>5</position></composite>
				<composite><name>DPZ</name><position>6</position></composite>
				<composite><name>DLZ</name><position>7</position></composite>
			</composite_variable>
			<description>TODO:KDO VI</description>
		</variable>

		<variable type="UNKNOWN"><id>VYST1V</id><type>BOOLEAN1</type>
			<location>
				<port><id>20</id><offset>80</offset><size>8</size></port>
			</location>
			<composite_variable>
				<composite><name>SG1</name><position>0</position></composite>
				<composite><name>SG2</name><position>1</position></composite>
				<composite><name>SG3</name><position>2</position></composite>
				<composite><name>SG4</name><position>3</position></composite>
				<composite><name>SGC</name><position>4</position></composite>
				<composite><name>DNZ</name><position>5</position></composite>
				<composite><name>DPZ</name><position>6</position></composite>
				<composite><name>DLZ</name><position>7</position></composite>
			</composite_variable>
			<description>TODO:KDO VI</description>
		</variable>

		<variable type="UNKNOWN"><id>VYST1Z</id><type>BOOLEAN1</type>
			<location>
				<port><id>20</id><offset>88</offset><size>8</size></port>
			</location>
			<composite_variable>
				<composite><name>SG1</name><position>0</position></composite>
				<composite><name>SG2</name><position>1</position></composite>
				<composite><name>SG3</name><position>2</position></composite>
				<composite><name>SG4</name><position>3</position></composite>
				<composite><name>SGC</name><position>4</position></composite>
				<composite><name>DNZ</name><position>5</position></composite>
				<composite><name>DPZ</name><position>6</position></composite>
				<composite><name>DLZ</name><position>7</position></composite>
			</composite_variable>
			<description>TODO:KDO VI</description>
		</variable>

		<variable type="UNKNOWN"><id>VYST2R</id><type>BOOLEAN1</type>
			<location>
				<port><id>20</id><offset>96</offset><size>8</size></port>
			</location>
			<composite_variable>
				<composite><name>XM7</name><position>5</position></composite>
				<composite><name>XM4</name><position>6</position></composite>
				<composite><name>XM3</name><position>7</position></composite>
			</composite_variable>
			<description>TODO:KDO VI</description>
		</variable>

		<variable type="UNKNOWN"><id>VYST2V</id><type>BOOLEAN1</type>
			<location>
				<port><id>20</id><offset>104</offset><size>8</size></port>
			</location>
			<composite_variable>
				<composite><name>XM7</name><position>5</position></composite>
				<composite><name>XM4</name><position>6</position></composite>
				<composite><name>XM3</name><position>7</position></composite>
			</composite_variable>
			<description>TODO:KDO VI</description>
		</variable>

		<variable type="UNKNOWN"><id>VYST2Z</id><type>BOOLEAN1</type>
			<location>
				<port><id>20</id><offset>112</offset><size>8</size></port>
			</location>
			<composite_variable>
				<composite><name>XM7</name><position>5</position></composite>
				<composite><name>XM4</name><position>6</position></composite>
				<composite><name>XM3</name><position>7</position></composite>
			</composite_variable>
			<description>TODO:KDO VI</description>
		</variable>

		<variable type="UNKNOWN"><id>VYST3R</id><type>BOOLEAN1</type>
			<location>
				<port><id>20</id><offset>120</offset><size>8</size></port>
			</location>
			<composite_variable>
				<composite><name>NAP1</name><position>4</position></composite>
				<composite><name>NAP2</name><position>5</position></composite>
				<composite><name>CHG1</name><position>7</position></composite>
			</composite_variable>
			<description>TODO:KDO VI</description>
		</variable>

		<variable type="UNKNOWN"><id>VYST3V</id><type>CHAR8</type>
			<location>
				<port><id>20</id><offset>16</offset><size>1</size></port>
			</location>
			<description>RESERVED</description>
		</variable>

		<variable type="UNKNOWN"><id>VYST3Z</id><type>BOOLEAN1</type>
			<location>
				<port><id>20</id><offset>136</offset><size>8</size></port>
			</location>
			<composite_variable>
				<composite><name>NAP1</name><position>4</position></composite>
				<composite><name>NAP2</name><position>5</position></composite>
				<composite><name>CHG1</name><position>7</position></composite>
			</composite_variable>
			<description>TODO:KDO VI</description>
		</variable>

		<variable type="UNKNOWN"><id>UBAT</id><type>CHAR8</type>
			<location>
				<port><id>20</id><offset>18</offset><size>1</size></port>
			</location>
			<description>Nap?t? baterky</description>
		</variable>

		<variable type="UNKNOWN"><id>DVE1LA</id><type>BOOLEAN1</type>
			<location>
				<port><id>25</id><offset>0</offset><size>8</size></port>
			</location>
			<composite_variable>
				<composite><name>ZK1</name><position>0</position></composite>
				<composite><name>PR1</name><position>1</position></composite>
				<composite><name>ZK2</name><position>2</position></composite>
				<composite><name>PR2</name><position>3</position></composite>
				<composite><name>ZK3</name><position>4</position></composite>
				<composite><name>PR3</name><position>5</position></composite>
				<composite><name>ZK4</name><position>6</position></composite>
				<composite><name>PR4</name><position>7</position></composite>
			</composite_variable>
			<description>TODO:KDO VI</description>
		</variable>

		<variable type="UNKNOWN"><id>DVE1LB</id><type>BOOLEAN1</type>
			<location>
				<port><id>25</id><offset>8</offset><size>8</size></port>
			</location>
			<composite_variable>
				<composite><name>TLMAN</name><position>0</position></composite>
				<composite><name>POSUV</name><position>1</position></composite>
				<composite><name>ZAPAD</name><position>2</position></composite>
				<composite><name>SPIMZ</name><position>3</position></composite>
				<composite><name>OPTZA</name><position>4</position></composite>
			</composite_variable>
			<description>TODO:KDO VI</description>
		</variable>

		<variable type="UNKNOWN"><id>DVE1LC</id><type>BOOLEAN1</type>
			<location>
				<port><id>25</id><offset>16</offset><size>8</size></port>
			</location>
			<composite_variable>
				<composite><name>P=0</name><position>0</position></composite>
				<composite><name>NOUZ</name><position>1</position></composite>
				<composite><name>ZAMC</name><position>2</position></composite>
				<composite><name>CENZA</name><position>3</position></composite>
				<composite><name>NEODJ</name><position>4</position></composite>
				<composite><name>NEZAV</name><position>5</position></composite>
				<composite><name>V&gt;5</name><position>6</position></composite>
			</composite_variable>
			<description>TODO:KDO VI</description>
		</variable>

		<variable type="UNKNOWN"><id>DVE1PA</id><type>BOOLEAN1</type>
			<location>
				<port><id>25</id><offset>24</offset><size>8</size></port>
			</location>
			<composite_variable>
				<composite><name>ZK1</name><position>0</position></composite>
				<composite><name>PR1</name><position>1</position></composite>
				<composite><name>ZK2</name><position>2</position></composite>
				<composite><name>PR2</name><position>3</position></composite>
				<composite><name>ZK3</name><position>4</position></composite>
				<composite><name>PR3</name><position>5</position></composite>
				<composite><name>ZK4</name><position>6</position></composite>
				<composite><name>PR4</name><position>7</position></composite>
			</composite_variable>
			<description>TODO:KDO VI</description>
		</variable>

		<variable type="UNKNOWN"><id>DVE1PB</id><type>BOOLEAN1</type>
			<location>
				<port><id>25</id><offset>32</offset><size>8</size></port>
			</location>
			<composite_variable>
				<composite><name>TLMAN</name><position>0</position></composite>
				<composite><name>POSUV</name><position>1</position></composite>
				<composite><name>ZAPAD</name><position>2</position></composite>
				<composite><name>SPIMZ</name><position>3</position></composite>
				<composite><name>OPTZA</name><position>4</position></composite>
			</composite_variable>
			<description>TODO:KDO VI</description>
		</variable>

		<variable type="UNKNOWN"><id>DVE1PC</id><type>BOOLEAN1</type>
			<location>
				<port><id>25</id><offset>40</offset><size>8</size></port>
			</location>
			<composite_variable>
				<composite><name>P=0</name><position>0</position></composite>
				<composite><name>NOUZ</name><position>1</position></composite>
				<composite><name>ZAMC</name><position>2</position></composite>
				<composite><name>CENZA</name><position>3</position></composite>
				<composite><name>NEODJ</name><position>4</position></composite>
				<composite><name>NEZAV</name><position>5</position></composite>
				<composite><name>V&gt;5</name><position>6</position></composite>
			</composite_variable>
			<description>TODO:KDO VI</description>
		</variable>

		<variable type="UNKNOWN"><id>DVE2LA</id><type>BOOLEAN1</type>
			<location>
				<port><id>25</id><offset>48</offset><size>8</size></port>
			</location>
			<composite_variable>
				<composite><name>ZK1</name><position>0</position></composite>
				<composite><name>PR1</name><position>1</position></composite>
				<composite><name>ZK2</name><position>2</position></composite>
				<composite><name>PR2</name><position>3</position></composite>
				<composite><name>ZK3</name><position>4</position></composite>
				<composite><name>PR3</name><position>5</position></composite>
				<composite><name>ZK4</name><position>6</position></composite>
				<composite><name>PR4</name><position>7</position></composite>
			</composite_variable>
			<description>TODO:KDO VI</description>
		</variable>

		<variable type="UNKNOWN"><id>DVE2LB</id><type>BOOLEAN1</type>
			<location>
				<port><id>25</id><offset>56</offset><size>8</size></port>
			</location>
			<composite_variable>
				<composite><name>TLMAN</name><position>0</position></composite>
				<composite><name>POSUV</name><position>1</position></composite>
				<composite><name>ZAPAD</name><position>2</position></composite>
				<composite><name>SPIMZ</name><position>3</position></composite>
				<composite><name>OPTZA</name><position>4</position></composite>
			</composite_variable>
			<description>TODO:KDO VI</description>
		</variable>

		<variable type="UNKNOWN"><id>DVE2LC</id><type>BOOLEAN1</type>
			<location>
				<port><id>25</id><offset>64</offset><size>8</size></port>
			</location>
			<composite_variable>
				<composite><name>P=0</name><position>0</position></composite>
				<composite><name>NOUZ</name><position>1</position></composite>
				<composite><name>ZAMC</name><position>2</position></composite>
				<composite><name>CENZA</name><position>3</position></composite>
				<composite><name>NEODJ</name><position>4</position></composite>
				<composite><name>NEZAV</name><position>5</position></composite>
				<composite><name>V&gt;5</name><position>6</position></composite>
			</composite_variable>
			<description>TODO:KDO VI</description>
		</variable>

		<variable type="UNKNOWN"><id>DVE2PA</id><type>BOOLEAN1</type>
			<location>
				<port><id>25</id><offset>72</offset><size>8</size></port>
			</location>
			<composite_variable>
				<composite><name>ZK1</name><position>0</position></composite>
				<composite><name>PR1</name><position>1</position></composite>
				<composite><name>ZK2</name><position>2</position></composite>
				<composite><name>PR2</name><position>3</position></composite>
				<composite><name>ZK3</name><position>4</position></composite>
				<composite><name>PR3</name><position>5</position></composite>
				<composite><name>ZK4</name><position>6</position></composite>
				<composite><name>PR4</name><position>7</position></composite>
			</composite_variable>
			<description>TODO:KDO VI</description>
		</variable>

		<variable type="UNKNOWN"><id>DVE2PB</id><type>BOOLEAN1</type>
			<location>
				<port><id>25</id><offset>80</offset><size>8</size></port>
			</location>
			<composite_variable>
				<composite><name>TLMAN</name><position>0</position></composite>
				<composite><name>POSUV</name><position>1</position></composite>
				<composite><name>ZAPAD</name><position>2</position></composite>
				<composite><name>SPIMZ</name><position>3</position></composite>
				<composite><name>OPTZA</name><position>4</position></composite>
			</composite_variable>
			<description>TODO:KDO VI</description>
		</variable>

		<variable type="UNKNOWN"><id>DVE2PC</id><type>BOOLEAN1</type>
			<location>
				<port><id>25</id><offset>88</offset><size>8</size></port>
			</location>
			<composite_variable>
				<composite><name>P=0</name><position>0</position></composite>
				<composite><name>NOUZ</name><position>1</position></composite>
				<composite><name>ZAMC</name><position>2</position></composite>
				<composite><name>CENZA</name><position>3</position></composite>
				<composite><name>NEODJ</name><position>4</position></composite>
				<composite><name>NEZAV</name><position>5</position></composite>
				<composite><name>V&gt;5</name><position>6</position></composite>
			</composite_variable>
			<description>TODO:KDO VI</description>
		</variable>

		<variable type="UNKNOWN"><id>VODA_WC</id><type>BOOLEAN1</type>
			<location>
				<port><id>26</id><offset>0</offset><size>16</size></port>
			</location>
			<composite_variable>
				<composite><name>ZK1</name><position>0</position></composite>
				<composite><name>PR1</name><position>1</position></composite>
				<composite><name>ZK2</name><position>2</position></composite>
				<composite><name>PR2</name><position>3</position></composite>
				<composite><name>ZK3</name><position>4</position></composite>
				<composite><name>PR3</name><position>5</position></composite>
				<composite><name>ZK4</name><position>6</position></composite>
				<composite><name>PR4</name><position>7</position></composite>
				<composite><description>indik?tor tekouc? vody na ruce</description><name>MYTI</name><position>8</position></composite>
				<composite><description>indik?tor spust?n? splachov?n?</description><name>OVLWC</name><position>9</position></composite>
				<composite><name>TPVYP</name><position>10</position></composite>
				<composite><name>SENZO</name><position>11</position></composite>
				<composite><name>TERMO</name><position>12</position></composite>
				<composite><name>VODA0</name><position>13</position></composite>
				<composite><name>UBAT</name><position>14</position></composite>
				<composite><name>T5C</name><position>15</position></composite>
			</composite_variable>
			<description>Pole obsahujic? status z?soby vody na WC.</description>
		</variable>

		<variable type="UNKNOWN"><id>FRIED</id><type>BOOLEAN1</type>
			<location>
				<port><id>26</id><offset>16</offset><size>16</size></port>
			</location>
			<composite_variable>
				<composite><name>VOLIC</name><position>0</position></composite>
				<composite><name>F70</name><position>1</position></composite>
				<composite><name>KM7</name><position>2</position></composite>
				<composite><name>KM6</name><position>3</position></composite>
				<composite><name>HORAK</name><position>4</position></composite>
				<composite><name>ZARIZ</name><position>5</position></composite>
				<composite><name>!FRIE</name><position>7</position></composite>
				<composite><name>HLIDAC</name><position>8</position></composite>
				<composite><name>TERMO</name><position>9</position></composite>
				<composite><name>C_KAN</name><position>10</position></composite>
				<composite><name>C_VEN</name><position>11</position></composite>
				<composite><name>CID3</name><position>12</position></composite>
				<composite><name>CID2</name><position>13</position></composite>
				<composite><name>CID1</name><position>14</position></composite>
				<composite><name>OSLV</name><position>15</position></composite>
			</composite_variable>
			<description>TODO: KDO VI</description>
		</variable>

		<variable type="UNKNOWN"><id>ODDIL</id><type>BOOLEAN1</type>
			<location>
				<port><id>26</id><offset>32</offset><size>16</size></port>
			</location>
			<composite_variable>
				<composite><name>ZK1-1</name><position>0</position></composite>
				<composite><name>PR1-1</name><position>1</position></composite>
				<composite><name>ZK2-1</name><position>2</position></composite>
				<composite><name>PR2-1</name><position>3</position></composite>
				<composite><name>ZK1-2</name><position>4</position></composite>
				<composite><name>PR1-2</name><position>5</position></composite>
				<composite><name>ZK2-2</name><position>6</position></composite>
				<composite><name>PR2-2</name><position>7</position></composite>
				<composite><name>ZK1-3</name><position>8</position></composite>
				<composite><name>PR1-3</name><position>9</position></composite>
				<composite><name>ZK2-3</name><position>10</position></composite>
				<composite><name>PR2-3</name><position>11</position></composite>
				<composite><name>ZK1-4</name><position>12</position></composite>
				<composite><name>PR1-4</name><position>13</position></composite>
				<composite><name>ZK2-4</name><position>14</position></composite>
				<composite><name>PR2-4</name><position>15</position></composite>
			</composite_variable>
			<description>TODO: KDO VI</description>
		</variable>

		<variable type="UNKNOWN"><id>KOMUNI</id><type>BOOLEAN1</type>
			<location>
				<port><id>26</id><offset>48</offset><size>16</size></port>
			</location>
			<composite_variable>
				<composite><name>DVE1</name><position>0</position></composite>
				<composite><name>DVE2</name><position>1</position></composite>
				<composite><name>VODA</name><position>5</position></composite>
				<composite><name>ODD1</name><position>8</position></composite>
				<composite><name>ODD2</name><position>9</position></composite>
				<composite><name>ODD3</name><position>10</position></composite>
				<composite><name>ODD4</name><position>11</position></composite>
				<composite><name>FRIE</name><position>12</position></composite>
			</composite_variable>
			<description>TODO: KDO VI</description>
		</variable>
	</process_variables>
	
	<document_info>
		<version>0.0.2</version>
		<created>2011-03-16</created>
		<last_modified>2011-04-06</last_modified>
		<copyright>Author: Petr Las?k, Matematicko-fyzik?ln? fakulta, Karlova Univerzita v Praze<![CDATA[(c)]]></copyright>
		<copyright>Author: Ale? Lieskovsk?, A?D Praha s.r.o.<![CDATA[(c)]]></copyright>
	</document_info>
</schema>