<?xml version="1.0" encoding="UTF-8"?>
<skladbyAsDur>
   <klavir skladatel_ref="id_s_1">
            <typ_skladby>Polynesia</typ_skladby>
            <nazev>Heroicka poloneza</nazev>
            <oznaceni>Op. 53, No. 6</oznaceni>
            <tonina>As dur</tonina>
            <prumernaDelkaMin>6</prumernaDelkaMin>
        </klavir>
   <klavir skladatel_ref="id_s_1">
            <typ_skladby>Polynesia</typ_skladby>
            <nazev>Fantasia</nazev>
            <oznaceni>Op. 61, No. 7</oznaceni>
            <tonina>As dur</tonina>
            <prumernaDelkaMin>7</prumernaDelkaMin>
        </klavir>
</skladbyAsDur>