<html>
   <body>
      <div>
         <h2>Frederic Chopin</h2>
         <table>
            <tr>
               <td>Etude</td>
               <td>Etuda - "Revoluční"</td>
               <td>Op. 10, No. 12</td>
               <td>C moll</td>
            </tr>
            <tr>
               <td>Polynesia</td>
               <td>Fantasia</td>
               <td>Op. 61, No. 7</td>
               <td>As dur</td>
            </tr>
            <tr>
               <td>Polynesia</td>
               <td>Heroicka poloneza</td>
               <td>Op. 53, No. 6</td>
               <td>As dur</td>
            </tr>
            <tr>
               <td>Nocturno</td>
               <td>Nocturno</td>
               <td>Op. 10, No. 1</td>
               <td>B moll</td>
            </tr>
            <tr>
               <td>Nocturno</td>
               <td>Nocturno</td>
               <td>Op. 72, No. 19</td>
               <td>E moll</td>
            </tr>
         </table>
      </div>
      <div>
         <h2>Sergei Rachmaninoff</h2>
         <table>
            <tr>
               <td>piano concerto</td>
               <td>1. klavírní koncer</td>
               <td>Op. 1</td>
               <td>Fis moll</td>
            </tr>
            <tr>
               <td>piano concerto</td>
               <td>2. klavírní koncer</td>
               <td>Op. 18</td>
               <td>C moll</td>
            </tr>
            <tr>
               <td>Prelude</td>
               <td>Preludium</td>
               <td>Op. 23, No. 5</td>
               <td>G moll</td>
            </tr>
         </table>
      </div>
      <div>
         <h2>Wolfgang Amadeus Mozart</h2>
         <table>
            <tr>
               <td>Opera</td>
               <td>Don Giovanni</td>
            </tr>
            <tr>
               <td>Opera</td>
               <td>Kouzelná flétna</td>
            </tr>
         </table>
      </div>
   </body>
</html>