<?xml version="1.0" encoding="UTF-8" standalone="no"?><catalogue>

	<!-- List of game publishers-->
	<publishers>
		<publisher pid="CHAOS">
			<name>Chaosium Inc.</name>
			<founded>1975</founded>
			<bases>
				<base>
					<city>Hayward, CA</city>
					<state>USA</state>
				</base>
			</bases>
			<business focus="wargames">
				<subject>wargames</subject>
				<subject>roleplaying games</subject>
			</business>
		</publisher>
		<publisher pid="FFG">
			<name>Fantasy Flight Games</name>
			<founded>1995</founded>
			<bases>
				<base>
					<city>Roseville, MN</city>
					<state>USA</state>
				</base>
			</bases>
			<business focus="boardgames">
				<subject>board games</subject>
				<subject>card games</subject>
				<subject>roleplaying games</subject>
			</business>
		</publisher>
		<publisher pid="DOW">
			<name>Days of Wonder</name>
			<founded>2002</founded>
			<bases>
				<base>
					<city>Los Altos, CA</city>
					<state>USA</state>
				</base>
				<base>
					<city>Paris</city>
					<state>France</state>
				</base>
			</bases>
			<business focus="boardgames">
				<subject>board games</subject>
				<subject>online games</subject>
			</business>
		</publisher>
	</publishers>

	<!-- List of games -->
	<games>
		<?php function expansionTo($game) {
				echo "Expansion to" . $game . " game.";
			}
		?>
		<game gid="AH" name="Arkham Horror">
			
			
		
				<published>
					<published_by pref="CHAOS" year="1987"/>
					<published_by pref="FFG" year="2005"/>
					<published_by pref="FFG" year="2007"/>
				</published>
				<players>
					<interval from="1" to="8"/>
				</players>
				<setuptime>
					<interval from="30" to="60"/>
				</setuptime>
				<gametime>
					<interval from="120" to="240"/>
				</gametime>
				<age>12</age>
				<expansions>
					<expansion gref="AHCDP"/>
					<expansion gref="AHDH"/>
					<expansion gref="AHKY"/>
					<expansion gref="AHKH"/>
					<expansion gref="AHBGW"/>
					<expansion gref="AHIH"/>
					<expansion gref="AHLT"/>
					<expansion gref="AHMH"/>
				</expansions>
			</game>
		<game gid="AHCDP" name="Arkham Horror: Curse of the Dark Pharaoh">
			
			
		
				<published>
					<published_by pref="FFG" year="2006"/>
				</published>
				<players>
					<interval from="1" to="8"/>
				</players>
				<setuptime>
					<interval from="30" to="60"/>
				</setuptime>
				<gametime>
					<interval from="120" to="240"/>
				</gametime>
				<age>12</age>
				<expansions>
					<expansion gref="AHDH"/>
				</expansions>
			</game>
		<game gid="AHDH" name="Arkham Horror: Dunwich Horror">
			
			
		
				<published>
					<published_by pref="FFG" year="2006"/>
				</published>
				<players>
					<interval from="1" to="8"/>
				</players>
				<setuptime>
					<interval from="30" to="60"/>
				</setuptime>
				<gametime>
					<interval from="120" to="240"/>
				</gametime>
				<age>12</age>
				<expansions>
					<expansion gref="AHKY"/>
				</expansions>
			</game>
		<game gid="AHKY" name="Arkham Horror: The King in Yellow">
			
			
		
				<published>
					<published_by pref="FFG" year="2007"/>
				</published>
				<players>
					<interval from="1" to="8"/>
				</players>
				<setuptime>
					<interval from="30" to="60"/>
				</setuptime>
				<gametime>
					<interval from="120" to="240"/>
				</gametime>
				<age>12</age>
				<expansions>
					<expansion gref="AHKH"/>
				</expansions>
			</game>
		<game gid="AHKH" name="Arkham Horror: Kingsport Horror">
			
			
		
				<published>
					<published_by pref="FFG" year="2008"/>
				</published>
				<players>
					<interval from="1" to="8"/>
				</players>
				<setuptime>
					<interval from="30" to="60"/>
				</setuptime>
				<gametime>
					<interval from="120" to="240"/>
				</gametime>
				<age>12</age>
				<expansions>
					<expansion gref="AHBGW"/>
				</expansions>
			</game>
		<game gid="AHBGW" name="Arkham Horror: The Black Goat of the Woods">
			
			
		
				<published>
					<published_by pref="FFG" year="2008"/>
				</published>
				<players>
					<interval from="1" to="8"/>
				</players>
				<setuptime>
					<interval from="30" to="60"/>
				</setuptime>
				<gametime>
					<interval from="120" to="240"/>
				</gametime>
				<age>12</age>
				<expansions>
					<expansion gref="AHIH"/>
				</expansions>
			</game>
		<game gid="AHIH" name="Arkham Horror: Innsmouth Horror">
			
			
		
				<published>
					<published_by pref="FFG" year="2009"/>
				</published>
				<players>
					<interval from="1" to="8"/>
				</players>
				<setuptime>
					<interval from="30" to="60"/>
				</setuptime>
				<gametime>
					<interval from="120" to="240"/>
				</gametime>
				<age>12</age>
				<expansions>
					<expansion gref="AHLT"/>
				</expansions>
			</game>
		<game gid="AHLT" name="Arkham Horror: The Lurk at the Treshold">
			
			
		
				<published>
					<published_by pref="FFG" year="2010"/>
				</published>
				<players>
					<interval from="1" to="8"/>
				</players>
				<setuptime>
					<interval from="30" to="60"/>
				</setuptime>
				<gametime>
					<interval from="120" to="240"/>
				</gametime>
				<age>12</age>
				<expansions>
					<expansion gref="AHMH"/>
				</expansions>
			</game>
		<game gid="AHMH" name="Arkham Horror: Miskatonic Horror">
			
			
		
				<published>
					<published_by pref="FFG" year="2011"/>
				</published>
				<players>
					<interval from="1" to="8"/>
				</players>
				<setuptime>
					<interval from="30" to="60"/>
				</setuptime>
				<gametime>
					<interval from="120" to="240"/>
				</gametime>
				<age>12</age>
			</game>
		<game gid="BL" name="BattleLore">
			
			
		
				<published>
					<published_by pref="DOW" year="2006"/>
					<published_by pref="FFG" year="2006"/>
				</published>
				<players>2</players>
				<setuptime>10</setuptime>
				<gametime>
					<interval from="30" to="60"/>
				</gametime>
				<age>12</age>
				<expansions>
					<expansion gref="BLCA"/>
					<expansion gref="BLEBL"/>
				</expansions>
			</game>
		<game gid="BLCA" name="BattleLore: Call to Arms">
			
			
		
				<published>
					<published_by pref="FFG" year="2007"/>
				</published>
				<players>2</players>
				<setuptime>10</setuptime>
				<gametime>
					<interval from="30" to="60"/>
				</gametime>
				<age>10</age>
				<expansions>
					<expansion gref="BLEBL"/>
				</expansions>
			</game>
		<game gid="BLEBL" name="BattleLore: Epic BattleLore">
			
			
		
				<published>
					<published_by pref="FFG" year="2007"/>
				</published>
				<players>2</players>
				<setuptime>10</setuptime>
				<gametime>
					<interval from="30" to="60"/>
				</gametime>
				<age>10</age>
			</game>
	</games>
</catalogue>