<html>
   <body>
      <ul>
         <li>DEPARTMENTS HIARARCHY</li>
         <ul>
            <li>
               <name>Production</name>
            </li>
            <ul>
               <div>
                  <li>Manager: 
                     <firstName>John</firstName>
                     <lastName>Smith</lastName>
                  </li>
                  <li>Salary: 
                     <salary>2000</salary>
                  </li>
               </div>
               <ul>
                  <ul>
                     <li>
                        <name>Development</name>
                     </li>
                     <ul>
                        <ul></ul>
                     </ul>
                  </ul>
                  <ul>
                     <li>
                        <name>Engineering</name>
                     </li>
                     <ul>
                        <div>
                           <li>Manager: 
                              <firstName>Arthur</firstName>
                              <lastName>Taylor</lastName>
                           </li>
                           <li>Salary: 
                              <salary>2500</salary>
                           </li>
                        </div>
                        <ul></ul>
                     </ul>
                  </ul>
               </ul>
            </ul>
         </ul>
         <ul>
            <li>
               <name>Accounting</name>
            </li>
            <ul>
               <ul></ul>
            </ul>
         </ul>
      </ul>
   </body>
</html>