<?xml version="1.0" encoding="UTF-8"?>
<result>
   <episode number="1">
							<name>Pilot</name>
							<air_date>6.6.2013</air_date>
							<plot>Welcome to Graceland - a prime piece of real estate that was seized from drug lords and now serves as an undercover residence for agents.</plot>
						</episode>
   <episode number="2">
							<name>Guadalajara Dog</name>
							<air_date>13.6.2013</air_date>
							<plot>When ongoing investigations clash, Briggs and Mike seize the opportunity to tilt rival gangs against each other while Mike learns that undercover life comes with many moral complications.</plot>
						</episode>
   <episode number="3">
							<name>Heat Run</name>
							<air_date>20.6.2013</air_date>
						</episode>
   <episode number="4">
							<name>Pizza Box</name>
							<air_date>27.6.2013</air_date>
						</episode>
   <episode number="5">
							<name>O-Mouth</name>
							<air_date>11.7.2013</air_date>
						</episode>
   <episode number="6">
							<name>Hair of the Dog</name>
							<air_date>18.7.2013</air_date>
						</episode>
   <episode number="7">
							<name>Goodbye High</name>
							<air_date>25.7.2013</air_date>
						</episode>
   <episode number="8">
							<name>Bag Man</name>
							<air_date>8.8.2013</air_date>
						</episode>
   <episode number="9">
							<name>Smoke Alarm</name>
							<air_date>15.8.2013</air_date>
						</episode>
   <episode number="10">
							<name>King's Castle</name>
							<air_date>22.8.2013</air_date>
						</episode>
   <episode number="11">
							<name>Happy Endings</name>
							<air_date>5.9.2013</air_date>
						</episode>
   <episode number="12">
							<name>Pawn</name>
							<air_date>12.9.2013</air_date>
						</episode>
   <episode number="1">
							<name>Down the Rabbit Hole</name>
							<air_date>10.10.2013</air_date>
							<plot>Alice's stories about Wonderland get her admitted to an asylum.</plot>
						</episode>
   <episode number="2">
							<name>Trust Me</name>
							<air_date>17.10.2013</air_date>
							<plot>A flashback reveals how Alice and Cyrus fell in love.</plot>
						</episode>
   <episode number="3">
							<name>Forget Me Not</name>
							<air_date>24.10.2013</air_date>
							<plot>Will Scarlet convinces Robin Hood's Merry Men to steal from Maleficent.</plot>
						</episode>
   <episode number="4">
							<name>The Serpent</name>
							<air_date>7.11.2013</air_date>
							<plot>With the Knave's life in danger, Alice must decide on whether to use one of her wishes; Alice learns more of the Knave's backstory through her friendship with Lizard; Jafar's plan puts the Red Queen in a difficult position.</plot>
						</episode>
   <episode number="5">
							<name>Heart of Stone</name>
							<air_date>14.11.2013</air_date>
							<plot>Will Scarlet and Anastasia pass into Wonderland only to discover it isn't what they imagined; the Red Queen gains her royal status.</plot>
						</episode>
   <episode number="6">
							<name>Who's Alice</name>
							<air_date>21.11.2013</air_date>
							<plot>The Knave is awakened by magic with the help of an unlikely ally and he goes in search of Alice only to find her in terrible danger, and Cyrus does his best to evade the Red Queen.</plot>
						</episode>
   <episode number="7">
							<name>Bad Blood</name>
							<air_date>5.12.2013</air_date>
							<plot>Alice learns her father is in Wonderland and they start healing their relationship; young Jafar is distressed by his mother's death.</plot>
						</episode>
   <episode number="8">
							<name>Home</name>
							<air_date>12.12.2013</air_date>
							<plot>In flashback, we learn about Cyrus' origin story while Alice seeks out the White Rabbit for answers involving his actions in Wonderland</plot>
						</episode>
   <episode number="9">
							<name>Nothing to Fear</name>
							<air_date>6.3.2014</air_date>
							<plot>Cyrus and Alice reluctantly work with the Red Queen to find Will but must also be prepared to defend themselves from Jafar. Will has troubles of his own when the caterpillar finds the bottle.</plot>
						</episode>
   <episode number="10">
							<name>Dirty Little Secrets</name>
							<air_date>13.3.2014</air_date>
						</episode>
   <episode number="11">
							<name>Heart of the Matter</name>
							<air_date>20.3.2014</air_date>
						</episode>
   <episode number="12">
							<name>To Catch a Thief</name>
							<air_date>27.3.2014</air_date>
						</episode>
   <episode number="13">
							<name>And They Lived...</name>
							<air_date>3.4.2014</air_date>
						</episode>
   <episode number="1">
							<name>Get Some</name>
							<air_date>13.7.2008</air_date>
							<plot>Meet the battle hungry USMC 1st Recon Battalion as they deal with the mundane issues of grooming standards, sand storms, a by the book CO and ... waiting. But a variety of creative racial, gay and gender slurs, pizza relieve the tension.</plot>
						</episode>
   <episode number="2">
							<name>The Cradle of Civilization</name>
							<air_date>20.7.2008</air_date>
							<plot>Under orders to consider any Iraqi carrying a weapon hostile, Bravo busts north towards Nasiriyah. Chomping at the bit while others are carrying the fight, the platoon finally gets 'lit up' in a violent but successful skirmish in Al Gharraf.</plot>
						</episode>
   <episode number="3">
							<name>Screwby</name>
							<air_date>27.7.2008</air_date>
							<plot>Having survived its first trial by fire, Bravo presses forward, awaiting orders for a new recon mission. Scoping out a roadside hamlet, the company watches in horror and disbelief as a regimental combat team arrives with guns firing.</plot>
						</episode>
   <episode number="4">
							<name>Combat Jack</name>
							<air_date>3.8.2008</air_date>
							<plot>Having raced to capture the airfield, First Recon is now miles ahead of the rest of the American force and has some time to rest and regroup. The abandoned supply truck has been looted and destroyed and the company is now down to one meal a day.</plot>
						</episode>
   <episode number="5">
							<name>A Burning Dog</name>
							<air_date>10.8.2008</air_date>
							<plot>As they scope a tiny hamlet, the men of Bravo are frustrated by the capricious nature of the war, and Colbert struggles to defend the actions of the higher-ups. Meanwhile, First Recon runs into a number of surprises as they try to cross a bridge.</plot>
						</episode>
   <episode number="6">
							<name>Stay Frosty</name>
							<air_date>17.8.2008</air_date>
							<plot>Outside of Al Kut, Captain America is over-eager in his attempts to subdue a prisoner, while his men's growing disillusionment with his command is growing more apparent.</plot>
						</episode>
   <episode number="7">
							<name>Bomb in the Garden</name>
							<air_date>24.8.2008</air_date>
							<plot>Bravo reaches Baghdad, where the men are shocked by the sheer size and scope of the city. As their time there comes to an end, the Marines take inventory and reflect--even as tensions boil over and disaster strikes.</plot>
						</episode>
</result>