<html>
   <head>
      <meta http-equiv="Content-Type" content="text/html; charset=UTF-8">
      <meta charset="UTF-8">
   </head>
   <body>
      <h1>
         Soucet veku sportovcu z prvniho dokumentu:
         59
      </h1>
      <table>
         <thead>
            <tr>
               <th>Firstname</th>
               <th>Surname</th>
            </tr>
         </thead>
         <tbody>
            <tr>
               <td>Usain</td>
               <td>Bolt</td>
            </tr>
            <tr>
               <td>Barbora</td>
               <td>Špotáková</td>
            </tr>
            <tr>
               <td>Usain</td>
               <td>Bolt</td>
            </tr>
            <tr>
               <td>Barbora</td>
               <td>Špotáková</td>
            </tr>
         </tbody>
      </table>
   </body>
</html>