<?xml version="1.0" encoding="UTF-8" standalone="no"?><library xmlns:xsi="http://www.w3.org/2001/XMLSchema-instance" xsi:noNamespaceSchemaLocation="data.xsd">
	
	<!-- p??slu?n? sekce knihovny -->
	<section>Fantasy sb?rka v pracovn?</section>
	
	<!-- seznam autor?, jejich? alespo? jedna kniha je v dan? sekci -->
	<authors>
		<author id="A1">
			<name>
				<firstname>John Ronald Reuel</firstname>
				<surname>Tolkien</surname>
			</name>
			<data>
				<date_born>
					<year>1892</year>
					<month>1</month>
					<day>3</day>
				</date_born>
				<date_died>
					<year>1973</year>
					<month>9</month>
					<day>8</day>
				</date_died>
			</data>
		<book author_id="A1" grade="1" state="v_knihovn?">
			<title>Silmarillion</title>
			<pages>270</pages>
			<distributor>Argo</distributor>
			<description>Silmarillion je jedna z trojice nejzn?m?j??ch knih 
				britsk?ho spisovatele <em>Johna Ronalda Reuela Tolkiena</em>. 
				Obsahuje v??atky z archetyp?ln?ch d?jin Zem?, zasazen?ch do zde
				konkr?tn?ho sv?ta <em>Ardy</em> a zejm?na jeho kontinentu 
				<em>St?edozem?</em>. Obsahuje z?kladn? informace o sv?t? jeho 
				p??b?h? a d?jiny jeho nejstar??ch obdob?.
				<![CDATA[ <http://cs.wikipedia.org/wiki/Silmarillion> ]]></description>
		</book><book author_id="A1" state="v_knihovn?">
			<title>H?rinovy d?ti</title>
			<pages>270</pages>
			<distributor>Argo</distributor>
		</book><book author_id="A1" state="v_knihovn?">
			<title>Hobit aneb Cesta tam a zase zp?tky</title>
			<pages>270</pages>
			<distributor>Argo</distributor>
		</book><book author_id="A1" grade="1" state="v_knihovn?">
			<title>P?n prsten? - Spole?enstv? prstenu</title>
			<pages>270</pages>
			<distributor>Argo</distributor>
		</book><book author_id="A1" state="v_knihovn?">
			<title>P?n prsten? - Dv? v??e</title>
			<pages>270</pages>
			<distributor>Argo</distributor>
		</book><book author_id="A1" state="v_knihovn?">
			<title>P?n prsten? - N?vrat kr?le</title>
			<pages>270</pages>
			<distributor>Argo</distributor>
		</book></author>
		<author id="A2">
			<name>
				<firstname>Andrzej</firstname>
				<surname>Sapkowski</surname>
			</name>
		<book author_id="A2" state="p?j?eno">
			<title>Magick? st??pky</title>
			<pages>315</pages>
			<distributor group="Euromedia">Leonardo</distributor>
		</book><book author_id="A2" grade="2" state="v_knihovn?">
			<title>Zakl?na? - Posledn? p??n?</title>
			<pages>273</pages>
			<distributor group="Euromedia">Leonardo</distributor>
		</book><book author_id="A2" state="v_knihovn?">
			<title>Zakl?na? - Me? osudu</title>
			<pages>342</pages>
			<distributor group="Euromedia">Leonardo</distributor>
		</book></author>
		<author id="A3">
			<name>
				<firstname>Joanne</firstname>
				<surname>Rowling</surname>
			</name>
		<book author_id="A3" state="v_knihovn?">
			<title>Harry Potter a K?men mudrc?</title>
			<pages>284</pages>
			<distributor>Albatros</distributor>
		</book><book author_id="A3" state="p?j?eno">
			<title>Harry Potter a Tajemn? komnata</title>
			<pages>286</pages>
			<distributor>Albatros</distributor>
		</book><book author_id="A3" state="v_knihovn?">
			<title>Harry Potter a V?ze? z Azkabanu</title>
			<pages>383</pages>
			<distributor>Albatros</distributor>
		</book><book author_id="A3" state="v_knihovn?">
			<title>Harry Potter a Ohniv? poh?r</title>
			<pages>512</pages>
			<distributor>Albatros</distributor>
		</book></author>
		<author id="A4">
			<name>
				<firstname>Pavel</firstname>
				<surname>Ren??n</surname>
			</name>
			<data>
				<date_born>
					<year>1977</year>
					<month>6</month>
					<day>8</day>
				</date_born>
			</data>
		<book author_id="A4" state="v_knihovn?">
			<title>Labyrint</title>
			<pages>362</pages>
			<distributor>Argo</distributor>
		</book><magazine author_id="A4" state="v_knihovn?">
			<title>Pavl?v ob??n?k</title>
			<pages>62</pages>
			<distributor>Pavel Ren??n</distributor>
			<electronic>true</electronic>
		</magazine></author>
		<author id="A5">
			<name>
				<firstname>Stephen</firstname>
				<surname>King</surname>
			</name>
			<data>
				<date_born>
					<year>1947</year>
					<month>9</month>
					<day>21</day>
				</date_born>
			</data>
		</author>
	</authors>
	
	<!-- seznam knih v dan? sekci -->
	<books>
		
		
		
		
				
		
		
		
		
		
		
		
		
		
		
		
		
		
		
	</books>
</library>