<html>
   <body>
      <h1>Seznam koncertů</h1>
      <table>
         <tr>
            <th>Skupina</th>
            <th>Pořadatel</th>
            <th>Počet míst</th>
            <th>Datum</th>
         </tr>
         <tr>
            <td>
               <skupina>"Noel Gallagher &amp; the High Flying Birds"</skupina>
            </td>
            <td>
               <jmeno>Michal Holy</jmeno>
            </td>
            <td>
               <pocetMist>450</pocetMist>
            </td>
            <td>
               <den>13.5.2013</den>
            </td>
         </tr>
         <tr>
            <td>
               <skupina>The Rolling Stones</skupina>
            </td>
            <td>
               <jmeno>Frantisek Straka</jmeno>
            </td>
            <td>
               <pocetMist>1500</pocetMist>
            </td>
            <td>
               <den>28.5.2013</den>
            </td>
         </tr>
         <tr>
            <td>
               <skupina>U2</skupina>
            </td>
            <td>
               <jmeno>Jiri Vosyka</jmeno>
            </td>
            <td>
               <pocetMist>5000</pocetMist>
            </td>
            <td>
               <den>26.8.2013</den>
            </td>
         </tr>
         <tr>
            <td>
               <skupina>Arctic Monkeys</skupina>
            </td>
            <td>
               <jmeno>Jan Cervenka</jmeno>
            </td>
            <td>
               <pocetMist>600</pocetMist>
            </td>
            <td>
               <den>16. 5. 2013</den>
            </td>
         </tr>
      </table>
   </body>
</html>