<?xml version="1.0" encoding="UTF-8"?>
<skupina>
   <nazev>The Rolling Stones</nazev>
   <pocetKoncertu>3</pocetKoncertu>
</skupina>
<skupina>
   <nazev>U2</nazev>
   <pocetKoncertu>2</pocetKoncertu>
</skupina>
<skupina>
   <nazev>Arctic Monkeys</nazev>
   <pocetKoncertu>2</pocetKoncertu>
</skupina>
<skupina>
   <nazev>"Noel Gallagher &amp; the High Flying Birds"</nazev>
   <pocetKoncertu>1</pocetKoncertu>
</skupina>
<skupina>
   <nazev>Guns n Roses</nazev>
   <pocetKoncertu>1</pocetKoncertu>
</skupina>
<skupina>
   <nazev>Derek And The Dominoes</nazev>
   <pocetKoncertu>1</pocetKoncertu>
</skupina>
<skupina>
   <nazev>The Stone Roses</nazev>
   <pocetKoncertu>1</pocetKoncertu>
</skupina>
<skupina>
   <nazev>Metallica</nazev>
   <pocetKoncertu>1</pocetKoncertu>
</skupina>
<skupina>
   <nazev>Megadeth</nazev>
   <pocetKoncertu>1</pocetKoncertu>
</skupina>
<skupina>
   <nazev>Queen</nazev>
   <pocetKoncertu>1</pocetKoncertu>
</skupina>