<?xml version="1.0" encoding="UTF-8"?>
<udalost typ="koncert" id="birds">
		<skupina>"Noel Gallagher &amp; the High Flying Birds"</skupina>
		<poradatel>p1</poradatel>
		<misto>
			   <nazev>Seagul arena</nazev>
			   <adresa>
				     <ulice>Cernohorska</ulice>
				     <cp>520</cp>
				     <mesto nazev="Plzen">
					       <psc>264 32</psc>
					       <kraj/>
				     </mesto>
			   </adresa>
		</misto>
		<popis autor="JK">Prvni koncert Noella Gallaghera v Plzni</popis>
		<pocetMist>450</pocetMist>
		<termin>
			   <den>13.5.2013</den>
			   <od>18:00</od>
			   <do>20:00</do>
		</termin>
		<sponzor>
			   <jmeno>Behringer a.s.</jmeno>
			   <telefon cislo="243 853 256"/>
			   <mesto>Praha</mesto>
		</sponzor>
		<sponzor>
			   <jmeno>Festina</jmeno>
			   <telefon cislo="625342532"/>
			   <mesto>Kolin</mesto>
		</sponzor>
		<sponzor>
			   <jmeno>Karel Novy</jmeno>
			   <telefon cislo="742315984"/>
			   <mesto>Kladno</mesto>
		</sponzor>
	</udalost>
<udalost typ="koncert" id="stones">
        <skupina>The Rolling Stones</skupina>
		<poradatel>p2</poradatel>
		<misto>
			   <nazev>White Socks Stadium</nazev>
			   <adresa>
				     <ulice>Palachova</ulice>
				     <cp>520</cp>
				     <mesto nazev="Usti nad Labem">
					       <psc>256 34</psc>
					       <kraj/>
				     </mesto>
			   </adresa>
		</misto>
		<popis autor="BD"/>
		<pocetMist>1500</pocetMist>
		<termin>
			   <den>28.5.2013</den>
			   <od>20:00</od>
			   <do>23:00</do>
		</termin>
		<sponzor>
			   <jmeno>ATT a.s.</jmeno>
			   <telefon cislo="343 134 256"/>
		</sponzor>
		<sponzor>
			   <jmeno>Volkswagen</jmeno>
			   <telefon cislo="245 342 532" predcisli="+240"/>
			   <mesto>Praha</mesto>
		</sponzor>
		<sponzor>
			   <jmeno>Karel Novy</jmeno>
			   <telefon cislo="742315984"/>
			   <mesto>Praha</mesto>
		</sponzor>
	</udalost>
<udalost typ="koncert" id="u2">
		<skupina>U2</skupina>
		<poradatel>p3</poradatel>
		<misto>
			   <nazev>Namesti Svobody</nazev>
			   <adresa>
				     <ulice>Zamecnicka</ulice>
				     <cp/>
				     <mesto nazev="Brno">
					       <psc>613 92</psc>
					       <kraj/>
				     </mesto>
			   </adresa>
		</misto>
		<popis autor="SP">Teprve druhy koncert skupiny U2 v CR</popis>
		<pocetMist>5000</pocetMist>
		<termin>
			   <den>26.8.2013</den>
			   <od>20:00</od>
			   <do>23:00</do>
		</termin>
		<hlavniSponzor>
			   <jmeno>Skoda auto</jmeno>
			   <telefon cislo="243853256"/>
			   <mesto>Liberec</mesto>
		</hlavniSponzor>
		<sponzor>
			   <jmeno>E-ON</jmeno>
			   <telefon cislo="325342532"/>
		</sponzor>
		<sponzor>
			   <jmeno>Aero Vodochody</jmeno>
			   <telefon cislo="742315984"/>
			   <mesto>Praha</mesto>
		</sponzor>
		<sponzor>
			   <jmeno>Jan Vyskocil</jmeno>
			   <telefon cislo="225139442"/>
			   <mesto>Benesov</mesto>
		</sponzor>
		<sponzor>
			   <jmeno>Karel Novy</jmeno>
			   <telefon cislo="742315984"/>
			   <mesto>Praha</mesto>
		</sponzor>
		<sponzor>
			   <jmeno>GE</jmeno>
			   <telefon cislo="525945249"/>
		</sponzor>
	</udalost>