<?xml version="1.0" encoding="UTF-8" standalone="no"?><!-- XML deklarace --><!-- korenovy element Tam Da --><tam_da xmlns:xsi="http://www.w3.org/2001/XMLSchema-instance" xsi:noNamespaceSchemaLocation="data.xsd">
	
	<!-- info o restauraci -->
	<info>
		V?tejte, jste <?php include ("pocitadlo.php")?>. n?v?t?vn?kem.
		Va?e objedn?vky vy??d?me na telefonn?m ??sle 777 123 456 
		a nebo na e-mailu: objednavka@sushitamda.cz. Do p?edm?tu 
		e-mailu pros?m napi?t? <![CDATA[Objedn?vka - <Va?e jm?no>]]>.
	</info>
	<!-- jidelni listek -->
	<jidelni_listek>
		<!-- nabidka sushi -->
		<sushi>
			<!-- normalni sushi menu -->
			<normal_sushi>
				<polozka_menu kod="B1">
					<nazev>Sushi menu 1</nazev>
					,- K?
					<hmotnost>100</hmotnost>g
					<obsah>
						<polozka_sushi kusu="6" pokrm="Maki Sushi s lososem"/>
					</obsah>
				<cena eu="2.41" kc="58.0"/></polozka_menu>
				<polozka_menu kod="B2">
					<nazev>Sushi menu 2</nazev>
					,- K?
					<hmotnost>100</hmotnost>g
					<obsah>
						<polozka_sushi kusu="6" pokrm="Maki Sushi s tu??kem"/>
					</obsah>
				<cena eu="2.66" kc="64.0"/></polozka_menu>
				<polozka_menu kod="B3">
					<nazev>Sushi menu 3</nazev>
					,- K?
					<hmotnost>290</hmotnost>g
					<obsah>
						<polozka_sushi kusu="8" pokrm="Kalifornia Sushi s lososem"/>
						<polozka_sushi kusu="2" pokrm="Nigiri Sushi s tu??kem"/>
					</obsah>
				<cena eu="4.91" kc="118.0"/></polozka_menu>
				<polozka_menu kod="B4">
					<nazev>Sushi menu 4</nazev>
					,- K?
					<hmotnost>750</hmotnost>g
					<obsah>
						<polozka_sushi kusu="6" pokrm="Maki Sushi s lososem"/>
						<polozka_sushi kusu="6" pokrm="Maki Sushi s krevetami"/>
						<polozka_sushi kusu="2" pokrm="Nigiri Sushi s tu??kem"/>
						<polozka_sushi kusu="2" pokrm="Nigiri Sushi s omeletou"/>
						<polozka_sushi kusu="5" pokrm="Pl?tky losose"/>
						<polozka_sushi kusu="4" pokrm="Kalifornia Sushi s lososem"/>
						<polozka_sushi kusu="4" pokrm="Kalifornia Sushi posypan? kavi?rem"/>
						<polozka_sushi kusu="2" pokrm="Nigiri Sushi s avok?dem"/>
						<polozka_sushi kusu="2" pokrm="Nigiri Sushi s omeletou"/>
					</obsah>
				<cena eu="20.75" kc="498.0"/></polozka_menu>
			</normal_sushi>
			<!-- extra sushi menu -->
			<extra_sushi>
				<polozka_menu kod="E1">
					<nazev>Extra sushi menu 1</nazev>
					,- K?
					<hmotnost>120</hmotnost>g
					<obsah>
						<polozka_sushi kusu="4" pokrm="Kalifornia sushi s ?ho?em"/>
					</obsah>
				<cena eu="3.66" kc="88.0"/></polozka_menu>
				<polozka_menu kod="E2">
					<nazev>Extra sushi menu 2</nazev>
					,- K?
					<hmotnost>250</hmotnost>g
					<obsah>
						<polozka_sushi kusu="6" pokrm="Maki Sushi s lososem"/>
						<polozka_sushi kusu="6" pokrm="Maki Sushi s tu??kem"/>
						<polozka_sushi kusu="1" pokrm="Nigiri Sushi s lososem"/>
						<polozka_sushi kusu="1" pokrm="Nigiri Sushi s tu??kem"/>
					</obsah>
				<cena eu="6.16" kc="148.0"/></polozka_menu>
			</extra_sushi>
		</sushi>
		<!-- nabidka teplych jidel -->
		<tepla_jidla>
			<!-- speciality asijske kuchyne -->
			<asijske_speciality>
				<polozka_menu kod="C1">
					<nazev>Restovan? nudle s ku?ec?m masem</nazev>
					,- K?
					<hmotnost>450</hmotnost>g
					<obsah>
						<popis_jidla>
							nudle, ku?ec? maso, vejce, ?erstv? zelenina
						</popis_jidla>
					</obsah>
				<cena eu="2.83" kc="68.0"/></polozka_menu>
				<polozka_menu kod="C2">
					<nazev>Restovan? ku?ec? Kung Pao</nazev>
					,- K?
					<hmotnost>300</hmotnost>g
					<obsah>
						<popis_jidla priloha="ano">
							ku?ec? maso, cibule, bambusov? v?honky, ?ampiony
						</popis_jidla>
					</obsah>
				<cena eu="2.83" kc="68.0"/></polozka_menu>
				<polozka_menu kod="C3">
					<nazev>Sma?en? krevety po japonsku</nazev>
					,- K?
					<hmotnost>200</hmotnost>g
					<obsah>
						<popis_jidla>
							8 sma?en?ch krevet po japonsku
						</popis_jidla>
					</obsah>
				<cena eu="7.41" kc="178.0"/></polozka_menu>
			</asijske_speciality>
			<!-- speciality na horkem podnose -->
			<speciality_na_horkem_podnose>
				<polozka_menu kod="D1">
					<nazev>Pe?en? ku?e na hork?m podnose</nazev>
					,- K?
					<hmotnost>250</hmotnost>g
					<obsah>
						<popis_jidla>
							ku?ec? maso, zelenina, sladkokysel? nebo s?jov? om??ka
						</popis_jidla>
					</obsah>
				<cena eu="5.33" kc="128.0"/></polozka_menu>
				<polozka_menu kod="D2">
					<nazev>Ryb? fil? na grilu</nazev>
					,- K?
					<obsah>
						<popis_jidla>
							ryb? fil?, sladkokysel? om??ka
						</popis_jidla>
					</obsah>
				<cena eu="6.16" kc="148.0"/></polozka_menu>
			</speciality_na_horkem_podnose>
		</tepla_jidla>
	</jidelni_listek>
	<!-- copyright -->
	<!-- &c;&ct; -->
</tam_da>