<html>
   <head>
      <meta http-equiv="Content-Type" content="text/html; charset=UTF-8">
   </head>
   <body>
      <h1>Seznam zakazniku serazeny vzestupne podle prijmeni</h1>
      <ul>
         <li>
            <jmeno xmlns:xsi="http://www.w3.org/2001/XMLSchema-instance">Martin</jmeno>
            <prijmeni xmlns:xsi="http://www.w3.org/2001/XMLSchema-instance">Mazanec</prijmeni>
         </li>
         <li>
            <jmeno xmlns:xsi="http://www.w3.org/2001/XMLSchema-instance">Martin</jmeno>
            <prijmeni xmlns:xsi="http://www.w3.org/2001/XMLSchema-instance">Novak</prijmeni>
         </li>
         <li>
            <jmeno xmlns:xsi="http://www.w3.org/2001/XMLSchema-instance">Pepa</jmeno>
            <prijmeni xmlns:xsi="http://www.w3.org/2001/XMLSchema-instance">Prochazka</prijmeni>
         </li>
      </ul>
      <h1>Seznam mest odkud pochazi zakaznici (bez duplicit)</h1>
      <p>Plzen Praha</p>
      <h1>Vypis zpravy pro agenta u rezervaci, kde castka presahla 600Kc</h1>
      <p></p>
      <h1>Vypis pocatku rezervaci a oznaceni rezervaci, s vypujcenou pouze jednou polozkou</h1>
      <ul>
         <li><strong>
               <datum xmlns:xsi="http://www.w3.org/2001/XMLSchema-instance">18.2.2012</datum></strong></li>
         <li>
            <datum xmlns:xsi="http://www.w3.org/2001/XMLSchema-instance">20.2.2012</datum>
         </li>
         <li>
            <datum xmlns:xsi="http://www.w3.org/2001/XMLSchema-instance">22.2.2012</datum>
         </li>
      </ul>
   </body>
</html>