<?xml version="1.0" encoding="UTF-8"?>
<pobocky>
   <pobocka>
      <adresa>Dejvicka 24 Praha</adresa>
      <vedouci>Prokop Tucnak</vedouci>
      <podPobocky>
         <pobocka>
            <adresa>Kotnovska 584 Praha</adresa>
            <vedouci>Jan Kratky</vedouci>
            <podPobocky/>
         </pobocka>
         <pobocka>
            <adresa>radimovicka 6579 Praha</adresa>
            <vedouci>Tomas Petrovic</vedouci>
            <podPobocky/>
         </pobocka>
      </podPobocky>
   </pobocka>
</pobocky>