<?xml version="1.0" encoding="UTF-8"?>
<rezervace>
   <id id="r_1"/>
   <zakaznik>
      <jmeno xmlns:xsi="http://www.w3.org/2001/XMLSchema-instance">Pepa</jmeno>
      <prijmeni xmlns:xsi="http://www.w3.org/2001/XMLSchema-instance">Prochazka</prijmeni>
   </zakaznik>
   <zbozi>
      <polozka>
         <nazev xmlns:xsi="http://www.w3.org/2001/XMLSchema-instance">a-gang</nazev>
      </polozka>
   </zbozi>
</rezervace>
<rezervace>
   <id id="r_2"/>
   <zakaznik>
      <jmeno xmlns:xsi="http://www.w3.org/2001/XMLSchema-instance">Pepa</jmeno>
      <prijmeni xmlns:xsi="http://www.w3.org/2001/XMLSchema-instance">Prochazka</prijmeni>
   </zakaznik>
   <zbozi>
      <polozka>
         <nazev xmlns:xsi="http://www.w3.org/2001/XMLSchema-instance">Helma grx20</nazev>
      </polozka>
      <polozka>
         <nazev xmlns:xsi="http://www.w3.org/2001/XMLSchema-instance">Stinky</nazev>
      </polozka>
   </zbozi>
</rezervace>
<rezervace>
   <id id="r_3"/>
   <zakaznik>
      <jmeno xmlns:xsi="http://www.w3.org/2001/XMLSchema-instance">Martin</jmeno>
      <prijmeni xmlns:xsi="http://www.w3.org/2001/XMLSchema-instance">Novak</prijmeni>
   </zakaznik>
   <zbozi>
      <polozka>
         <nazev xmlns:xsi="http://www.w3.org/2001/XMLSchema-instance">Helma grx20</nazev>
      </polozka>
      <polozka>
         <nazev xmlns:xsi="http://www.w3.org/2001/XMLSchema-instance">a-gang</nazev>
      </polozka>
   </zbozi>
</rezervace>