<?xml version="1.0" encoding="UTF-8"?>
<seznamZbozi>
   <zbozi>
      <nazev xmlns:xsi="http://www.w3.org/2001/XMLSchema-instance">Helma grx20</nazev>
      <znacka xmlns:xsi="http://www.w3.org/2001/XMLSchema-instance">Giro</znacka>
      <nakupniCena xmlns:xsi="http://www.w3.org/2001/XMLSchema-instance">1500</nakupniCena>
      <stav xmlns:xsi="http://www.w3.org/2001/XMLSchema-instance" st="Velmi_dobry"/>
      <barva xmlns:xsi="http://www.w3.org/2001/XMLSchema-instance">cerna</barva>
   </zbozi>
   <zbozi>
      <nazev xmlns:xsi="http://www.w3.org/2001/XMLSchema-instance">a-gang</nazev>
      <znacka xmlns:xsi="http://www.w3.org/2001/XMLSchema-instance">Author</znacka>
      <nakupniCena xmlns:xsi="http://www.w3.org/2001/XMLSchema-instance">15000</nakupniCena>
      <stav xmlns:xsi="http://www.w3.org/2001/XMLSchema-instance" st="Dobry"/>
      <barva xmlns:xsi="http://www.w3.org/2001/XMLSchema-instance">modra</barva>
   </zbozi>
   <zbozi>
      <nazev xmlns:xsi="http://www.w3.org/2001/XMLSchema-instance">Stinky</nazev>
      <znacka xmlns:xsi="http://www.w3.org/2001/XMLSchema-instance">Kona</znacka>
      <nakupniCena xmlns:xsi="http://www.w3.org/2001/XMLSchema-instance">45000</nakupniCena>
      <stav xmlns:xsi="http://www.w3.org/2001/XMLSchema-instance" st="Velmi_dobry"/>
      <barva xmlns:xsi="http://www.w3.org/2001/XMLSchema-instance">cervena</barva>
   </zbozi>
   <zbozi>
      <nazev>Helma nitro X2</nazev>
      <znacka>Nitro</znacka>
      <nakupniCena>1500</nakupniCena>
      <prodejniCena>200</prodejniCena>
   </zbozi>
   <zbozi>
      <nazev>Sport Classic</nazev>
      <znacka>Specialized</znacka>
      <nakupniCena>12000</nakupniCena>
      <prodejniCena>3000</prodejniCena>
   </zbozi>
   <zbozi>
      <nazev>Crosstrail</nazev>
      <znacka>Specialized</znacka>
      <nakupniCena>28000</nakupniCena>
      <prodejniCena>6000</prodejniCena>
   </zbozi>
   <zbozi>
      <nazev>Myka FSR Comp</nazev>
      <znacka>Specialized</znacka>
      <nakupniCena>32000</nakupniCena>
      <prodejniCena>10000</prodejniCena>
   </zbozi>
   <zbozi>
      <nazev>Helma Bellistic</nazev>
      <znacka>Bell</znacka>
      <nakupniCena>1700</nakupniCena>
      <prodejniCena>400</prodejniCena>
   </zbozi>
</seznamZbozi>