<?xml version="1.0" encoding="UTF-8"?>
<Pobocky>
   <pobocka>
      <Nazev>První Mobilní</Nazev>
      <pocetPobocek>1</pocetPobocek>
      <podpoboc>
         <pobocka>
            <Nazev>4au</Nazev>
            <pocetPobocek>0</pocetPobocek>
            <podpoboc/>
         </pobocka>
      </podpoboc>
   </pobocka>
   <pobocka>
      <Nazev>4au</Nazev>
      <pocetPobocek>0</pocetPobocek>
      <podpoboc/>
   </pobocka>
   <pobocka>
      <Nazev>Druhá Mobilní</Nazev>
      <pocetPobocek>0</pocetPobocek>
      <podpoboc/>
   </pobocka>
</Pobocky>