<?xml version="1.0" encoding="UTF-8"?><main>
	<element attribute="element value 0">attribute value 0</element>
	<element attribute="element value 1">attribute value 1</element>
	<element attribute="element value 2">attribute value 2</element>
	<element attribute="element value 3">attribute value 3</element>
	<element attribute="element value 4">attribute value 4</element>

	<html><code style="color:red">text 1</code><p align="justify">text 2</p><a href="http://www.watzke.cz/">text 3</a></html>

	<ul><li>A list item</li><li>Second one</li><li>And another one</li><li>Yet another one</li><li>The last one</li></ul>
</main>