<html>
   <head>
      <meta http-equiv="Content-Type" content="text/html; charset=UTF-8">
      <title>Champions</title>
   </head>
   <body>
      <table>
         <tr>
            <td>Name</td>
            <td>Ability1</td>
            <td>Ability2</td>
            <td>Ability3</td>
            <td>Ability4</td>
         </tr>
         <tr>
            <td>Lux</td>
            <td>Light Binding</td>
            <td>Prismatic Barrier</td>
            <td>Lucent Singularity</td>
            <td>Final Spark</td>
         </tr>
         <tr>
            <td>Caitlyn</td>
            <td>Piltover Peacemaker</td>
            <td>Yordle Snap Trap</td>
            <td>90 Caliber Net</td>
            <td>Ace in the Hole</td>
         </tr>
         <tr>
            <td>Gragas</td>
            <td>Barrel Roll</td>
            <td>Drunken Rage</td>
            <td>Body Slam</td>
            <td>Explosive Cask</td>
         </tr>
      </table>
   </body>
</html>