<?xml version="1.0" encoding="UTF-8"?>
<LeagueOfLegends>
   <combos>
      <combo>
         <ability>Light Binding</ability>
         <AbilityCombo>Piltover Peacemaker</AbilityCombo>
         <AbilityCombo>Barrel Roll</AbilityCombo>
      </combo>
      <combo>
         <ability>Prismatic Barrier</ability>
         <AbilityCombo>Body Slam</AbilityCombo>
      </combo>
      <combo>
         <ability>Lucent Singularity</ability>
      </combo>
      <combo>
         <ability>Final Spark</ability>
      </combo>
      <combo>
         <ability>Piltover Peacemaker</ability>
         <AbilityCombo>Light Binding</AbilityCombo>
         <AbilityCombo>Barrel Roll</AbilityCombo>
      </combo>
      <combo>
         <ability>Yordle Snap Trap</ability>
      </combo>
      <combo>
         <ability>90 Caliber Net</ability>
      </combo>
      <combo>
         <ability>Ace in the Hole</ability>
      </combo>
      <combo>
         <ability>Barrel Roll</ability>
         <AbilityCombo>Light Binding</AbilityCombo>
         <AbilityCombo>Piltover Peacemaker</AbilityCombo>
      </combo>
      <combo>
         <ability>Drunken Rage</ability>
      </combo>
      <combo>
         <ability>Body Slam</ability>
         <AbilityCombo>Prismatic Barrier</AbilityCombo>
      </combo>
      <combo>
         <ability>Explosive Cask</ability>
      </combo>
   </combos>
</LeagueOfLegends>