<html>
   <head>
      <meta http-equiv="Content-Type" content="text/html; charset=UTF-8">
      <title>Seznam aktivních fotografů</title>
   </head>
   <body>
      <h1>Seznam aktivních fotografů</h1>
      <table style="width: 400px; margin: 0px auto;">
         <tr>
            <th>Příjmení</th>
            <th>Křestní jméno</th>
            <th>E-mail</th>
         </tr>
         <tr>
            <td>Novák</td>
            <td>Pavel</td>
            <td>pavel.novak@seznam.cz</td>
         </tr>
         <tr>
            <td>Wirth</td>
            <td>Michal</td>
            <td>wirthmi@rankl.cz</td>
         </tr>
      </table>
   </body>
</html>