<?xml version="1.0" encoding="UTF-8"?>
<result>
   <element>
      <name>Kniha</name>
      <attributes>
         <attribute>
            <name>Autor</name>
            <value>A1</value>
         </attribute>
         <attribute>
            <name>Id</name>
            <value>k11</value>
         </attribute>
         <attribute>
            <name>Jazyk</name>
            <value>CZ</value>
         </attribute>
         <attribute>
            <name>VKnihovne</name>
            <value>false</value>
         </attribute>
      </attributes>
      <children>
         <element>
            <name>NazevKnihy</name>
         </element>
         <element>
            <name>Kapitoly</name>
            <children>
               <element>
                  <name>Kapitola</name>
                  <children>
                     <element>
                        <name>NazevKapitoly</name>
                     </element>
                  </children>
               </element>
               <element>
                  <name>Kapitola</name>
                  <children>
                     <element>
                        <name>NazevKapitoly</name>
                     </element>
                  </children>
               </element>
            </children>
         </element>
         <element>
            <name>RokVydani</name>
         </element>
         <element>
            <name>HtmlPopis</name>
            <children>
               <element>
                  <name>div</name>
               </element>
               <element>
                  <name>div</name>
               </element>
            </children>
         </element>
         <element>
            <name>KnihaDalsiInfo</name>
         </element>
      </children>
   </element>
   <element>
      <name>Kniha</name>
      <attributes>
         <attribute>
            <name>Autor</name>
            <value>A3</value>
         </attribute>
         <attribute>
            <name>Id</name>
            <value>k234</value>
         </attribute>
         <attribute>
            <name>Jazyk</name>
            <value>CZ</value>
         </attribute>
         <attribute>
            <name>VKnihovne</name>
            <value>false</value>
         </attribute>
      </attributes>
      <children>
         <element>
            <name>NazevKnihy</name>
         </element>
         <element>
            <name>RokVydani</name>
         </element>
      </children>
   </element>
   <element>
      <name>Kniha</name>
      <attributes>
         <attribute>
            <name>Autor</name>
            <value>A3</value>
         </attribute>
         <attribute>
            <name>Id</name>
            <value>k21</value>
         </attribute>
         <attribute>
            <name>Jazyk</name>
            <value>CZ</value>
         </attribute>
         <attribute>
            <name>VKnihovne</name>
            <value>false</value>
         </attribute>
      </attributes>
      <children>
         <element>
            <name>NazevKnihy</name>
         </element>
         <element>
            <name>RokVydani</name>
         </element>
      </children>
   </element>
   <element>
      <name>Kniha</name>
      <attributes>
         <attribute>
            <name>Autor</name>
            <value>A3</value>
         </attribute>
         <attribute>
            <name>Id</name>
            <value>k34</value>
         </attribute>
         <attribute>
            <name>Jazyk</name>
            <value>CZ</value>
         </attribute>
         <attribute>
            <name>VKnihovne</name>
            <value>false</value>
         </attribute>
      </attributes>
      <children>
         <element>
            <name>NazevKnihy</name>
            <attributes>
               <attribute>
                  <name>PuvodniNazev</name>
                  <value>Harry Potter and the Prisoner of Azkaban</value>
               </attribute>
            </attributes>
         </element>
         <element>
            <name>RokVydani</name>
         </element>
      </children>
   </element>
   <element>
      <name>Kniha</name>
      <attributes>
         <attribute>
            <name>Autor</name>
            <value>A3</value>
         </attribute>
         <attribute>
            <name>Id</name>
            <value>k44</value>
         </attribute>
         <attribute>
            <name>Jazyk</name>
            <value>CZ</value>
         </attribute>
         <attribute>
            <name>VKnihovne</name>
            <value>false</value>
         </attribute>
      </attributes>
      <children>
         <element>
            <name>NazevKnihy</name>
         </element>
         <element>
            <name>RokVydani</name>
         </element>
      </children>
   </element>
   <element>
      <name>Kniha</name>
      <attributes>
         <attribute>
            <name>Autor</name>
            <value>A3</value>
         </attribute>
         <attribute>
            <name>Id</name>
            <value>k43</value>
         </attribute>
         <attribute>
            <name>Jazyk</name>
            <value>CZ</value>
         </attribute>
         <attribute>
            <name>VKnihovne</name>
            <value>false</value>
         </attribute>
      </attributes>
      <children>
         <element>
            <name>NazevKnihy</name>
         </element>
         <element>
            <name>RokVydani</name>
         </element>
      </children>
   </element>
   <element>
      <name>Kniha</name>
      <attributes>
         <attribute>
            <name>Autor</name>
            <value>A3</value>
         </attribute>
         <attribute>
            <name>Id</name>
            <value>k35</value>
         </attribute>
         <attribute>
            <name>Jazyk</name>
            <value>CZ</value>
         </attribute>
         <attribute>
            <name>VKnihovne</name>
            <value>false</value>
         </attribute>
      </attributes>
      <children>
         <element>
            <name>NazevKnihy</name>
         </element>
         <element>
            <name>RokVydani</name>
         </element>
      </children>
   </element>
   <element>
      <name>Kniha</name>
      <attributes>
         <attribute>
            <name>Autor</name>
            <value>A3</value>
         </attribute>
         <attribute>
            <name>Id</name>
            <value>k36</value>
         </attribute>
         <attribute>
            <name>Jazyk</name>
            <value>CZ</value>
         </attribute>
         <attribute>
            <name>VKnihovne</name>
            <value>false</value>
         </attribute>
      </attributes>
      <children>
         <element>
            <name>NazevKnihy</name>
         </element>
         <element>
            <name>RokVydani</name>
         </element>
      </children>
   </element>
   <element>
      <name>Kniha</name>
      <attributes>
         <attribute>
            <name>Autor</name>
            <value>A2</value>
         </attribute>
         <attribute>
            <name>Id</name>
            <value>k38</value>
         </attribute>
         <attribute>
            <name>Jazyk</name>
            <value>EN</value>
         </attribute>
         <attribute>
            <name>VKnihovne</name>
            <value>false</value>
         </attribute>
      </attributes>
      <children>
         <element>
            <name>NazevKnihy</name>
         </element>
         <element>
            <name>RokVydani</name>
         </element>
      </children>
   </element>
   <element>
      <name>Kniha</name>
      <attributes>
         <attribute>
            <name>Autor</name>
            <value>A2</value>
         </attribute>
         <attribute>
            <name>Id</name>
            <value>k92</value>
         </attribute>
         <attribute>
            <name>Jazyk</name>
            <value>EN</value>
         </attribute>
         <attribute>
            <name>VKnihovne</name>
            <value>false</value>
         </attribute>
      </attributes>
      <children>
         <element>
            <name>NazevKnihy</name>
         </element>
         <element>
            <name>RokVydani</name>
         </element>
      </children>
   </element>
   <element>
      <name>Kniha</name>
      <attributes>
         <attribute>
            <name>Autor</name>
            <value>A2</value>
         </attribute>
         <attribute>
            <name>Id</name>
            <value>k99</value>
         </attribute>
         <attribute>
            <name>Jazyk</name>
            <value>EN</value>
         </attribute>
         <attribute>
            <name>VKnihovne</name>
            <value>false</value>
         </attribute>
      </attributes>
      <children>
         <element>
            <name>NazevKnihy</name>
         </element>
         <element>
            <name>RokVydani</name>
         </element>
      </children>
   </element>
</result>