<html>
   <head>
      <meta http-equiv="Content-Type" content="text/html; charset=UTF-8">
      <title>
         			Knihovna
         		
      </title>
   </head>
   <body>
      <h2>Seznam autoru a del</h2>
      <table border="1">
         <thead>
            <tr>
               <th>Autor</th>
               <th>Datum narozeni</th>
               <th>Datum umrti</th>
               <th>Casto pujcovana dila</th>
            </tr>
         </thead>
         <tbody>
            <tr>
               <td>
                  				William Shakespeare
                  			
               </td>
               <td>1564</td>
               <td>1616-04-23</td>
               <td>
                  <p></p>
               </td>
            </tr>
            <tr>
               <td>
                  				John Ronald Reuel Tolkien
                  			
               </td>
               <td>1892-01-03</td>
               <td>1973-09-02</td>
               <td>
                  <p>
                     <p style="color: green">
                        				The Lord of the Rigns - The Two Towers
                        			
                     </p>
                     <p style="color: black">
                        				The Lord of the Rigns - The Return of the King
                        			
                     </p>
                  </p>
               </td>
            </tr>
            <tr>
               <td>
                  				J. K. Rowling
                  			
               </td>
               <td>1965-07-31</td>
               <td>---</td>
               <td>
                  <p>
                     <p style="color: green">
                        				Harry Potter a K?men mudrc?
                        			
                     </p>
                     <p style="color: black">
                        				Harry Potter a Ohniv? poh?r
                        			
                     </p>
                     <p style="color: green">
                        				Harry Potter a F?nix?v ??d
                        			
                     </p>
                     <p style="color: black">
                        				Harry Potter a princ dvoj? krve
                        			
                     </p>
                     <p style="color: black">
                        				Harry Potter a Relikvie smrti
                        			
                     </p>
                  </p>
               </td>
            </tr>
         </tbody>
      </table>
   </body>
</html>