<?xml version="1.0" encoding="UTF-8"?>
<pacientiVpokojich>
   <pokoj id="pkj1">
      <pacienti>
         <pacient>
            <jmeno>Petr</jmeno>
            <prijmeni>Novy</prijmeni>
         </pacient>
         <pacient>
            <jmeno>Anna</jmeno>
            <prijmeni>Chladna</prijmeni>
         </pacient>
         <pacient>
            <jmeno>Jarmil</jmeno>
            <prijmeni>Kreveta</prijmeni>
         </pacient>
      </pacienti>
   </pokoj>
   <pokoj id="pkj2">
      <pacienti>
         <pacient>
            <jmeno>Tomas</jmeno>
            <prijmeni>Ulman</prijmeni>
         </pacient> 
      </pacienti>
   </pokoj>
   <pokoj id="pkj3">
      <pacienti>   </pacienti>
   </pokoj>
   <pokoj id="pkj4">
      <pacienti>   </pacienti>
   </pokoj>
   <pokoj id="pkj5">
      <pacienti>   </pacienti>
   </pokoj>
   <pokoj id="pkj6">
      <pacienti>   </pacienti>
   </pokoj>
</pacientiVpokojich>