<?xml version="1.0" encoding="UTF-8"?>
<kosiky>
   <kosik kod="k1">
      <instrumenty>
         <instrument kod="sk"/>
         <instrument kod="gz"/>
         <instrument kod="dl"/>
      </instrumenty>
   </kosik>
   <kosik kod="k2">
      <instrumenty>
         <instrument kod="dl"/>
      </instrumenty>
   </kosik>
   <kosik kod="k3">
      <instrumenty>
         <instrument kod="vrt"/>
         <instrument kod="jh"/>
         <instrument kod="ods"/>
      </instrumenty>
   </kosik>
</kosiky>