<html>
   <head>
      <meta http-equiv="Content-Type" content="text/html; charset=UTF-8">
      <title>Seznam  nastroju</title>
   </head>
   <body>
      <table>
         <tr>
            <td>Kod</td>
            <td>Vyrobce</td>
            <td>Datum porizeni</td>
            <td>Poznamka</td>
            <td>Doba sterilizace</td>
            <td>Byl pouzit pri nejake operaci</td>
         </tr>
         <tr>
            <td>gz</td>
            <td>Aerol s.r.o.</td>
            <td>2.2.2001</td>
            <td>Sterilni gaza.</td>
            <td>0</td>
            <td>Ano</td>
         </tr>
         <tr>
            <td>sk</td>
            <td>Medica a.s.</td>
            <td>1.1.2000</td>
            <td>Hodne ostry skalpel</td>
            <td>5</td>
            <td>Ano</td>
         </tr>
         <tr>
            <td>df</td>
            <td>Medica a.s.</td>
            <td>30.5.2010</td>
            <td>Poznamka neni.</td>
            <td>0</td>
            <td>Ne</td>
         </tr>
         <tr>
            <td>intrav</td>
            <td>Medica a.s.</td>
            <td>4.5.1998</td>
            <td>Poznamka neni.</td>
            <td>8</td>
            <td>Ano</td>
         </tr>
         <tr>
            <td>jh</td>
            <td>Medica a.s.</td>
            <td>6.6.2006</td>
            <td>Poznamka neni.</td>
            <td>4</td>
            <td>Ano</td>
         </tr>
         <tr>
            <td>sn04</td>
            <td>Medica a.s.</td>
            <td>9.9.20009</td>
            <td>Tlusta nit.</td>
            <td>0</td>
            <td>Ano</td>
         </tr>
         <tr>
            <td>des</td>
            <td>Savo</td>
            <td>4.3.2005</td>
            <td>Poznamka neni.</td>
            <td>0</td>
            <td>Ano</td>
         </tr>
         <tr>
            <td>des2</td>
            <td>Savo</td>
            <td>4.4.2005</td>
            <td>Poznamka neni.</td>
            <td>0</td>
            <td>Ne</td>
         </tr>
      </table>
   </body>
</html>