<?xml version="1.0" encoding="UTF-8"?>
<nastrojePouzitePriOperacich>
   <nastroj>
      <datumPorizeni>1.1.2000</datumPorizeni>
      <vyrobce>Medica a.s.</vyrobce>
      <poznamka>Hodne ostry skalpel</poznamka>
      <dobaSterilizace>5</dobaSterilizace>
      <kod>sk</kod>
      <nazev>Skalpel</nazev>
   </nastroj>
   <nastroj>
      <datumPorizeni>2.2.2001</datumPorizeni>
      <vyrobce>Aerol s.r.o.</vyrobce>
      <poznamka>Sterilni gaza.</poznamka>
      <dobaSterilizace>0</dobaSterilizace>
      <kod>gz</kod>
      <nazev>Gaza</nazev>
   </nastroj>
   <nastroj>
      <datumPorizeni/>
      <vyrobce/>
      <poznamka/>
      <dobaSterilizace/>
      <kod>def</kod>
      <nazev>Defibrilator</nazev>
   </nastroj>
   <nastroj>
      <datumPorizeni>7.7.2004</datumPorizeni>
      <vyrobce>Obrim</vyrobce>
      <poznamka>Kulata svorka.</poznamka>
      <dobaSterilizace>20</dobaSterilizace>
      <kod>sv</kod>
      <nazev>Svorka</nazev>
   </nastroj>
   <nastroj>
      <datumPorizeni>4.5.1998</datumPorizeni>
      <vyrobce>Medica a.s.</vyrobce>
      <poznamka/>
      <dobaSterilizace>8</dobaSterilizace>
      <kod>intrav</kod>
      <nazev>Injekcni strikacka</nazev>
   </nastroj>
   <nastroj>
      <datumPorizeni>6.6.2010</datumPorizeni>
      <vyrobce>Aerol s.r.o.</vyrobce>
      <poznamka>Dlato.</poznamka>
      <dobaSterilizace>40</dobaSterilizace>
      <kod>dl</kod>
      <nazev>Dlato</nazev>
   </nastroj>
   <nastroj>
      <datumPorizeni>8.8.2000</datumPorizeni>
      <vyrobce>Bosch</vyrobce>
      <poznamka>Vrtacka bez priklepu.</poznamka>
      <dobaSterilizace>30</dobaSterilizace>
      <kod>vrt</kod>
      <nazev>Vrtacka</nazev>
   </nastroj>
   <nastroj>
      <datumPorizeni>4.4.2001</datumPorizeni>
      <vyrobce>Bosch</vyrobce>
      <poznamka>120ml/s</poznamka>
      <dobaSterilizace>80</dobaSterilizace>
      <kod>ods</kod>
      <nazev>Odsavacka</nazev>
   </nastroj>
   <nastroj>
      <datumPorizeni>6.6.2006</datumPorizeni>
      <vyrobce>Medica a.s.</vyrobce>
      <poznamka/>
      <dobaSterilizace>4</dobaSterilizace>
      <kod>jh</kod>
      <nazev>Jehla</nazev>
   </nastroj>
   <nastroj>
      <datumPorizeni>9.9.20009</datumPorizeni>
      <vyrobce>Medica a.s.</vyrobce>
      <poznamka>Tlusta nit.</poznamka>
      <dobaSterilizace>0</dobaSterilizace>
      <kod>sn04</kod>
      <nazev>Sici nit 0,4</nazev>
   </nastroj>
   <nastroj>
      <datumPorizeni>4.3.2005</datumPorizeni>
      <vyrobce>Savo</vyrobce>
      <poznamka/>
      <dobaSterilizace>0</dobaSterilizace>
      <kod>des</kod>
      <nazev>Desinfekce</nazev>
   </nastroj>
</nastrojePouzitePriOperacich>