<?xml version="1.0" encoding="UTF-8"?>
<list>
   <article link="http://technet.idnes.cz/zkuste-si-zalozit-anonymni-e-mail-ktery-se-po-pouziti-sam-zlikviduje-12p-/sw_internet.aspx?c=A120224_150823_sw_internet_vse">
      <title>Zkuste si založit anonymní e-mail, který se po použití sám
			zlikviduje</title>
      <authorname/>
   </article>
   <article link="http://technet.idnes.cz/gottwaldova-mumie-na-vitkove-djl-/tec_reportaze.aspx?c=A120224_200024_vojenstvi_kuz">
      <title>
			OBRAZEM
			Tohle na vlastní oči už nikdy neuvidíte. Podzemí, kde ležela
			Gottwaldova mumie
		</title>
      <authorname>Jan Kužník</authorname>
   </article>
   <article link="http://notebooky.idnes.cz/proview-apple-od-nas-ziskal-nazev-ipad-podfukem-fry-/vyrobci.aspx?c=A120224_131728_vyrobci_vse">
      <title>
			Proview
			Apple od nás získal název iPad podfukem
		</title>
      <authorname>Roman Všetečka</authorname>
   </article>
   <article link="http://technet.idnes.cz/konec-senzace-neutrina-jsou-pomalejsi-nez-svetlo-chyba-byla-v-hardwaru-1mv-/veda.aspx?c=A120222_233938_veda_mla">
      <title>
			Konec senzace
			Neutrina jsou pomalejší než světlo. Chyba byla v hardwaru
		</title>
      <authorname>Matouš Lázňovský</authorname>
   </article>
</list>