<?xml version="1.0" encoding="UTF-8"?><html xmlns="http://www.w3.org/1999/xhtml" xml:lang="cs" lang="cs">
   <head>
      <meta http-equiv="Content-Type" content="text/html; charset=UTF-8" /><style type="text/css">body{font-family: Verdana, Arial, Helvetica, sans-serif}
    table, th, td{ border: 1px solid gray; border-collapse:collapse}
    .alt1{background-color:white}
    .alt2{background-color:lightgray}
    .th{background-color:gray}</style><title>Photo JPG list</title>
   </head>
   <body>
      <h1>Getting JPG photos using xQuery processor Zorba</h1>
      <table cellspacing="0" cellpadding="5">
         <tr class="th">
            <th></th>
            <th>Photo id</th>
            <th>author id</th>
            <th>url</th>
            <th>description</th>
            <th>height</th>
            <th>width</th>
         </tr>
         <tr class="alt2">
            <td>1</td>
            <td>MBO3b6786_profimedia_0003947752</td>
            <td>Profimedia</td>
            <td>http://62.141.13.19/bmi/i.idnes.cz/11/053/cl6/MBO3b6786_profimedia_0003947752.jpg</td>
            <td>
               Bezstarostné posílání dat
               
            </td>
            <td>350</td>
            <td>275</td>
         </tr>
         <tr class="alt1">
            <td>2</td>
            <td>VSE416789_obr_01</td>
            <td></td>
            <td>http://62.141.13.18/bmi/i.idnes.cz/12/023/cl5/VSE416789_obr_01.jpg</td>
            <td>
               Dočasné anonymní e-maily jsou výborným nástrojem pro ochranu vaší soukromé e-mailové adresy, vyžadované pro účely různých
               registrací
               
            </td>
            <td>200</td>
            <td>150</td>
         </tr>
         <tr class="alt2">
            <td>3</td>
            <td>VSE416789_obr_02</td>
            <td></td>
            <td>http://62.141.13.19/bmi/i.idnes.cz/12/023/cl5/VSE416789_obr_02.jpg</td>
            <td>
               Pro rychlé vystavení obrázků na internetu si nemusíte vytvářet žádné uživatelské účty a sdělovat své osobní údaje
               
            </td>
            <td>200</td>
            <td>150</td>
         </tr>
         <tr class="alt1">
            <td>4</td>
            <td>VSE416789_obr_03</td>
            <td></td>
            <td>http://62.141.13.19/bmi/i.idnes.cz/12/023/cl5/VSE416789_obr_03.jpg</td>
            <td>
               Jestliže chcete publikovat svoje myšlenky prostřednictvím internetového blogu, nemusíte si hned zakládat vlastní účet na blogovacím
               serveru
               
            </td>
            <td>200</td>
            <td>150</td>
         </tr>
         <tr class="alt2">
            <td>5</td>
            <td>KUZ41692e_IMG_7544</td>
            <td>JanKuzdik</td>
            <td>http://i.idnes.cz/12/023/cl6/KUZ41692e_IMG_7544.JPG</td>
            <td>
               Velín, odkud se ovládala vzduchotechnika a veškeré technické vybavení mauzolea, včetně vytápění, osvětlení apod. Zachovalo
               se i dobové osvětlení včetně lustru. Celé mauzoleum bylo vybaveno jak vnitřním, tak státním telefonem.
               
            </td>
            <td>650</td>
            <td>400</td>
         </tr>
         <tr class="alt1">
            <td>6</td>
            <td>KUZ41692e_IMG_7545</td>
            <td>JanKuzdik</td>
            <td>http://i.idnes.cz/12/023/cl6/KUZ41692e_IMG_7545.JPG</td>
            <td>
               Smuteční síň s dvojitou stěnou. Sem vyjížděl prosklený sarkofág s mumií prezidenta, aby jej obdivovaly davy pracujících. Stěny
               jsou obloženy různými druhy leštěného mramoru. Černý pruh na stěně jsou vývody klimatizace. Tato místnost byla při rekonstrukci
               zcela změněna. Původně se počítalo s tím, že jí bude navrácen vzhled, který navrhl architekt Zázvorka.
               
            </td>
            <td>650</td>
            <td>400</td>
         </tr>
         <tr class="alt2">
            <td>7</td>
            <td>KUZ41692e_IMG_7546</td>
            <td>JanKuzdik</td>
            <td>http://i.idnes.cz/12/023/cl6/KUZ41692e_IMG_7546.JPG</td>
            <td>
               Dveře hermeticky uzavíratelné místnosti, kde bylo chladící zařízení na mumii, byly vyrobeny z dubu a potaženy plechem.
               
            </td>
            <td>650</td>
            <td>400</td>
         </tr>
         <tr class="alt1">
            <td>8</td>
            <td>KRR398894_iPad_2</td>
            <td>iDNES</td>
            <td>http://i.idnes.cz/11/031/cl6/KRR398894_iPad_2.jpg</td>
            <td>
               iPad 2
               
            </td>
            <td>325</td>
            <td>250</td>
         </tr>
         <tr class="alt2">
            <td>9</td>
            <td>MLA3e5336_NO_TEXT2</td>
            <td>CERN</td>
            <td>http://i.idnes.cz/11/101/cl6/MLA3e5336_NO_TEXT2.JPG</td>
            <td>
               Start pouti. Sedmikilometrový kruhový urychlovač ve středisku CERN u Ženevy vystřeluje protony, ze kterých se uvolňují neutrina
               mířící do italské observatoře.
               
            </td>
            <td>480</td>
            <td>400</td>
         </tr>
      </table>
   </body>
</html>