<?xml version="1.0" encoding="UTF-8"?>
<keyWordList>
   <word category="internet sluzby">blog</word>
   <word category="internet sluzby">email</word>
   <word category="internet sluzby">online</word>
   <word category="historie">klement</word>
   <word category="historie">gottwald</word>
   <word category="historie">delnicky</word>
   <word category="historie">prezident</word>
   <word category="historie">1948</word>
   <word category="iPad">Cina</word>
   <word category="iPad">soud</word>
   <word category="iPad">podvod</word>
   <word category="physics CERN">neutrin</word>
   <word category="physics CERN">svetlo</word>
   <word category="physics CERN">chyba</word>
   <word category="physics CERN">měření</word>
</keyWordList>