<?xml version="1.0" encoding="UTF-8"?>
<photoArticleList>
   <article xmlns:xsi="http://www.w3.org/2001/XMLSchema-instance"
            articleId="A120224_200024_vojenstvi_kuz">
		    <articleLink>http://technet.idnes.cz/gottwaldova-mumie-na-vitkove-djl-/tec_reportaze.aspx?c=A120224_200024_vojenstvi_kuz</articleLink>
		    <title>
			      <prefix>OBRAZEM</prefix>
			Tohle na vlastní oči už nikdy neuvidíte. Podzemí, kde ležela
			Gottwaldova mumie
		</title>
		    <mainPhoto id="KUZ41692e_IMG_7544"/>
		    <photoGallery>
			      <photo id="KUZ41692e_IMG_7544">
				        <photoAuthor id="JanKuzdik"/>
				        <url>http://i.idnes.cz/12/023/cl6/KUZ41692e_IMG_7544.JPG</url>
				        <size>
					          <measurement>pixel</measurement>
					          <height>650</height>
					          <width>400</width>
				        </size>
				        <format>jpg</format>
				        <description>
                    Velín, odkud se ovládala vzduchotechnika a veškeré technické vybavení mauzolea, včetně vytápění, osvětlení apod. Zachovalo se i dobové osvětlení včetně lustru. Celé mauzoleum bylo vybaveno jak vnitřním, tak státním telefonem.
                    </description>
			      </photo>
			      <photo id="KUZ41692e_IMG_7545">
				        <photoAuthor id="JanKuzdik"/>
				        <url>http://i.idnes.cz/12/023/cl6/KUZ41692e_IMG_7545.JPG</url>
				        <size>
					          <measurement>pixel</measurement>
					          <height>650</height>
					          <width>400</width>
				        </size>
				        <format>jpg</format>
				        <description>
                    Smuteční síň s dvojitou stěnou. Sem vyjížděl prosklený sarkofág s mumií prezidenta, aby jej obdivovaly davy pracujících. Stěny jsou obloženy různými druhy leštěného mramoru. Černý pruh na stěně jsou vývody klimatizace. Tato místnost byla při rekonstrukci zcela změněna. Původně se počítalo s tím, že jí bude navrácen vzhled, který navrhl architekt Zázvorka.
                    </description>
			      </photo>
			      <photo id="KUZ41692e_IMG_7546">
				        <photoAuthor id="JanKuzdik"/>
				        <url>http://i.idnes.cz/12/023/cl6/KUZ41692e_IMG_7546.JPG</url>
				        <size>
					          <measurement>pixel</measurement>
					          <height>650</height>
					          <width>400</width>
				        </size>
				        <format>jpg</format>
				        <description>
                    Dveře hermeticky uzavíratelné místnosti, kde bylo chladící zařízení na mumii, byly vyrobeny z dubu a potaženy plechem.
                    </description>
			      </photo>
		    </photoGallery>
		    <content>
			      <abstract>Fotoreportáž vás zavede do katakomb, kde ve stísněných podmínkách probíhala údržba mrtvoly prvního dělnického prezidenta Klementa Gottwalda. Laboratoře byly vybaveny nejmodernějšími přístroji a v celém mauzoleu pracovalo několik desítek lidí. Dražší hrob neměl v Evropě nikdo.</abstract>
			V sobotu uplyne 64 let od takzvaného Vítězného února 1948. Tehdy v
			Československu začala vláda jedné strany v jejímž čele stál Klement
			Gottwald, známý také jako první dělnický prezident. Právě k tomuto
			výročí byla na pražském Vítkově otevřena nová expozice přibližující
			krutá padesátá léta dvacátého století, samotného Gottwalda a jeho
			mumifikaci. Více si o výstavě Laboratoř moci můžete přečíst přímo na
			stránkách Národního muzea.
		</content>
		    <articleAuthor id="JanKuzdik"/>
		    <history>
			      <dateOfCreation>
				        <date>2009-12-19</date>
				        <time>13:30:00</time>
			      </dateOfCreation>
			      <updateList>
			</updateList>
		    </history>
		    <numberOfViews>36908</numberOfViews>
		    <numberOfReactions>560</numberOfReactions>
		    <keyWords>
			      <category name="technet">
				        <category name="historie">
					          <word>klement</word>
					          <word>gottwald</word>
					          <word>delnicky</word>
					          <word>prezident</word>
					          <word>1948</word>
				        </category>
			      </category>
			      <category name="photo">
				        <word>katakomby</word>
			      </category>
		    </keyWords>
	  </article>
   <article xmlns:xsi="http://www.w3.org/2001/XMLSchema-instance"
            articleId="A120224_150823_sw_internet_vse">
		    <articleLink>http://technet.idnes.cz/zkuste-si-zalozit-anonymni-e-mail-ktery-se-po-pouziti-sam-zlikviduje-12p-/sw_internet.aspx?c=A120224_150823_sw_internet_vse</articleLink>
		    <title>Zkuste si založit anonymní e-mail, který se po použití sám
			zlikviduje</title>
		    <mainPhoto id="MBO3b6786_profimedia_0003947752"/>
		    <photoGallery>
			      <photo id="MBO3b6786_profimedia_0003947752">
				        <photoAuthor id="Profimedia"/>
				        <url>http://62.141.13.19/bmi/i.idnes.cz/11/053/cl6/MBO3b6786_profimedia_0003947752.jpg</url>
				        <size>
					          <measurement>pixel</measurement>
					          <height>350</height>
					          <width>275</width>
				        </size>
				        <format>jpg</format>
				        <description>
                    Bezstarostné posílání dat
                    </description>
			      </photo>
			      <photo id="VSE416789_obr_01">
				        <url>http://62.141.13.18/bmi/i.idnes.cz/12/023/cl5/VSE416789_obr_01.jpg</url>
				        <size>
					          <measurement>pixel</measurement>
					          <height>200</height>
					          <width>150</width>
				        </size>
				        <format>jpg</format>
				        <description>
                    Dočasné anonymní e-maily jsou výborným nástrojem pro ochranu vaší soukromé e-mailové adresy, vyžadované pro účely různých registrací
                    </description>
			      </photo>
			      <photo id="VSE416789_obr_02">
				        <url>http://62.141.13.19/bmi/i.idnes.cz/12/023/cl5/VSE416789_obr_02.jpg</url>
				        <size>
					          <measurement>pixel</measurement>
					          <height>200</height>
					          <width>150</width>
				        </size>
				        <format>jpg</format>
				        <description>
                    Pro rychlé vystavení obrázků na internetu si nemusíte vytvářet žádné uživatelské účty a sdělovat své osobní údaje
                    </description>
			      </photo>
			      <photo id="VSE416789_obr_03">
				        <url>http://62.141.13.19/bmi/i.idnes.cz/12/023/cl5/VSE416789_obr_03.jpg</url>
				        <size>
					          <measurement>pixel</measurement>
					          <height>200</height>
					          <width>150</width>
				        </size>
				        <format>jpg</format>
				        <description>
                    Jestliže chcete publikovat svoje myšlenky prostřednictvím internetového blogu, nemusíte si hned zakládat vlastní účet na blogovacím serveru
                    </description>
			      </photo>
		    </photoGallery>
		    <content>
			      <abstract>Většina on-line služeb zdržuje před prvním použitím registrací. E-mail, blog i fotografii však můžete na webu zveřejnit rychle i bez udání osobních údajů.</abstract>
			      <h1>Autodestrukční e-maily</h1>
			Snad nejčastěji zadávaným osobním údajem na internetu je e-mail. Pak
			se nelze divit, že se vaše schránka plní obrovským množstvím zpráv,
			zasílaných provozovateli služeb, ke kterým jste se pomocí svého
			e-mailu přihlásili. Pokud si za tímto účelem vytvoříte speciální
			e-mailovou schránku, získáte jen další službu, ke které si musíte
			pamatovat přístupové heslo.
			<br/>
			Řešením je používání anonymních e-mailových schránek, které se po
			splnění svého účelu samy zlikvidují. K jejich vytvoření si samozřejmě
			nemusíte vytvářet žádný uživatelský účet a obejdete se bez jakýchkoli
			osobních informací.
		</content>
		    <articleAuthor isAnnonymous="true" id="iDNES"/>
		    <history>
			      <dateOfCreation>
				        <date>2002-09-24</date>
				        <time>09:00:00</time>
			      </dateOfCreation>
			      <updateList>
				        <update>
					          <date>2008-05-08</date>
					          <time>17:05:05</time>
				        </update>
				        <update>
					          <date>2008-05-08</date>
					          <time>20:18:30</time>
				        </update>
			      </updateList>
		    </history>
		    <numberOfViews>15186</numberOfViews>
		    <numberOfReactions>256</numberOfReactions>
		    <keyWords>
			      <category name="technet">
				        <category name="internet">
					          <word>blog</word>
				        </category>
				        <category name="sluzby">
					          <word>email</word>
					          <word>online</word>
				        </category>
			      </category>
		    </keyWords>
	  </article>
</photoArticleList>