<?xml version="1.0" encoding="UTF-8"?>
<authorList>
   <author id="JanKuzdik">
      <name xmlns:xsi="http://www.w3.org/2001/XMLSchema-instance">
			      <first>Jan</first>
			      <last>Kužník</last>
			      <yearOfBirth>1978-09-24</yearOfBirth>
		    </name>
      <asociatedPhotos>
         <photo id="KUZ41692e_IMG_7544">
            <url xmlns:xsi="http://www.w3.org/2001/XMLSchema-instance">http://i.idnes.cz/12/023/cl6/KUZ41692e_IMG_7544.JPG</url>
         </photo>
         <photo id="KUZ41692e_IMG_7545">
            <url xmlns:xsi="http://www.w3.org/2001/XMLSchema-instance">http://i.idnes.cz/12/023/cl6/KUZ41692e_IMG_7545.JPG</url>
         </photo>
         <photo id="KUZ41692e_IMG_7546">
            <url xmlns:xsi="http://www.w3.org/2001/XMLSchema-instance">http://i.idnes.cz/12/023/cl6/KUZ41692e_IMG_7546.JPG</url>
         </photo>
      </asociatedPhotos>
   </author>
   <author id="Profimedia">
      <anonymous/>
      <asociatedPhotos/>
   </author>
   <author id="iDNES">
      <anonymous/>
      <asociatedPhotos>
         <photo id="MBO3b6786_profimedia_0003947752">
            <url xmlns:xsi="http://www.w3.org/2001/XMLSchema-instance">http://62.141.13.19/bmi/i.idnes.cz/11/053/cl6/MBO3b6786_profimedia_0003947752.jpg</url>
         </photo>
         <photo id="VSE416789_obr_01">
            <url xmlns:xsi="http://www.w3.org/2001/XMLSchema-instance">http://62.141.13.18/bmi/i.idnes.cz/12/023/cl5/VSE416789_obr_01.jpg</url>
         </photo>
         <photo id="VSE416789_obr_02">
            <url xmlns:xsi="http://www.w3.org/2001/XMLSchema-instance">http://62.141.13.19/bmi/i.idnes.cz/12/023/cl5/VSE416789_obr_02.jpg</url>
         </photo>
         <photo id="VSE416789_obr_03">
            <url xmlns:xsi="http://www.w3.org/2001/XMLSchema-instance">http://62.141.13.19/bmi/i.idnes.cz/12/023/cl5/VSE416789_obr_03.jpg</url>
         </photo>
      </asociatedPhotos>
   </author>
   <author id="RomanVsetecka">
      <name xmlns:xsi="http://www.w3.org/2001/XMLSchema-instance">
			      <first>Roman</first>
			      <last>Všetečka</last>
		    </name>
      <asociatedPhotos>
         <photo id="KRR398894_iPad_2">
            <url xmlns:xsi="http://www.w3.org/2001/XMLSchema-instance">http://i.idnes.cz/11/031/cl6/KRR398894_iPad_2.jpg</url>
         </photo>
      </asociatedPhotos>
   </author>
   <author id="CERN">
      <anonymous/>
      <asociatedPhotos/>
   </author>
   <author id="MatousLaznovsky">
      <name xmlns:xsi="http://www.w3.org/2001/XMLSchema-instance">
			      <first>Matouš</first>
			      <last>Lázňovský</last>
		    </name>
      <asociatedPhotos>
         <photo id="MLA3e5336_NO_TEXT2">
            <url xmlns:xsi="http://www.w3.org/2001/XMLSchema-instance">http://i.idnes.cz/11/101/cl6/MLA3e5336_NO_TEXT2.JPG</url>
         </photo>
      </asociatedPhotos>
   </author>
</authorList>