<html>
   <head>
      <meta http-equiv="Content-Type" content="text/html; charset=UTF-8">
      <title>Levels</title>
   </head>
   <body>
      <h1>Levels</h1>
      <div>
         <h2>Level 1</h2><img src="map.jpg"><h3>Respawns</h3>
         <ul>
            <li>Number of respawns: 2</li>
            <li>Units:			
               								
               <ul>
                  <li>Mage</li>
                  <li>Paladin</li>
               </ul>
            </li>
         </ul>
         <h3>Comment</h3>
         <p>
            Popis nejake mapy s referncema na jednotky...
            
         </p>
      </div>
      <div>
         <h2>Level 2</h2><img src="map1.jpg"><h3>No respawns</h3>
         <h3>Comment</h3>
         <p>
            Nejaky popisek..
            
         </p>
      </div>
   </body>
</html>