<?xml version="1.0" encoding="UTF-8"?>
<Units>
   <Unit id="123">
      <Name>Paladin</Name>
      <Stats>
				     <Dex>10</Dex>
				     <Hp>20</Hp>
				     <Int>20</Int>
				     <Mana>5</Mana>
				     <Stam>30</Stam>
				     <Str>50</Str>
			   </Stats>
      <Damage>500</Damage>
   </Unit>
   <Unit id="124">
      <Name>Mage</Name>
      <Stats>
        <Dex>5</Dex>
        <Hp>15</Hp>
        <Int>50</Int>
        <Mana>50</Mana>
        <Stam>40</Stam>
        <Str>5</Str>
        <Specials>
            <special name="IntBonus" value="10"/>
            <special name="StrBonus" value="-2"/>
        </Specials>
      </Stats>
      <Damage>200</Damage>
   </Unit>
   <Unit id="b1">
      <Name>BossNo1</Name>
      <Stats>
			      <Dex>2000</Dex>
			      <Hp>10000</Hp>
			      <Int>500</Int>
			      <Mana>123445</Mana>
			      <Stam>666</Stam>
			      <Str>9999999</Str>
		    </Stats>
      <Damage>88888</Damage>
   </Unit>
   <Unit id="b11">
      <Name>BossNo1Slave</Name>
      <Stats>
					    <Dex>2000</Dex>
					    <Hp>10000</Hp>
					    <Int>500</Int>
					    <Mana>123445</Mana>
					    <Stam>666</Stam>
					    <Str>9999999</Str>
				  </Stats>
      <Damage>88888</Damage>
   </Unit>
   <Unit id="b12">
      <Name>OrcSlave</Name>
      <Stats>
					    <Dex>20</Dex>
					    <Hp>10</Hp>
					    <Int>50</Int>
					    <Mana>12</Mana>
					    <Stam>6</Stam>
					    <Str>99</Str>
				  </Stats>
      <Damage>8</Damage>
   </Unit>
   <Unit id="b2">
      <Name>BossNo2</Name>
      <Stats>
			      <Dex>2000000</Dex>
			      <Hp>100</Hp>
			      <Int>5000000</Int>
			      <Mana>123445</Mana>
			      <Stam>666</Stam>
			      <Str>99</Str>
		    </Stats>
      <Damage>8</Damage>
   </Unit>
   <Unit id="b21">
      <Name>MiniBoss</Name>
      <Stats>
					    <Dex>2000000</Dex>
					    <Hp>100</Hp>
					    <Int>5000000</Int>
					    <Mana>123445</Mana>
					    <Stam>666</Stam>
					    <Str>99</Str>
				  </Stats>
      <Damage>8</Damage>
   </Unit>
   <Unit id="b211">
      <Name>Snower</Name>
      <Stats>
							  <Dex>20</Dex>
							  <Hp>10</Hp>
							  <Int>50</Int>
							  <Mana>12</Mana>
							  <Stam>6</Stam>
							  <Str>99</Str>
						</Stats>
      <Damage>80</Damage>
   </Unit>
</Units>