<?xml version="1.0" encoding="UTF-8"?>
<spravce prijmeni="Lopata">
   <jmenoarealu>Areal poutovy</jmenoarealu>
   <jmenopavilonu>Pavilon kolotocovy</jmenopavilonu>
   <jmenopavilonu>Pavilon cirkusovy</jmenopavilonu>
</spravce>
<spravce prijmeni="Kral">
   <jmenoarealu>Areal poutovy</jmenoarealu>
   <jmenopavilonu>Pavilon kolotocovy</jmenopavilonu>
   <jmenopavilonu>Pavilon cirkusovy</jmenopavilonu>
</spravce>
<spravce prijmeni="Kral">
   <jmenoarealu>Areal zvireci</jmenoarealu>
   <jmenopavilonu>Pavilon ryb</jmenopavilonu>
   <jmenopavilonu>Pavilon savcu</jmenopavilonu>
</spravce>