<?xml version="1.0" encoding="UTF-8"?>
<atrakce>
   <jmenoatrakce>Strasidelny dum</jmenoatrakce>
   <stoji cena="10"/>
   <budova id="b1"/>
</atrakce>
<atrakce>
   <jmenoatrakce>Stredni retizak</jmenoatrakce>
   <stoji cena="10"/>
   <budova id="b2"/>
</atrakce>
<atrakce>
   <jmenoatrakce>Zongleri</jmenoatrakce>
   <stoji cena="10"/>
   <budova id="b3"/>
</atrakce>
<atrakce>
   <jmenoatrakce>Akvarium</jmenoatrakce>
   <stoji cena="10"/>
   <budova id="b5"/>
</atrakce>
<atrakce>
   <jmenoatrakce>Lvi arena</jmenoatrakce>
   <stoji cena="10"/>
   <budova id="b6"/>
</atrakce>
<atrakce>
   <jmenoatrakce>Opici klec</jmenoatrakce>
   <stoji cena="10"/>
   <budova id="b6"/>
</atrakce>
<atrakce>
   <jmenoatrakce>Klauni</jmenoatrakce>
   <stoji cena="15"/>
   <budova id="b4"/>
</atrakce>
<atrakce>
   <jmenoatrakce>Maly retizak</jmenoatrakce>
   <stoji cena="20"/>
   <budova id="b1"/>
</atrakce>
<atrakce>
   <jmenoatrakce>Plivaci ohne</jmenoatrakce>
   <stoji cena="20"/>
   <budova id="b3"/>
</atrakce>
<atrakce>
   <jmenoatrakce>Lachtani</jmenoatrakce>
   <stoji cena="40"/>
   <budova id="b5"/>
</atrakce>