<html>
   <body>
      <table>
         <th>Pavilon</th>
         <th>rozloha</th>
         <tr>
            <td>Pavilon kolotocovy</td>
            <td>620</td>
         </tr>
         <tr>
            <td>Pavilon cirkusovy</td>
            <td>610</td>
         </tr>
         <tr>
            <td>Pavilon ryb</td>
            <td>350</td>
         </tr>
         <tr>
            <td>Pavilon savcu</td>
            <td>360</td>
         </tr>
      </table>
      <h3>
         		atrakce s nejvetsi rozlohou
         	
      </h3>
      <p>
         <jmenoatrakce>Stredni retizak</jmenoatrakce>
      </p>
      <h3>
         		Celkem zamestnancu
         	
      </h3>
      <p>34</p>
      <h3>
         		Ruznych prijmeni zamestnancu
         	
      </h3>
      <p>19</p>
      <h3>
         		Dny, kdy pracujou vic jak dva zamestnanci
         	
      </h3>
      <p> utery  ctvrtek </p>
      <h3>
         		Pavilony s rozlohou atrakci vetsi jak 500
         	
      </h3>
      <p>Pavilon kolotocovyPavilon cirkusovy</p>
   </body>
</html>