<?xml version="1.0" encoding="UTF-8"?>
<zamestnanec prijmeni="Hladik">
   <podrizeni>
      <zamestnanec prijmeni="Jemelik">
         <podrizeni/>
      </zamestnanec>
      <zamestnanec prijmeni="Dvorak">
         <podrizeni>
            <zamestnanec prijmeni="Lopata">
               <podrizeni/>
            </zamestnanec>
            <zamestnanec prijmeni="Teply">
               <podrizeni>
                  <zamestnanec prijmeni="Kral">
                     <podrizeni/>
                  </zamestnanec>
               </podrizeni>
            </zamestnanec>
            <zamestnanec prijmeni="Novak">
               <podrizeni/>
            </zamestnanec>
         </podrizeni>
      </zamestnanec>
   </podrizeni>
</zamestnanec>