<?xml version="1.0" encoding="UTF-8"?>
<pracant prijmeni="Lopata">
   <uklizi/>
</pracant>
<pracant prijmeni="Novak">
   <uklizi/>
</pracant>
<pracant prijmeni="Kral">
   <prodava/>
</pracant>
<pracant prijmeni="Lopata">
   <uklizi/>
</pracant>
<pracant prijmeni="Novak">
   <uklizi/>
</pracant>
<pracant prijmeni="Kral">
   <prodava/>
</pracant>
<pracant prijmeni="Nejedlo">
   <uklizi/>
</pracant>
<pracant prijmeni="Jezek">
   <prodava/>
</pracant>
<pracant prijmeni="Strelec">
   <prodava/>
</pracant>
<pracant prijmeni="Novak">
   <uklizi/>
</pracant>
<pracant prijmeni="Kral">
   <prodava/>
</pracant>
<pracant prijmeni="Lopata">
   <uklizi/>
</pracant>
<pracant prijmeni="Kral">
   <prodava/>
</pracant>
<pracant prijmeni="Lopata">
   <uklizi/>
</pracant>
<pracant prijmeni="IVV">
   <uklizi/>
</pracant>
<pracant prijmeni="Kukuc">
   <uklizi/>
</pracant>
<pracant prijmeni="Zeleny">
   <prodava/>
</pracant>
<pracant prijmeni="Kukuc">
   <uklizi/>
</pracant>
<pracant prijmeni="Zeleny">
   <prodava/>
</pracant>
<pracant prijmeni="Zluty">
   <uklizi/>
</pracant>
<pracant prijmeni="Modry">
   <prodava/>
</pracant>
<pracant prijmeni="Fialovy">
   <uklizi/>
</pracant>
<pracant prijmeni="Cerny">
   <uklizi/>
</pracant>
<pracant prijmeni="Bily">
   <prodava/>
</pracant>
<pracant prijmeni="Kaktusovy">
   <prodava/>
</pracant>
<pracant prijmeni="Novak">
   <uklizi/>
</pracant>
<pracant prijmeni="Kral">
   <prodava/>
</pracant>