<?xml version="1.0" encoding="windows-1250" standalone="no"?><?xml-stylesheet href="data.xsl" type="text/xsl"?>
<?php $jazyk = "cs"; ?>
<utkani xmlns:xsi="http://www.w3.org/2001/XMLSchema-instance" xsi:noNamespaceSchemaLocation="data.xsd">
  <kod>
  	<![CDATA[
      	function vyprodano(kapacita,navsteva)
      	{
      		if(navsteva == kapacita)
      		{
      			return true;
      		}
      		else
      		{
      			return false;
      		} 
      	}
      	]]>
    <?php $jazyk = "cs"; ?>
  </kod>
  <informace>
    <datum>2012-02-26</datum>
    <cas>13:30:00</cas>
    <stadion zeme="ENG">
      <nazev>Emirates Stadium</nazev>
      <kapacita>60335</kapacita>
      <navsteva>60106</navsteva> 
    </stadion>
    <pocasi>
      <teplota>
      		<?php $teplota = 5; 
      				if($jazyk=="us") { echo ($teplota*(9/4)+32).'?F'; }
      						else 	{ echo $teplota.'?C'; } ?>
      </teplota>
      <polojasno/>
    </pocasi>
    <soutez>
      <liga kolo="26" uroven="1" zeme="ENG">
      	Premier League
      </liga>
    </soutez>
  </informace>
  <rozhodci>
    <hlavni narodnost="ENG">
    	<jmeno>Mike</jmeno>
    	<prijmeni>Dean</prijmeni>
    </hlavni>
    <pomezni narodnost="ENG">
    	<jmeno>Stephen</jmeno>
    	<prijmeni>Child</prijmeni>
    </pomezni>
    <pomezni narodnost="ENG">
    	<jmeno>Simon</jmeno>
    	<prijmeni>Long</prijmeni>
    </pomezni>
  </rozhodci>
  <tym nazev="Arsenal">
    
    <sestava>
      <hrac cislo="13" narodnost="POL" pozice="GK">
        <jmeno>Wojciech</jmeno>
        <prijmeni>Szczesny</prijmeni>
      </hrac> 
      <hrac cislo="3" narodnost="FRA" pozice="RB">
        <jmeno>Bacary</jmeno>
        <prijmeni>Sagna</prijmeni>
        <gol minuta="40" udalost_id="DG1"/>
      </hrac>
      <hrac cislo="6" narodnost="FRA" pozice="CD">
        <jmeno>Laurent</jmeno>
        <prijmeni>Koscielny</prijmeni>
        <karta minuta="31" udalost_id="DK1"/>
      </hrac>
      <hrac cislo="5" narodnost="BEL" pozice="CD">
        <jmeno>Thomas</jmeno>
        <prijmeni>Vermaelen</prijmeni>
      </hrac>
      <hrac cislo="28" narodnost="ENG" pozice="LB">
        <jmeno>Kieran</jmeno>
        <prijmeni>Gibbs</prijmeni>
        <stridani minuta="75" udalost_id="DS1O"/>
      </hrac>
      <hrac cislo="17" narodnost="CAM" pozice="DM">
        <jmeno>Alex</jmeno>
        <prijmeni>Song</prijmeni>
      </hrac>
      <hrac cislo="8" narodnost="ESP" pozice="DM">
        <jmeno>Mikel</jmeno>
        <prijmeni>Arteta</prijmeni>
        <karta minuta="42" udalost_id="DK2"/>
      </hrac>
      <hrac cislo="14" narodnost="ENG" pozice="RW">
        <jmeno>Theo</jmeno>
        <prijmeni>Walcott</prijmeni>
        <gol minuta="65" udalost_id="DG4"/>
        <gol minuta="68" udalost_id="DG5"/>
        <stridani minuta="81" udalost_id="DS2O"/>
      </hrac>
      <hrac cislo="7" narodnost="CZE" pozice="CM">
        <jmeno>Tom?</jmeno>
        <prijmeni>Rosick?</prijmeni>
        <gol minuta="50" udalost_id="DG3"/>
      </hrac>
      <hrac cislo="30" narodnost="ISR" pozice="LW">
        <jmeno>Yossi</jmeno>
        <prijmeni>Benayoun</prijmeni>
        <stridani minuta="88" udalost_id="DS3O"/>
      </hrac>
      <hrac cislo="10" narodnost="NED" pozice="FW">
      	<kapitan/>
        <jmeno>Robin</jmeno>
        <prijmeni>van Persie</prijmeni>
        <karta minuta="78" udalost_id="DK3"/>
        <gol minuta="43" udalost_id="DG2"/>
      </hrac>
    </sestava>
    <nahradnici><hrac cislo="21" narodnost="POL" pozice="GK">
        <jmeno>Lukasz</jmeno>
        <prijmeni>Fabianski</prijmeni>
      </hrac><hrac cislo="9" narodnost="KOR" pozice="FW">
        <jmeno>Chu-Young</jmeno>
        <prijmeni>Park</prijmeni>
      </hrac><hrac cislo="15" narodnost="ENG" pozice="RW">
        <jmeno>Alex</jmeno>
        <prijmeni>Oxlade-Chamberlain</prijmeni>
        <stridani minuta="81" typ="in" udalost_id="DS2I"/>
      </hrac><hrac cislo="25" narodnost="ENG" pozice="RB">
        <jmeno>Carl</jmeno>
        <prijmeni>Jenkinson</prijmeni>
        <stridani minuta="75" typ="in" udalost_id="DS1I"/>
      </hrac><hrac cislo="27" narodnost="CIV" pozice="LW">
        <jmeno>Yao</jmeno>
        <prijmeni>Gervinho</prijmeni>
        <stridani minuta="88" typ="in" udalost_id="DS3I"/>
      </hrac><hrac cislo="29" narodnost="MOR" pozice="FW">
        <jmeno>Marouane</jmeno>
        <prijmeni>Chamakh</prijmeni>
      </hrac><hrac cislo="49" narodnost="ESP" pozice="CD">
        <jmeno>Ignasi</jmeno>
        <prijmeni>Miquel</prijmeni>
      </hrac></nahradnici>
    <treneri>
      <hlavni narodnost="FRA">
      	<jmeno>Arsene</jmeno>
      	<prijmeni>Wenger</prijmeni>
      </hlavni>
      <asistent narodnost="ENG">
      	<jmeno>Pat</jmeno>
      	<prijmeni>Rice</prijmeni>
      </asistent>
    </treneri>
  </tym>
  <tym nazev="Tottenham">
    
    <sestava>
      <hrac cislo="24" narodnost="USA" pozice="GK">
        <jmeno>Brad</jmeno>
        <prijmeni>Friedel</prijmeni>
      </hrac>
      <hrac cislo="28" narodnost="ENG" pozice="RB">
        <jmeno>Kyle</jmeno>
        <prijmeni>Walker</prijmeni>
      </hrac>
      <hrac cislo="4" narodnost="FRA" pozice="CD">
        <jmeno>Younes</jmeno>
        <prijmeni>Kaboul</prijmeni>
      </hrac>
      <hrac cislo="26" narodnost="ENG" pozice="CD">
      	<kapitan/>
        <jmeno>Ledley</jmeno>
        <prijmeni>King</prijmeni>
        <stridani minuta="82" udalost_id="HS3O"/>
      </hrac>
      <hrac cislo="32" narodnost="CAM" pozice="LB">
        <jmeno>Benoit</jmeno>
        <prijmeni>Assou-Ekotto</prijmeni>
      </hrac>
      <hrac cislo="21" narodnost="CRO" pozice="RW">
        <jmeno>Niko</jmeno>
        <prijmeni>Kranjcar</prijmeni>
        <stridani minuta="46" udalost_id="HS1O"/>
      </hrac>
      <hrac cislo="8" narodnost="ENG" pozice="CM">
        <jmeno>Scott</jmeno>
        <prijmeni>Parker</prijmeni>
        <karta minuta="28" udalost_id="HK2"/>
        <karta minuta="87" udalost_id="HK4"/>
        <karta minuta="87" udalost_id="HK5">
        	<cervena/>	
        </karta>
      </hrac>
      <hrac cislo="14" narodnost="CRO" pozice="CM">
        <jmeno>Luka</jmeno>
        <prijmeni>Modric</prijmeni>
        <karta minuta="28" udalost_id="HK1"/>
      </hrac>
      <hrac cislo="3" narodnost="WAL" pozice="LW">
        <jmeno>Gareth</jmeno>
        <prijmeni>Bale</prijmeni>
      </hrac>
      <hrac cislo="10" narodnost="TOG" pozice="FW">
        <jmeno>Emmanuel</jmeno>
        <prijmeni>Adebayor</prijmeni>
        <gol minuta="34" udalost_id="HG2">
        	<penalta/>
        </gol>
      </hrac>
      <hrac cislo="15" narodnost="FRA" pozice="FW">
        <jmeno>Louis</jmeno>
        <prijmeni>Saha</prijmeni>
        <gol minuta="4" udalost_id="HG1"/>
        <stridani minuta="46" udalost_id="HS2O"/>
      </hrac>
    </sestava>
    <nahradnici><hrac cislo="23" narodnost="ITA" pozice="GK">
        <jmeno>Carlo</jmeno>
        <prijmeni>Cudicini</prijmeni>
      </hrac><hrac cislo="7" narodnost="ENG" pozice="RW">
        <jmeno>Aaron</jmeno>
        <prijmeni>Lennon</prijmeni>
      </hrac><hrac cislo="11" narodnost="NED" pozice="CM">
        <jmeno>Rafael</jmeno>
        <prijmeni>Van der Vaart</prijmeni>
        <stridani minuta="46" typ="in" udalost_id="HS1I"/>
      </hrac><hrac cislo="18" narodnost="ENG" pozice="FW">
        <jmeno>Jermain</jmeno>
        <prijmeni>Defoe</prijmeni>
      </hrac><hrac cislo="20" narodnost="ENG" pozice="CD">
        <jmeno>Michael</jmeno>
        <prijmeni>Dawson</prijmeni>
        <stridani minuta="82" typ="in" udalost_id="HS3I"/>
      </hrac><hrac cislo="25" narodnost="ENG" pozice="DM">
        <jmeno>Danny</jmeno>
        <prijmeni>Rose</prijmeni>
      </hrac><hrac cislo="30" narodnost="BRA" pozice="CM">
        <jmeno>Raniere</jmeno>
        <prijmeni>Sandro</prijmeni>
        <karta minuta="61" udalost_id="HK3"/>
        <stridani minuta="46" typ="in" udalost_id="HS2I"/>
      </hrac></nahradnici>
    <treneri>
      <hlavni narodnost="ENG">
      	<jmeno>Harry</jmeno>
      	<prijmeni>Redknapp</prijmeni>
      </hlavni>
    </treneri>
  </tym>
  <komentar>  <!-- text zapujcen z bbc.co.uk -->
  		Spurs - in the ascendancy over Arsenal for so much of the season - looked to be on course for the first back-to-back league wins at the home of their arch-rivals for 86 years as <udalost udalost_id="HG1">an early goal from Louis Saha</udalost> and <udalost udalost_id="HG2">Emmanuel Adebayor's penalty</udalost> put them in a commanding position within 34 minutes.
		<udalost udalost_id="DG1">Bacary Sagna's header</udalost> and a <udalost udalost_id="DG2">world-class strike from Robin van Persie</udalost> put Arsenal level before the interval - and set up a second-half display that left Spurs beaten long before the end.
		<udalost udalost_id="DG3">Tomas Rosicky put Arsenal in front just after the break</udalost> and the rout was completed by a <udalost udalost_id="DG4">quickfire double from Theo Walcott</udalost>, goals that silenced the taunts he suffered from his own supporters in the first half.
		Spurs, who came from two goals behind to beat Arsenal 3-2 at Emirates Stadium last season, <udalost udalost_id="HK5">ended with 10 men when Scott Parker was sent off</udalost> late on.
  </komentar>
  <zapsal>
		<jmeno>David</jmeno>
		<datum> <?php echo Date("d.m.Y") ?> </datum>
	</zapsal>
</utkani>