<?xml version="1.0" encoding="UTF-8" standalone="no"?><HlavniAdresar>
	<Spolecnosti>
		<Spolecnost druhy_id="druh_pravnicka" id="spolecnost_1">
			<Nazev>Fiktivni s.r.o.</Nazev>
			<ICO>12345678</ICO>
			<DIC>123435678</DIC>
			<Kontakty>
				<Telefony>
					<Telefon>906123123</Telefon>
				<Telefon>906678586</Telefon><Telefon>87658763863</Telefon><Telefon>906109109</Telefon></Telefony>
				<Emaily>
					<Email>a@a.a</Email>
				<Email>velke_oddeleni@a.cz</Email><Email>Pepa@a.cz</Email><Email>ludmila@a.cz</Email></Emaily>
				<Adresy>
					<Adresa>
						<Ulice>pod mostem</Ulice>
						<Cp>12</Cp>
						<Mesto>Praha 5</Mesto>
						<PSC>12345</PSC>
						<Stat>Ceska Republika</Stat>
					</Adresa>
				<Adresa>
								<Ulice>zDepa</Ulice>
								<Cp>2</Cp>
								<Mesto>Melnik</Mesto>
								<PSC>23456</PSC>
								<Stat>Ceska Republika</Stat>
							</Adresa></Adresy>
			<Ucty><Ucet>1245465768/0800</Ucet></Ucty></Kontakty>
			
			
			<Poznamka>
				Velice radi spolupracujeme s <Ref_Osoba osoba_id="osoba_1"/>
			</Poznamka>
		</Spolecnost>
		<Spolecnost druhy_id="druh_mestsky_urad" id="spolecnost_2">
			<Nazev>Urad velke prcice</Nazev>
			<ICO>78965724</ICO>
			<DIC>89039803</DIC>
			<Kontakty>
				<Ucty>
					<Ucet>789675682375/9499</Ucet>
				</Ucty>
			<Telefony><Telefon>898765432</Telefon><Telefon>609569843</Telefon><Telefon>687123123</Telefon></Telefony><Emaily><Email>uctarna@velkeprcice.cz</Email><Email>tajemnik@velkeprcice.cz</Email><Email>starosta@velkeprcice.cz</Email></Emaily><Adresy><Adresa>
								<Ulice>namesti petra velikeho</Ulice>
								<Cp>1</Cp>
								<Mesto>Velke Prcice</Mesto>
								<PSC>34578</PSC>
								<Stat>Ceska Republika</Stat>
							</Adresa></Adresy></Kontakty>
			
		</Spolecnost>
		<Spolecnost druhy_id="druh_fyzicka" id="spolecnost_3">
			<Nazev>Jan Vomacka</Nazev>
			<ICO>345678906</ICO>
			<DIC>345678906</DIC>
			
		<Kontakty><Telefony><Telefon>678543123</Telefon></Telefony><Emaily><Email>janvomacka@janvomacka.cz</Email><Email>verejnost@janvomacka.cz</Email><Email>spam@janvomacka.cz</Email><Email>oznameni@janvomacka.cz</Email></Emaily><Ucty><Ucet>67654335790754/0975</Ucet></Ucty><Adresy><Adresa>
								<Ulice>vomackova</Ulice>
								<Cp>14</Cp>
								<Mesto>Vomackov</Mesto>
								<PSC>12345</PSC>
								<Stat>Ceska Republika</Stat>
							</Adresa></Adresy></Kontakty></Spolecnost>
		<Spolecnost druhy_id="druh_fyzicka" id="spolecnost_4">
			<Nazev>Frantisek Kolarek</Nazev>
			<ICO>9865578907654</ICO>
			<DIC>8907907</DIC>
			
		<Kontakty><Telefony><Telefon>876876543</Telefon></Telefony><Emaily><Email>email@frantakolarek.cz</Email><Email>oznameni@frantakolarek.cz</Email></Emaily><Ucty><Ucet>45897546890/0249</Ucet></Ucty><Adresy><Adresa>
								<Ulice>Kolarova</Ulice>
								<Cp>575</Cp>
								<Mesto>Praha</Mesto>
								<PSC>18400</PSC>
								<Stat>Ceska Republika</Stat>
							</Adresa></Adresy></Kontakty></Spolecnost>
		<Spolecnost druhy_id="druh_posta" id="spolecnost_5">
			<Nazev>Ceska posta</Nazev>
			<ICO>5467865435678</ICO>
			<DIC>4567867789976</DIC>
			<Kontakty>
				<Ucty>
					<Ucet>68757878567863/0875</Ucet>
				<Ucet>5456585158/0100</Ucet><Ucet>5646578687651/0429</Ucet></Ucty>
			<Telefony><Telefon>8564678908</Telefon><Telefon>8756467673</Telefon></Telefony><Adresy><Adresa>
								<Ulice>uneticka</Ulice>
								<Cp>4</Cp>
								<Mesto>Male Unetice</Mesto>
								<PSC>56744</PSC>
								<Stat>Ceska Republika</Stat>
							</Adresa><Adresa>
								<Ulice>U vaclavaku</Ulice>
								<Cp>10</Cp>
								<Mesto>PRaha</Mesto>
								<PSC>10000</PSC>
								<Stat>Ceska Republika</Stat>
							</Adresa><Adresa>
								<Ulice>K Lanovce</Ulice>
								<Cp>560</Cp>
								<Mesto>Jachymov</Mesto>
								<PSC>36251</PSC>
								<Stat>Ceska Republika</Stat>
							</Adresa><Adresa>
								<Ulice>Masarykova</Ulice>
								<Cp>18</Cp>
								<Mesto>Karlovy Vary</Mesto>
								<PSC>36000</PSC>
								<Stat>Ceska Republika</Stat>
							</Adresa><Adresa>
								<Ulice>namesti Miru</Ulice>
								<Cp>10</Cp>
								<Mesto>Ostrov</Mesto>
								<PSC>36301</PSC>
								<Stat>Ceska Republika</Stat>
							</Adresa></Adresy></Kontakty>
			
		</Spolecnost>
		<Spolecnost druhy_id="druh_pravnicka" id="spolecnost_6">
			<Nazev>Bayerishe Mist Werke</Nazev>
			<ICO>465789</ICO>
			<DIC>456780878</DIC>
			<Kontakty>
				<Telefony>
					<Telefon>234567890</Telefon>
				<Telefon>4567876548</Telefon><Telefon>5467899654</Telefon></Telefony>
				<Emaily>
					<Email>centrale@BayerisheMistWerke.de</Email>
				<Email>Mpower@BayerisheMistWerke.de</Email></Emaily>
				<Adresy>
					<Adresa>
						<Ulice>mistwerke</Ulice>
						<Cp>1</Cp>
						<Mesto>Munchen</Mesto>
						<PSC>34674</PSC>
						<Stat>Germany</Stat>
					</Adresa>
				</Adresy>
			</Kontakty>
			
		</Spolecnost>
		<Spolecnost druhy_id="druh_fyzicka" id="spolecnost_7">
			<Nazev>Majka Bohacova</Nazev>
			<ICO>345678987654</ICO>
			<DIC>45678654673</DIC>
			
		<Kontakty><Telefony><Telefon>+42067859857</Telefon><Telefon>+42176875497</Telefon></Telefony><Ucty><Ucet>4567865467562</Ucet></Ucty><Adresy><Adresa>
								<Ulice>pracovni</Ulice>
								<Cp>1643</Cp>
								<Mesto>Banska Bystrica</Mesto>
								<PSC>12456</PSC>
								<Stat>Slovenska Republika</Stat>
							</Adresa><Adresa>
								<Ulice>Jecna</Ulice>
								<Cp>245</Cp>
								<Mesto>Praha</Mesto>
								<PSC>23456</PSC>
								<Stat>Ceska Republika</Stat>
							</Adresa></Adresy></Kontakty></Spolecnost>
		<Spolecnost druhy_id="druh_pravnicka" id="spolecnost_8">
			<Nazev>Akciova Spolecnost</Nazev>
			<ICO>45675465</ICO>
			<DIC>5153462624</DIC>
			<Kontakty>
				<Adresy>
					<Adresa>
						<Ulice>ulice Akciova</Ulice>
						<Cp>21</Cp>
						<Mesto>Praha</Mesto>
						<PSC>85743</PSC>
						<Stat>Ceska Republika</Stat>
					</Adresa>
				</Adresy>
			<Telefony><Telefon>+420758395938</Telefon><Telefon>67879598</Telefon></Telefony><Emaily><Email>katerina@akciovka.cz</Email><Email>mistr@akciovka.cz</Email><Email>karel@akciovka.cz</Email></Emaily></Kontakty>
			
		</Spolecnost>
		<Spolecnost druhy_id="druh_mestsky_urad" id="spolecnost_9">
			<Nazev>Mestsky urad Pytlikov</Nazev>
			<ICO>587329397</ICO>
			<DIC>638674983</DIC>
			<Kontakty>
				<Ucty>
					<Ucet>468654745854/0985</Ucet>
				</Ucty>
			<Telefony><Telefon>678986567</Telefon><Telefon>689754328</Telefon></Telefony><Emaily><Email>tajemnik@mestoPytlikov.cz</Email><Email>starosta@Pytlikov.cz</Email><Email>Bilbo@Pytlikov.cz</Email></Emaily></Kontakty>
			
		</Spolecnost>
		<Spolecnost id="spolecnost_10">
			<Nazev>Nezaraditelna spolecnost</Nazev>
			<ICO>57869075</ICO>
			<DIC>865879657</DIC>
			<Kontakty>
				<Telefony>
					<Telefon>86757645876</Telefon>
				</Telefony>
				<Emaily>
					<Email>b@nezaraditelne.cz</Email>
				</Emaily>
			</Kontakty>
		</Spolecnost>
	</Spolecnosti>
	<DruhySpolecnosti>
		<DruhSpolecnosti id="druh_mestsky_urad" nazev="mestsky urad"/>
		<DruhSpolecnosti id="druh_posta" nazev="ceska posta"/>
		<DruhSpolecnosti id="druh_fyzicka" nazev="fyzicka osoba"/>
		<DruhSpolecnosti id="druh_pravnicka" nazev="pravnicka osoba"/>
	</DruhySpolecnosti>
	<Skupiny>
		<Skupina nazev="oblibene">
			<Ref_Spolecnosti spolecnost_id="spolecnost_1"/>
			<Ref_Spolecnosti spolecnost_id="spolecnost_7"/>
		</Skupina>
		<Skupina nazev="neoblibene">
			<Ref_Spolecnosti spolecnost_id="spolecnost_2"/>
		</Skupina>
	</Skupiny>
	<Vlastnik><?php echo GetAuthor()?></Vlastnik>
</HlavniAdresar>