<?xml version="1.0" encoding="UTF-8"?>
<employees>
   <employee name="Dvorak">
      <subordinates>
         <employee name="Jakl">
            <subordinates/>
         </employee>
         <employee name="Brukner">
            <subordinates/>
         </employee>
      </subordinates>
   </employee>
   <employee name="Vokal">
      <subordinates>
         <employee name="Nemcova">
            <subordinates/>
         </employee>
      </subordinates>
   </employee>
   <employee name="Jech">
      <subordinates/>
   </employee>
</employees>