<?xml version="1.0" encoding="UTF-8"?>
<student name="Josef Novak">
   <borrowings>
      <borrow>
         <title>Babička</title>
      </borrow>
      <borrow>
         <title>Revizor</title>
      </borrow>
      <borrow>
         <title>Na západní frontě klid</title>
      </borrow>
   </borrowings>
</student>
<student name="Martin Novak">
   <borrowings>
      <borrow>
         <title>Hlava XXII</title>
      </borrow>
      <borrow>
         <title>Ostře sledované vlaky</title>
      </borrow>
   </borrowings>
</student>
<student name="Franta Veverka">
   <borrowings>
      <borrow>
         <title>Modlitba pro Kateřinu Horovitzovou</title>
      </borrow>
   </borrowings>
</student>
<student name="Jano Palenik">
   <borrowings/>
</student>