<html>
   <body>
      <table>
         <th>Name</th>
         <th>Author</th>
         <tr>
            <td><b>Otec Goriot</b></td>
            <td>Balzac</td>
         </tr>
         <tr>
            <td><b>Babička</b></td>
            <td>Němcová</td>
         </tr>
         <tr>
            <td>Lucerna</td>
            <td>Jirásek</td>
         </tr>
         <tr>
            <td>Revizor</td>
            <td>Gogol</td>
         </tr>
         <tr>
            <td><b>Na západní frontě klid</b></td>
            <td>Remarque</td>
         </tr>
         <tr>
            <td><b>Hlava XXII</b></td>
            <td>Heller</td>
         </tr>
         <tr>
            <td>R. U. R.</td>
            <td>Čapek</td>
         </tr>
         <tr>
            <td><b>Bila nemoc</b></td>
            <td>Čapek</td>
         </tr>
         <tr>
            <td><b>Valka s mloky</b></td>
            <td>Čapek</td>
         </tr>
         <tr>
            <td>Ostře sledované vlaky</td>
            <td>Hrabal</td>
         </tr>
         <tr>
            <td><b>Spalovač mrtvol</b></td>
            <td>Fuks</td>
         </tr>
         <tr>
            <td><b>Spalovač mrtvol</b></td>
            <td>Fuks</td>
         </tr>
         <tr>
            <td><b>Modlitba pro Kateřinu Horovitzovou</b></td>
            <td>Lustig</td>
         </tr>
         <tr>
            <td>Blesk</td>
            <td>Redaktorka A</td>
         </tr>
         <tr>
            <td>Mlada fronta</td>
            <td>Redaktor B</td>
         </tr>
         <tr>
            <td>Epocha</td>
            <td>Kolektiv</td>
         </tr>
         <tr>
            <td>21. stoleti</td>
            <td>Sefredaktor</td>
         </tr>
      </table>
   </body>
</html>