<?xml version="1.0" encoding="UTF-8"?>
<author name="Balzac">
   <total-pages>200</total-pages>
</author>
<author name="Němcová">
   <total-pages>239</total-pages>
</author>
<author name="Remarque">
   <total-pages>140</total-pages>
</author>
<author name="Heller">
   <total-pages>422</total-pages>
</author>
<author name="Čapek">
   <total-pages>488</total-pages>
</author>
<author name="Fuks">
   <total-pages>300</total-pages>
</author>
<author name="Lustig">
   <total-pages>120</total-pages>
</author>