<?xml version="1.0" encoding="UTF-8"?>
<Vedouci>
   <Prijmeni>Vlasek</Prijmeni>
   <Obor>
      <Nazev>STM</Nazev>
   </Obor>
   <Plat>22000</Plat>
</Vedouci>
<Vedouci>
   <Prijmeni>Bobr</Prijmeni>
   <Obor>
      <Nazev>OI</Nazev>
   </Obor>
   <Plat>21000</Plat>
</Vedouci>
<Vedouci>
   <Prijmeni>Uhlir</Prijmeni>
   <Obor>
      <Nazev>MI</Nazev>
   </Obor>
   <Plat>18000</Plat>
</Vedouci>
<Vedouci>
   <Prijmeni>Mesek</Prijmeni>
   <Obor>
      <Nazev>KPE</Nazev>
   </Obor>
   <Plat>26000</Plat>
</Vedouci>
<Vedouci>
   <Prijmeni>Kecup</Prijmeni>
   <Obor>
      <Nazev>PSO</Nazev>
   </Obor>
   <Plat>17000</Plat>
</Vedouci>
<Vedouci>
   <Prijmeni>Stul</Prijmeni>
   <Obor>
      <Nazev>NEM</Nazev>
   </Obor>
   <Plat>30000</Plat>
</Vedouci>