<?xml version="1.0" encoding="UTF-8"?>
<Skoly>
   <obor>
      <Nazev>STM</Nazev>
      <pocetPodoboru>2</pocetPodoboru>
      <podobor>
         <obor>
            <Nazev>OI</Nazev>
            <pocetPodoboru>0</pocetPodoboru>
            <podobor/>
         </obor>
         <obor>
            <Nazev>MI</Nazev>
            <pocetPodoboru>0</pocetPodoboru>
            <podobor/>
         </obor>
      </podobor>
   </obor>
   <obor>
      <Nazev>OI</Nazev>
      <pocetPodoboru>0</pocetPodoboru>
      <podobor/>
   </obor>
   <obor>
      <Nazev>MI</Nazev>
      <pocetPodoboru>0</pocetPodoboru>
      <podobor/>
   </obor>
   <obor>
      <Nazev>KPE</Nazev>
      <pocetPodoboru>2</pocetPodoboru>
      <podobor>
         <obor>
            <Nazev>PSO</Nazev>
            <pocetPodoboru>0</pocetPodoboru>
            <podobor/>
         </obor>
         <obor>
            <Nazev>NEM</Nazev>
            <pocetPodoboru>0</pocetPodoboru>
            <podobor/>
         </obor>
      </podobor>
   </obor>
   <obor>
      <Nazev>PSO</Nazev>
      <pocetPodoboru>0</pocetPodoboru>
      <podobor/>
   </obor>
   <obor>
      <Nazev>NEM</Nazev>
      <pocetPodoboru>0</pocetPodoboru>
      <podobor/>
   </obor>
</Skoly>