<?xml version="1.0" encoding="UTF-8" standalone="no"?><!--
*****************************************************************************************
*** Jaroslav Kub?t, jk.kubat@seznam.cz, 2012										  ***
*** Pro ??ely cvi?en? z p?edm?tu 'Technologie XML' na MFF UK.						  ***
*****************************************************************************************
*****************************************************************************************
*** Toto je datab?ze skladu oble?en?. Na sklad? jsou kusy oble?en? o r?zn? velikosti, ***
*** z r?zn?ch l?tek a o r?zn?ch st?iz?ch. 											  ***
*****************************************************************************************
--><databaze_obleceni xmlns:xsi="http://www.w3.org/2001/XMLSchema-instance" xsi:noNamespaceSchemaLocation="data.xsd">
	<!-- Dostupn? polotovary pro v?robu oble?en?. -->
	
	<barvy><barva id_nazev="aqua" rgb="#00ffff"/><barva id_nazev="black" rgb="#000000"/><barva id_nazev="blue" rgb="#0000ff"/><barva id_nazev="fuchsia" rgb="#ff00ff"/><barva id_nazev="gray" rgb="#808080"/><barva id_nazev="green" rgb="#008000"/><barva id_nazev="lime" rgb="#00ff00"/><barva id_nazev="maroon" rgb="#800000"/><barva id_nazev="navy" rgb="#000080"/><barva id_nazev="olive" rgb="#808000"/><barva id_nazev="orange" rgb="#ffa500"/><barva id_nazev="purple" rgb="#800080"/><barva id_nazev="red" rgb="#ff0000"/><barva id_nazev="silver" rgb="#c0c0c0"/><barva id_nazev="teal" rgb="#008080"/><barva id_nazev="white" rgb="#ffffff"/><barva id_nazev="yellow" rgb="#ffff00"/></barvy><vzory>
		<vzor>
			<pouzita_barva>white</pouzita_barva>
			<pouzita_barva>green</pouzita_barva>
		<id_kod_vzoru>X0526</id_kod_vzoru></vzor>
		<vzor>
			<pouzita_barva>white</pouzita_barva>
			<pouzita_barva>black</pouzita_barva>
		<id_kod_vzoru>Y3467</id_kod_vzoru></vzor>
		<vzor>
			<pouzita_barva>white</pouzita_barva>
			<pouzita_barva>blue</pouzita_barva>
			<pouzita_barva>black</pouzita_barva>
		<id_kod_vzoru>X8425</id_kod_vzoru></vzor>
		<vzor>
			<pouzita_barva>green</pouzita_barva>
		<id_kod_vzoru>X1134</id_kod_vzoru></vzor>
		<vzor>
			<pouzita_barva>black</pouzita_barva>
		<id_kod_vzoru>Z7476</id_kod_vzoru></vzor>
		<vzor>
			<pouzita_barva>olive</pouzita_barva>
			<pouzita_barva>yellow</pouzita_barva>
			<pouzita_barva>teal</pouzita_barva>
			<pouzita_barva>purple</pouzita_barva>
			<pouzita_barva>maroon</pouzita_barva>
			<pouzita_barva>orange</pouzita_barva>
			<pouzita_barva>lime</pouzita_barva>
		<id_kod_vzoru>X7534</id_kod_vzoru></vzor>
		<vzor>
			<pouzita_barva>gray</pouzita_barva>
			<pouzita_barva>blue</pouzita_barva>
			<pouzita_barva>navy</pouzita_barva>
			<pouzita_barva>aqua</pouzita_barva>
		<id_kod_vzoru>Z1532</id_kod_vzoru></vzor>
		<vzor>
			<pouzita_barva>fuchsia</pouzita_barva>
			<pouzita_barva>blue</pouzita_barva>
			<pouzita_barva>gray</pouzita_barva>
		<id_kod_vzoru>Z6433</id_kod_vzoru></vzor>
		<vzor>
			<pouzita_barva>yellow</pouzita_barva>
			<pouzita_barva>orange</pouzita_barva>
			<pouzita_barva>lime</pouzita_barva>
		<id_kod_vzoru>Y0873</id_kod_vzoru></vzor>
		<vzor>
			<pouzita_barva>silver</pouzita_barva>
		<id_kod_vzoru>Y9625</id_kod_vzoru></vzor>
		<vzor>
			<pouzita_barva>fuchsia</pouzita_barva>
			<pouzita_barva>lime</pouzita_barva>
		<id_kod_vzoru>Y1029</id_kod_vzoru></vzor>
	</vzory>
	<latky>
		<latka id_kod_latky="pol90bav10_9087923">
			<popis_latky>Polyester, bavlna - tmave barvy</popis_latky>
			<material>90% polyester, 10% bavlna</material>
			<dostupne_vzory>
				<ref_vzor ref_kod_vzoru="X1134"/>
				<ref_vzor ref_kod_vzoru="Y3467"/>
				<ref_vzor ref_kod_vzoru="X8425"/>
			</dostupne_vzory>
		</latka>
		<latka id_kod_latky="bav100_2875321">
			<popis_latky>Bavlna - ostre barvy</popis_latky>
			<material poznamkaDoVyroby="Bio">100% bavlna</material>
			<dostupne_vzory>
				<ref_vzor ref_kod_vzoru="X7534"/>
				<ref_vzor ref_kod_vzoru="Z1532"/>
				<ref_vzor ref_kod_vzoru="Z6433"/>
			</dostupne_vzory>
		</latka>
		<latka id_kod_latky="bav100_63824">
			<popis_latky>Bavlna - jemne barvy</popis_latky>
			<material>100% bavlna</material>
			<dostupne_vzory>
				<ref_vzor ref_kod_vzoru="X0526"/>
				<ref_vzor ref_kod_vzoru="Y3467"/>
				<ref_vzor ref_kod_vzoru="X8425"/>
				<ref_vzor ref_kod_vzoru="X1134"/>
				<ref_vzor ref_kod_vzoru="Z7476"/>
			</dostupne_vzory>
		</latka>
	</latky>
	
	<!-- Hotov? kusy oble?en?. -->
	<obleceni>
		<!-- Damsk? oble?en?. -->
		<damske>
			<bundy_kabaty>
				<kus kod_strihu="D_B_08732">
					<nadpis>
						<![CDATA[
							<h2>D?msk? kab?tek s kapsami a opaskem</h2>
						]]>
					</nadpis>
					<popis_kusu>
						<![CDATA[
							<p>D?msk? kab?tek s kapsami a opaskem a velk?m l?mcem. Kab?tek je ide?ln? na jaro nebo na podzim, je tepl? a pohodln?, na boc?ch m? velk? praktick? kapsy s knofl?ky. Zap?n? se na dvou?ad? zap?n?n?, m? velk? fazonkov? l?mec. Kab?t m? v pase poutka na p?sek a opasek je jeho sou??st?. Ruk?vy a poutka jsou zdoben? knofl?ky. Kab?tek dob?e vypad?, hezky sed? a zah?eje.
							<br><b>Materi?l: </b>
						]]>
							<ref_latka ref_kodLatky="bav100_63824"/>
						<![CDATA[
							<br>
							Na sklad? je
						]]>
						<?php echo ' '.spocitejKusy("D_B_08732").' ';?>
						<![CDATA[
							kus?.</p>
						]]>
					</popis_kusu>
					<kusyNaSklade pocet_kusu="25" velikost="XL"/>
					<kusyNaSklade pocet_kusu="12" velikost="L"/>
					<kusyNaSklade pocet_kusu="18" velikost="M"/>
					<kusyNaSklade pocet_kusu="31" velikost="S"/>
				</kus>
				<kus kod_strihu="D_B_29740">
					<nadpis>
						<![CDATA[
							<h2>D?msk? pro??van? zimn? kab?t</h2>
						]]>
					</nadpis>
					<popis_kusu>
						<![CDATA[
							<p>Modern? d?msk? pro??van? zimn? kab?t s l?mcem lemovan?m ko?e?inkou. Kab?t je v trendy tmav?ch barv?ch a l?mec m? lemovan? hn?do-?edou ko?e?inkou, kterou je p??padn? mo?no odepnout. Kab?t je efektn? pro??van?, v pase se d? st?hnout gumi?kov?m p?skem s ozdobnou sponou, kter? je jeho sou??st?. Kab?t je vypasovan?, hezky sed? a h?eje.
							<br><b>Materi?l: </b>
						]]>
							<ref_latka ref_kodLatky="pol90bav10_9087923"/>
						<![CDATA[
							<br>
							Na sklad? je
						]]>
						<?php echo ' '.spocitejKusy("D_B_29740").' ';?>
						<![CDATA[
							kus?.</p>
						]]>
					</popis_kusu>
					<kusyNaSklade pocet_kusu="25" velikost="XXXL"/>
					<kusyNaSklade pocet_kusu="12" velikost="XXL"/>
					<kusyNaSklade pocet_kusu="18" velikost="XL"/>
				</kus>
			</bundy_kabaty>
			<svetry_mikiny>
			</svetry_mikiny>
			<trika>
			</trika>
			<halenky>
			</halenky>
			<sportovniSoupravy>
			</sportovniSoupravy>
			<topy>
			</topy>
			<tuniky>
			</tuniky>
			<kalhoty_kratasy>
			</kalhoty_kratasy>
			<saty>
			</saty>
			<sukne>
			</sukne>
			<plavky>
			</plavky>
			<spodniPradloD>
				<podprsenky>
				</podprsenky>
				<kalhotky>
				</kalhotky>
				<nocniKosile>
				</nocniKosile>
				<pyzama>
				</pyzama>
				<body>
				</body>
				<puncochy>
				</puncochy>
				<ponozky>
				</ponozky>
				<termopradlo>
				</termopradlo>
			</spodniPradloD>
			<boty>
			</boty>
			<doplnky>
				<tasky_batohy>
				</tasky_batohy>
				<klicenky>
				</klicenky>
				<pasky>
				</pasky>
				<penezenky>
				</penezenky>
				<potitka>
				</potitka>
				<protiDesti>
				</protiDesti>
				<sperky>
				</sperky>
				<rukavice>
				</rukavice>
				<saly>
				</saly>
				<cepice>
				</cepice>
			</doplnky>
		</damske>
		<!-- Pansk? oble?en?. -->
		<panske>
			<bundy_kabaty>
			</bundy_kabaty>
			<saka>
			</saka>
			<svetry_mikiny>
			</svetry_mikiny>
			<trika>
			</trika>
			<sportovniSoupravy>
			</sportovniSoupravy>
			<kosile>
			</kosile>
			<kalhoty_kratasy>
			</kalhoty_kratasy>
			<plavky>
			</plavky>
			<spodniPradloP>
				<trenky>
				</trenky>
				<boxerky>
				</boxerky>
				<slipy>
				</slipy>
				<spodky>
				</spodky>
				<pyzama>
				</pyzama>
				<ponozky>
				</ponozky>
				<termopradlo>
				</termopradlo>
			</spodniPradloP>
			<boty>
			</boty>
			<doplnky>
				<tasky_batohy>
				</tasky_batohy>
				<klicenky>
				</klicenky>
				<pasky>
				</pasky>
				<penezenky>
				</penezenky>
				<potitka>
				</potitka>
				<protiDesti>
				</protiDesti>
				<sperky>
				</sperky>
				<rukavice>
				</rukavice>
				<saly>
				</saly>
				<cepice>
				</cepice>
			</doplnky>
		</panske>
		<!-- D?tsk? oble?en?. -->
		<detske>
			<divci>
				<bundy_kabaty>
				</bundy_kabaty>
				<svetry_mikiny>
				</svetry_mikiny>
				<trika>
				</trika>
				<halenky>
				</halenky>
				<sportovniSoupravy>
				</sportovniSoupravy>
				<topy>
				</topy>
				<tuniky>
				</tuniky>
				<kalhoty_kratasy>
				</kalhoty_kratasy>
				<saty>
				</saty>
				<sukne>
				</sukne>
				<plavky>
				</plavky>
				<spodniPradloD>
					<kalhotky>
					</kalhotky>
					<nocniKosile>
					</nocniKosile>
					<pyzama>
					</pyzama>
					<body>
					</body>
					<puncochy>
					</puncochy>
					<ponozky>
					</ponozky>
					<termopradlo>
					</termopradlo>
				</spodniPradloD>
				<boty>
				</boty>
				<doplnky>
					<tasky_batohy>
					</tasky_batohy>
					<klicenky>
					</klicenky>
					<pasky>
					</pasky>
					<penezenky>
					</penezenky>
					<potitka>
					</potitka>
					<protiDesti>
					</protiDesti>
					<sperky>
					</sperky>
					<rukavice>
					</rukavice>
					<saly>
					</saly>
					<cepice>
					</cepice>
				</doplnky>
			</divci>
			<chlapecke>
				<bundy_kabaty>
				</bundy_kabaty>
				<saka>
				</saka>
				<svetry_mikiny>
				</svetry_mikiny>
				<trika>
				</trika>
				<sportovniSoupravy>
				</sportovniSoupravy>
				<kosile>
				</kosile>
				<kalhoty_kratasy>
				</kalhoty_kratasy>
				<plavky>
				</plavky>
				<spodniPradloP>
					<trenky>
					</trenky>
					<boxerky>
					</boxerky>
					<slipy>
					</slipy>
					<spodky>
					</spodky>
					<pyzama>
					</pyzama>
					<ponozky>
					</ponozky>
					<termopradlo>
					</termopradlo>
				</spodniPradloP>
				<boty>
				</boty>
				<doplnky>
					<tasky_batohy>
					</tasky_batohy>
					<klicenky>
					</klicenky>
					<pasky>
					</pasky>
					<penezenky>
					</penezenky>
					<potitka>
					</potitka>
					<protiDesti>
					</protiDesti>
					<sperky>
					</sperky>
					<rukavice>
					</rukavice>
					<saly>
					</saly>
					<cepice>
					</cepice>
				</doplnky>
			</chlapecke>
		</detske>
	</obleceni>
</databaze_obleceni>