<html>
   <head>
      <meta http-equiv="Content-Type" content="text/html; charset=UTF-8">
   </head>
   <body>
      <h1>Courses relevant info</h1>
      <table>
         <tr>
            <th>Name</th>
            <th>Price</th>
            <th>Freeplaces</th>
         </tr>
         <tr>
            <td>
               <name>Kurz instruktora lyžování</name>
            </td>
            <td>
               <price currency="CZK">1000</price>
            </td>
            <td>
               <freePlaces>5</freePlaces>
            </td>
         </tr>
         <tr>
            <td>
               <name>Kurz instruktora snowboardingu</name>
            </td>
            <td>
               <price currency="CZK">9000</price>
            </td>
            <td>
               <freePlaces>2</freePlaces>
            </td>
         </tr>
      </table>
   </body>
</html>