<html>
   <head>
      <meta http-equiv="Content-Type" content="text/html; charset=UTF-8">
      <title>Tabulka pilotu</title><style type="text/css">
            table {
                font: 11px/24px Verdana, Arial, Helvetica, sans-serif;
                border-collapse: collapse;
            }
    
            th {
                padding: 0 0.5em;
                text-align: center;
            }
    
            tr.yellow td {
                border-top: 1px solid #FB7A31;
                border-bottom: 1px solid #FB7A31;
                background: #FFC;
            }
    
            td {
                border-bottom: 1px solid #CCC;
                padding: 0 0.5em;
            }
    
            td+td {
                border-left: 1px solid #CCC;
                text-align: center;
            }
        </style></head>
   <body>
      <table>
         <tr>
            <th colspan="3">Piloti</th>
         </tr>
         <tr class="yellow">
            <td>Flotila</td>
            <td>Jmeno</td>
            <td>Email</td>
         </tr>
         <tr>
            <td><i>-</i></td>
            <td><i>-</i></td>
            <td><i>-</i></td>
         </tr>
         <tr>
            <td>7th flotila</td>
            <td><i>-</i></td>
            <td><i>-</i></td>
         </tr>
         <tr>
            <td>Backup flotila</td>
            <td><i>-</i></td>
            <td><i>-</i></td>
         </tr>
         <tr>
            <td>Corporate jet flotila</td>
            <td>Bond, James</td>
            <td>
               <email>james.bond@mi6.uk</email>
            </td>
         </tr>
         <tr>
            <td>Main flotila</td>
            <td>Doe, John</td>
            <td>
               <email>john@doe.tv</email>
            </td>
         </tr>
      </table>
   </body>
</html>