<?xml version="1.0" encoding="UTF-8"?>
<pilots>
   <pilot>
      <name>
                <first>John</first>
                <last>Doe</last>
            </name>
      <specialization>Airbus</specialization>
      <airplanes>
         <airplane>
            <label>Liberec</label>
            <model>A320-200</model>
            <year>2007</year>
         </airplane>
         <airplane>
            <label>Zl?n</label>
            <model>A319CJ</model>
            <year>2003</year>
         </airplane>
         <airplane>
            <label>Ji??n</label>
            <model>A380</model>
            <year>2009</year>
         </airplane>
      </airplanes>
   </pilot>
</pilots>