<?xml version="1.0" encoding="UTF-8"?>
<pilots>
   <pilot>
      <name>
                <last>Newton</last>
            </name>
      <hours>999</hours>
   </pilot>
   <pilot>
      <name>
                <first>James</first>
                <last>Bond</last>
            </name>
      <hours>964</hours>
   </pilot>
   <pilot>
      <name>
                <first>John</first>
                <last>Doe</last>
            </name>
      <hours>112</hours>
   </pilot>
   <pilot>
      <name>
                <first>Jeff</first>
                <last>Probst</last>
            </name>
      <hours>9</hours>
   </pilot>
   <pilot>
      <name>
                <first>Mr.</first>
                <last>Bean</last>
            </name>
   </pilot>
   <pilot>
      <name>
                <first>Jan</first>
                <last>Novak</last>
            </name>
   </pilot>
</pilots>