<html>
   <head>
      <meta http-equiv="Content-Type" content="text/html; charset=UTF-8">
      <title>Vypis flotil</title>
   </head>
   <body>
      <ul>
         <li>7th flotila (2 seats)
            <ul>
               <li>- (1 seats)</li>
            </ul>
         </li>
         <li>Main flotila (1065 seats)
            <ul>
               <li>Corporate jet flotila (39 seats)</li>
               <li>Backup flotila (687 seats)</li>
            </ul>
         </li>
      </ul>
   </body>
</html>