<html>
   <head>
      <meta http-equiv="Content-Type" content="text/html; charset=UTF-8">
      <title>Tabulka alb</title>
   </head>
   <body>
      <h2>Tabulka alb ve sbirce</h2>
      <table>
         <tr>
            <th>Nazev</th>
            <th>Umelec</th>
            <th>Rok</th>
            <th>Poznamka</th>
            <th>Komu jsem pujcil?</th>
         </tr>
         <tr>
            <td>( )</td>
            <td>2002</td>
            <td>Sigur Rós</td>
            <td>Album Sigur Rós s <b>nejzvláštnějším jménem</b></td>
            <td>Kunhůta</td>
         </tr>
         <tr>
            <td>Jagged Little Pill</td>
            <td>1995</td>
            <td>Alanis   Morissette</td>
            <td>Nejznamejsi album Alanis Morissette.</td>
            <td>Joachim</td>
         </tr>
         <tr>
            <td>Live from the Gaiety</td>
            <td>2003</td>
            <td>The Dubliners</td>
            <td>Živé dvojalbum <i>legendární irské skupiny</i>.
            </td>
            <td>Kunhůta</td>
         </tr>
         <tr>
            <td>Með suð í eyrum við spilum endalaust</td>
            <td>2008</td>
            <td>Sigur Rós</td>
            <td>Posledni album nejznámější islandké kapely, musím se sehnat ostatní alba a filmy</td>
            <td></td>
         </tr>
         <tr>
            <td>Von</td>
            <td>1997</td>
            <td>Sigur Rós</td>
            <td>Skoro tak dobre jako predesle...</td>
            <td>Bronislav</td>
         </tr>
      </table>
   </body>
</html>