<html>
   <head>
      <meta http-equiv="Content-Type" content="text/html; charset=UTF-8">
      <title>Seznam umelcu</title>
   </head>
   <body>
      <ul>
         <li>Alanis Morissette
            <ul>
               <li>rok narozeni: 1974</li>
            </ul>
         </li>
         <li>Sigur Rós
            <ul>
               <li>rok zalozeni: 1974</li>
               <li>pocet clenu: 4</li>
               <li> clenove
                  				
                  <ul>
                     <li>Jón Þór Birgisson
                        <ul>
                           <li>rok narozeni: 1975</li>
                        </ul>
                     </li>
                     <li>Georg Hólm
                        <ul>
                           <li>rok narozeni: 1976</li>
                        </ul>
                     </li>
                     <li>Kjartan Sveinsson
                        <ul>
                           <li>rok narozeni: 1978</li>
                        </ul>
                     </li>
                     <li>Orri Páll Dýrason
                        <ul>
                           <li>rok narozeni: 1977</li>
                        </ul>
                     </li>
                  </ul>
               </li>
            </ul>
         </li>
         <li>The Dubliners
            <ul>
               <li>rok zalozeni: 1962</li>
               <li>pocet clenu: 4</li>
               <li> clenove
                  				
                  <ul>
                     <li>Ronnie Drew
                        <ul>
                           <li>rok narozeni: 1934</li>
                        </ul>
                     </li>
                     <li>Luke Kelly
                        <ul>
                           <li>rok narozeni: 1940</li>
                        </ul>
                     </li>
                     <li>Ciaran Bourke
                        <ul>
                           <li>rok narozeni: 1935</li>
                        </ul>
                     </li>
                     <li>Patsy Watchorn
                        <ul>
                           <li>rok narozeni: 1944</li>
                        </ul>
                     </li>
                  </ul>
               </li>
            </ul>
         </li>
      </ul>
   </body>
</html>