<?xml version="1.0" encoding="UTF-8"?>
<prodano>
   <prodej>
      <zbozi>(1)4030142015217</zbozi>
      <nazev>WOBENZYM drg 800</nazev>
      <cena>2616</cena>
   </prodej>
   <prodej>
      <zbozi>(1)8594062351573</zbozi>
      <nazev>ALOE VERA gel s borůvkou a rakytníkem -Virde- 500ml</nazev>
      <cena>190</cena>
   </prodej>
   <prodej>
      <zbozi>(2)4030142015217/33<nazev>WOBENZYM drg 800</nazev>
         <cena>2616</cena>
      </zbozi>
   </prodej>
   <prodej>
      <zbozi>(2)8594062351573<nazev>ALOE VERA gel s borůvkou a rakytníkem -Virde- 500ml</nazev>
         <cena>190</cena>
      </zbozi>
   </prodej>
</prodano>