<html>
   <body>
      <kategorie>Rýma a nachlazení</kategorie>
      <kategorie>Bolest v krku a zánět hrdla</kategorie>
      <kategorie>Celková léčba bolesti pohybového aparátu</kategorie>
      <kategorie>Kašel, rýma, nachlazení a alergie</kategorie>
      <kategorie>Alergie : lokální nebo celková</kategorie>
      <kategorie>Kašel a rýma u těhotných a kojících</kategorie>
      <kategorie>Dýchací cesty, plíce</kategorie>
      <kategorie>Astma bronchiale</kategorie>
      <kategorie>Žilní obtíže, hematomy a poruchy prokrvení</kategorie>
      <kategorie>Poruchy periferního prokrvení</kategorie>
      <kategorie>Křečové žíly a bércové vředy</kategorie>
      <kategorie>Hematomy : podlitiny</kategorie>
      <kategorie>Pohlavní orgány, prostata, prsa, klimaktérium</kategorie>
      <kategorie>Plísně a infekce pohlavních orgánů</kategorie>
      <kategorie>Klouby, kosti a svaly</kategorie>
      <kategorie>Kůže a pokožka</kategorie>
      <kategorie>Ekzém a alergie</kategorie>
      <kategorie>Psoriáza : lupénka</kategorie>
      <kategorie>Imunita a systémová enzymoterapie</kategorie>
      <kategorie>Systémová enzymoterapie : Wobenzym, Phlogenzym</kategorie>
      <kategorie>Léčiva, doplňky výživy</kategorie>
      <kategorie>Posílení imunity</kategorie>
      <kategorie>Senioři: komplexní péče</kategorie>
      <kategorie>Nejprodávanější</kategorie>
      <kategorie> Zlepšení periferního prokrvení seniorů</kategorie>
      <kategorie>Oči a zrak</kategorie>
      <kategorie>Citlivé a alergické oči</kategorie>
      <kategorie>Diety, sportovní výživa</kategorie>
      <kategorie>Zdravý životní styl</kategorie>
      <kategorie>Zácpa</kategorie>
      <kategorie>Nevolnost nebo zvracení , zácpa nebo průjem</kategorie>
      <kategorie>Poruchy trávení a trávicí enzymy</kategorie>
      <kategorie>Zraková ostrost : výživa očí</kategorie>
      <kategorie>Diabetes : cukrovka</kategorie>
      <kategorie>Redukce hmotnosti, detoxikace organismu</kategorie>
   </body>
</html>