<?xml version="1.0" encoding="UTF-8"?>
<serialy>
   <serial>
      <nazev>Big Bang Theory</nazev>
      <hodnoceni>10/10</hodnoceni>
      <hodnoceni>9/10</hodnoceni>
   </serial>
   <serial>
      <nazev>Breaking Bad</nazev>
   </serial>
   <serial>
      <nazev>Californication</nazev>
   </serial>
   <serial>
      <nazev>Dexter</nazev>
      <hodnoceni>10/10</hodnoceni>
      <hodnoceni>9/10</hodnoceni>
   </serial>
   <serial>
      <nazev>House MD</nazev>
      <hodnoceni>10/10</hodnoceni>
   </serial>
   <serial>
      <nazev>How I Met Your Mother</nazev>
   </serial>
   <serial>
      <nazev>Chuck</nazev>
      <hodnoceni>9/10</hodnoceni>
   </serial>
   <serial>
      <nazev>IT Crowd</nazev>
      <hodnoceni>9/10</hodnoceni>
   </serial>
   <serial>
      <nazev>Futurama </nazev>
      <hodnoceni>8/10</hodnoceni>
   </serial>
   <serial>
      <nazev>The Simpsons</nazev>
      <hodnoceni>10/10</hodnoceni>
   </serial>
</serialy>