<?xml version="1.0" encoding="UTF-8"?>
<klienti>
   <klient>
      <jmeno>Martin</jmeno>
      <prijmeni>Lacina</prijmeni>
      <telefony>
         <telefon>+420444555666:33</telefon>
      </telefony>
   </klient>
   <klient>
      <jmeno>Michal</jmeno>
      <prijmeni>Moucka</prijmeni>
      <telefony>
         <telefon>885520347:33</telefon>
      </telefony>
   </klient>
   <klient>
      <jmeno>Machal</jmeno>
      <prijmeni>Moucka</prijmeni>
      <telefony>
         <telefon>885520347:33</telefon>
      </telefony>
   </klient>
</klienti>