<?xml version="1.0" encoding="UTF-8"?><html xmlns="http://www.w3.org/1999/xhtml">
   <head>
      <meta http-equiv="Content-Type" content="text/html; charset=UTF-8" />
      <title>Prehled osob</title>
   </head>
   <body>
      <table style="border-collapse:collapse; margin: 3px; padding: 3px;" border="2">
         <thead>
            <tr>
               <td rowspan="2">Jmeno</td>
               <td rowspan="2">Prijmeni</td>
               <td rowspan="2">Telefony</td>
               <td colspan="4">Cestovni prikazy</td>
            </tr>
            <tr>
               <td>ID</td>
               <td>Datum</td>
               <td>Suma</td>
               <td>Zaloha</td>
            </tr>
         </thead>
         <tbody>
            <tr>
               <td>Karel</td>
               <td>Burke</td>
               <td>
                  <p>Zadny telefon neni dostupny</p>
               </td>
               <td colspan="4">Zadny cestovni prikaz</td>
            </tr>
            <tr>
               <td>František     
                  
               </td>
               <td>DVOŘÁK     
                  
               </td>
               <td>
                  <p>1234567893     
                     
                  </p>
               </td>
               <td colspan="4">Zadny cestovni prikaz</td>
            </tr>
            <tr>
               <td>Václav     
                  
               </td>
               <td>HORÁK     
                  
               </td>
               <td>
                  <p>1234567898     
                     
                  </p>
               </td>
               <td colspan="4">Zadny cestovni prikaz</td>
            </tr>
            <tr>
               <td>Martin</td>
               <td>Lacina</td>
               <td>
                  <p>+420444555666</p>
               </td>
               <td>
                  <p>cp0001</p>
                  <p>cp0003</p>
               </td>
               <td>
                  <p>2012-02-23</p>
                  <p>2012-03-12</p>
               </td>
               <td>
                  <p>186</p>
                  <p>20774</p>
               </td>
               <td>
                  <p>bez zalohy</p>
                  <p>200</p>
               </td>
            </tr>
            <tr>
               <td>Petr     
                  
               </td>
               <td>MAREK     
                  
               </td>
               <td>
                  <p>1234567900     
                     
                  </p>
               </td>
               <td colspan="4">Zadny cestovni prikaz</td>
            </tr>
            <tr>
               <td>Machal</td>
               <td>Moucka</td>
               <td>
                  <p>885520347</p>
               </td>
               <td colspan="4">Zadny cestovni prikaz</td>
            </tr>
            <tr>
               <td>Michal</td>
               <td>Moucka</td>
               <td>
                  <p>885520347</p>
               </td>
               <td>
                  <p>cp0002</p>
               </td>
               <td>
                  <p>2012-03-09</p>
               </td>
               <td>
                  <p>bez vyuctovani</p>
               </td>
               <td>
                  <p>bez zalohy</p>
               </td>
            </tr>
            <tr>
               <td>Matěj     
                  
               </td>
               <td>NOVOTNÝ     
                  
               </td>
               <td>
                  <p>1234567892     
                     
                  </p>
               </td>
               <td colspan="4">Zadny cestovni prikaz</td>
            </tr>
            <tr>
               <td>Petr     
                  
               </td>
               <td>NOVÁK     
                  
               </td>
               <td>
                  <p>1234567890     
                     
                  </p>
               </td>
               <td colspan="4">Zadny cestovni prikaz</td>
            </tr>
            <tr>
               <td>Zdeněk     
                  
               </td>
               <td>NĚMEC     
                  
               </td>
               <td>
                  <p>1234567899     
                     
                  </p>
               </td>
               <td colspan="4">Zadny cestovni prikaz</td>
            </tr>
            <tr>
               <td>Adam     
                  
               </td>
               <td>SVOBODA     
                  
               </td>
               <td>
                  <p>1234567891     
                     
                  </p>
               </td>
               <td colspan="4">Zadny cestovni prikaz</td>
            </tr>
            <tr>
               <td>Tomáš     
                  
               </td>
               <td>VESELÝ     
                  
               </td>
               <td>
                  <p>1234567897     
                     
                  </p>
               </td>
               <td colspan="4">Zadny cestovni prikaz</td>
            </tr>
         </tbody>
      </table>
   </body>
</html>