<?xml version="1.0" encoding="UTF-8"?>
<zamestnanci>
   <zamestnanec>
      <prijmeni>
				Benda
			</prijmeni>
      <podrizeny>
         <prijmeni>
				Jenda
			</prijmeni>
         <podrizeny>
            <prijmeni>
				Renda
			</prijmeni>
         </podrizeny>
      </podrizeny>
      <podrizeny>
         <prijmeni>
				Venda
			</prijmeni>
      </podrizeny>
   </zamestnanec>
   <zamestnanec>
      <prijmeni>
				Jenda
			</prijmeni>
      <podrizeny>
         <prijmeni>
				Renda
			</prijmeni>
      </podrizeny>
   </zamestnanec>
   <zamestnanec>
      <prijmeni>
				Venda
			</prijmeni>
   </zamestnanec>
   <zamestnanec>
      <prijmeni>
				Renda
			</prijmeni>
   </zamestnanec>
</zamestnanci>