<html>
   <head>
      <meta http-equiv="Content-Type" content="text/html; charset=UTF-8">
   </head>
   <body>
      <table>
         <tr>
            <th>Prijmeni</th>
            <th>Pocet emailu</th>
         </tr>
         <tr>
            <td>
               				Benda
               			
            </td>
            <td>1</td>
         </tr>
         <tr>
            <td>
               				Jenda
               			
            </td>
            <td>2</td>
         </tr>
         <tr>
            <td>
               				Venda
               			
            </td>
            <td>2</td>
         </tr>
         <tr>
            <td>
               				Renda
               			
            </td>
            <td>2</td>
         </tr>
      </table>
   </body>
</html>