<?xml version="1.0" encoding="UTF-8" standalone="no"?><document>
	<hry>
		<zanr>
		 <adventura><genreName>Adventura</genreName>
			 <textovka><genreName>Textov? adventura</genreName>
			 </textovka>
			 <grafickaTextovka><genreName>Grafick? textov? adventura</genreName>
			 </grafickaTextovka>
			 <pointAndClick><genreName>Point and click adventura</genreName>
			 </pointAndClick>
			 <triDeAdventura><genreName>3D adventura</genreName>
				 <triDeAkcniAdventura><genreName>3D ak?n? adventura</genreName>
				 </triDeAkcniAdventura>
			 </triDeAdventura> 
		 </adventura>
		 <akcni><genreName>Ak?n?</genreName>
			 <triDeAkcni><genreName>3D ak?n?</genreName>
			 	<!-- first-person shooter -->
				 <fps><genreName>FPS</genreName>
				 </fps>
				 <!-- third-person shooter -->
				 <tps><genreName>TPS</genreName>
					 <titul>
						 <nazevTitulu>Max Payne</nazevTitulu>
						 <vydano>
							 <datum>23.6.</datum>
							 <rok>2001</rok>
						 </vydano>
						 <vyvojarRef id="vyv_1"/>
						 <vyvojarRef id="vyv_2"/>
						 <vydavatelRef id="vyd_1"/>
						 <vydavatelRef id="vyd_2"/>
						 <distributorRef id="dis_1"/>
						 <distributorRef id="dis_2"/>
						 <medium pocet="1" typ="CD"/>
						 <herniMody hotseat="ne" lanMultiplayer="ne" netMultiplayer="ne" singleplayer="ano"/>
						 <engine>MAX-FX</engine>
					 </titul>
					 <titul>
							<nazevTitulu>BloodRayne</nazevTitulu>
							<vydano>
								<rok>2002</rok>
							</vydano>
							<vyvojarRef id="vyv_3"/>
							<medium/>
							<herniMody/>
							<engine/>
						</titul>
				 </tps>
				 <survivalHorror><genreName>Survival horror</genreName>
				 </survivalHorror>
				 <taktickySimulator><genreName>Taktick? simul?tor</genreName>
				 </taktickySimulator>
			 </triDeAkcni>
		 </akcni>
		 <arkada><genreName>Ark?da</genreName>
			 <plosinovka><genreName>Plo?inovka</genreName>
			 </plosinovka>
			 <bojovka><genreName>Bojovka</genreName>
			 </bojovka>
			 <logicka><genreName>Logick? ark?da</genreName>
			 </logicka>
			 <sportovni><genreName>Sportovn? ark?da</genreName>
			 </sportovni>
			 <zavodni><genreName>Z?vodn? ark?da</genreName>
			 	<titul>
					<nazevTitulu>Death rally</nazevTitulu>
					<vydano>
						<datum/>
						<rok>1996</rok>
					</vydano>
					<vyvojarRef id="vyv_1"/>
					<medium/>
					<herniMody/>
					<engine/>						
				</titul>
			 </zavodni>
			 <arkanoidLike><genreName>Arkanoid-like ark?da</genreName>
			 </arkanoidLike>
		 </arkada>
		 <strategie><genreName>Strategie</genreName>
			 <tahova><genreName>Tahov? strategie</genreName>
			 </tahova>
			 <realtime><genreName>Realtime strategie</genreName>
			 </realtime>
			 <budovatelska><genreName>Budovatelsk? strategie</genreName>
			 </budovatelska>
			 <towerDefense><genreName>Tower defense</genreName>
			 </towerDefense>
		 </strategie>
		 <simulator><genreName>Simul?tor</genreName>
			 <zivota><genreName>Simul?tor ?ivota</genreName>
			 </zivota>
			 <letecky><genreName>Leteck? simul?tor</genreName>
			 </letecky>
			 <zavodu><genreName>Z?vodn? simul?tor</genreName>
			 </zavodu>
			 <deskoveHry><genreName>Simul?tor deskov? hry</genreName>
			 </deskoveHry>
			 <sport><genreName>Sportovn? simul?tor</genreName>
			 </sport>
			 <sportovniManager><genreName>Sportovn? manager</genreName>
			 </sportovniManager>
		 </simulator>
		 <rpg><genreName>RPG</genreName>
			 <dungeon><genreName>Dungeon</genreName>
			 </dungeon>
			 <mmorpg><genreName>MMORPG</genreName>
			 </mmorpg>
		 </rpg>
		</zanr>
	</hry>
	<vyvojari>
		<vyvojar id="vyv_1">
			<nazev>Remedy Entertainment</nazev>		
		</vyvojar>
		<vyvojar id="vyv_2">
			<nazev>3D Realms</nazev>		
		</vyvojar>
		<vyvojar id="vyv_3">
			<nazev>Terminal Reality</nazev>
		</vyvojar>
	</vyvojari>
	<vydavatele>
		<vydavatel id="vyd_1">
			<nazev>Gathering of Developers</nazev>
		</vydavatel>
		<vydavatel id="vyd_2">
			<nazev>Valve Corporation</nazev>
		</vydavatel>
	</vydavatele>
	<distributori>
		<distributor id="dis_1">
			<nazev>Take 2</nazev>
			<zalozen>1993</zalozen>
		</distributor>
		<distributor id="dis_2">
			<nazev>Cenega</nazev>
			<zalozen>1997</zalozen>
		</distributor>
	</distributori>
</document>