<html>
   <head>
      <meta http-equiv="Content-Type" content="text/html; charset=UTF-8">
      <title>Catalogue of Game Publishers</title>
   </head>
   <body>
      <h2>Games by year</h2>
      <p>Bold ones have one or more expansion</p>
      <div>
         <h3>1987</h3>
         <ul>
            <li><b>Arkham Horror</b></li>
         </ul>
      </div>
      <div>
         <h3>2005</h3>
         <ul>
            <li><b>Arkham Horror</b></li>
         </ul>
      </div>
      <div>
         <h3>2006</h3>
         <ul>
            <li><b>Arkham Horror: Curse of the Dark Pharaoh</b></li>
            <li><b>Arkham Horror: Dunwich Horror</b></li>
            <li><b>BattleLore</b></li>
         </ul>
      </div>
      <div>
         <h3>2007</h3>
         <ul>
            <li><b>Arkham Horror</b></li>
            <li><b>Arkham Horror: The King in Yellow</b></li>
            <li><b>BattleLore: Call to Arms</b></li>
            <li>BattleLore: Epic BattleLore</li>
         </ul>
      </div>
      <div>
         <h3>2008</h3>
         <ul>
            <li><b>Arkham Horror: Kingsport Horror</b></li>
            <li><b>Arkham Horror: The Black Goat of the Woods</b></li>
         </ul>
      </div>
      <div>
         <h3>2009</h3>
         <ul>
            <li><b>Arkham Horror: Innsmouth Horror</b></li>
         </ul>
      </div>
      <div>
         <h3>2010</h3>
         <ul>
            <li><b>Arkham Horror: The Lurk at the Treshold</b></li>
         </ul>
      </div>
      <div>
         <h3>2011</h3>
         <ul>
            <li>Arkham Horror: Miskatonic Horror</li>
         </ul>
      </div>
   </body>
</html>