<html>
   <head>
      <meta http-equiv="Content-Type" content="text/html; charset=UTF-8">
      <title>Catalogue of Game Publishers</title>
   </head>
   <body>
      <h1>Catalogue of Game Publishers</h1>
      <div>
         <h2>Chaosium Inc.</h2>
         <ul>
            <li>Arkham Horror</li>
         </ul>
      </div>
      <div>
         <h2>Fantasy Flight Games</h2>
         <ul>
            <li>Arkham Horror</li>
            <li>Arkham Horror: Curse of the Dark Pharaoh</li>
            <li>Arkham Horror: Dunwich Horror</li>
            <li>Arkham Horror: The King in Yellow</li>
            <li>Arkham Horror: Kingsport Horror</li>
            <li>Arkham Horror: The Black Goat of the Woods</li>
            <li>Arkham Horror: Innsmouth Horror</li>
            <li>Arkham Horror: The Lurk at the Treshold</li>
            <li>Arkham Horror: Miskatonic Horror</li>
            <li>BattleLore</li>
            <li>BattleLore: Call to Arms</li>
            <li>BattleLore: Epic BattleLore</li>
         </ul>
      </div>
      <div>
         <h2>Days of Wonder</h2>
         <ul>
            <li>BattleLore</li>
         </ul>
      </div>
   </body>
</html>