<html>
   <head>
      <meta http-equiv="Content-Type" content="text/html; charset=UTF-8">
      <title>Catalogue of Game Publishers</title>
   </head>
   <body>
      <h3>Games with above average number of expansions</h3>
      <p>Average: 0.833333333333333333</p>
      <ul>
         <li>Arkham Horror</li>
         <li>Arkham Horror: Curse of the Dark Pharaoh</li>
         <li>Arkham Horror: Dunwich Horror</li>
         <li>Arkham Horror: The King in Yellow</li>
         <li>Arkham Horror: Kingsport Horror</li>
         <li>Arkham Horror: The Black Goat of the Woods</li>
         <li>Arkham Horror: Innsmouth Horror</li>
         <li>Arkham Horror: The Lurk at the Treshold</li>
         <li>BattleLore</li>
         <li>BattleLore: Call to Arms</li>
      </ul>
   </body>
</html>