<html>
   <head>
      <meta http-equiv="Content-Type" content="text/html; charset=UTF-8">
      <title>Catalogue of Game Publishers</title>
   </head>
   <body>
      <h2>Game extensions recursive edition</h2>
      <div>
         <h3>Arkham Horror</h3>
         <ul>
            <li>Arkham Horror: Curse of the Dark Pharaoh</li>
            <li>Arkham Horror: Dunwich Horror</li>
            <li>Arkham Horror: The King in Yellow</li>
            <li>Arkham Horror: Kingsport Horror</li>
            <li>Arkham Horror: The Black Goat of the Woods</li>
            <li>Arkham Horror: Innsmouth Horror</li>
            <li>Arkham Horror: The Lurk at the Treshold</li>
            <li>Arkham Horror: Miskatonic Horror</li>
         </ul>
      </div>
      <div>
         <h3>Arkham Horror: Curse of the Dark Pharaoh</h3>
         <ul>
            <li>Arkham Horror: Dunwich Horror</li>
            <li>Arkham Horror: The King in Yellow</li>
            <li>Arkham Horror: Kingsport Horror</li>
            <li>Arkham Horror: The Black Goat of the Woods</li>
            <li>Arkham Horror: Innsmouth Horror</li>
            <li>Arkham Horror: The Lurk at the Treshold</li>
            <li>Arkham Horror: Miskatonic Horror</li>
         </ul>
      </div>
      <div>
         <h3>Arkham Horror: Dunwich Horror</h3>
         <ul>
            <li>Arkham Horror: The King in Yellow</li>
            <li>Arkham Horror: Kingsport Horror</li>
            <li>Arkham Horror: The Black Goat of the Woods</li>
            <li>Arkham Horror: Innsmouth Horror</li>
            <li>Arkham Horror: The Lurk at the Treshold</li>
            <li>Arkham Horror: Miskatonic Horror</li>
         </ul>
      </div>
      <div>
         <h3>Arkham Horror: The King in Yellow</h3>
         <ul>
            <li>Arkham Horror: Kingsport Horror</li>
            <li>Arkham Horror: The Black Goat of the Woods</li>
            <li>Arkham Horror: Innsmouth Horror</li>
            <li>Arkham Horror: The Lurk at the Treshold</li>
            <li>Arkham Horror: Miskatonic Horror</li>
         </ul>
      </div>
      <div>
         <h3>Arkham Horror: Kingsport Horror</h3>
         <ul>
            <li>Arkham Horror: The Black Goat of the Woods</li>
            <li>Arkham Horror: Innsmouth Horror</li>
            <li>Arkham Horror: The Lurk at the Treshold</li>
            <li>Arkham Horror: Miskatonic Horror</li>
         </ul>
      </div>
      <div>
         <h3>Arkham Horror: The Black Goat of the Woods</h3>
         <ul>
            <li>Arkham Horror: Innsmouth Horror</li>
            <li>Arkham Horror: The Lurk at the Treshold</li>
            <li>Arkham Horror: Miskatonic Horror</li>
         </ul>
      </div>
      <div>
         <h3>Arkham Horror: Innsmouth Horror</h3>
         <ul>
            <li>Arkham Horror: The Lurk at the Treshold</li>
            <li>Arkham Horror: Miskatonic Horror</li>
         </ul>
      </div>
      <div>
         <h3>Arkham Horror: The Lurk at the Treshold</h3>
         <ul>
            <li>Arkham Horror: Miskatonic Horror</li>
         </ul>
      </div>
      <div>
         <h3>Arkham Horror: Miskatonic Horror</h3>
         <ul></ul>
      </div>
      <div>
         <h3>BattleLore</h3>
         <ul>
            <li>BattleLore: Call to Arms</li>
            <li>BattleLore: Epic BattleLore</li>
         </ul>
      </div>
      <div>
         <h3>BattleLore: Call to Arms</h3>
         <ul>
            <li>BattleLore: Epic BattleLore</li>
         </ul>
      </div>
      <div>
         <h3>BattleLore: Epic BattleLore</h3>
         <ul></ul>
      </div>
   </body>
</html>