<html>
   <head>
      <meta http-equiv="Content-Type" content="text/html; charset=UTF-8">
      <title>Catalogue of Game Publishers</title>
   </head>
   <body>
      <h1>Catalogue of Game Publishers</h1>
      <div>
         <h2>Chaosium Inc.</h2>
         <ul>
            <li>Arkham Horror (1987)</li>
         </ul>
      </div>
      <div>
         <h2>Fantasy Flight Games</h2>
         <ul>
            <li>Arkham Horror (2005)</li>
            <li>Arkham Horror (2007)</li>
            <li>Arkham Horror: Curse of the Dark Pharaoh (2006)</li>
            <li>Arkham Horror: Dunwich Horror (2006)</li>
            <li>Arkham Horror: The King in Yellow (2007)</li>
            <li>Arkham Horror: Kingsport Horror (2008)</li>
            <li>Arkham Horror: The Black Goat of the Woods (2008)</li>
            <li>Arkham Horror: Innsmouth Horror (2009)</li>
            <li>Arkham Horror: The Lurk at the Treshold (2010)</li>
            <li>Arkham Horror: Miskatonic Horror (2011)</li>
            <li>BattleLore (2006)</li>
            <li>BattleLore: Call to Arms (2007)</li>
            <li>BattleLore: Epic BattleLore (2007)</li>
         </ul>
      </div>
      <div>
         <h2>Days of Wonder</h2>
         <ul>
            <li>BattleLore (2006)</li>
         </ul>
      </div>
   </body>
</html>