<?xml version="1.0" encoding="UTF-8" standalone="no"?><lodenice>
  <lodni_tridy>
    <!-- Lode uskladnene v lodenici -->
    <lodni_trida celkova_plocha_plachet="10" nazev="cadet" posadka="2" spinaker="ano"/>
    <lodni_trida celkova_plocha_plachet="3.3" nazev="optimist" posadka="1" spinaker="ne"/>
    <lodni_trida celkova_plocha_plachet="7" nazev="laser" posadka="1" spinaker="ne"/>
    <lodni_trida celkova_plocha_plachet="20" nazev="vaurien" posadka="2" pozadovane_opravneni="S20" spinaker="ano"/>
    <lodni_trida celkova_plocha_plachet="10.6" nazev="finn" posadka="1" spinaker="ne"/>
    <lodni_trida celkova_plocha_plachet="7" nazev="europe" posadka="1" spinaker="ne"/>
    <lodni_trida celkova_plocha_plachet="93" nazev="melges24" posadka="5" pozadovane_opravneni="S" spinaker="ano"/>
    <lodni_trida celkova_plocha_plachet="28" nazev="rs700" posadka="1" pozadovane_opravneni="S80" spinaker="ano"/>
    <lodni_trida celkova_plocha_plachet="47" nazev="tornado" posadka="2" pozadovane_opravneni="S80" spinaker="ano"/>
    <lodni_trida celkova_plocha_plachet="24" nazev="fireball" posadka="2" pozadovane_opravneni="S80" spinaker="ano"/>
  </lodni_tridy>
  <lode>
    <!-- Oddily vyuzivajici prostory lodenice (lze sdilet) -->
    <jachta konstrukce="drevena" majitel="YCNeratovice" promereni="2012" registracni_cislo="l-14084" trida="fireball">
      <posadka kormidelnik="c-1203-491" kosatnik="c-1203-486"/>
    </jachta>
    <jachta konstrukce="kompozitni" majitel="YCNeratovice" promereni="2001" registracni_cislo="l-9128" trida="cadet">
      <posadka kormidelnik="c-1203-491" kosatnik="c-1203-486"/>
    </jachta>
    <jachta konstrukce="kompozitni" majitel="c-1203-444" promereni="2009" registracni_cislo="l-14567" trida="laser">
      <posadka kormidelnik="c-1203-491" kosatnik="c-1203-501"/>
    </jachta>
    <jachta konstrukce="kompozitni" majitel="YCNeratovice" promereni="2011" registracni_cislo="l-11024" trida="melges24">
      <posadka kormidelnik="c-1203-444"/>
    </jachta>
    <jachta konstrukce="drevena" majitel="YCNeratovice" promereni="2012" registracni_cislo="l-14084" trida="fireball">
      <posadka kormidelnik="c-1203-315" kosatnik="c-1203-491 c-1203-501 c-1203-486 c-1203-444"/>
    </jachta>
    <clun pozadovane_opravneni="M100" registracni_cislo="l-M40900101"/>
  </lode>

  <oddily>
    <!-- Registrovani clenove -->
    <oddil nazev="YCNeratovice" pokladnik="c-1203-002" predseda="c-1203-001">
      <clenove>
        <!-- Pro zajisteni dostatecneho zanoreni u clenu evidujeme, na kdy maji rezevovane zdroje lodenice (dilnu) -->
        <clen datum_narozeni="1960" jmeno="Ales Novotny" pohlavi="muz" registracni_cislo="c-1203-002" telefon="723-512-256"/>
        <clen datum_narozeni="1970" jmeno="Lenka Mala" pohlavi="zena" registracni_cislo="c-1203-315"/>
        <clen datum_narozeni="1980" jmeno="Jitka Navratilova" pohlavi="zena" registracni_cislo="c-1203-444"/>
        <clen datum_narozeni="1989" jmeno="David Kohout" pohlavi="muz" registracni_cislo="c-1203-486"/>
        <clen datum_narozeni="1989" jmeno="Petr Zita" pohlavi="muz" registracni_cislo="c-1203-491"/>
        <clen datum_narozeni="1993" jmeno="Alena Kroutilova" pohlavi="zena" registracni_cislo="c-1203-501"/>
        <clen datum_narozeni="1950" jmeno="Jan Novak" pohlavi="muz" registracni_cislo="c-1203-001" telefon="733-123-456">
          <!-- Osoby zodpovedne za stav lodenice po ukonceni treningu -->
          <rezervace_dilny>
            <datum den="10" mesic="4" rok="2012"/>
          </rezervace_dilny>
        </clen>
      </clenove>

      <!-- Staticky obsah nastenky -->
      <trener lodni_trida="laser" registracni_cislo="c-1203-315"/>
      <trener lodni_trida="fireball" registracni_cislo="c-1203-444"/>

      <!-- Dynamicky nacitany obsah -->
      <nastenka>
        Vypsani MCR neleznete na strankach <odkaz url="http://sailing.cz">ceskeho svazu jachtingu</odkaz>.

        za obsah je zodpovedny spravce.
      </nastenka>

      <!-- Lodenice poskytuje prostory pro tyto lodni tridy -->
      <vysledky>
        <?php /* ZDE BUDE KOD PRO IMPORTOVANI VYSLEDKU */ ?>
        <![CDATA[
                 Vyznamne uspechy clenu oddilu:

                 Mistrovstvi CR - Lipno
                 1. & Jakub Daniel
                 2. & Jan Novak
                 3. & Jiri Adamec
        ]]>
      </vysledky>
    </oddil>
  </oddily>
</lodenice>