<html>
   <head>
      <meta http-equiv="Content-Type" content="text/html; charset=UTF-8">
   </head>
   <body>
      <table>
         <thead>
            <tr>
               <th>Prijmeni</th>
               <th>Mesto</th>
               <th>Vek</th>
            </tr>
         </thead>
         <tbody>
            <tr>
               <td>Novotny</td>
               <td>
                  <mesto psc="45678">Kladno</mesto>
               </td>
               <td>
                  <vek>22</vek>
               </td>
            </tr>
            <tr>
               <td><b>Kadlec</b></td>
               <td>
                  <mesto psc="45636">Brno</mesto>
               </td>
               <td>
                  <vek>34</vek>
               </td>
            </tr>
            <tr>
               <td>Albrecht</td>
               <td>
                  <mesto psc="16000">Praha</mesto>
               </td>
               <td>
                  <vek>18</vek>
               </td>
            </tr>
         </tbody>
      </table>
   </body>
</html>