<?xml version="1.0" encoding="UTF-8"?>
<kniha>
   <autor>Pratchett</autor>
   <nazov>Eric</nazov>
   <strany>197</strany>
</kniha>
<kniha>
   <autor>Pratchett</autor>
   <nazov>The Colour of Magic</nazov>
   <strany>210</strany>
</kniha>
<kniha>
   <autor>Pratchett</autor>
   <nazov>Equal Rites</nazov>
   <strany>240</strany>
</kniha>
<kniha>
   <autor>Pratchett</autor>
   <nazov>Mort</nazov>
   <strany>243</strany>
</kniha>
<kniha>
   <autor>Pratchett</autor>
   <nazov>Light Fantastic</nazov>
   <strany>272</strany>
</kniha>
<kniha>
   <autor>Pratchett</autor>
   <nazov>Sourcery</nazov>
   <strany>288</strany>
</kniha>
<kniha>
   <autor>Pratchett</autor>
   <nazov>Wyrd Sisters</nazov>
   <strany>288</strany>
</kniha>
<kniha>
   <autor>Pratchett</autor>
   <nazov>Pyramids</nazov>
   <strany>352</strany>
</kniha>
<kniha>
   <autor>Pratchett</autor>
   <nazov>Moving Pictures</nazov>
   <strany>368</strany>
</kniha>
<kniha>
   <autor>Pratchett</autor>
   <nazov>Guards, Guards!</nazov>
   <strany>384</strany>
</kniha>
<kniha>
   <autor>Tolkien</autor>
   <nazov>Lord of the Rings, The: The Fellowship of the Ring</nazov>
   <strany>576</strany>
</kniha>