<?xml version="1.0" encoding="UTF-8"?>
<book ISBN="978-0380821211" bid="book10" author="author1" back="paper">
			<title>Eric</title>
			<pages>197</pages>
			<yearPublication>2002</yearPublication>
			<publisher>HarperTorch</publisher>
			<synopsis>Discworld's only demonology hacker, Eric, is about to make life very difficult for the rest of Ankh-Morpork's denizens. This would-be Faust is very bad...at his work, that is. All he wants is to fulfill three little wishes:to live forever, to be master of the universe, and to have a stylin' hot babe.

But Eric isn't even good at getting his own way. Instead of a powerful demon, he conjures, well, Rincewind, a wizard whose incompetence is matched only by Eric's. And as if that wasn't bad enough, that lovable travel accessory the Luggage has arrived, too. Accompanied by his best friends, there's only one thing Eric wishes now -- that he'd never been born!</synopsis>
			<characters>
				  <charref charid="character1"/>
				  <character chid="character15">
					    <name>Eric Thursley</name>
					    <description>A 13 year old demonologist, who wants the mastery of all kingdoms, to meet the most beautiful woman who ever existed, and to live forever.</description>
				  </character>
			</characters>
		</book>