<?xml version="1.0" encoding="UTF-8"?>
<kniha>
   <nazov>The Colour of Magic</nazov>
   <isbn>978-0061020711</isbn>
   <strany>210</strany>
</kniha>
<kniha>
   <nazov>Light Fantastic</nazov>
   <isbn>978-0060855888</isbn>
   <strany>272</strany>
</kniha>
<kniha>
   <nazov>Lord of the Rings, The: The Fellowship of the Ring</nazov>
   <isbn>978-0007269709</isbn>
   <strany>576</strany>
</kniha>
<kniha>
   <nazov>Equal Rites</nazov>
   <isbn>978-0060855901</isbn>
   <strany>240</strany>
</kniha>
<kniha>
   <nazov>Mort</nazov>
   <isbn>978-0061020681</isbn>
   <strany>243</strany>
</kniha>
<kniha>
   <nazov>Sourcery</nazov>
   <isbn>978-0061020674</isbn>
   <strany>288</strany>
</kniha>
<kniha>
   <nazov>Wyrd Sisters</nazov>
   <isbn>978-0061020667</isbn>
   <strany>288</strany>
</kniha>
<kniha>
   <nazov>Pyramids</nazov>
   <isbn>978-0061020650</isbn>
   <strany>352</strany>
</kniha>
<kniha>
   <nazov>Guards, Guards!</nazov>
   <isbn>978-0061020643</isbn>
   <strany>384</strany>
</kniha>
<kniha>
   <nazov>Eric</nazov>
   <isbn>978-0380821211</isbn>
   <strany>197</strany>
</kniha>
<kniha>
   <nazov>Moving Pictures</nazov>
   <isbn>978-0061020636</isbn>
   <strany>368</strany>
</kniha>
<kniha>
   <nazov>Thud</nazov>
   <isbn>978-0060815318</isbn>
   <strany>416</strany>
</kniha>
<kniha>
   <nazov>The Return of the King: Being the Third Part of The Lord of the Rings</nazov>
   <isbn>978-0618574971</isbn>
   <strany>544</strany>
</kniha>