<?xml version="1.0" encoding="utf-8" standalone="no"?><knihovna>
  
  
  
  
  
  
<ctenari>
    
    

    

    
    
  <ctenar attrib="cislo:c1; ">
      
      
      
      
      
      
    <bydliste>
        
        
        
        
      <cp>15</cp><obec>Praha</obec><psc>18000</psc><ulice>?ten??sk?</ulice></bydliste><email>karel88@email.cz</email><jmeno>Karel</jmeno><mobil>723123456</mobil><prijmeni>Zv?dav?</prijmeni><rc>881122/1234</rc></ctenar><ctenar attrib="cislo:c2; ">
      
      
      
      
      
      
      
    <bydliste>
        
        
        
        
      <cp>1</cp><obec>Praha</obec><psc>12116</psc><ulice>Hlavn?</ulice></bydliste><email>veronika@email.cz</email><email>v.ctiva@email.cz</email><jmeno>Veronika</jmeno><prijmeni>?tiv?</prijmeni><rc>955501/4321</rc><telefon>800123456</telefon></ctenar><ctenar attrib="cislo:c3; ">
      
      
      
      
      
      
    <bydliste>
        
        
        
        
      <cp>1024</cp><obec>Praha</obec><psc>14000</psc><ulice>V?t?zn?</ulice></bydliste><email>lukas@email.cz</email><jmeno>Luk??</jmeno><prijmeni>Vn?mav?</prijmeni><rc>900909/2233</rc><telefon>251314728</telefon></ctenar></ctenari><tituly>
    
    

    

    

    
    
  <titul attrib="jazyk:en; kod:t1; zanry:detektivka; ">
      
      
      
      
      
      
    <autor><jmeno>John</jmeno><prijmeni>Strange</prijmeni></autor><autor><jmeno>Peter</jmeno><prijmeni>Funny</prijmeni></autor><exemplare>
        
        
        
      <cd attrib="signatura:t1c1; "><delka>90</delka></cd><kniha attrib="signatura:t1k1; "><stran>150</stran></kniha><kniha attrib="signatura:t1k2; "><stran>150</stran></kniha></exemplare><nazev>Dramatic Story</nazev><rok>1990</rok><upoutavka/></titul><titul attrib="jazyk:cs; kod:t2; zanry:kucha?ka; ">
      
      
      
      
    <autor><jmeno>Petra</jmeno><prijmeni>Soute?iv?</prijmeni></autor><exemplare>
      </exemplare><nazev>Nejlep?? recepty</nazev><rok>2005</rok></titul><titul attrib="jazyk:cs; kod:t3; zanry:u?ebnice; ">
      
      
      
      
      
    <autor><jmeno>Alena</jmeno><prijmeni>Pe?liv?</prijmeni></autor><autor><jmeno>Jan</jmeno><prijmeni>Hodn?</prijmeni></autor><exemplare>
        
        
        
        
      <kniha attrib="signatura:t3k1; "><stran>75</stran></kniha><kniha attrib="signatura:t3k2; "><stran>75</stran></kniha><kniha attrib="signatura:t3k3; "><stran>50</stran></kniha><kniha attrib="signatura:t3k4; "><stran>50</stran></kniha></exemplare><nazev>Moje ??tanka</nazev><rok>1999</rok></titul><titul attrib="jazyk:en; kod:t4; zanry:kucha?ka u?ebnice; ">
      
      
      
    <exemplare>
        
        
      <cd attrib="signatura:t4c1; "><delka>45</delka></cd><cd attrib="signatura:t4c2; "><delka>45</delka></cd></exemplare><nazev>Interactive Cooking</nazev><rok>2010</rok></titul></tituly><vypujcky>

    

    
    
    
    
    
    
    
    
    
    
  <vypujcka attrib="ctenar:c1; signatura:t1k1; stav:vraceno; ">
      
      
      
    <poznamka>
        Zap?j?ena kniha  titulu  ?ten??em .
      <ctenar attrib="cislo:c1; "/><exemplar attrib="signatura:t1k1; "/><titul attrib="kod:t1; "/></poznamka><pujceno>2011-08-15</pujceno><vraceno>2011-08-10</vraceno></vypujcka><vypujcka attrib="ctenar:c2; signatura:t3k4; stav:vraceno; ">
      
      
    <pujceno>2012-01-07</pujceno><vraceno>2012-02-29</vraceno></vypujcka><vypujcka attrib="ctenar:c2; signatura:t1k1; stav:vraceno; ">
      
      
    <pujceno>2012-01-07</pujceno><vraceno>2012-02-27</vraceno></vypujcka><vypujcka attrib="ctenar:c2; signatura:t4c1; stav:pujceno; ">
      
      
    <poznamka>
        Zap?j?eno CD  titulu  ?ten??em .
      <ctenar attrib="cislo:c2; "/><exemplar attrib="signatura:t4c1; "/><titul attrib="kod:t4; "/></poznamka><pujceno>2012-02-11</pujceno></vypujcka><vypujcka attrib="ctenar:c1; signatura:t3k4; stav:vraceno; ">
      
      
    <pujceno>2012-03-01</pujceno><vraceno>2012-03-05</vraceno></vypujcka><vypujcka attrib="ctenar:c2; signatura:t1k1; stav:pujceno; ">
      
      
    <poznamka>
        Zap?j?ena kniha  titulu  ?ten??em .
      <ctenar attrib="cislo:c2; "/><exemplar attrib="signatura:t1k1; "/><titul attrib="kod:t1; "/></poznamka><pujceno>2012-03-01</pujceno></vypujcka></vypujcky></knihovna>