<?xml version="1.0" encoding="utf-8" standalone="no"?><!-- xml je fiktivny report z fiktivnej databazi fiktivnej kniznice--><!--obsahuje:
kratky zoznam dostupnych publikacii (knih)
kratky zoznam citatelov--><kniznica xmlns:xsi="http://www.w3.org/2001/XMLSchema-instance" datum="2009-01-11" xsi:noNamespaceSchemaLocation="data.xsd"><autori><autor meno-autora="Margaret Weis, Tracy Hickman"><publikacia id="10" nazov="Oh?ov? mo?e"><pozicky/></publikacia></autor><autor meno-autora="George Orwell"><publikacia id="4" nazov="1984"><pozicky><pozicka datum-prevzatia="1.2.2011" datum-vratenia="20.2.2011"><Meno>Tom?? Kri?ka</Meno><stav>po?i?an?</stav></pozicka></pozicky></publikacia><publikacia id="5" nazov="Zvieracia farma"><pozicky/></publikacia></autor><autor meno-autora="Frederik Pohl"><publikacia id="6" nazov="Gateway"><pozicky/></publikacia></autor><autor meno-autora="Terry Pratchett"><publikacia id="1" nazov="??asn? Zem?plocha - Barva kouzel"><pozicky><pozicka datum-prevzatia="1.1.2011" datum-vratenia="20.1.2011"><Meno>Tom?? Kri?ka</Meno><stav>vr?ten?</stav></pozicka><pozicka datum-prevzatia="13.2.2011" datum-vratenia="14.3.2011"><Meno>Michal Kvet</Meno><stav>po?i?an?</stav></pozicka></pozicky></publikacia><publikacia id="8" nazov="Lehk? fantasti?no"><pozicky><pozicka datum-prevzatia="5.6.2011" datum-vratenia="5.7.2011"><Meno>Michal Kvet</Meno><stav>po?i?an?</stav></pozicka></pozicky></publikacia><publikacia id="9" nazov="Mort"><pozicky/></publikacia></autor><autor meno-autora="William Gibson"><publikacia id="7" nazov="Rozpozn?n? vzor?"><pozicky/></publikacia></autor><autor meno-autora="Fiodor Michajlovi? Dostojevskij"><publikacia id="2" nazov="Zlo?in a trest"><pozicky/></publikacia><publikacia id="3" nazov="Ura?en? a pon??en?"><pozicky><pozicka datum-prevzatia="3.3.2011" datum-vratenia="4.4.2011"><Meno>Jan Nov?k</Meno><stav>po?i?an?</stav></pozicka></pozicky></publikacia></autor></autori></kniznica>