<?xml version="1.0" encoding="UTF-8" standalone="no"?><document xmlns:xsi="http://www.w3.org/2001/XMLSchema-instance" xsi:noNamespaceSchemaLocation="data.xsd">
	<stations>
		<!-- skupiny zast?vek sdru?uj? v?dy v?echny zast?vky stejn?ho jm?na -->
		<stationGroup id="361">
			<name full="false">Malostransk? n?m?st?</name>
			<station id="S361.1" type="Tram" way="DC">
				<usage>30</usage>
				<coordinates>
					<lat>14.404328</lat>
					<lon>50.088001</lon>
				</coordinates>
				<comments>Zast?vka u MFF</comments>
			</station>
			<station id="S361.2" type="Tram" way="ZC">
				<usage>30</usage>
				<coordinates>
					<lat>14.404478</lat>
					<lon>50.088271</lon>
				</coordinates>
			</station>
		</stationGroup>
		<stationGroup>
			<name>And?l</name>
			
			
			<station id="S1040.3" type="Tram" way="DC">
				<usage>45</usage>
				<coordinates>
					<lat>14.404229</lat>
					<lon>50.071730</lon>
				</coordinates>
			</station>
			<station id="S1040.4" type="Tram" way="ZC">
				<usage>45</usage>
				<coordinates>
					<lat>14.404553</lat>
					<lon>50.070967</lon>
				</coordinates>
			</station>
			
			
			
			
			
		</stationGroup>
		<stationGroup>
			<name>Hellichova</name>
			<station id="S138.1" type="Tram" way="DC">
				<usage>30</usage>
				<coordinates>
					<lat>14.404190</lat>
					<lon>50.085585</lon>
				</coordinates>
			</station>
			<station id="S138.2" type="Tram" way="ZC">
				<usage>30</usage>
				<coordinates>
					<lat>14.404465</lat>
					<lon>50.084210</lon>
				</coordinates>
			</station>
		</stationGroup>
		<stationGroup>
			<name>V?t?zn? n?m?st?</name>
			<station id="S321.3" type="Tram" way="DC"/>
			<station id="S321.4" type="Tram" way="ZC"/>
		</stationGroup>
		<stationGroup>
			<name>Hrad?ansk?</name>
			<station id="S163.11" type="Tram" way="DC"/>
			<station id="S163.12" type="Tram" way="ZC"/>
		</stationGroup>
		<stationGroup>
			<name>Malostransk?</name>
			<station id="S360.1" type="Tram" way="DC"/>
			<station id="S360.2" type="Tram" way="ZC"/>
		</stationGroup>
		<stationGroup>
			<name>Pra?sk? hrad</name>
			
			
		</stationGroup>
		<stationGroup>
			<name>Vltavsk?</name>
			
		</stationGroup>
	</stations>
	<lines>
		<line name="20" type="Tram">
			<!-- ka?d? linka m? typicky 2 sm?ry, n?kter? maj? jen 1 (okru?n?) -->
			<lineWay>
				<!-- ka?d? sm?r tvo?? seznam konkr?tn?ch zast?vek -->
				<stref id="S321.3"/>
				<stref id="S163.11"/>
				<stref id="S360.1"/>
				<stref id="S361.1"/>
				<stref id="S138.1"/>
				<stref id="S1040.4"/>
			</lineWay>
			<lineWay>
				<stref id="S1040.3"/>
				<stref id="S138.2"/>
				<stref id="S361.2"/>
				<stref id="S360.2"/>
				<stref id="S163.12"/>
				<stref id="S321.4"/>
			</lineWay>
			<comments>
				Zast?vka <stref id="S361.1"/> je nejbl??e k <![CDATA[<MFF>]]>.
				Plat? do <?php echo date("d.M.Y") ?>.
			</comments>
		</line>
		<line name="12" type="Tram">
			<lineWay>
				<stref id="S360.1"/>
				<stref id="S361.1"/>
				<stref id="S138.1"/>
				<stref id="S1040.4"/>
			</lineWay>
			<lineWay>
				<stref id="S1040.3"/>
				<stref id="S138.2"/>
				<stref id="S361.2"/>
				<stref id="S360.2"/>
			</lineWay>
		</line>
		<specialLine name="91" type="Tram">
			<lineWay>
				<stref id="S361.2"/>
				<stref id="S360.2"/>
			</lineWay>
			<departureDays>So, Ne</departureDays>
		</specialLine>
	</lines>
</document>