<?xml version="1.0" encoding="UTF-8"?>
<heavily-armed-ships>
   <ship>
      <name>The Morgenstern</name>
      <armament>
         <guns calliber="12inch">44</guns>
         <guns calliber="10inch">4</guns>
         <guns calliber="4inch">10</guns>
      </armament>
   </ship>
   <ship>
      <name>The Black Pearl</name>
      <armament>
         <guns calliber="12pounder">20</guns>
         <guns calliber="7inch">10</guns>
         <guns calliber="8pounder">10</guns>
         <guns calliber="4inch">6</guns>
      </armament>
   </ship>
</heavily-armed-ships>