<?xml version="1.0" encoding="UTF-8"?>
<pirates>
   <pirate>
      <name>Captain Allmighty</name>,
			<noship/>
   </pirate>
   <pirate>
      <name>Captain Frederick Barbossa</name>,
			<ship>
         <name>The Black Pearl</name>
      </ship>
   </pirate>
   <pirate>
      <name>Captain Morgan</name>,
			<noship/>
   </pirate>
   <pirate>
      <name>Captain Jack Sparrow</name>,
			<noship/>
   </pirate>
   <pirate>
      <name>Captain Lao Sheng</name>,
			<noship/>
   </pirate>
   <pirate>
      <name>Captain Bill Turner</name>,
			<noship/>
   </pirate>
   <pirate>
      <name>Captain Ferdinand Drake</name>,
			<noship/>
   </pirate>
   <pirate>
      <name>Captain Felix</name>,
			<ship>
         <name>The Vespus</name>
      </ship>
   </pirate>
</pirates>