<html>
   <head>
      <meta http-equiv="Content-Type" content="text/html; charset=UTF-8">
      <title>Pirate ship table</title>
   </head>
   <body>
      <h1>Our ships and their captains </h1>
      <table>
         <tr>
            <th>Ship</th>
            <th>Captain</th>
         </tr>
         <tr>
            <td>The Morgenstern</td>
            <td>Captain Morgan</td>
         </tr>
         <tr>
            <td>The Black Pearl</td>
            <td>Captain Frederick Barbossa</td>
         </tr>
         <tr>
            <td>The Vespus</td>
            <td>Captain Felix the Clever</td>
         </tr>
      </table>
   </body>
</html>