<?xml version="1.0" encoding="UTF-8"?>
<objednavky><!--Vrátí objednávky, kde má zákazník všechny položky dražší než 500Kč.--><objednavka oid="o35">
		    <zakaznik>
			      <jmeno>Jiří</jmeno>
			      <prijmeni>Nevytasil</prijmeni>
			      <telefon>+420773172947</telefon>
			      <vyska>171cm</vyska>
			      <hmotnost>74kg</hmotnost>
			      <adresa>
				        <ulice>
					          <nazev>U Františka</nazev>
					          <cp>26</cp>
				        </ulice>
				        <obec>Nohelnice</obec>
				        <psc>73947</psc>
			      </adresa>
			      <prukaz typ="OP">839485028</prukaz>	
		    </zakaznik>
		    <lyze lid="l1635">
			      <typ>carving</typ>
			      <nazev>Speedster</nazev>
			      <znacka>Head</znacka>
			      <velikost>150cm</velikost>
			      <vazani>CX-25</vazani>		
			      <barva>červená</barva>
			      <cena>1400</cena>
		    </lyze>
		    <hulky hid="h2734">
			      <nazev>Night-rider</nazev>
			      <znacka>Blizzard</znacka>
			      <velikost>105cm</velikost>
			      <barva>černá</barva>
			      <cena>500</cena>		
		    </hulky>
		    <boty bid="b6243">
			      <velikost>43</velikost>
			      <nazev>Jumper</nazev>
			      <znacka>Head</znacka>
			      <barva>černá-červená</barva>
			      <cena>1000</cena>		
		    </boty>
		    <datum typ="začátek">19.2.2011</datum>
		    <datum typ="konec">5.3.2001</datum>
		    <!-- Poznámky -->		
	</objednavka>
</objednavky>