<?xml version="1.0" encoding="utf-8" standalone="no"?><knihovna>
  
  <tituly>
    
    <titul rok="1990">
      <nazev>Dramatic Story</nazev>
      
      <autor><jmeno>John</jmeno><prijmeni>Strange</prijmeni></autor>
      <autor><jmeno>Peter</jmeno><prijmeni>Funny</prijmeni></autor>
      <upoutavka/>
      <exemplare>
        <kniha stran="150"><signatura>t1k1</signatura></kniha>
        <cd delka="90"><signatura>t1c1</signatura></cd>
        <kniha stran="150"><signatura>t1k2</signatura></kniha>
      </exemplare>
    <jazyk>en</jazyk><kod>t1</kod><zanry>detektivka</zanry></titul>

    <titul rok="2005">
      <nazev>Nejlep?? recepty</nazev>
      
      <autor><jmeno>Petra</jmeno><prijmeni>Soute?iv?</prijmeni></autor>
      <exemplare>
      </exemplare>
    <jazyk>cs</jazyk><kod>t2</kod><zanry>kucha?ka</zanry></titul>

    <titul rok="1999">
      <nazev>Moje ??tanka</nazev>
      
      <autor><jmeno>Alena</jmeno><prijmeni>Pe?liv?</prijmeni></autor>
      <autor><jmeno>Jan</jmeno><prijmeni>Hodn?</prijmeni></autor>
      <exemplare>
        <kniha stran="75"><signatura>t3k1</signatura></kniha>
        <kniha stran="75"><signatura>t3k2</signatura></kniha>
        <kniha stran="50"><signatura>t3k3</signatura></kniha>
        <kniha stran="50"><signatura>t3k4</signatura></kniha>
      </exemplare>
    <jazyk>cs</jazyk><kod>t3</kod><zanry>u?ebnice</zanry></titul>

    <titul rok="2010">
      <nazev>Interactive Cooking</nazev>
      
      <exemplare>
        <cd delka="45"><signatura>t4c1</signatura></cd>
        <cd delka="45"><signatura>t4c2</signatura></cd>
      </exemplare>
    <jazyk>en</jazyk><kod>t4</kod><zanry>kucha?ka u?ebnice</zanry></titul>
    
  </tituly>
  
  <ctenari>
    
    <ctenar mobil="723123456">
      <jmeno>Karel</jmeno>
      <prijmeni>Zv?dav?</prijmeni>
      <bydliste cp="15" psc="18000">
        <ulice>?ten??sk?</ulice>
        
        <obec>Praha</obec>
        
      </bydliste>
      <rc>881122/1234</rc>
      <email>karel88@email.cz</email>
      
    <cislo>c1</cislo></ctenar>

    <ctenar telefon="800123456">
      <jmeno>Veronika</jmeno>
      <prijmeni>?tiv?</prijmeni>
      <bydliste cp="1" psc="12116">
        <obec>Praha</obec>
        
        <ulice>Hlavn?</ulice>
        
      </bydliste>
      <rc>955501/4321</rc>
      <email>veronika@email.cz</email>
      <email>v.ctiva@email.cz</email>
      
    <cislo>c2</cislo></ctenar>

    <ctenar telefon="251314728">
      <jmeno>Luk??</jmeno>
      <prijmeni>Vn?mav?</prijmeni>
      <bydliste cp="1024" psc="14000">
        <ulice>V?t?zn?</ulice>
        
        <obec>Praha</obec>
        
      </bydliste>
      <rc>900909/2233</rc>
      <email>lukas@email.cz</email>
      
    <cislo>c3</cislo></ctenar>
    
  </ctenari>
  
  <vypujcky>

    <vypujcka>
      <pujceno>2011-08-15</pujceno>
      <vraceno>2011-08-10</vraceno>
      <poznamka>
        Zap?j?ena kniha <exemplar><signatura>t1k1</signatura></exemplar> titulu <titul><kod>t1</kod></titul> ?ten??em <ctenar><cislo>c1</cislo></ctenar>.
      </poznamka>
    <ctenar>c1</ctenar><signatura>t1k1</signatura><stav>vraceno</stav></vypujcka>

    <vypujcka>
      <pujceno>2012-01-07</pujceno>
      <vraceno>2012-02-29</vraceno>
    <ctenar>c2</ctenar><signatura>t3k4</signatura><stav>vraceno</stav></vypujcka>
    
    <vypujcka>
      <pujceno>2012-01-07</pujceno>
      <vraceno>2012-02-27</vraceno>
    <ctenar>c2</ctenar><signatura>t1k1</signatura><stav>vraceno</stav></vypujcka>
    
    <vypujcka>
      <pujceno>2012-02-11</pujceno>
      <poznamka>
        Zap?j?eno CD <exemplar><signatura>t4c1</signatura></exemplar> titulu <titul><kod>t4</kod></titul> ?ten??em <ctenar><cislo>c2</cislo></ctenar>.
      </poznamka>
    <ctenar>c2</ctenar><signatura>t4c1</signatura><stav>pujceno</stav></vypujcka>
    
    <vypujcka>
      <pujceno>2012-03-01</pujceno>
      <vraceno>2012-03-05</vraceno>
    <ctenar>c1</ctenar><signatura>t3k4</signatura><stav>vraceno</stav></vypujcka>
    
    <vypujcka>
      <pujceno>2012-03-01</pujceno>
      <poznamka>
        Zap?j?ena kniha <exemplar><signatura>t1k1</signatura></exemplar> titulu <titul><kod>t1</kod></titul> ?ten??em <ctenar><cislo>c2</cislo></ctenar>.
      </poznamka>
    <ctenar>c2</ctenar><signatura>t1k1</signatura><stav>pujceno</stav></vypujcka>
    
  </vypujcky>
  
</knihovna>