<?xml version="1.0" encoding="UTF-8"?>
<osoby>
   <osoba>
      <jmeno xmlns:xsi="http://www.w3.org/2001/XMLSchema-instance">Alois</jmeno>
      <prijmeni xmlns:xsi="http://www.w3.org/2001/XMLSchema-instance">Žemlička</prijmeni>
      <adresa xmlns:xsi="http://www.w3.org/2001/XMLSchema-instance">
        <mesto>Praha</mesto>
        <psc>102 00</psc>
        <ulice>Mokrá</ulice>
        <cp>108</cp>
      </adresa>
   </osoba>
   <osoba>
      <jmeno xmlns:xsi="http://www.w3.org/2001/XMLSchema-instance">Beáta</jmeno>
      <prijmeni xmlns:xsi="http://www.w3.org/2001/XMLSchema-instance">Záhorská</prijmeni>
      <adresa xmlns:xsi="http://www.w3.org/2001/XMLSchema-instance">
        <mesto>Praha</mesto>
        <psc>102 00</psc>
        <ulice>Mokrá</ulice>
        <cp>108</cp>
      </adresa>
   </osoba>
   <osoba>
      <jmeno xmlns:xsi="http://www.w3.org/2001/XMLSchema-instance">Beáta</jmeno>
      <prijmeni xmlns:xsi="http://www.w3.org/2001/XMLSchema-instance">Záhorská</prijmeni>
      <adresa xmlns:xsi="http://www.w3.org/2001/XMLSchema-instance">
        <mesto>Paříž</mesto>
        <psc>456 87</psc>
        <ulice>Rue aquatique</ulice>
        <cp>576</cp>
        <stat>Francie</stat>
      </adresa>
   </osoba>
   <osoba>
      <jmeno xmlns:xsi="http://www.w3.org/2001/XMLSchema-instance">Cyril</jmeno>
      <prijmeni xmlns:xsi="http://www.w3.org/2001/XMLSchema-instance">Toman</prijmeni>
      <adresa xmlns:xsi="http://www.w3.org/2001/XMLSchema-instance">
        <mesto>Ostrava</mesto>
        <psc>747 64</psc>
        <ulice>Zakouřená</ulice>
        <cp>178</cp>
      </adresa>
   </osoba>
   <osoba>
      <jmeno xmlns:xsi="http://www.w3.org/2001/XMLSchema-instance">Dana</jmeno>
      <prijmeni xmlns:xsi="http://www.w3.org/2001/XMLSchema-instance">Staňková</prijmeni>
      <adresa xmlns:xsi="http://www.w3.org/2001/XMLSchema-instance">
        <mesto>Ostrava</mesto>
        <psc>747 64</psc>
        <ulice>Zakouřená</ulice>
        <cp>178</cp>
      </adresa>
   </osoba>
</osoby>