<?xml version="1.0" encoding="UTF-8"?>
<obyvatele>
   <misto>
      <adresa xmlns:xsi="http://www.w3.org/2001/XMLSchema-instance">
        <mesto>Praha</mesto>
        <psc>102 00</psc>
        <ulice>Mokrá</ulice>
        <cp>108</cp>
      </adresa>
      <obyvatel>
         <jmeno xmlns:xsi="http://www.w3.org/2001/XMLSchema-instance">Alois</jmeno>
         <prijmeni xmlns:xsi="http://www.w3.org/2001/XMLSchema-instance">Žemlička</prijmeni>
      </obyvatel>
      <obyvatel>
         <jmeno xmlns:xsi="http://www.w3.org/2001/XMLSchema-instance">Beáta</jmeno>
         <prijmeni xmlns:xsi="http://www.w3.org/2001/XMLSchema-instance">Záhorská</prijmeni>
      </obyvatel>
   </misto>
   <misto>
      <adresa xmlns:xsi="http://www.w3.org/2001/XMLSchema-instance">
        <mesto>Ostrava</mesto>
        <psc>747 64</psc>
        <ulice>Zakouřená</ulice>
        <cp>178</cp>
      </adresa>
      <obyvatel>
         <jmeno xmlns:xsi="http://www.w3.org/2001/XMLSchema-instance">Cyril</jmeno>
         <prijmeni xmlns:xsi="http://www.w3.org/2001/XMLSchema-instance">Toman</prijmeni>
      </obyvatel>
      <obyvatel>
         <jmeno xmlns:xsi="http://www.w3.org/2001/XMLSchema-instance">Dana</jmeno>
         <prijmeni xmlns:xsi="http://www.w3.org/2001/XMLSchema-instance">Staňková</prijmeni>
      </obyvatel>
   </misto>
</obyvatele>