<?xml version="1.0" encoding="UTF-8"?>&lt;!DOCTYPE html 
       PUBLIC "-//W3C//DTD XHTML 1.0 Strict//EN"
      "http://www.w3.org/TR/xhtml1/DTD/xhtml1-strict.dtd"&gt;<html>
   <head>
      <title>Zaměstnání</title>
      <meta content="text/html; charset=utf-8" http-equiv="Content-Type"/>
   </head>
   <body>
      <table border="1">
         <thead>
            <tr>
               <th>Zaměstnavatel</th>
               <th>Zaměstnanci</th>
            </tr>
         </thead>
         <tbody>
            <tr>
               <td>Acme</td>
               <td>Beáta Záhorská, Cyril Toman, Dana Staňková</td>
            </tr>
            <tr>
               <td>Initrode intl.</td>
               <td>Alois Žemlička, Dana Staňková</td>
            </tr>
         </tbody>
      </table>
   </body>
</html>