<?xml version="1.0" encoding="UTF-8" standalone="no"?><songBook xmlns:xsi="http://www.w3.org/2001/XMLSchema-instance" isValid="yes" version="1.0" xsi:noNamespaceSchemaLocation="/data.xsd">
	
	<songs lastUpdated="31.05.2012" lastUpdatedBy="Jiri Hudec">
		<category id="cat_Rnd" name="Random">
			
			<song id="song_WEB">
				<title>Webova</title>
				<keywords>
					<keyword type="word">internet</keyword>
					<keyword type="word">html</keyword>
					<keyword type="phrase">webove stranky</keyword>
				</keywords>
				<lyrics chorus="no" verses="3" writtenBy="auth_JH">
					<verse number="1"><![CDATA[
						<?xml version="1.0" encoding="UTF-8"?>
						<!DOCTYPE html PUBLIC "-//W3C//DTD XHTML 1.1//EN" "http://www.w3.org/TR/xhtml11/DTD/xhtml11.dtd">
						<html xmlns="http://www.w3.org/1999/xhtml" xml:lang="en">
						<head>
						<link rel="stylesheet" type="text/css" href="Styles/light.css" />
						<script src="Includes/scripts.js" type="text/javascript"></script>
						<meta name="description" content="Online interface for Energy Logger, daemon used for collecting data." />
						<meta name="keywords" content="energy, logger, interface, database, table, mff" />
						<meta name="author" content="Jiri Hudec" />
						<meta name="robots" content="noindex,nofollow" />
						<meta name="Content-language" content="en" />
						<meta http-equiv="Content-Type" content="text/html; charset=utf-8" />
						<title>Energy Logger - main</title>
						</head>
						]]>
					</verse>
					<verse number="2"><![CDATA[
						<body>
						<div id='navigation'>
							<h1><a href="index.php" id="index"><img src="Images/logo.png" alt="Energy Logger logo"/></a></h1>
							<a href="#menu" id="gotomenu" >go to menu</a>
						</div>
						<div id='page'>
				
						<noscript>
						<div class='warning' id='m_647'>
							<h2 class='warning'>
							JavaScript is disabled in your browser. Some functions may be disabled.	</h2>
							<a href='#' onclick="hide('m_647')">Hide this message</a>
						</div>
						</noscript>
						]]>
					</verse>
					<verse number="3"><![CDATA[
						<div id="main">
						<h1>Welcome to Energy Logger</h1>
							<p class="welcome">This webpage provides interface for viewing data collected by measurement devices in somebody's house.</p>
						<p class="welcome">Actually, there's nothing interesting for you.</p>
						<p class="welcome">Go away.</p>
						</div>
						</div>
						<div id='menu'>
							<h1>MAIN MENU</h1>
										<h3><a href='index.php?section=login'>Login</a></h3>
							</div>
						</body>
						</html>
						]]>
					</verse>					
				</lyrics>
				<score composedBy="auth_JH" file="../sheets/WEB_score.pdf">
					<singlePart clef="treble" file="../sheets/WEB_vocal.pdf" instrument="vocal" keySignature="D"/>
					<singlePart clef="bass" file="../sheets/WEB_bassguitar.pdf" instrument="bass guitar" keySignature="F"/>
					<singlePart clef="treble" file="../sheets/WEB_clarinet.pdf" instrument="clarinet" keySignature="C"/>
				<singlePart clef="bass" file="../sheets/WEB_SAXophone.pdf" instrument="SAXophone" keySignature="Cis"/></score>
			<summary>Song Webova has 3 verses and doesn't have a chorus</summary><wholeLyrics>
						&lt;?xml version="1.0" encoding="UTF-8"?&gt;
						&lt;!DOCTYPE html PUBLIC "-//W3C//DTD XHTML 1.1//EN" "http://www.w3.org/TR/xhtml11/DTD/xhtml11.dtd"&gt;
						&lt;html xmlns="http://www.w3.org/1999/xhtml" xml:lang="en"&gt;
						&lt;head&gt;
						&lt;link rel="stylesheet" type="text/css" href="Styles/light.css" /&gt;
						&lt;script src="Includes/scripts.js" type="text/javascript"&gt;&lt;/script&gt;
						&lt;meta name="description" content="Online interface for Energy Logger, daemon used for collecting data." /&gt;
						&lt;meta name="keywords" content="energy, logger, interface, database, table, mff" /&gt;
						&lt;meta name="author" content="Jiri Hudec" /&gt;
						&lt;meta name="robots" content="noindex,nofollow" /&gt;
						&lt;meta name="Content-language" content="en" /&gt;
						&lt;meta http-equiv="Content-Type" content="text/html; charset=utf-8" /&gt;
						&lt;title&gt;Energy Logger - main&lt;/title&gt;
						&lt;/head&gt;
						
					


						&lt;body&gt;
						&lt;div id='navigation'&gt;
							&lt;h1&gt;&lt;a href="index.php" id="index"&gt;&lt;img src="Images/logo.png" alt="Energy Logger logo"/&gt;&lt;/a&gt;&lt;/h1&gt;
							&lt;a href="#menu" id="gotomenu" &gt;go to menu&lt;/a&gt;
						&lt;/div&gt;
						&lt;div id='page'&gt;
				
						&lt;noscript&gt;
						&lt;div class='warning' id='m_647'&gt;
							&lt;h2 class='warning'&gt;
							JavaScript is disabled in your browser. Some functions may be disabled.	&lt;/h2&gt;
							&lt;a href='#' onclick="hide('m_647')"&gt;Hide this message&lt;/a&gt;
						&lt;/div&gt;
						&lt;/noscript&gt;
						
					


						&lt;div id="main"&gt;
						&lt;h1&gt;Welcome to Energy Logger&lt;/h1&gt;
							&lt;p class="welcome"&gt;This webpage provides interface for viewing data collected by measurement devices in somebody's house.&lt;/p&gt;
						&lt;p class="welcome"&gt;Actually, there's nothing interesting for you.&lt;/p&gt;
						&lt;p class="welcome"&gt;Go away.&lt;/p&gt;
						&lt;/div&gt;
						&lt;/div&gt;
						&lt;div id='menu'&gt;
							&lt;h1&gt;MAIN MENU&lt;/h1&gt;
										&lt;h3&gt;&lt;a href='index.php?section=login'&gt;Login&lt;/a&gt;&lt;/h3&gt;
							&lt;/div&gt;
						&lt;/body&gt;
						&lt;/html&gt;
						
					








</wholeLyrics></song>
			
			<song id="song_NGGYU">
				<title>Never Gonna Give You Up</title>
				<lyrics chorus="yes" verses="4" writtenBy="auth_RA">
					<chorus>
						Never gonna give you up
						Never gonna let you down
						Never gonna run around and desert you
						Never gonna make you cry
						Never gonna say goodbye
						Never gonna tell a lie and hurt you
					</chorus>
					<verse number="1">
						We're no strangers to love
						You know the rules and so do I
						A full commitment's what I'm thinking of
						You wouldn't get this from any other guy
						I just wanna tell you how I'm feeling
						Gotta make you understand
					</verse>
					<verse number="2">
						We've know each other for so long
						Your heart's been aching
						But you're too shy to say it
						Inside we both know what's been going on
						We know the game and we're gonna play it
						And if you ask me how I'm feeling
						Don't tell me you're too blind to see
					</verse>
					<verse number="3">
						We've know each other for so long
						Your heart's been aching
						But you're too shy to say it
						Inside we both know what's been going on
						We know the game and we're gonna play it
						I just wanna tell you how I'm feeling
						Gotta make you understand
					</verse>
					<verse number="4">
						Never gonna give you up
						Never gonna let you down
						Never gonna run around and desert you
						Never gonna make you cry
						Never gonna say goodbye
						Never gonna tell a lie and hurt you
					</verse>
				</lyrics>
				<score file="../sheets/NGGYU_score.pdf">
					<singlePart clef="treble" file="../sheets/NGGYU_paino.pdf" instrument="piano" keySignature="G"/>
					<singlePart clef="bass" file="../sheets/NGGYU_bassguitar.pdf" instrument="bass guitar" keySignature="G"/>
				<singlePart clef="bass" file="../sheets/NGGYU_drum.pdf" instrument="drum" keySignature="Es"/></score>
				<keywords>
					<keyword type="word">rickroll</keyword>
				</keywords>
			<summary>Song Never Gonna Give You Up has 4 verses and does have a chorus</summary><wholeLyrics>
						We're no strangers to love
						You know the rules and so do I
						A full commitment's what I'm thinking of
						You wouldn't get this from any other guy
						I just wanna tell you how I'm feeling
						Gotta make you understand
					

						Never gonna give you up
						Never gonna let you down
						Never gonna run around and desert you
						Never gonna make you cry
						Never gonna say goodbye
						Never gonna tell a lie and hurt you
					

						We've know each other for so long
						Your heart's been aching
						But you're too shy to say it
						Inside we both know what's been going on
						We know the game and we're gonna play it
						And if you ask me how I'm feeling
						Don't tell me you're too blind to see
					

						Never gonna give you up
						Never gonna let you down
						Never gonna run around and desert you
						Never gonna make you cry
						Never gonna say goodbye
						Never gonna tell a lie and hurt you
					

						We've know each other for so long
						Your heart's been aching
						But you're too shy to say it
						Inside we both know what's been going on
						We know the game and we're gonna play it
						I just wanna tell you how I'm feeling
						Gotta make you understand
					

						Never gonna give you up
						Never gonna let you down
						Never gonna run around and desert you
						Never gonna make you cry
						Never gonna say goodbye
						Never gonna tell a lie and hurt you
					

						Never gonna give you up
						Never gonna let you down
						Never gonna run around and desert you
						Never gonna make you cry
						Never gonna say goodbye
						Never gonna tell a lie and hurt you
					

						Never gonna give you up
						Never gonna let you down
						Never gonna run around and desert you
						Never gonna make you cry
						Never gonna say goodbye
						Never gonna tell a lie and hurt you
					

						Never gonna give you up
						Never gonna let you down
						Never gonna run around and desert you
						Never gonna make you cry
						Never gonna say goodbye
						Never gonna tell a lie and hurt you
					

						Never gonna give you up
						Never gonna let you down
						Never gonna run around and desert you
						Never gonna make you cry
						Never gonna say goodbye
						Never gonna tell a lie and hurt you
					

						Never gonna give you up
						Never gonna let you down
						Never gonna run around and desert you
						Never gonna make you cry
						Never gonna say goodbye
						Never gonna tell a lie and hurt you
					

						Never gonna give you up
						Never gonna let you down
						Never gonna run around and desert you
						Never gonna make you cry
						Never gonna say goodbye
						Never gonna tell a lie and hurt you
					

						Never gonna give you up
						Never gonna let you down
						Never gonna run around and desert you
						Never gonna make you cry
						Never gonna say goodbye
						Never gonna tell a lie and hurt you
					

						Never gonna give you up
						Never gonna let you down
						Never gonna run around and desert you
						Never gonna make you cry
						Never gonna say goodbye
						Never gonna tell a lie and hurt you
					
</wholeLyrics></song>
			
			<song id="song_M">
				<title>Medvidek</title>
				<lyrics chorus="yes" verses="3" writtenBy="auth_OP">
					<chorus>
						Medv?dek z Bogoty usnul a sn?
						na k???i z Golgoty sp?
						Za t?icet st??brn?ch
						z medv?dka pad? sn?h
						No a ti ??m?t? psi ho sj??d?j? na san?ch
						o V?noc?ch
					</chorus>
					<verse number="1">
						Dlouh? noc a mn? se st?sk? moc
						pro tebe mal? d?rek m?m
						P?es hory p?es ploty
						medv?dek z Bogoty u? let?
						Medv?dek ply?ov? na cest? k???ov?
						B?h ho ochr?n?
						P?ed sme?kou ??mskejch ps? a jejich ??ad?
						ti pos?l? - l?sku co v b???ku m?
					</verse>
					<verse number="2">
						Nesvat? hodina medv?dka prokl?n?
						?e odhodil korunu bez trn?
						Medv?dek ospal? pod k???em poklek?
						chce p?t
						Kalichem sladkosti - medv?dka napust?
						do b???ka jak to m? r?d
						Koruna ply?ov?, v?no?n? cukrov?
						nikdo se nedov? o svatoz??i trnov?
					</verse>
					<verse number="3">
						Medv?dku probu? se, prober se vsta?
						psi se u? sb?haj? p?iprav si dla?
						Slunce zas vych?z? c?t?? tu z??
						Tlapku d?? v p?st, nebo nastav?? tv??
						??mskejm ps?m a jejich ??ad?m
						Maxipes Herodes v?no?n? slib dal dnes
					</verse>
				</lyrics>
				<score composedBy="auth_RK" file="../sheets/M_score.pdf">
					<singlePart clef="treble" file="../sheets/Medvidek_vocal.pdf" instrument="vocal" keySignature="Bflat"/>
					<singlePart clef="bass" file="../sheets/Medvidek_bassguitar.pdf" instrument="bass guitar" keySignature="Bflat"/>
				<singlePart clef="treble" file="../sheets/M_SAXophone.pdf" instrument="SAXophone" keySignature="Es"/></score>
				<keywords>
					<keyword type="word">drogy</keyword>
				</keywords>
			<summary>Song Medvidek has 3 verses and does have a chorus</summary><wholeLyrics>
						Dlouh? noc a mn? se st?sk? moc
						pro tebe mal? d?rek m?m
						P?es hory p?es ploty
						medv?dek z Bogoty u? let?
						Medv?dek ply?ov? na cest? k???ov?
						B?h ho ochr?n?
						P?ed sme?kou ??mskejch ps? a jejich ??ad?
						ti pos?l? - l?sku co v b???ku m?
					

						Medv?dek z Bogoty usnul a sn?
						na k???i z Golgoty sp?
						Za t?icet st??brn?ch
						z medv?dka pad? sn?h
						No a ti ??m?t? psi ho sj??d?j? na san?ch
						o V?noc?ch
					

						Nesvat? hodina medv?dka prokl?n?
						?e odhodil korunu bez trn?
						Medv?dek ospal? pod k???em poklek?
						chce p?t
						Kalichem sladkosti - medv?dka napust?
						do b???ka jak to m? r?d
						Koruna ply?ov?, v?no?n? cukrov?
						nikdo se nedov? o svatoz??i trnov?
					

						Medv?dek z Bogoty usnul a sn?
						na k???i z Golgoty sp?
						Za t?icet st??brn?ch
						z medv?dka pad? sn?h
						No a ti ??m?t? psi ho sj??d?j? na san?ch
						o V?noc?ch
					

						Medv?dku probu? se, prober se vsta?
						psi se u? sb?haj? p?iprav si dla?
						Slunce zas vych?z? c?t?? tu z??
						Tlapku d?? v p?st, nebo nastav?? tv??
						??mskejm ps?m a jejich ??ad?m
						Maxipes Herodes v?no?n? slib dal dnes
					

						Medv?dek z Bogoty usnul a sn?
						na k???i z Golgoty sp?
						Za t?icet st??brn?ch
						z medv?dka pad? sn?h
						No a ti ??m?t? psi ho sj??d?j? na san?ch
						o V?noc?ch
					

						Medv?dek z Bogoty usnul a sn?
						na k???i z Golgoty sp?
						Za t?icet st??brn?ch
						z medv?dka pad? sn?h
						No a ti ??m?t? psi ho sj??d?j? na san?ch
						o V?noc?ch
					

						Medv?dek z Bogoty usnul a sn?
						na k???i z Golgoty sp?
						Za t?icet st??brn?ch
						z medv?dka pad? sn?h
						No a ti ??m?t? psi ho sj??d?j? na san?ch
						o V?noc?ch
					

						Medv?dek z Bogoty usnul a sn?
						na k???i z Golgoty sp?
						Za t?icet st??brn?ch
						z medv?dka pad? sn?h
						No a ti ??m?t? psi ho sj??d?j? na san?ch
						o V?noc?ch
					

						Medv?dek z Bogoty usnul a sn?
						na k???i z Golgoty sp?
						Za t?icet st??brn?ch
						z medv?dka pad? sn?h
						No a ti ??m?t? psi ho sj??d?j? na san?ch
						o V?noc?ch
					

						Medv?dek z Bogoty usnul a sn?
						na k???i z Golgoty sp?
						Za t?icet st??brn?ch
						z medv?dka pad? sn?h
						No a ti ??m?t? psi ho sj??d?j? na san?ch
						o V?noc?ch
					

						Medv?dek z Bogoty usnul a sn?
						na k???i z Golgoty sp?
						Za t?icet st??brn?ch
						z medv?dka pad? sn?h
						No a ti ??m?t? psi ho sj??d?j? na san?ch
						o V?noc?ch
					

						Medv?dek z Bogoty usnul a sn?
						na k???i z Golgoty sp?
						Za t?icet st??brn?ch
						z medv?dka pad? sn?h
						No a ti ??m?t? psi ho sj??d?j? na san?ch
						o V?noc?ch
					
</wholeLyrics></song>
			
		</category>
		
		<category id="cat_Love" name="Love songs">
			
			<song id="song_WiL">
				<title>What is Love?</title>
				<lyrics chorus="yes" verses="3" writtenBy="auth_AN">
					<chorus interval="1">
						What is love 
						Oh baby, don't hurt me 
						Don't hurt me no more 
						Oh, baby don't hurt me 
						Don't hurt me no more
					</chorus>
					<verse number="1">
						Oh, I don't know why you're not there 
						I give you my love, but you don't care 
						So what is right and what is wrong 
						Gimme a sign
					</verse>
					<verse number="2">
						Oh, I don't know, what can I do 
						What else can I say, it's up to you 
						I know we're one, just me and you 
						I can't go on
					</verse>
					<verse number="3">
						I want no other, no other lover 
						This is your life, our time 
						When we are together, I need you forever 
						Is it love
					</verse>
				</lyrics>
				<score file="../sheets/WiL_score.pdf">
					<singlePart clef="treble" file="../sheets/WiL_vocal.pdf" instrument="vocal" keySignature="C"/>
					<singlePart clef="treble" file="../sheets/WiL_paino.pdf" instrument="piano" keySignature="C"/>
				<singlePart clef="treble" file="../sheets/WiL_oboe.pdf" instrument="oboe" keySignature="D"/></score>
				<keywords>
					<keyword type="word">love</keyword>
					<keyword type="phrase">what is love</keyword>
				</keywords>
			<summary>Song What is Love? has 3 verses and does have a chorus</summary><wholeLyrics>
						Oh, I don't know why you're not there 
						I give you my love, but you don't care 
						So what is right and what is wrong 
						Gimme a sign
					

						What is love 
						Oh baby, don't hurt me 
						Don't hurt me no more 
						Oh, baby don't hurt me 
						Don't hurt me no more
					

						Oh, I don't know, what can I do 
						What else can I say, it's up to you 
						I know we're one, just me and you 
						I can't go on
					

						What is love 
						Oh baby, don't hurt me 
						Don't hurt me no more 
						Oh, baby don't hurt me 
						Don't hurt me no more
					

						I want no other, no other lover 
						This is your life, our time 
						When we are together, I need you forever 
						Is it love
					

						What is love 
						Oh baby, don't hurt me 
						Don't hurt me no more 
						Oh, baby don't hurt me 
						Don't hurt me no more
					

						What is love 
						Oh baby, don't hurt me 
						Don't hurt me no more 
						Oh, baby don't hurt me 
						Don't hurt me no more
					

						What is love 
						Oh baby, don't hurt me 
						Don't hurt me no more 
						Oh, baby don't hurt me 
						Don't hurt me no more
					

						What is love 
						Oh baby, don't hurt me 
						Don't hurt me no more 
						Oh, baby don't hurt me 
						Don't hurt me no more
					

						What is love 
						Oh baby, don't hurt me 
						Don't hurt me no more 
						Oh, baby don't hurt me 
						Don't hurt me no more
					

						What is love 
						Oh baby, don't hurt me 
						Don't hurt me no more 
						Oh, baby don't hurt me 
						Don't hurt me no more
					

						What is love 
						Oh baby, don't hurt me 
						Don't hurt me no more 
						Oh, baby don't hurt me 
						Don't hurt me no more
					

						What is love 
						Oh baby, don't hurt me 
						Don't hurt me no more 
						Oh, baby don't hurt me 
						Don't hurt me no more
					
</wholeLyrics></song>
			
			<song id="song_MHWGO">
				<title>My Heart Will Go On</title>
				<lyrics chorus="yes" verses="5" writtenBy="auth_WJ">
					<chorus interval="2">
						 Near, far, wherever you are
						 I believe that the heart does go on
						 Once more you open the door
						 And you're here in my heart
						 And my heart will go on and on
					</chorus>
					<verse number="1">
						Every night in my dreams
						 I see you, I feel you
						 That is how I know you, go on
					</verse>
					<verse number="2">
						Far across the distance
						 And spaces between us
						 You have come to show you, go on
					</verse>
					<verse number="3">
						Love can touch us one time
						 And last for a lifetime
						 And never let go till we're gone
					</verse>
					<verse number="4">
						 Love was when I loved you
						 One true time I hold you
						 In my life we'll always go on
					</verse>
					<verse number="5">
						 You're here, there's nothing I fear
						 And I know that my heart will go on
						 We'll stay forever this way
						 You are safe in my heart
						 And my heart will go on and on
					</verse>
				</lyrics>
				<score composedBy="auth_JRH" file="../sheets/MHWGO_score.pdf">
					<singlePart clef="treble" file="../sheets/MHWGO_vocal.pdf" instrument="vocal" keySignature="B"/>
					<singlePart clef="bass" file="../sheets/MHWGO_bassguitar.pdf" instrument="bass guitar" keySignature="B"/>
				<singlePart clef="treble" file="../sheets/MHWGO_oboe.pdf" instrument="oboe" keySignature="Cis"/></score>
				<keywords>
					<keyword type="word">love</keyword>
				</keywords>
			<summary>Song My Heart Will Go On has 5 verses and does have a chorus</summary><wholeLyrics>
						Every night in my dreams
						 I see you, I feel you
						 That is how I know you, go on
					

						 Near, far, wherever you are
						 I believe that the heart does go on
						 Once more you open the door
						 And you're here in my heart
						 And my heart will go on and on
					

						Far across the distance
						 And spaces between us
						 You have come to show you, go on
					

						 Near, far, wherever you are
						 I believe that the heart does go on
						 Once more you open the door
						 And you're here in my heart
						 And my heart will go on and on
					

						Love can touch us one time
						 And last for a lifetime
						 And never let go till we're gone
					

						 Near, far, wherever you are
						 I believe that the heart does go on
						 Once more you open the door
						 And you're here in my heart
						 And my heart will go on and on
					

						 Love was when I loved you
						 One true time I hold you
						 In my life we'll always go on
					

						 Near, far, wherever you are
						 I believe that the heart does go on
						 Once more you open the door
						 And you're here in my heart
						 And my heart will go on and on
					

						 You're here, there's nothing I fear
						 And I know that my heart will go on
						 We'll stay forever this way
						 You are safe in my heart
						 And my heart will go on and on
					

						 Near, far, wherever you are
						 I believe that the heart does go on
						 Once more you open the door
						 And you're here in my heart
						 And my heart will go on and on
					

						 Near, far, wherever you are
						 I believe that the heart does go on
						 Once more you open the door
						 And you're here in my heart
						 And my heart will go on and on
					

						 Near, far, wherever you are
						 I believe that the heart does go on
						 Once more you open the door
						 And you're here in my heart
						 And my heart will go on and on
					

						 Near, far, wherever you are
						 I believe that the heart does go on
						 Once more you open the door
						 And you're here in my heart
						 And my heart will go on and on
					

						 Near, far, wherever you are
						 I believe that the heart does go on
						 Once more you open the door
						 And you're here in my heart
						 And my heart will go on and on
					

						 Near, far, wherever you are
						 I believe that the heart does go on
						 Once more you open the door
						 And you're here in my heart
						 And my heart will go on and on
					
</wholeLyrics></song>
			
			<song id="song_MTaF">
				<title>More Than a Feeling</title>
				<lyrics chorus="yes" verses="3">
					<chorus>
						It's more than a feeling
						More than a feeling
						When I hear that old song they used to play
						More than a feeling
						And I begin dreaming
						More than a feeling
						'Til I see Mary Ann walk away
						I see my Mary Ann walkin' away
					</chorus>
					<verse number="1">
						I woke up this morning and the sun was gone
						Turned on some music to start my day
						I lost myself in a familiar song
						I closed my eyes and I slipped away
					</verse>
					<verse number="2">
						So many people have come and gone
						Their faces fade as the years go by
						Yet I still recall as I wander on
						As clear as the sun in the summer sky
					</verse>
					<verse number="3">
						When I?m tired and thinking cold
						I hide in my music, forget the day
						And dream of a girl I used to know
						I closed my eyes and she slipped away
						She slipped away
					</verse>
				</lyrics>
				<score composedBy="auth_TS" file="../sheets/MTaF_score.pdf">
					<singlePart clef="treble" file="../sheets/MTaF_vocal.pdf" instrument="vocal" keySignature="D"/>
					<singlePart clef="treble" file="../sheets/MTaF_quitar.pdf" instrument="guitar" keySignature="D"/>
				<singlePart clef="bass" file="../sheets/MTaF_oboe.pdf" instrument="oboe" keySignature="D"/></score>
				<keywords>
					<keyword type="word">love</keyword>
				</keywords>
			<summary>Song More Than a Feeling has 3 verses and does have a chorus</summary><wholeLyrics>
						I woke up this morning and the sun was gone
						Turned on some music to start my day
						I lost myself in a familiar song
						I closed my eyes and I slipped away
					

						It's more than a feeling
						More than a feeling
						When I hear that old song they used to play
						More than a feeling
						And I begin dreaming
						More than a feeling
						'Til I see Mary Ann walk away
						I see my Mary Ann walkin' away
					

						So many people have come and gone
						Their faces fade as the years go by
						Yet I still recall as I wander on
						As clear as the sun in the summer sky
					

						It's more than a feeling
						More than a feeling
						When I hear that old song they used to play
						More than a feeling
						And I begin dreaming
						More than a feeling
						'Til I see Mary Ann walk away
						I see my Mary Ann walkin' away
					

						When I?m tired and thinking cold
						I hide in my music, forget the day
						And dream of a girl I used to know
						I closed my eyes and she slipped away
						She slipped away
					

						It's more than a feeling
						More than a feeling
						When I hear that old song they used to play
						More than a feeling
						And I begin dreaming
						More than a feeling
						'Til I see Mary Ann walk away
						I see my Mary Ann walkin' away
					

						It's more than a feeling
						More than a feeling
						When I hear that old song they used to play
						More than a feeling
						And I begin dreaming
						More than a feeling
						'Til I see Mary Ann walk away
						I see my Mary Ann walkin' away
					

						It's more than a feeling
						More than a feeling
						When I hear that old song they used to play
						More than a feeling
						And I begin dreaming
						More than a feeling
						'Til I see Mary Ann walk away
						I see my Mary Ann walkin' away
					

						It's more than a feeling
						More than a feeling
						When I hear that old song they used to play
						More than a feeling
						And I begin dreaming
						More than a feeling
						'Til I see Mary Ann walk away
						I see my Mary Ann walkin' away
					

						It's more than a feeling
						More than a feeling
						When I hear that old song they used to play
						More than a feeling
						And I begin dreaming
						More than a feeling
						'Til I see Mary Ann walk away
						I see my Mary Ann walkin' away
					

						It's more than a feeling
						More than a feeling
						When I hear that old song they used to play
						More than a feeling
						And I begin dreaming
						More than a feeling
						'Til I see Mary Ann walk away
						I see my Mary Ann walkin' away
					

						It's more than a feeling
						More than a feeling
						When I hear that old song they used to play
						More than a feeling
						And I begin dreaming
						More than a feeling
						'Til I see Mary Ann walk away
						I see my Mary Ann walkin' away
					

						It's more than a feeling
						More than a feeling
						When I hear that old song they used to play
						More than a feeling
						And I begin dreaming
						More than a feeling
						'Til I see Mary Ann walk away
						I see my Mary Ann walkin' away
					
</wholeLyrics></song>			
			
		</category>
		
		<category id="cat_Anth" name="Anthems">
			
			<song id="song_KDM">
				<title>Kde domov muj</title>
				<score composedBy="auth_FS" file="../sheets/KDM_score.pdf">
					<singlePart clef="treble" file="../sheets/KDM_vocal.pdf" instrument="vocal" keySignature="Eflat"/>
					<singlePart clef="treble" file="../sheets/KDM_trumpet.pdf" instrument="trumpet" keySignature="Bflat"/>
					<singlePart clef="bass" file="../sheets/KDM_tuba.pdf" instrument="tuba" keySignature="Eflat"/>
				<singlePart clef="bass" file="../sheets/KDM_SAXophone.pdf" instrument="SAXophone" keySignature="E"/></score>
				<lyrics chorus="no" verses="2" writtenBy="auth_JKT">
					<verse number="1">
						 Kde domov m?j,
						 kde domov m?j.
						 Voda hu?? po lu?in?ch,
						 bory ?um? po skalin?ch,
						 v sad? skv? se jara kv?t,
						 zemsk? r?j to na pohled!
						 A to je ta kr?sn? zem?,
						 zem? ?esk?, domov m?j,
						 zem? ?esk?, domov m?j!	
					</verse>
					<verse number="2">
						 Kde domov m?j,
						 kde domov m?j.
						 V kraji zn??-li Bohu mil?m,
						 du?e ?tl? v t?le ?il?m,
						 mysl jasnou, vznik a zdar,
						 a tu s?lu vzdoru zmar?
						 To je ?ech? slavn? pl?m?,
						 mezi ?echy domov m?j,
						 mezi ?echy domov m?j!
					</verse>
				</lyrics>
				<keywords>
					<keyword type="phrase">czech anthem</keyword>
				</keywords>
			<summary>Song Kde domov muj has 2 verses and doesn't have a chorus</summary><wholeLyrics>
						 Kde domov m?j,
						 kde domov m?j.
						 Voda hu?? po lu?in?ch,
						 bory ?um? po skalin?ch,
						 v sad? skv? se jara kv?t,
						 zemsk? r?j to na pohled!
						 A to je ta kr?sn? zem?,
						 zem? ?esk?, domov m?j,
						 zem? ?esk?, domov m?j!	
					


						 Kde domov m?j,
						 kde domov m?j.
						 V kraji zn??-li Bohu mil?m,
						 du?e ?tl? v t?le ?il?m,
						 mysl jasnou, vznik a zdar,
						 a tu s?lu vzdoru zmar?
						 To je ?ech? slavn? pl?m?,
						 mezi ?echy domov m?j,
						 mezi ?echy domov m?j!
					









</wholeLyrics></song>
			
		</category>
		
	</songs>
	<authors lastUpdated="31.05.2012">
		
		<author id="auth_JH">
			
			<nationality>CZE</nationality>
			<cv>Malo znamy student MFF UK, jehoz zatim nejvetsim uspechem bylo zhudebneni zdrojoveho kodu intenetovych stranek do pisne <ref_song to="song_WEB">Webova</ref_song>. Sve usili nevzdal a v soucasne dobe se snazi zhudebnit DTD dokument.</cv>
		<summary>Jiri Hudec [CZE]: Malo znamy student MFF UK, jehoz zatim nejvetsim uspechem bylo zhudebneni zdrojoveho kodu intenetovych stranek do pisne Webova. Sve usili nevzdal a v soucasne dobe se snazi zhudebnit DTD dokument.</summary><name><surName>Hudec</surName><givenName>Jiri</givenName><middleName/></name></author>
		
		<author id="auth_AN">
			
			<nationality>TTO</nationality>
		<summary>Alexander Nestor [TTO]: </summary><name><surName>Nestor</surName><givenName>Alexander</givenName><middleName/></name></author>
		
		<author id="auth_RA">
			<nationality>GBR</nationality>
			
			<cv>Americky zpevak, ktery ac nahral spoustu pisni je znam prdevsim diky <ref_song to="song_NGGYU">pisni Never gonna give you up, ktera se stala na internetu nechvalne znamou</ref_song>.</cv>
		<summary>Rick Astley [GBR]: Americky zpevak, ktery ac nahral spoustu pisni je znam prdevsim diky pisni Never gonna give you up, ktera se stala na internetu nechvalne znamou.</summary><name><surName>Astley</surName><givenName>Rick</givenName><middleName/></name></author>
		
		<author id="auth_TS">
			<nationality>USA</nationality>
			
		<summary>Tom Scholtz [USA]: </summary><name><surName>Scholtz</surName><givenName>Tom</givenName><middleName/></name></author>
		
		<author id="auth_CD">
			
			<nationality>FRA</nationality>
			<cv>Celine neni vyslovene autor, me zde tedz poslouzi jako autor, co nic nevytvoril (a proto nema ve svem CV zadnou referenci).</cv>
		<summary>Celine Dion [FRA]: Celine neni vyslovene autor, me zde tedz poslouzi jako autor, co nic nevytvoril (a proto nema ve svem CV zadnou referenci).</summary><name><surName>Dion</surName><givenName>Celine</givenName><middleName/></name></author>
		
		<author id="auth_JRH">
			
			<nationality>USA</nationality>
			<cv>Napsal hudbu k hitu <ref_song to="song_MHWGO">My heart will go on</ref_song>, ktery nazpivala <ref_author to="auth_CD">zpevacka Celine Dion</ref_author>.</cv>
		<summary>James Roy Horner [USA]: Napsal hudbu k hitu My heart will go on, ktery nazpivala zpevacka Celine Dion.</summary><name><surName>Horner</surName><givenName>James</givenName><middleName>Roy</middleName></name></author>
		
		<author id="auth_WJ">
			
			<nationality>USA</nationality>
			<!-- long live Ctrl-C & Ctrl-V :-) -->
			<cv>Napsal slova k hitu <ref_song to="song_MHWGO">My heart will go on</ref_song>, ktery nazpivala <ref_author to="auth_CD">zpevacka Celine Dion</ref_author>.</cv>
		<summary>Will Jennings [USA]: Napsal slova k hitu My heart will go on, ktery nazpivala zpevacka Celine Dion.</summary><name><surName>Jennings</surName><givenName>Will</givenName><middleName/></name></author>
		
		<author id="auth_OP">
			<nationality>CZE</nationality>
			
			<cv>Textar, napsal text napriklad k nekterym pisnim kapely Lucie, napr. <ref_song to="song_M">pisnicku Medvidek</ref_song>.</cv>
		<summary>Oskar Petr [CZE]: Textar, napsal text napriklad k nekterym pisnim kapely Lucie, napr. pisnicku Medvidek.</summary><name><surName>Petr</surName><givenName>Oskar</givenName><middleName/></name></author>
		
		<author id="auth_RK">
			
			<nationality>CZE</nationality>
			<cv>Zakladajici clen skubil Lucie a Wanastovi vjecy.</cv>
		<summary>Robert Kodym [CZE]: Zakladajici clen skubil Lucie a Wanastovi vjecy.</summary><name><surName>Kodym</surName><givenName>Robert</givenName><middleName/></name></author>
		
		<author id="auth_JKT">
			<nationality>CZE</nationality>
			
			<cv>Cesky dramatik a spisovatel.</cv>
		<summary>Josef Kajetan Tyl [CZE]: Cesky dramatik a spisovatel.</summary><name><surName>Tyl</surName><givenName>Josef</givenName><middleName>Kajetan</middleName></name></author>
		
		<author id="auth_FS">
			
			<nationality>CZE</nationality>
			<cv>Hudebnik, dirigent a skladatel.</cv>
		<summary>Frantisek Skroup [CZE]: Hudebnik, dirigent a skladatel.</summary><name><surName>Skroup</surName><givenName>Frantisek</givenName><middleName/></name></author>
		
	</authors>
</songBook>