<html>
   <head>
      <meta http-equiv="Content-Type" content="text/html; charset=UTF-8">
      <title>List of books</title>
   </head>
   <body>
      <h1>Books</h1>
      <table border="1">
         <tr>
            <th>Author</th>
            <th>Title</th>
         </tr>
         <tr>
            <td>Gambardella, Matthew</td>
            <td><font color="red">XML Developer's Guide</font></td>
         </tr>
         <tr>
            <td>Ralls, Kim</td>
            <td><font color="red">Midnight Rain</font></td>
         </tr>
         <tr>
            <td>Corets, Eva</td>
            <td><font color="red">Maeve Ascendant</font></td>
         </tr>
         <tr>
            <td>Corets, Eva</td>
            <td><font color="red">Oberon's Legacy</font></td>
         </tr>
         <tr>
            <td>Corets, Eva</td>
            <td><font color="red">The Sundered Grail</font></td>
         </tr>
         <tr>
            <td>Randall, Cynthia</td>
            <td><font color="red">Lover Birds</font></td>
         </tr>
         <tr>
            <td>Thurman, Paula</td>
            <td><font color="red">Splish Splash</font></td>
         </tr>
         <tr>
            <td>Knorr, Stefan</td>
            <td><font color="red">Creepy Crawlies</font></td>
         </tr>
         <tr>
            <td>Kress, Peter</td>
            <td><font color="red">Paradox Lost</font></td>
         </tr>
         <tr>
            <td>O'Brien, Tim</td>
            <td><font color="red">Microsoft .NET: The Programming Bible</font></td>
         </tr>
         <tr>
            <td>O'Brien, Tim</td>
            <td><font color="red">MSXML3: A Comprehensive Guide</font></td>
         </tr>
         <tr>
            <td>Galos, Mike</td>
            <td><font color="red">Visual Studio 7: A Comprehensive Guide</font></td>
         </tr>
      </table>
   </body>
</html>