<?xml version="1.0" encoding="UTF-8"?>
<persons>
   <person>
      <name>A B</name>
      <diagnosises>
         <diagnosis>
            <by>md1</by>
            <for>p1</for>
            <result>normal</result>
        </diagnosis>
         <diagnosis>
            <by>md2</by>
            <for>p1</for>
            <result>normal</result>
        </diagnosis>
         <diagnosis>
            <by>md3</by>
            <for>p1</for>
            <result>normal</result>
        </diagnosis>
         <diagnosis>
            <by>md4</by>
            <for>p1</for>
            <result>crazy</result>
        </diagnosis>
      </diagnosises>
   </person>
   <person>
      <name>C D</name>
      <diagnosises>
         <diagnosis>
            <by>md1</by>
            <for>p2</for>
            <result>normal</result>
        </diagnosis>
         <diagnosis>
            <by>md2</by>
            <for>p2</for>
            <result>normal</result>
        </diagnosis>
         <diagnosis>
            <by>md3</by>
            <for>p2</for>
            <result>normal</result>
        </diagnosis>
      </diagnosises>
   </person>
</persons>