<?xml version="1.0" encoding="UTF-8"?>
<vina>
   <vino>
      <jmeno xmlns:xsi="http://www.w3.org/2001/XMLSchema-instance">Chardonnay Habanske</jmeno>
      <rok xmlns:xsi="http://www.w3.org/2001/XMLSchema-instance">2011</rok>
      <vinarstvi>
         <jmeno xmlns:xsi="http://www.w3.org/2001/XMLSchema-instance">Habanske sklepy</jmeno>
      </vinarstvi>
   </vino>
   <vino>
      <jmeno xmlns:xsi="http://www.w3.org/2001/XMLSchema-instance">Ryzlink Vlassky</jmeno>
      <rok xmlns:xsi="http://www.w3.org/2001/XMLSchema-instance">2011</rok>
      <vinarstvi>
         <jmeno xmlns:xsi="http://www.w3.org/2001/XMLSchema-instance">Habanske sklepy</jmeno>
      </vinarstvi>
   </vino>
   <vino>
      <jmeno xmlns:xsi="http://www.w3.org/2001/XMLSchema-instance">Rizlink Vlassky</jmeno>
      <rok xmlns:xsi="http://www.w3.org/2001/XMLSchema-instance">2011</rok>
      <vinarstvi>
         <jmeno xmlns:xsi="http://www.w3.org/2001/XMLSchema-instance">Vinne sklepy Valtice</jmeno>
      </vinarstvi>
   </vino>
</vina>