<?xml version="1.0" encoding="UTF-8"?>
<vinarstvi>
   <jmeno>Habanske sklepy</jmeno>
   <pocet-bilych-vin>2</pocet-bilych-vin>
   <pocet-cervenych-vin>1</pocet-cervenych-vin>
   <ma-jenom-bile>false</ma-jenom-bile>
   <ma-jenom-cervene>false</ma-jenom-cervene>
</vinarstvi>
<vinarstvi>
   <jmeno>Vinne sklepy Valtice</jmeno>
   <pocet-bilych-vin>1</pocet-bilych-vin>
   <pocet-cervenych-vin>0</pocet-cervenych-vin>
   <ma-jenom-bile>true</ma-jenom-bile>
   <ma-jenom-cervene>false</ma-jenom-cervene>
</vinarstvi>