<?xml version="1.0" encoding="UTF-8"?>
<vina>
   <vino>
      <jmeno>Chardonnay Habanske</jmeno>
      <barva>bila</barva>
      <cukernatost>18</cukernatost>
      <vinarstvi>Habanske sklepy</vinarstvi>
      <stat>CR</stat>
      <sklizen/>
      <cukernatost-bileho-vina-vyssi-nez-20-stupnu>Ne nema</cukernatost-bileho-vina-vyssi-nez-20-stupnu>
   </vino>
   <vino>
      <jmeno>Ryzlink Vlassky</jmeno>
      <barva>bila</barva>
      <cukernatost>24</cukernatost>
      <vinarstvi>Habanske sklepy</vinarstvi>
      <stat>CR</stat>
      <sklizen/>
      <cukernatost-bileho-vina-vyssi-nez-20-stupnu>Ano ma</cukernatost-bileho-vina-vyssi-nez-20-stupnu>
   </vino>
   <vino>
      <jmeno>Cabernet Sauvignon</jmeno>
      <barva>cervena</barva>
      <cukernatost>26</cukernatost>
      <vinarstvi>Habanske sklepy</vinarstvi>
      <stat>CR</stat>
      <sklizen/>
      <cukernatost-bileho-vina-vyssi-nez-20-stupnu>Ne nema</cukernatost-bileho-vina-vyssi-nez-20-stupnu>
   </vino>
   <vino>
      <jmeno>Rizlink Vlassky</jmeno>
      <barva>bila</barva>
      <cukernatost>24</cukernatost>
      <vinarstvi>Vinne sklepy Valtice</vinarstvi>
      <stat>
                    CR
                </stat>
      <sklizen/>
      <cukernatost-bileho-vina-vyssi-nez-20-stupnu>Ano ma</cukernatost-bileho-vina-vyssi-nez-20-stupnu>
   </vino>
   <vino>
      <jmeno>Rizlink Rinsky</jmeno>
      <barva>bila</barva>
      <cukernatost>24</cukernatost>
      <vinarstvi>Vinne sklepy Valtice</vinarstvi>
      <stat>
                    CR
                </stat>
      <sklizen>2011</sklizen>
      <cukernatost-bileho-vina-vyssi-nez-20-stupnu>Ne nema</cukernatost-bileho-vina-vyssi-nez-20-stupnu>
   </vino>
</vina>