<?xml version="1.0" encoding="UTF-8"?>
<departments_with_employees>
   <department>
      <name>Accounting</name>
      <employee>Brown, Peter</employee>
      <avsalary>3000</avsalary>
      <conte>1</conte>
   </department>
   <department>
      <name>Production</name>
      <employee>Smith, John</employee>
      <avsalary>2000</avsalary>
      <conte>1</conte>
   </department>
   <department>
      <name>Development</name>
      <employee>Smith, Martin</employee>
      <avsalary>2400</avsalary>
      <conte>1</conte>
   </department>
   <department>
      <name>Engineering</name>
      <employee>Taylor, Arthur</employee>
      <avsalary>2500</avsalary>
      <conte>1</conte>
   </department>
</departments_with_employees>