<html>
   <head>
      <meta http-equiv="Content-Type" content="text/html; charset=UTF-8">
      <title>employees review</title>
   </head>
   <body>
      <table>
         <tr>
            <th>Name</th>
            <th>Is manager?</th>
            <th>Department</th>
            <th>Employees</th>
         </tr>
         <tr>
            <td>JohnSmith</td>
            <td>yes</td>
            <td>Production</td>
            <td>1</td>
         </tr>
         <tr>
            <td>PeterBrown</td>
            <td>no</td>
            <td>Accounting</td>
            <td>1</td>
         </tr>
         <tr>
            <td>ArthurTaylor</td>
            <td>yes</td>
            <td>Engineering</td>
            <td>1</td>
         </tr>
         <tr>
            <td>MartinSmith</td>
            <td>no</td>
            <td>Development</td>
            <td>1</td>
         </tr>
      </table>
   </body>
</html>