<?xml version="1.0" encoding="UTF-8"?><html xmlns="http://www.w3.org/1999/xhtml" xml:lang="en">
   <head>
      <meta http-equiv="Content-Type" content="text/html; charset=UTF-8" /><style type="text/css">
    body{font-family: Verdana, Arial, Helvetica, sans-serif}
    table, th, td{ border: 1px solid gray; border-collapse:collapse}
    .alt1{background-color:mistyrose}
    .alt2{background-color:azure}
    .th{background-color:silver}
    </style><title>xhtml</title>
   </head>
   <body>
      <h1>Using XQuery</h1>
      <table cellpadding="5" cellspacing="0">
         <tr class="th">
            <th>Name</th>
            <th>Surname</th>
            <th>Department</th>
            <th>Email</th>
            <th>Salary</th>
         </tr>
         <tr class="alt2">
            <td>John</td>
            <td>Smith</td>
            <td>D1,  Production</td>
            <td>2000</td>
         </tr>
         <tr class="alt2">
            <td>Martin</td>
            <td>Smith</td>
            <td>D1.1,  Development</td>
            <td>2400</td>
         </tr>
         <tr class="alt1">
            <td>Arthur</td>
            <td>Taylor</td>
            <td>D1.2,  Engineering</td>
            <td>2500</td>
         </tr>
         <tr class="alt1">
            <td>Peter</td>
            <td>Brown</td>
            <td>D2,  Accounting</td>
            <td>3000</td>
         </tr>
      </table>
   </body>
</html>