<?xml version="1.0" encoding="UTF-8"?>
<herec_hral_v>
   <herec>Lewis</herec>
   <serial>
      <nazevFilmuCesky>Bratrstvo Neohrožených</nazevFilmuCesky>
   </serial>
   <serial>
      <nazevFilmuCesky>Adela Nevecerela</nazevFilmuCesky>
   </serial>
</herec_hral_v>
<herec_hral_v>
   <herec>Grimes</herec>
   <serial>
      <nazevFilmuCesky>Bratrstvo Neohrožených</nazevFilmuCesky>
   </serial>
</herec_hral_v>
<herec_hral_v>
   <herec>Livingston</herec>
   <serial>
      <nazevFilmuCesky>Bratrstvo Neohrožených</nazevFilmuCesky>
   </serial>
</herec_hral_v>