<?xml version="1.0" encoding="UTF-8"?>
<element>serial<element>odkaz</element>
   <element>nazevFilmuCesky</element>
   <element>nazevFilmuAnglicky</element>
   <element>zanr</element>
   <element>mistoVzniku</element>
   <element>mistoVzniku</element>
   <element>typ</element>
   <element>delka<element>dil</element>
      <element>dil</element>
      <element>dil</element>
      <element>dil</element>
   </element>
   <element>ucastnici<element>rezie<element>reziser<element>jmeno<element>krestni</element>
               <element>prijmeni</element>
            </element>
            <element>datumNarozeni</element>
            <element>adresa</element>
         </element>
      </element>
      <element>hudba</element>
      <element>hraji<element>herec_hraje</element>
         <element>herec_hraje</element>
         <element>herec_hraje</element>
      </element>
   </element>
   <element>datum</element>
   <element>herci<element>herec<element>jmeno<element>krestni</element>
            <element>prijmeni</element>
         </element>
         <element>datumNarozeni</element>
         <element>adresa</element>
      </element>
      <element>herec<element>jmeno<element>krestni</element>
            <element>prijmeni</element>
         </element>
         <element>datumNarozeni</element>
         <element>adresa</element>
      </element>
      <element>herec<element>jmeno<element>krestni</element>
            <element>prijmeni</element>
         </element>
         <element>datumNarozeni</element>
         <element>adresa</element>
      </element>
   </element>
</element>
<element>serial<element>nazevFilmuCesky</element>
   <element>nazevFilmuAnglicky</element>
   <element>zanr</element>
   <element>mistoVzniku</element>
   <element>mistoVzniku</element>
   <element>typ</element>
   <element>delka<element>dil</element>
   </element>
   <element>ucastnici<element>rezie<element>reziser<element>jmeno<element>krestni</element>
               <element>prijmeni</element>
            </element>
            <element>datumNarozeni</element>
            <element>adresa</element>
         </element>
      </element>
      <element>hudba</element>
      <element>hraji<element>herec_hraje</element>
      </element>
   </element>
   <element>datum</element>
   <element>herci<element>herec<element>jmeno<element>krestni</element>
            <element>prijmeni</element>
         </element>
         <element>datumNarozeni</element>
         <element>adresa</element>
      </element>
   </element>
</element>