<?xml version="1.0" encoding="UTF-8" standalone="no"?><library xmlns:xsi="http://www.w3.org/2001/XMLSchema-instance" xsi:noNamespaceSchemaLocation="data.xsd"><publisher><name>Matfyzpress</name><address><street>Sokolovsk?</street><num>83</num><city>Praha 8</city><postalCode>18675</postalCode></address><phones/><printers><printer><name>Reprost?edisko UK MFF</name><address><street>Sokolovsk?</street><num>83</num><city>Praha 8</city><postalCode>18675</postalCode></address></printer></printers><books><book><name>Line?rn? algebra</name><authors><author>Jind?ich Be?v??</author></authors><language>?e?tina</language><ISBN>ISBN 80-86732-57-6</ISBN><otherEditions><ISBN commentary="druh? vyd?n?">ISBN 80-85863-92-8</ISBN><ISBN commentary="prvn? vyd?n?">ISBN 80-85863-61-8</ISBN></otherEditions><category>u?ebnice</category><printsInLib>4</printsInLib></book><book><name>Pravd?podobnost a matematick? statistika</name><authors><author>Karel Zv?ra</author><author>Josef ?t?p?n</author></authors><language>?e?tina</language><ISBN>ISBN 80-86732-71-7</ISBN><otherEditions><ISBN commentary="1. vyd?n?">ISBN 80-85863-24-3</ISBN><ISBN commentary="2. vyd?n?">ISBN 80-85863-76-6</ISBN><ISBN commentary="3. vyd?n?">ISBN 80-85863-93-6</ISBN></otherEditions><category>odborn?</category><category>u?ebnice</category><commentary>Praha 2006</commentary><printsInLib>2</printsInLib></book></books></publisher><publisher><name>Headline Publishing Group</name><address><street>Euston Road</street><num>338</num><city>London</city><postalCode>NW13BH</postalCode></address><phones/><printers><printer><name>CPI Mackays</name><address><street>nezn?m?</street><num>nezn?m?</num><city>Chatham</city><postalCode>ME58TD</postalCode></address></printer></printers><books><book><name>Fragile Things Short Fictions and Wonders</name><authors><author>Niel Gaiman</author></authors><language>english</language><ISBN commentary="A format">ISBN 978-0-755-3415-5</ISBN><otherEditions><ISBN commentary="B format">ISBN 978-0-755-3414-8</ISBN></otherEditions><category>kr?sn? literatura</category><commentary>
			ISBN 978-0-755-3415-5 je mnohem lep?? ne?ISBN 978-0-755-3414-8
		</commentary><printsInLib>2</printsInLib></book></books></publisher><publisher><name>Polaris</name><address><street>Po????</street><num>218</num><city>Fren?t?t pod Radho?t?m</city></address><phones/><printers><printer><name>Printo s.r.o.</name><address><street>Gen. Sochora</street><num>1379</num><city>Ostrava Poruba</city></address></printer></printers><books><book><name>Ameri?t? bohov?</name><authors><author>Niel Gaiman</author></authors><translation><name>American Gods</name><translator>Ladislava Vojtkov?</translator></translation><language>?e?tina</language><ISBN>ISBN 978-80-7332-098-0</ISBN><category>kr?sn? literatura</category><commentary>Druh? vyd?n? dopln?n? autorem</commentary><printsInLib>2</printsInLib></book></books></publisher><publisher><name>Prometheus, spol. s r.o.</name><address><street>?itn?</street><num>25</num><city>Praha 1</city></address><phones><phone>+420 691 37 15</phone></phones><printers><printer><name>B PRINT</name><address><street>?itavsk?ho</street><num>572</num><city>Praha 5 - Zbraslav</city></address></printer></printers><books><book><name>Matematika pro gymn?zia Posloupnosti a ?ady</name><authors><author>Old?ich Odv?rko</author></authors><language>?e?tina</language><ISBN>ISBN 80-7196-195-7</ISBN><category>u?ebnice</category><commentary>dotisk 2. vyd?n?</commentary><printsInLib>3</printsInLib></book></books></publisher><publisher><name>ZONER software s.r.o.</name><address><street>Nov? sady</street><num>18/583</num><city>Brno</city><postalCode>60200</postalCode></address><phones><phone>+420 532 190 883</phone></phones><printers><printer><name>Zoner Press</name></printer></printers><books><book><name>C# a WinForms - programov?n? formul??? Windows</name><authors><author>Chris Sels</author></authors><translation><name>Windows Forms Programming in C#</name><translator>Jan Pokorn?</translator></translation><language>?e?tina</language><ISBN>ISBN 80-86815-25-0</ISBN><category>odborn?</category><printsInLib>1</printsInLib></book></books></publisher></library>