<?xml version="1.0" encoding="UTF-8" standalone="no"?><!-- Database of packages that a client may download and install. --><packages>

<!-- list of packagers -->

<!-- package that is always present - for purposes of generation -->
<packager email="computer@mail.com" id="packager0" name="computer"/>

<packager email="jirka@mail.com" id="packager1" name="jirka"/>

<packager email="honza@mail.com" id="packager2" name="honza"/>

<packager email="jana@mail.com" id="packager3" name="jana"/>

<packager email="pepa@mail.com" id="packager4" name="pepa"/>

<packager email="lucka@mail.com" id="packager5" name="lucka"/>

<!-- list of packages -->

<package id="pkg1" name="glibc" packager="packager1">

  <version primary="4" secondary="3"/>
  
  <description>
  	Library for C programs. <web_reference url="http://glibc.org/doc">Link to library documentation.</web_reference>
  </description>
  
  <date day="12" month="3" year="2012"/>
  
  <author>GNU</author>
  
  <webpage>http://glibc.org</webpage>
  
  <files>
    <file directory="/lib" name="libc.so">
      <description>Shared library file.</description>
    </file>
    
    <file directory="/lib" name="libc.a">
      <description>Static library file.</description>
    </file>
    
    <file directory="/var/doc/glibc/" name="readme">
      <description>Documentation.</description>
      <content>
<?sh generate-glibc-doc ?>
      </content>
    </file>
  </files>
  
</package>


<package id="pkg2" name="sdl" packager="packager2">

  <version primary="2" secondary="3"/>
  
  <description>Game library.<web_reference url="http://sdl.org/doc">Link to library documentation.</web_reference></description>
  
  <date day="12" month="4" year="2012"/>
  
  <author>Sam Lantinga</author>
  
  <webpage>http://sdl.org</webpage>
  
  <files>
    <file directory="/lib" name="libsdl.so">
      <description>Shared library file.</description>
    </file>
  </files>
  
  <dependencies>
    <pkg_ref idref="pkg1"/>
  </dependencies>
  
</package>


<package id="pkg8" name="vim" packager="packager3">

  <version primary="6" secondary="4"/>
  
  <description>Text editor.</description>
  
  <date day="13" month="8" year="2012"/>
  
  <webpage>http://vim.org</webpage>
  
  <files>
    <file directory="/bin" name="vim"/>
  </files>
  
  <dependencies>
    <pkg_ref idref="pkg1"/>
  </dependencies>
  
</package>






<package id="pkg4" name="emacs" packager="packager4">

  <version primary="1" secondary="4"/>
  
  <description>Text editor.</description>
  
  <date day="13" month="5" year="2012"/>
  
  <author>GNU</author>
  
  <webpage>http://emacs.org</webpage>
  
  <files>
    <file directory="/bin" name="emacs"/>
    <file directory="/etc/" name="emacs-settings">
	    <description>Default settings file for the emacs.
	    	<web_reference url="http://emacs.org/doc/settings-file">See documentaion of the format of this file.</web_reference>
	    </description>
	    <content>
<![CDATA[
<?xml version="1.0" encoding="UTF-8"?>
<setttings>
<bkg_color>blue</bkg_color>
</settings>
]]>
	    </content>
    </file>
  </files>
  
  <dependencies>
    <pkg_ref idref="pkg1"/>
  </dependencies>
  
</package>


<!-- Composite package -->

<package id="pkg5" name="text editors" packager="packager5">

  <version primary="5" secondary="4"/>
  
  <description>All text editors</description>
  
  <date day="13" month="5" year="2012"/>
  
  <pkg_list>
    <pkg_ref idref="pkg3"/>
    <pkg_ref idref="pkg4"/>
  </pkg_list>
  
</package>


<package id="pkg9" name="all" packager="packager0"><version primary="0" secondary="0"/><description>Conjoint package of all packages.</description><date day="13" month="2" year="2013"/><pkg_list><pkg_ref idref="pkg1"/><pkg_ref idref="pkg2"/><pkg_ref idref="pkg8"/><pkg_ref idref="pkg4"/><pkg_ref idref="pkg5"/></pkg_list></package></packages>