<?xml version="1.0" encoding="UTF-8" standalone="no"?><cinema>
  
  <projectionRooms>
    <projectionRoom id="f1r1">
      <capacity>200</capacity>
      <is3d>true</is3d>
      <counOfEmergencyExits>3</counOfEmergencyExits>
    </projectionRoom>
    <projectionRoom id="f1r2">
      <capacity>200</capacity>
      <is3d>false</is3d>
      <counOfEmergencyExits>2</counOfEmergencyExits>
    </projectionRoom>
    <projectionRoom id="f2r1">
      <capacity>300</capacity>
      <is3d>true</is3d>
      <counOfEmergencyExits>4</counOfEmergencyExits>
    </projectionRoom>
    <projectionRoom id="f2r2">
      <capacity>300</capacity>
      <is3d>true</is3d>
      <counOfEmergencyExits>4</counOfEmergencyExits>
    </projectionRoom>
    <projectionRoom id="f3r1">
      <capacity>400</capacity>
      <is3d>true</is3d>
      <counOfEmergencyExits>6</counOfEmergencyExits>
    </projectionRoom>
  </projectionRooms>
  <program>
    <projectionDay>
    <info>
		Specialni akce - sleva 20%
    </info>
      <date>2013-02-22</date>
      <projection>
        <time>12:50</time>
        <movieRef>m1</movieRef>
        <projectionRoomRef>f1r1</projectionRoomRef>
    </projection>
      <projection>
        <time>15:00</time>
        <movieRef>m1</movieRef>
        <projectionRoomRef>f1r1</projectionRoomRef>
      </projection>
      <projection>
        <time>13:00</time>
        <movieRef>m2</movieRef>
        <projectionRoomRef>f1r2</projectionRoomRef>
      </projection>
      <projection>
        <time>13:00</time>
        <movieRef>m3</movieRef>
        <projectionRoomRef>f2r2</projectionRoomRef>
      </projection>
      <projection>
        <time>19:00</time>
        <movieRef>m5</movieRef>
        <projectionRoomRef>f3r1</projectionRoomRef>
      </projection>
    </projectionDay>
    <projectionDay>
    <info/>
      <date>2013-02-23</date>
      <projection>
        <time>15:50</time>
        <movieRef>m7</movieRef>
        <projectionRoomRef>f1r2</projectionRoomRef>
      </projection>
      <projection>
        <time>19:00</time>
        <movieRef>m7</movieRef>
        <projectionRoomRef>f1r2</projectionRoomRef>
      </projection>
      <projection>
        <time>13:00</time>
        <movieRef>m4</movieRef>
        <projectionRoomRef>f2r2</projectionRoomRef>
      </projection>
      <projection>
        <time>16:00</time>
        <movieRef>m3</movieRef>
        <projectionRoomRef>f1r1</projectionRoomRef>
      </projection>
      <projection>
        <time>19:00</time>
        <movieRef>m5</movieRef>
        <projectionRoomRef>f3r1</projectionRoomRef>
      </projection>
    </projectionDay>
</program>
</cinema>