<?xml version="1.0" encoding="UTF-8" standalone="no"?><Sklad>
	<Dodavatele>
		<Dodavatel DoId="dodavate1_1">
			<Firma Nazev="Alea s.r.o" dic="CZ1234567899" ic="12345678"/>
			<Kontakty>
				<Adresa>
					<Ulice>Italsk? 3040</Ulice>
					<Mesto>Praha 2</Mesto>
					<PSC>222 01</PSC>
				</Adresa>
				<TelNum cislo="73355422"/>
				<TelNum cislo="31244312"/>
			</Kontakty>
		</Dodavatel>
		<Dodavatel DoId="dodavate1_2">
			<Firma Nazev="Roboto" ic="87654321"/>
			<Kontakty>
				<Adresa>
					<Ulice>?pan?lsk? 202</Ulice>
					<Mesto>Pardubice</Mesto>
					<PSC>232 11</PSC>
				</Adresa>
				<TelNum cislo="733115222"/>
			</Kontakty>
		</Dodavatel>
		<Dodavatel DoId="dodavate1_3">
			<Osoba Jmeno="Karel" Prijmeni="Pluha?" rcislo="841120/0452"/>
			<Kontakty>
				<Adresa>
					<Ulice>Hradec Kr?lov?</Ulice>
					<Mesto>Pra?sk? 4012</Mesto>
					<PSC>273 11</PSC>
				</Adresa>
				<TelNum cislo="23351422"/>
			</Kontakty>
		</Dodavatel>
		<Dodavatel DoId="dodavate1_4">
			<Firma Nazev="Senzor a.s." ic="12387654"/>
			<Kontakty>
				<Adresa>
					<Ulice>Louny</Ulice>
					<Mesto>Kudrnova 1021</Mesto>
					<PSC>172 41</PSC>
				</Adresa>
				<TelNum cislo="63255412"/>
			</Kontakty>
		</Dodavatel>
		<Dodavatel DoId="dodavate1_5">
			<Firma Nazev="Zamzung" ic="123212354"/>
			<Kontakty>
				<Adresa>
					<Ulice>Nesselweg 4012</Ulice>
					<Mesto stat="N?mecko">Berlin</Mesto>
					<PSC>54570</PSC>
				</Adresa>
				<TelNum cislo="+0049563255422"/>
			</Kontakty>
		</Dodavatel>
	</Dodavatele>
	<Zakaznici>
		<Zakaznik ZaId="zakaznik_1">
			<Firma Nazev="Elektro Rhesus s.r.o" ic="11112222"/>
			<Kontakty>
				<Adresa>
					<Ulice>Rakousk? 1023</Ulice>
					<Mesto>Pardubice</Mesto>
					<PSC>232 11</PSC>
				</Adresa>
				<TelNum cislo="71335522"/>
				<TelNum cislo="21125212"/>
			</Kontakty>
		</Zakaznik>
		<Zakaznik ZaId="zakaznik_2">
			<Osoba Jmeno="Petr" Prijmeni="Dluha" rcislo="640112/0643"/>
			<Kontakty>
				<Adresa>
					<Ulice>Rakousk? 1023</Ulice>
					<Mesto>Pardubice</Mesto>
					<PSC>232 11</PSC>
				</Adresa>
				<TelNum cislo="73355422"/>
			</Kontakty>
		</Zakaznik>
		<Zakaznik ZaId="zakaznik_3">
			<Osoba Jmeno="Martin" Prijmeni="Pecina" rcislo="610221/0343"/>
			<Kontakty>
				<Adresa>
					<Ulice>Slovensk? 523</Ulice>
					<Mesto>Ostrava</Mesto>
					<PSC>222 11</PSC>
				</Adresa>
				<TelNum cislo="531523114"/>
			</Kontakty>
		</Zakaznik>
		<Zakaznik ZaId="zakaznik_4">
			<Osoba Jmeno="Tom??" Prijmeni="Nejasn?" rcislo="541224/0131"/>
			<Kontakty>
				<Adresa>
					<Ulice>Mongolsk? 5300</Ulice>
					<Mesto>Brno</Mesto>
					<PSC>111 24</PSC>
				</Adresa>
				<TelNum cislo="61345422"/>
			</Kontakty>
		</Zakaznik>
		<Zakaznik ZaId="zakaznik_5">
			<Osoba Jmeno="Petr" Prijmeni="Franta" rcislo="690124/0131"/>
			<Kontakty>
				<Adresa>
					<Ulice>Dolsk?ho 501</Ulice>
					<Mesto>S?zava</Mesto>
					<PSC>110 23</PSC>
				</Adresa>
				<TelNum cislo="631463132"/>
			</Kontakty>
		</Zakaznik>
		<Zakaznik ZaId="zakaznik_6">
			<Osoba Jmeno="Rostislav" Prijmeni="Pur" rcislo="820604/0521"/>
			<Kontakty>
				<Adresa>
					<Ulice>Moskevsk? 2010</Ulice>
					<Mesto>Klatovy</Mesto>
					<PSC>211 24</PSC>
				</Adresa>
				<TelNum cislo="61143422"/>
			</Kontakty>
		</Zakaznik>
		<Zakaznik ZaId="zakaznik_7">
			<Osoba Jmeno="Josef" Prijmeni="Kone?n?" rcislo="740124/0231"/>
			<Kontakty>
				<Adresa>
					<Ulice>Dlouh? 4120</Ulice>
					<Mesto>Zl?n</Mesto>
					<PSC>121 14</PSC>
				</Adresa>
				<TelNum cislo="31325422"/>
			</Kontakty>
		</Zakaznik>
		<Zakaznik ZaId="zakaznik_8">
			<Osoba Jmeno="Radek" Prijmeni="Buben" rcislo="741001/0131"/>
			<Kontakty>
				<Adresa>
					<Ulice>Spojovac? 130</Ulice>
					<Mesto>Lovosice</Mesto>
					<PSC>311 21</PSC>
				</Adresa>
				<TelNum cislo="41341412"/>
			</Kontakty>
		</Zakaznik>
		<Zakaznik ZaId="zakaznik_9">
			<Osoba Jmeno="Jan" Prijmeni="Pol?vka" rcislo="840921/0732"/>
			<Kontakty>
				<Adresa>
					<Ulice>U kl??tera 2310</Ulice>
					<Mesto>Radlice</Mesto>
					<PSC>211 34</PSC>
				</Adresa>
				<TelNum cislo="241123322"/>
			</Kontakty>
		</Zakaznik>
		<Zakaznik ZaId="zakaznik_10">
			<Osoba Jmeno="Michael" Prijmeni="Matek" rcislo="451201/0711"/>
			<Kontakty>
				<Adresa>
					<Ulice>Pod lampou 2130</Ulice>
					<Mesto>Liberec</Mesto>
					<PSC>152 21</PSC>
				</Adresa>
				<TelNum cislo="75148482"/>
			</Kontakty>
		</Zakaznik>
		<Zakaznik ZaId="zakaznik_11">
			<Osoba Jmeno="Martin" Prijmeni="Bud?k" rcislo="790214/0431"/>
			<Kontakty>
				<Adresa>
					<Ulice>Z?padn? 5300</Ulice>
					<Mesto>Krumlov</Mesto>
					<PSC>101 81</PSC>
				</Adresa>
				<TelNum cislo="451357811"/>
			</Kontakty>
		</Zakaznik>
	</Zakaznici>
	<SeznamZbozi>
		<Zbozi ZbId="zbozi_1" pocet="10">
			<Nazev>Zamzung 26HA3146</Nazev>
			<Kategorie>Televize</Kategorie>
			<Vyrobce>Zamzung</Vyrobce>
			<Cena mena="Eur">400</Cena>
			<Komentar><![CDATA[Jedina LCD televize na trhu s odezvou <1ms.]]></Komentar>
			<Informace>
				<Vlastnost hodnota="26&quot;/66cm" nazev="Uhlop?i?ka"/>
				<Vlastnost hodnota="LCD" nazev="Druh panelu"/>
				<Vlastnost hodnota="370" nazev="Jas (cd/m2)"/>
				<Vlastnost hodnota="16:9" nazev="Form?t obrazu"/>
				<Vlastnost hodnota="HD Ready (1366x768)" nazev="Rozli?en?"/>
			</Informace>
		</Zbozi>
		<Zbozi ZbId="zbozi_2" pocet="5">
			<Nazev>Fador F-1180</Nazev>
			<Kategorie>Pra?ky</Kategorie>
			<Vyrobce>Fador</Vyrobce>
			<Cena>5999</Cena>
			<Informace>
				<Vlastnost hodnota="8kg" nazev="Kapacita"/>
				<Vlastnost hodnota="A" nazev="T??da prac?ho v?konu"/>
				<Vlastnost hodnota="ano" nazev="Odlo?en? start"/>
				<Vlastnost hodnota="59" nazev="Spot?eba vody(l)"/>
				<Vlastnost hodnota="B+" nazev="Energetick? t??da"/>
			</Informace>
		</Zbozi>
		<Zbozi ZbId="zbozi_3" pocet="113">
			<Nazev>Baterie AAA baleni po 4</Nazev>
			<Kategorie>Akumul?tory</Kategorie>
			<Vyrobce>Watt</Vyrobce>
			<Cena>30</Cena>
			<Komentar>Jednor?zov? baterie, ak?n? cena plat? jen do<?php echo date("d.m.Y",time()+60*60*24*3);?>

			<!-- Nev?d?l jsem kam p?idat instrukce pro zpracov?n?, tak jsem 
					vytvo?il trochu um?l? p??klad ak?n? nab?dky, kter? plat? po??d do p???t?ch t?? dn?
					 --></Komentar>
		</Zbozi>
		<Zbozi ZbId="zbozi_4" pocet="50">
			<Nazev>iMusic NS100</Nazev>
			<Kategorie>MP3 p?ehr?va?e</Kategorie>
			<Vyrobce>iMusic</Vyrobce>
			<Cena>799</Cena>
			<Informace>
				<Vlastnost hodnota="8" nazev="Pam?t(GB)"/>
				<Vlastnost hodnota="20" nazev="V?dr? baterie (hodiny)"/>
				<Vlastnost nazev="funkce FullSound"/>
				<Vlastnost nazev="Fm tuner s RDS"/>
			</Informace>
		</Zbozi>
	</SeznamZbozi>
	<Zakazky>
		<Zakazka ZkId="zakazka1" typ="prijem">
			<Skym id="dodavate1_5"/>
			<Kdy cas="16:15" datum="04.11.2011"/>
			<Komentar>Jedna pra?ka p?i?la v poni?en? krabici vr?cena nazp?t.</Komentar>
			<OdkazZbozi ZbId="zbozi_1" pocet="10"/>
		</Zakazka>
		<Zakazka ZkId="zakazka2" typ="prijem">
			<Skym id="dodavate1_2"/>
			<Kdy cas="12:00" datum="05.11.2011"/>
			<OdkazZbozi ZbId="zbozi_3" pocet="50"/>
			<OdkazZbozi ZbId="zbozi_4" pocet="10"/>
		</Zakazka>
		<Zakazka ZkId="zakazka3" typ="prodej">
			<Skym id="zakaznik_3"/>
			<Kdy datum="05.11.2011"/>
			<OdkazZbozi ZbId="zbozi_4" pocet="1"/>
		</Zakazka>
		<Zakazka ZkId="zakazka4" typ="prodej">
			<Skym id="zakaznik_1"/>
			<Kdy datum="06.11.2011"/>
			<OdkazZbozi ZbId="zbozi_2" pocet="20"/>
			<OdkazZbozi ZbId="zbozi_3" pocet="100"/>
		</Zakazka>
	</Zakazky>
</Sklad>