<?xml version="1.0" encoding="UTF-8"?>
<phone id="m14" predecessor="">
				<brand>Samsung</brand>
				<name>Galaxy Note 3</name>
				<weight>182</weight>
				<os>Android</os>
				<cpu>1.8</cpu>
				<display>5.0</display>
				<memory>
					<sd slot="yes"/>
					1</memory>
				<battery>1560</battery>
				<dimensions w="3.12" h="5.95" t="0.33"/>
				<disclaimer>Battery power consumption depends on factors such as network configuration, signal strength, operating temperature,&lt;br&gt;features selected, vibrate mode, backlight settings, browser use, frequency of calls and voice, data and other applications usage patterns.</disclaimer>
				<price>100</price>
			</phone>
<phone id="m15" predecessor="m14">
				<brand>Samsung2</brand>
				<name>Galaxy Note 5</name>
				<weight>182</weight>
				<os>Android</os>
				<cpu>1.9</cpu>
				<display>5.0</display>
				<memory>
					<sd slot="yes"/>1</memory>
				<battery>1150</battery>
				<dimensions w="3.12" h="5.95" t="0.33">AA</dimensions>
				<disclaimer>Battery power consumption depends on other applications usage patterns.</disclaimer>
				<price>140</price>
			</phone>