<?xml version="1.0" encoding="UTF-8"?>
<is_active>
   <author id="a1" name="jozef.mastny@gmail.com">
      <name>
        <firstname>Jozko</firstname>
        <middlename>Dlhy</middlename>
        <lastname>Mastny</lastname>
      </name>
      <birthdate>12.3.1982</birthdate>
      <address>
        <country>Slovakia</country>
        <city>Ruzomberok</city>
        <street>Hviezdoslavova</street>
        <house>23</house>
      </address>
      <email>jozef.mastny@gmail.com</email>
      <aboutme>Milujem poeziu</aboutme>
    </author>
   <author id="a2" name="jozefina.vlastna@yahoo.com">
      <name>
        <firstname>Jozka</firstname>
        <middlename>Stastna</middlename>
        <lastname>Vlastna</lastname>
      </name>
      <birthdate>12.3.1982</birthdate>
      <address>
      </address>
		    <email>jozefina.vlastna@yahoo.com</email>      
      <aboutme>Som vlastna</aboutme>  
    </author>
   <author id="a1" name="jozef.mastny@gmail.com">
      <name>
        <firstname>Jozko</firstname>
        <middlename>Dlhy</middlename>
        <lastname>Mastny</lastname>
      </name>
      <birthdate>12.3.1982</birthdate>
      <address>
        <country>Slovakia</country>
        <city>Ruzomberok</city>
        <street>Hviezdoslavova</street>
        <house>23</house>
      </address>
      <email>jozef.mastny@gmail.com</email>
      <aboutme>Milujem poeziu</aboutme>
    </author>
   <author id="a5" name="vlastimil.malotratny@facebook.com">
      <name>
        <firstname>Vlastimil</firstname>
        <middlename>velky</middlename>
        <lastname>Malotratny</lastname>
      </name>  
      <email>vlastimil.malotratny@facebook.com</email>
    </author>
   <author id="a4" name="ursula.protichodna@facebook.com">
      <name>
        <firstname>Urshulla</firstname>
        <middlename>Pavarotti</middlename>
        <lastname>Protichodna</lastname>
      </name>
      <birthdate>23.12.1977</birthdate>
      <address>
        <country>Italy</country>
        <city>Rome</city>
        <street>Ukullelle</street>
        <house>87</house>
      </address>
      <email>ursula.protichodna@facebook.com</email>
      <aboutme>This is about me</aboutme>
    </author>
   <author id="a4" name="ursula.protichodna@facebook.com">
      <name>
        <firstname>Urshulla</firstname>
        <middlename>Pavarotti</middlename>
        <lastname>Protichodna</lastname>
      </name>
      <birthdate>23.12.1977</birthdate>
      <address>
        <country>Italy</country>
        <city>Rome</city>
        <street>Ukullelle</street>
        <house>87</house>
      </address>
      <email>ursula.protichodna@facebook.com</email>
      <aboutme>This is about me</aboutme>
    </author>
   <author id="a5" name="vlastimil.malotratny@facebook.com">
      <name>
        <firstname>Vlastimil</firstname>
        <middlename>velky</middlename>
        <lastname>Malotratny</lastname>
      </name>  
      <email>vlastimil.malotratny@facebook.com</email>
    </author>
   <author id="a9" name="zbojnik.simon@rofl.edu">
      <name>
        <firstname>Zbojnik</firstname>
        <middlename>Simon</middlename>
        <lastname>Radodajny</lastname>
      </name>  
      <email>zbojnik.simon@rofl.edu</email>
    </author>
   <author id="a10" name="hravy.chlapec@abcd.org">
      <name>
        <firstname>Hravy</firstname>
        <middlename>Maly</middlename>
        <lastname>Chlapec</lastname>
      </name>
      <email>hravy.chlapec@abcd.org</email>
    </author>
</is_active>