<?xml version="1.0" encoding="UTF-8"?>
<author>
   <count>5</count>
   <name>cyril.tvrdohlavy@gmail.com</name>
</author>
<author>
   <count>4</count>
   <name>ursula.protichodna@facebook.com</name>
</author>
<author>
   <count>2</count>
   <name>jozef.mastny@gmail.com</name>
</author>
<author>
   <count>2</count>
   <name>nicmanenapada@vsetko.nic</name>
</author>
<author>
   <count>1</count>
   <name>jozefina.vlastna@yahoo.com</name>
</author>
<author>
   <count>1</count>
   <name>vlastimil.malotratny@facebook.com</name>
</author>
<author>
   <count>0</count>
   <name>dezo.hnedy@romania.eu</name>
</author>
<author>
   <count>0</count>
   <name>sergej.ututkin@kapura.ru</name>
</author>
<author>
   <count>0</count>
   <name>zbojnik.simon@rofl.edu</name>
</author>
<author>
   <count>0</count>
   <name>hravy.chlapec@abcd.org</name>
</author>