<?xml version="1.0" encoding="UTF-8"?>
<most_popular_activity>
   <activity xmlns:xsi="http://www.w3.org/2001/XMLSchema-instance" author="a5" id="act021">
			   <timestamp>2011-10-21T10:43:22</timestamp>
			   <content type="multimedia">Takto sa to robi na vychode ...
        <video title="Vtedy na zapade" codec="mpeg2">
					       <resolution width="720" height="572"/>
					       <url>http://example.com/videos/west.avi</url>
				     </video>
			   </content>
			   <like author="a1"/>
			   <like author="a2"/>
			   <like author="a3"/>
			   <like author="a4"/>
		</activity>
</most_popular_activity>