<?xml version="1.0" encoding="UTF-8"?>
<author_content name="jozef.mastny@gmail.com">
   <activity xmlns:xsi="http://www.w3.org/2001/XMLSchema-instance" author="a1" id="act032">
			   <timestamp>2011-10-22T15:43:22</timestamp>
			   <content type="mix">Dnes <?php echo date("l"); ?> som natafil na coool stranku <url title="example.com">http://www.example.com</url>. Skuste si ju tiez..
      </content>
			   <like author="a3"/>
			   <like author="a4"/>
			   <comment author="a3">:):)</comment>
		</activity>
   <activity xmlns:xsi="http://www.w3.org/2001/XMLSchema-instance" author="a1" id="act624">
			   <timestamp>2011-10-22T13:42:22</timestamp>
			   <content type="multimedia">LOOK AT THIS. BRAND NEW. BEST OF ALL. JUST BUY IT.
				<picture width="150" height="100">
					       <url>http://example.com/doNotBuyIt_ItsACrap.jpg</url>
				     </picture>
			   </content>
		</activity>
   <like xmlns:xsi="http://www.w3.org/2001/XMLSchema-instance" author="a1"/>
   <comment xmlns:xsi="http://www.w3.org/2001/XMLSchema-instance" author="a1">Urcite s tebou suhlasim, este by som len dodal, ze ten tuniak sa by sa dal este pokropit citronovou stavou</comment>
   <comment xmlns:xsi="http://www.w3.org/2001/XMLSchema-instance" author="a1">Dobru noc...</comment>
   <like xmlns:xsi="http://www.w3.org/2001/XMLSchema-instance" author="a1"/>
</author_content>
<author_content name="jozefina.vlastna@yahoo.com">
   <activity xmlns:xsi="http://www.w3.org/2001/XMLSchema-instance" author="a2" id="act078">
			   <timestamp>2011-10-22T15:23:00</timestamp>
			   <content type="html">
&lt;!DOCTYPE HTML PUBLIC "-//W3C//DTD HTML 4.01//EN"
            "http://www.w3.org/TR/html4/strict.dtd"&gt;
&lt;html&gt;
&lt;head&gt;
&lt;title&gt;Example page&lt;/title&gt;
&lt;/head&gt;
&lt;body&gt;
	This is Body
&lt;/body&gt;
&lt;/html&gt;
      </content>
		</activity>
   <comment xmlns:xsi="http://www.w3.org/2001/XMLSchema-instance" author="a2">Podme radsej spat</comment>
   <like xmlns:xsi="http://www.w3.org/2001/XMLSchema-instance" author="a2"/>
</author_content>
<author_content name="cyril.tvrdohlavy@gmail.com">
   <like xmlns:xsi="http://www.w3.org/2001/XMLSchema-instance" author="a3"/>
   <comment xmlns:xsi="http://www.w3.org/2001/XMLSchema-instance" author="a3">:):)</comment>
   <like xmlns:xsi="http://www.w3.org/2001/XMLSchema-instance" author="a3" value="0"/>
   <comment xmlns:xsi="http://www.w3.org/2001/XMLSchema-instance" author="a3">Hakuna matata
        <like author="a7"/>
			</comment>
   <like xmlns:xsi="http://www.w3.org/2001/XMLSchema-instance" author="a3"/>
   <comment xmlns:xsi="http://www.w3.org/2001/XMLSchema-instance" author="a3">Jeeej to je mile :)</comment>
   <comment xmlns:xsi="http://www.w3.org/2001/XMLSchema-instance" author="a3">HOAX</comment>
   <comment xmlns:xsi="http://www.w3.org/2001/XMLSchema-instance" author="a3">... a sladke sny.</comment>
   <like xmlns:xsi="http://www.w3.org/2001/XMLSchema-instance" author="a3"/>
</author_content>
<author_content name="ursula.protichodna@facebook.com">
   <activity xmlns:xsi="http://www.w3.org/2001/XMLSchema-instance" author="a4" id="act121">
			   <timestamp>2011-10-22T12:21:12</timestamp>
			   <content type="plaintext">Nikto mi neveri...
      </content>
			   <like author="a6" value="0"/>
			   <like author="a3" value="0"/>
			   <comment author="a3">Hakuna matata
        <like author="a7"/>
			   </comment>
		</activity>
   <activity xmlns:xsi="http://www.w3.org/2001/XMLSchema-instance" author="a4" id="act187">
			   <timestamp>2011-10-21T13:43:22</timestamp>
			   <content type="multimedia">Aha, co som dnes objavil ...
        <picture title="nieco" width="100" height="200">
					       <url>http://example.com/pics/pig.jpg</url>
				     </picture>
			   </content>
			   <like author="a4"/>
			   <like author="a3"/>
			   <like author="a6"/>
			   <comment author="a6">Coool!!!</comment>
			   <comment author="a3">Jeeej to je mile :)</comment>
			   <comment author="a6">To nie je mile, to je coool, chapes?!?!</comment>
			   <comment author="a4">Ale no, nehadajte sa tu</comment>
			   <comment author="a4">Clovek by si myslel, ze tu budem pisat nieco zmysluplne</comment>
			   <comment author="a4">Ale vobec nic ma nenapada</comment>
			   <comment author="a4">...asi by nebolo od veci inspirovat sa uz nejakou tou existujucou socialnou sietou</comment>
			   <comment author="a5">Minule som pocul nieco o nejakom fakebook, alebo facebooku .. uz si nepamatam</comment>
			   <comment author="a3">HOAX</comment>
			   <comment author="a2">Podme radsej spat</comment>
			   <comment author="a1">Dobru noc...</comment>
			   <comment author="a3">... a sladke sny.</comment>
		</activity>
   <like xmlns:xsi="http://www.w3.org/2001/XMLSchema-instance" author="a4"/>
   <like xmlns:xsi="http://www.w3.org/2001/XMLSchema-instance" author="a4"/>
   <comment xmlns:xsi="http://www.w3.org/2001/XMLSchema-instance" author="a4">Ale no, nehadajte sa tu</comment>
   <comment xmlns:xsi="http://www.w3.org/2001/XMLSchema-instance" author="a4">Clovek by si myslel, ze tu budem pisat nieco zmysluplne</comment>
   <comment xmlns:xsi="http://www.w3.org/2001/XMLSchema-instance" author="a4">Ale vobec nic ma nenapada</comment>
   <comment xmlns:xsi="http://www.w3.org/2001/XMLSchema-instance" author="a4">...asi by nebolo od veci inspirovat sa uz nejakou tou existujucou socialnou sietou</comment>
   <like xmlns:xsi="http://www.w3.org/2001/XMLSchema-instance" author="a4"/>
</author_content>
<author_content name="vlastimil.malotratny@facebook.com">
   <activity xmlns:xsi="http://www.w3.org/2001/XMLSchema-instance" author="a5" id="act236">
			   <timestamp>2011-10-22T13:42:22</timestamp>
			   <content type="plaintext">Sed ut perspiciatis unde omnis iste natus error sit voluptatem accusantium doloremque laudantium,
      totam rem aperiam, eaque ipsa quae ab illo inventore veritatis et quasi architecto beatae vitae dicta sunt explicabo.
      Nemo enim ipsam voluptatem quia voluptas sit aspernatur aut odit aut fugit,
      sed quia consequuntur magni dolores eos qui ratione voluptatem sequi nesciunt.
      Neque porro quisquam est, qui dolorem ipsum quia dolor sit amet, consectetur, adipisci velit, sed quia non numquam eius modi tempora incidunt ut labore et dolore magnam aliquam quaerat voluptatem.
      Ut enim ad minima veniam, quis nostrum exercitationem ullam corporis suscipit laboriosam, nisi ut aliquid ex ea commodi consequatur?
      Quis autem vel eum iure reprehenderit qui in ea voluptate velit esse quam nihil molestiae consequatur, vel illum qui dolorem eum fugiat quo voluptas nulla pariatur?
      </content>
			   <like author="a1"/>
			   <comment author="a1">Urcite s tebou suhlasim, este by som len dodal, ze ten tuniak sa by sa dal este pokropit citronovou stavou</comment>
		</activity>
   <activity xmlns:xsi="http://www.w3.org/2001/XMLSchema-instance" author="a5" id="act021">
			   <timestamp>2011-10-21T10:43:22</timestamp>
			   <content type="multimedia">Takto sa to robi na vychode ...
        <video title="Vtedy na zapade" codec="mpeg2">
					       <resolution width="720" height="572"/>
					       <url>http://example.com/videos/west.avi</url>
				     </video>
			   </content>
			   <like author="a1"/>
			   <like author="a2"/>
			   <like author="a3"/>
			   <like author="a4"/>
		</activity>
   <comment xmlns:xsi="http://www.w3.org/2001/XMLSchema-instance" author="a5">Minule som pocul nieco o nejakom fakebook, alebo facebooku .. uz si nepamatam</comment>
</author_content>
<author_content name="nicmanenapada@vsetko.nic">
   <like xmlns:xsi="http://www.w3.org/2001/XMLSchema-instance" author="a6" value="0"/>
   <like xmlns:xsi="http://www.w3.org/2001/XMLSchema-instance" author="a6"/>
   <comment xmlns:xsi="http://www.w3.org/2001/XMLSchema-instance" author="a6">Coool!!!</comment>
   <comment xmlns:xsi="http://www.w3.org/2001/XMLSchema-instance" author="a6">To nie je mile, to je coool, chapes?!?!</comment>
</author_content>
<author_content name="dezo.hnedy@romania.eu">
   <like xmlns:xsi="http://www.w3.org/2001/XMLSchema-instance" author="a7"/>
</author_content>
<author_content name="sergej.ututkin@kapura.ru"/>
<author_content name="zbojnik.simon@rofl.edu">
   <activity xmlns:xsi="http://www.w3.org/2001/XMLSchema-instance" id="act683" author="a9">
			   <timestamp>2011-10-30T11:23:32</timestamp>
			   <content type="multimedia">
				     <video title="How to cook" codec="h.264">
					       <url>http://youpipe.com/vJG248FGkjne589kLK</url>
					       <resolution width="1920" height="1080"/>
				     </video>
			   </content>
		</activity>
</author_content>
<author_content name="hravy.chlapec@abcd.org">
   <activity xmlns:xsi="http://www.w3.org/2001/XMLSchema-instance" id="act283" author="a10">
			   <timestamp>2011-11-20T11:25:32</timestamp>
			   <content type="multimedia">
				     <video title="Blah blah" codec="h.264">
					       <url>http://youpipe.com/943JKFL4ifj3vLG3958</url>
					       <resolution width="1080" height="720"/>
				     </video>
			   </content>
		</activity>
</author_content>