<?xml version="1.0" encoding="UTF-8"?>
<ZAKAZNIK>
   <UDAJE xmlns:xsi="http://www.w3.org/2001/XMLSchema-instance">
                <OSOBNI_UDAJE>
                    <JMENO>Jan</JMENO>
                    <PRIJMENI>Novak</PRIJMENI>
                    <ULICE>Konevevoa 171</ULICE>
                    <MESTO>Praha </MESTO>
                    <PSC>13000</PSC>
                    <TELEFON>721633557</TELEFON>

                </OSOBNI_UDAJE>
                <HISTORIE_FILMU>
                    <PUJCENY_FILM ID_HISTORIE="e1">
                        <PUJCENO>2.3.2011</PUJCENO>
                        <VRACENO>4.2.2014</VRACENO>
               
                    </PUJCENY_FILM>
              
                </HISTORIE_FILMU>
            </UDAJE>
</ZAKAZNIK>
<ZAKAZNIK>
   <UDAJE xmlns:xsi="http://www.w3.org/2001/XMLSchema-instance">
                <OSOBNI_UDAJE>
                    <JMENO>Franta</JMENO>
                    <PRIJMENI>Opicak</PRIJMENI>
                    <ULICE>Divoka</ULICE>
                    <MESTO>Praha 3</MESTO>
                    <PSC>1300</PSC>
                    <TELEFON>721633557</TELEFON>
                  
                </OSOBNI_UDAJE>
                
                <HISTORIE_FILMU>
                    <PUJCENY_FILM ID_HISTORIE="e2">
                        <PUJCENO>2.3.2011</PUJCENO>
                        <VRACENO>4.3.2001</VRACENO>
                    </PUJCENY_FILM>
                    <PUJCENY_FILM ID_HISTORIE="e3">
                        <PUJCENO>12.2.2011</PUJCENO>
                        <VRACENO>21.2.2001</VRACENO>
                    </PUJCENY_FILM>
                    <PUJCENY_FILM ID_HISTORIE="e1">
                        <PUJCENO>2.1.2011</PUJCENO>
                        <VRACENO>8.1.2001</VRACENO>
                    </PUJCENY_FILM>
                </HISTORIE_FILMU>
            </UDAJE>
</ZAKAZNIK>