<?xml version="1.0" encoding="UTF-8"?>
<SEZNAM_FILMY>
   <FILM>
      <NAZEV xmlns:xsi="http://www.w3.org/2001/XMLSchema-instance">Černobylské deníky </NAZEV>
      <ROK xmlns:xsi="http://www.w3.org/2001/XMLSchema-instance">1855</ROK>
      <KOUPENO xmlns:xsi="http://www.w3.org/2001/XMLSchema-instance">8.8.2008</KOUPENO>
      <KOUPENO xmlns:xsi="http://www.w3.org/2001/XMLSchema-instance">8.6.2005</KOUPENO>
   </FILM>
   <FILM>
      <NAZEV xmlns:xsi="http://www.w3.org/2001/XMLSchema-instance">Sněhurka a lovec</NAZEV>
      <ROK xmlns:xsi="http://www.w3.org/2001/XMLSchema-instance">1935</ROK>
      <KOUPENO xmlns:xsi="http://www.w3.org/2001/XMLSchema-instance">21.9.2010</KOUPENO>
   </FILM>
   <FILM>
      <NAZEV xmlns:xsi="http://www.w3.org/2001/XMLSchema-instance">Muži v černém 3 </NAZEV>
      <ROK xmlns:xsi="http://www.w3.org/2001/XMLSchema-instance">2010</ROK>
      <KOUPENO xmlns:xsi="http://www.w3.org/2001/XMLSchema-instance">2.3.2008</KOUPENO>
   </FILM>
</SEZNAM_FILMY>