<html>
   <head>
      <meta http-equiv="Content-Type" content="text/html; charset=UTF-8">
      <meta content="utf-8" http-equiv="charset">
      <title>This will be the list of best articles</title>
   </head>
   <body>
      <h1>The best articles!</h1>
      <div id="articles">
         <div class="article">
            <h1>The very first article</h1>
            <p>Views: 256</p>
            <p>
               					Bla bla bal.
               				
            </p>
         </div>
         <div class="article">
            <h1>I do not agree</h1>
            <p>Views: 128</p>
            <p>
               					Bla!
               				
            </p>
         </div>
      </div>
   </body>
</html>