<?xml version="1.0" encoding="UTF-8"?>
<div class="article">
   <h1>The very first article</h1>
   <p>This article was viewed 256 times.</p>
   <p>
					Bla bla bal.
				</p>
   <h2>Comments:</h2>
   <ul>
      <li>
         <strong>The very first comment</strong>:  
					Bla bla bal.
				<ul>
            <li>
               <strong>So uncool</strong>:  
							Welcome Captain Obvious.
						<ul>
                  <li>
                     <strong>That aricle</strong>:  
									does not make any sense.
								 </li>
               </ul>
            </li>
         </ul>
      </li>
      <li>
         <strong>What you forgot to mention</strong>:  
					Bla bla bal once more.
				 </li>
   </ul>
</div>
<div class="article">
   <h1>What I forgot to metion</h1>
   <p>This article was viewed 4 times.</p>
   <p>
					Bla bla bal once more.
				</p>
   <h2>Comments:</h2>
   <p style="font-style: italic">There are no comments for this article.</p>
</div>
<div class="article">
   <h1>I do not agree</h1>
   <p>This article was viewed 128 times.</p>
   <p>
					Bla!
				</p>
   <h2>Comments:</h2>
   <p style="font-style: italic">There are no comments for this article.</p>
</div>
<div class="article">
   <h1>I am confused</h1>
   <p>This article was viewed 64 times.</p>
   <p>
					So lame.
				</p>
   <h2>Comments:</h2>
   <p style="font-style: italic">There are no comments for this article.</p>
</div>
<div class="article">
   <h1>I quit</h1>
   <p>This article was viewed 32 times.</p>
   <p>
					See you later...
				</p>
   <h2>Comments:</h2>
   <p style="font-style: italic">There are no comments for this article.</p>
</div>
<div class="article">
   <h1>I would like to know</h1>
   <p>This article was viewed 1 times.</p>
   <p>
					If somebody ever reads this.
				</p>
   <h2>Comments:</h2>
   <p style="font-style: italic">There are no comments for this article.</p>
</div>