<?xml version="1.0" encoding="UTF-8"?>
<departments>
   <Production>
      <manager>
         <firstName>John</firstName>
         <lastName>Smith</lastName>
      </manager>
      <employees>
         <employee>
            <firstName>John</firstName>
            <lastName>Smith</lastName>
            <email>smith@co.org</email>
            <salary>2000</salary>
         </employee>
      </employees>
      <averageSalary>2000</averageSalary>
      <subDepartments>
         <Development>
            <manager>
               <firstName/>
               <lastName/>
            </manager>
            <employees>
               <employee>
                  <firstName>Martin</firstName>
                  <lastName>Smith</lastName>
                  <email>smith.m@co.org</email>
                  <salary>2400</salary>
               </employee>
            </employees>
            <averageSalary>2400</averageSalary>
            <subDepartments/>
         </Development>
         <Engineering>
            <manager>
               <firstName>Arthur</firstName>
               <lastName>Taylor</lastName>
            </manager>
            <employees>
               <employee>
                  <firstName>Arthur</firstName>
                  <lastName>Taylor</lastName>
                  <email>taylor@co.org</email>
                  <salary>2500</salary>
               </employee>
            </employees>
            <averageSalary>2500</averageSalary>
            <subDepartments/>
         </Engineering>
      </subDepartments>
   </Production>
   <Accounting>
      <manager>
         <firstName/>
         <lastName/>
      </manager>
      <employees>
         <employee>
            <firstName>Peter</firstName>
            <lastName>Brown</lastName>
            <email>brown@co.org</email>
            <salary>3000</salary>
         </employee>
      </employees>
      <averageSalary>3000</averageSalary>
      <subDepartments/>
   </Accounting>
</departments>