<?xml version="1.0" encoding="UTF-8"?>
<departments>
   <department>
      <name>Production</name>
      <manager>
            <firstName>John</firstName>
            <lastName>Smith</lastName>
        </manager>
   </department>
   <department>
      <name>Development</name>
      <noManagerAssigned/>
   </department>
   <department>
      <name>Engineering</name>
      <manager>
                    <firstName>Arthur</firstName>
                    <lastName>Taylor</lastName>
                </manager>
   </department>
   <department>
      <name>Accounting</name>
      <noManagerAssigned/>
   </department>
</departments>