<?xml version="1.0" encoding="UTF-8"?>
<employee>
   <name>John Doe</name>
</employee>
<employee>
   <name>Katie Smith</name>
   <nadradeny>John Doe</nadradeny>
</employee>
<employee>
   <name>Judy Julien</name>
   <nadradeny>Katie Smith</nadradeny>
</employee>
<employee>
   <name>Frank Stuart</name>
   <nadradeny>John Doe</nadradeny>
</employee>
<employee>
   <name>Thomas Martinez</name>
   <nadradeny>Frank Stuart</nadradeny>
</employee>
<employee>
   <name>Matthew Hanks</name>
   <nadradeny>Frank Stuart</nadradeny>
</employee>
<employee>
   <name>Bill Turner</name>
   <nadradeny>John Doe</nadradeny>
</employee>