<?xml version="1.0" encoding="UTF-8"?>
<student>
   <name>Martha Stuart</name>
   <avg>
      <overall>1.25</overall>
      <subject name="Geogprahy">1.5</subject>
      <subject name="Math">1</subject>
   </avg>
   <ok>Geogprahy</ok>
   <ok>Math</ok>
</student>
<student>
   <name>Henry Ericsson</name>
   <avg>
      <overall>3.5</overall>
      <subject name="Geogprahy">3.5</subject>
      <subject name="Math">3.5</subject>
   </avg>
   <warning>Geogprahy</warning>
   <warning>Math</warning>
</student>
<student>
   <name>Greta Smith</name>
   <avg>
      <overall>1.4</overall>
      <subject name="Math">1</subject>
      <subject name="Geography">3</subject>
   </avg>
   <ok>Math</ok>
   <warning>Geography</warning>
</student>