<?xml version="1.0" encoding="UTF-8"?>
<employee>John Doe</employee>
<subEmp>
   <employee>Katie Smith</employee>
   <subEmp>
      <employee>Judy Julien</employee>
      <subEmp/>
   </subEmp>
   <employee>Frank Stuart</employee>
   <subEmp>
      <employee>Thomas Martinez</employee>
      <subEmp/>
      <employee>Matthew Hanks</employee>
      <subEmp/>
   </subEmp>
   <employee>Bill Turner</employee>
   <subEmp/>
</subEmp>
<employee>Katie Smith</employee>
<subEmp>
   <employee>Judy Julien</employee>
   <subEmp/>
</subEmp>
<employee>Judy Julien</employee>
<subEmp/>
<employee>Frank Stuart</employee>
<subEmp>
   <employee>Thomas Martinez</employee>
   <subEmp/>
   <employee>Matthew Hanks</employee>
   <subEmp/>
</subEmp>
<employee>Thomas Martinez</employee>
<subEmp/>
<employee>Matthew Hanks</employee>
<subEmp/>
<employee>Bill Turner</employee>
<subEmp/>