<html>
   <body>
      <table>
         <tbody>
            <tr>
               <td>Bill Turner</td>
               <td>Gardener</td>
            </tr>
            <tr>
               <td>Frank Stuart</td>
               <td>Teacher</td>
            </tr>
            <tr>
               <td>John Doe</td>
               <td>Director</td>
            </tr>
            <tr>
               <td>Judy Julien</td>
               <td>Assistent</td>
            </tr>
            <tr>
               <td>Katie Smith</td>
               <td>Teacher</td>
            </tr>
            <tr>
               <td>Matthew Hanks</td>
               <td>Assistent</td>
            </tr>
            <tr>
               <td>Thomas Martinez</td>
               <td>Assistent</td>
            </tr>
         </tbody>
      </table>
   </body>
</html>