<?xml version="1.0" encoding="UTF-8"?>
<employees>
   <employee>
      <name>John Doe</name>
      <function>Director</function>
      <employees>
         <employee>
				        <name>Katie Smith</name>
				        <function>Teacher</function>
				        <class>a1</class>
				        <employees>
					          <employee>
						            <name>Judy Julien</name>
						            <function>Assistent</function>
					          </employee>
				        </employees>
			      </employee>
         <employee>
				        <name>Frank Stuart</name>
				        <function>Teacher</function>
				        <class>a2</class>
				        <employees>
					          <employee>
						            <name>Thomas Martinez</name>
						            <function>Assistent</function>
					          </employee>
					          <employee>
						            <name>Matthew Hanks</name>
						            <function>Assistent</function>
					          </employee>
				        </employees>
			      </employee>
         <employee>
				        <name>Bill Turner</name>
				        <function>Gardener</function>
			      </employee>
         <employee>
            <name>Michael Mitchelle</name>
            <function>Technician</function>
         </employee>
         <employee>
            <name>Sarah Fosett</name>
            <function>Librarian</function>
         </employee>
      </employees>
   </employee>
</employees>