<html>
   <head>
      <meta http-equiv="Content-Type" content="text/html; charset=UTF-8">
      <title>List of photos</title>
   </head>
   <body>
      <h1>Seznam fotek</h1>
      <ul>
         <li><a href="?id=p_111023">Vážka (komentářů: 2)</a></li>
         <li><a href="?id=p_23">Supercars (komentářů: 1)</a></li>
         <li><a href="?id=p_129374">Eiffel tower (komentářů: 1)</a></li>
         <li><a href="?id=p_2392">Beer (komentářů: 1)</a></li>
         <li><a href="?id=p_10231">Highway (komentářů: 1)</a></li>
         <li><a href="?id=p_9716253">Porsche 911 GT3 (komentářů: 1)</a></li>
         <li><a href="?id=p_9">Bee</a></li>
         <li><a href="?id=p_1829">Mac OS X</a></li>
         <li><a href="?id=p_4444">Skoda Yetti</a></li>
         <li><a href="?id=p_12434">BMW M3</a></li>
      </ul>
   </body>
</html>