<?xml version="1.0" encoding="UTF-8"?>
<ol>
   <li>Architecture</li>
   <li>BMW</li>
   <li>Ferrari</li>
   <li>Jablonec nad Nisou</li>
   <li>Liberec</li>
   <li>Maranello</li>
   <li>Scuderia</li>
   <li>Top Gear UK</li>
   <li>Vratislavice</li>
   <li>asphalt</li>
   <li>beer</li>
   <li>buildings</li>
   <li>cars</li>
   <li>countryside</li>
   <li>insect</li>
   <li>nature</li>
   <li>pilsen</li>
   <li>pub</li>
   <li>saloon car</li>
   <li>screenshot</li>
   <li>sightseeings</li>
   <li>stella</li>
   <li>supercar</li>
   <li>transport</li>
   <li>wildlife</li>
</ol>