<?xml version="1.0" encoding="UTF-8"?>
<photo id="p_111023" title="Vážka" owner="Johnny">
   <tagsCount>2</tagsCount>
   <commentsCount>2</commentsCount>
</photo>
<photo id="p_23" title="Supercars" owner="Johnny">
   <tagsCount>1</tagsCount>
   <commentsCount>1</commentsCount>
</photo>
<photo id="p_129374" title="Eiffel tower" owner="Johnny">
   <tagsCount>1</tagsCount>
   <commentsCount>1</commentsCount>
</photo>
<photo id="p_1829" title="Mac OS X" owner="Johnny">
   <tagsCount>1</tagsCount>
   <commentsCount>0</commentsCount>
</photo>
<photo id="p_2392" title="Beer" owner="Johnny">
   <tagsCount>2</tagsCount>
   <commentsCount>1</commentsCount>
</photo>
<photo id="p_10231" title="Highway" owner="Johnny">
   <tagsCount>2</tagsCount>
   <commentsCount>1</commentsCount>
</photo>
<photo id="p_4444" title="Skoda Yetti" owner="JeremyClarkson">
   <tagsCount>1</tagsCount>
   <commentsCount>0</commentsCount>
</photo>
<photo id="p_12434" title="BMW M3" owner="JeremyClarkson">
   <tagsCount>3</tagsCount>
   <commentsCount>0</commentsCount>
</photo>
<photo id="p_9716253" title="Porsche 911 GT3" owner="JeremyClarkson">
   <tagsCount>2</tagsCount>
   <commentsCount>1</commentsCount>
</photo>
<photo id="p_268746" title="DSC_1152a" owner="pyetrs">
   <tagsCount>5</tagsCount>
   <commentsCount>0</commentsCount>
</photo>
<photo id="p_268709" title="NNZ4 web" owner="pentaxista">
   <tagsCount>2</tagsCount>
   <commentsCount>0</commentsCount>
</photo>