<?xml version="1.0" encoding="UTF-8"?>
<user>
   <name>Root Admin</name>
   <transactions/>
</user>
<user>
   <name>Fitness RAMBO</name>
   <transactions>
      <transaction id="1" user-id="2" status="completed">
			      <amount>2000</amount>
			      <description>Nákup kreditu</description>
			      <created>2012-02-09T18:06:12</created>
			      <completed>2012-02-12T18:06:12</completed>
			      <account>
				        <bank>0100</bank>
				        <no>216548964661</no>
			      </account>
		    </transaction>
      <transaction id="2" user-id="2" status="completed">
			      <amount>-121</amount>
			      <description>Poplatok za zobrazovanie reklamy</description>
			      <created>2012-02-13T12:26:12</created>
			      <completed>2012-02-13T12:26:12</completed>
			      <account>
				        <bank>0100</bank>
				        <no>216548964661</no>
			      </account>
		    </transaction>
      <transaction id="4" user-id="2" status="completed">
			      <amount>-133</amount>
			      <description>Poplatok za zobrazovanie reklamy</description>
			      <created>2012-02-14T18:06:12</created>
			      <completed>2012-02-14T18:06:12</completed>
			      <account>
				        <bank>0100</bank>
				        <no>216548964661</no>
			      </account>
		    </transaction>
   </transactions>
</user>
<user>
   <name>Pravda</name>
   <transactions>
      <transaction id="5" user-id="3" status="completed">
			      <amount>1020</amount>
			      <description>Výplata za zobrazovanie reklamy (kredit)</description>
			      <created>2012-02-15T18:06:12</created>
			      <completed>2012-02-15T18:06:12</completed>
		    </transaction>
      <transaction id="6" user-id="3" status="completed">
			      <amount>-1020</amount>
			      <description>Výplata za zobrazovanie reklamy</description>
			      <created>2012-02-16T18:06:12</created>
			      <completed>2012-02-16T18:06:12</completed>
			      <account>
				        <bank>0100</bank>
				        <no>216984664661</no>
			      </account>
		    </transaction>
   </transactions>
</user>