<?xml version="1.0" encoding="UTF-8" standalone="no"?><?xml-stylesheet type="text/css" href="style.css"?>
<route>
	
	<wpt direction="n" id="w2" next="w4">
		<coord>
			<lon>14?24'24.638"</lon>		
			<lat>50?5'14.057"</lat>
		</coord>
		<info>
			<title>Malostranska vez</title>
			<text>Vez <image src="http://i.imgur.com/9AIIqNq.jpg"/></text>
		</info>
	</wpt>
	<wpt direction="n" id="w3" next="w4">
		<coord>
			<lon>14?24'39.062"</lon>		
			<lat>50??5'24.183"</lat>
		</coord>
		<info>
			<title>Pam?tn?k II. odboji</title>
			<text>Pam?tn?k II. odboji <image src="http://i.imgur.com/ASCW2m7.jpg"/> na <url href="http://strangeloop.cz/"><title>Klarove</title></url>.</text>
		</info>
	</wpt>
	<wpt direction="n" id="w4" next="w5">
		<address>
			<street number="10">Staromestske namesti</street>
			<city>Praha</city>
			<country>Czech republic</country>
		</address>
		<task hint="" type="question">
			<title>?? je to pam?tn?k?</title>
			<answer correct="true">Jan Hus</answer>
		</task>
	</wpt>
	<wpt direction="n" id="w5">
		<coord>
			<lon>14?25'31.838"</lon>
			<lat>50?5'13.089"</lat>
		</coord>
		<task hint="shift" type="question">
			<title><![CDATA[ 101 << 2]]></title>
			<answer correct="true">10100</answer>
		</task>
	</wpt>
<wpt direction="n" id="w10000"><coord><lon>151&amp;dg;37'25"</lon><lat>159&amp;dg;52'87"</lat></coord><info><title>Randomly generated waypoint.</title><text>Truly pseudorandom coordinates. I wonder where we are.</text></info></wpt></route>