<?xml version="1.0" encoding="UTF-8" standalone="no"?><!-- 
<!DOCTYPE nemocnice SYSTEM ".\data.dtd">
<nemocnice> //--><!-- XML reprezentujici nemocnicni zarizeni//--><nemocnice xmlns:xsi="http://www.w3.org/2001/XMLSchema-instance" xsi:noNamespaceSchemaLocation="./data.xsd">

	<!-- nemocnicni personal//-->
	<personal>
		<zamestnanec>
			<jmeno>Petr</jmeno>
			<prijmeni>Novy</prijmeni>
			<odbornost>Gynekologie</odbornost>
		<externista>ano</externista><id>png1</id><typ>doktor</typ></zamestnanec>
		<zamestnanec>
			<jmeno>Petra</jmeno>
			<prijmeni>Novakova</prijmeni>
			<odbornost>Onkologie</odbornost>
		<externista>ano</externista><id>pno1</id><typ>sestra</typ></zamestnanec>
		<zamestnanec>
			<jmeno>Jana</jmeno>
			<prijmeni>Kramarova</prijmeni>
			<odbornost>Gynekologie</odbornost>
		<externista>ano</externista><id>jkg1</id><typ>anesteziolog</typ></zamestnanec>
		<zamestnanec>
			<jmeno>Tomas</jmeno>
			<prijmeni>Marny</prijmeni>
			<odbornost>Rentgen</odbornost>
		<externista>ne</externista><id>tmr1</id><typ>doktor</typ></zamestnanec>
		<zamestnanec>
			<jmeno>Roman</jmeno>
			<prijmeni>Ticka</prijmeni>
			<odbornost>Sadrovna</odbornost>
		<externista>ano</externista><id>rts1</id><typ>doktor</typ></zamestnanec>
		<zamestnanec>
			<jmeno>Pavel</jmeno>
			<prijmeni>Lampicka</prijmeni>
			<odbornost>ARO</odbornost>
		<externista>ne</externista><id>pla1</id><typ>doktor</typ></zamestnanec>
		<zamestnanec>
			<jmeno>Jaromir</jmeno>
			<prijmeni>Slava</prijmeni>
			<odbornost>JIP</odbornost>
		<externista>ne</externista><id>jsj1</id><typ>doktor</typ></zamestnanec>
		<zamestnanec>
			<jmeno>Martin</jmeno>
			<prijmeni>Maly</prijmeni>
			<odbornost>JIP</odbornost>
		<externista>ano</externista><id>mmj1</id><typ>sestra</typ></zamestnanec>
		<zamestnanec>
			<jmeno>Marie</jmeno>
			<prijmeni>Mala</prijmeni>
			<odbornost>JIP</odbornost>
		<externista>ne</externista><id>mmj2</id><typ>doktor</typ></zamestnanec>
	</personal>
	<!-- pacienti v nemocnci//-->
	<pacienti>
		<pacient>
			<jmeno>Petr</jmeno>
			<prijmeni>Novy</prijmeni>
			<foto><![CDATA[<a href="http://www.nemocnice.cz/" target="_self">&uspesna;<img scr="./fotos/pacienti/petr_novy.jpg" alt="Petr Novy"></a>]]></foto>
			<datumPrijeti>
				<?php echo Date("dd.mm.YYYY")?>
			</datumPrijeti>
			<!-- XML diagnozy ktere byli diagnostikovany pacientovi //-->
			<diagnozy>
				<diagnoza>
					<nazevLatinsky>Appendix</nazevLatinsky>
					<nazevCZ>Zanet slepeho streva.</nazevCZ>
					<popis>Lehky zanet.</popis>
				</diagnoza>
			</diagnozy>
			<adresa>
				<trvaleBydliste/>
				<mesto>Praha</mesto>
				<psc>10001</psc>
				<ulice>Prazska</ulice>
				<email>p.novy@email.cz</email>
				<telefon>345789012</telefon>
				<telefon>777000999</telefon>
			</adresa>
			<!-- XML seznam operaci provedenych pacientovi //-->
			<operace>
				<oper>
					<!-- XML nemocnicni personal ktery se ucastnil operace//-->
					<personalPriOperaci>
						<personalPriOperaciID><id>png1</id><poznamka>vedouci</poznamka></personalPriOperaciID>
					</personalPriOperaci>
					<salID><id>s1</id></salID>
					<!-- XML instrumenty pouzite pri operaci//-->
					<instrumenty>
						<instrument>
							<nazev>Skalpel</nazev>
							<kod>sk</kod>
						<pocet>5</pocet></instrument>
						<instrument>
							<nazev>Gaza</nazev>
							<kod>gz</kod>
						<pocet>10</pocet></instrument>
						<instrument>
							<nazev>Defibrilator</nazev>
							<kod>def</kod>
						<pocet>1</pocet></instrument>
						<instrument>
							<nazev>Svorka</nazev>
							<kod>sv</kod>
						<pocet>4</pocet></instrument>
						<instrument>
							<nazev>Injekcni strikacka</nazev>
							<kod>intrav</kod>
						<pocet>7</pocet></instrument>
						<instrument>
							<nazev>Dlato</nazev>
							<kod>dl</kod>
						<pocet>2</pocet></instrument>
						<instrument>
							<nazev>Vrtacka</nazev>
							<kod>vrt</kod>
						<pocet>1</pocet></instrument>
						<instrument>
							<nazev>Odsavacka</nazev>
							<kod>ods</kod>
						<pocet>1</pocet></instrument>
						<instrument>
							<nazev>Jehla</nazev>
							<kod>jh</kod>
						<pocet>2</pocet></instrument>
						<instrument>
							<nazev>Sici nit 0,4</nazev>
							<kod>sn04</kod>
						<pocet>2</pocet></instrument>
						<instrument>
							<nazev>Desinfekce</nazev>
							<kod>des</kod>
						<pocet>3</pocet></instrument>
					</instrumenty>
					<poznamka>
						Opraci vedl <personalPriOperaciID><id>png1</id></personalPriOperaciID>
					<edit>ano</edit></poznamka>
				<cas>1.2.2000 10:20</cas></oper>
			</operace>
			<!-- XML leky podane pacientovi//-->
			<leky>
				<lek><mnozstvi>5</mnozstvi><nazev>Ibalgin</nazev></lek>
			</leky>
		<pokojID>pkj1</pokojID></pacient>
		<pacient>
			<jmeno>Tomas</jmeno>
			<prijmeni>Ulman</prijmeni>
			<datumPrijeti>
				<?php echo Date("dd.mm.YYYY")?>
			</datumPrijeti>
			<!-- XML diagnozy ktere byli diagnostikovany pacientovi //-->
			<diagnozy>
				<diagnoza>
					<nazevLatinsky>Commotio cerebri.</nazevLatinsky>
					<nazevCZ>Otres mozku.</nazevCZ>
					<popis>Pad z kola</popis>
				</diagnoza>
				<diagnoza>
					<nazevLatinsky>Nausea</nazevLatinsky>
					<nazevCZ>Nevolnost</nazevCZ>
					<popis>Motani hlavy, zvraceni.</popis>
				</diagnoza>
			</diagnozy>
			<adresa>
				<mesto>Mnichov</mesto>
				<psc>12345</psc>
				<ulice>Arabella Strasse</ulice>
				<email>ulman@deustchland.de</email>
				<telefon>123456789</telefon>
				<telefon>987654321</telefon>
			</adresa>
			<!-- XML seznam operaci provedenych pacientovi //-->
			<operace>
				<oper>
					<!-- XML nemocnicni personal ktery se ucastnil operace//-->
					<personalPriOperaci>
						<personalPriOperaciID><id>png1</id><poznamka>vedouci</poznamka></personalPriOperaciID>
						<personalPriOperaciID><id>pno1</id></personalPriOperaciID>
						<personalPriOperaciID><id>tmr1</id></personalPriOperaciID>
						<personalPriOperaciID><id>jsj1</id></personalPriOperaciID>
						<personalPriOperaciID><id>mmj1</id></personalPriOperaciID>
					</personalPriOperaci>
					<salID><id>s2</id></salID>
					<!-- XML instrumenty pouzite pri operaci//-->
					<instrumenty>
						<instrument>
							<nazev>Skalpel</nazev>
							<kod>sk</kod>
						<pocet>5</pocet></instrument>
						<instrument>
							<nazev>Gaza</nazev>
							<kod>gz</kod>
						<pocet>10</pocet></instrument>
						<instrument>
							<nazev>Defibrilator</nazev>
							<kod>def</kod>
						<pocet>1</pocet></instrument>
						<instrument>
							<nazev>Svorka</nazev>
							<kod>sv</kod>
						<pocet>4</pocet></instrument>
					</instrumenty>
				<cas>5.5.2000 0:20</cas></oper>
			</operace>
			<!-- XML leky podane pacientovi//-->
			<leky>
				<lek><mnozstvi>2</mnozstvi><nazev>Ibalgin</nazev></lek>
				<lek><mnozstvi>1</mnozstvi><nazev>Metylalkohol</nazev></lek>
				<lek><mnozstvi>3</mnozstvi><nazev>Reasec</nazev></lek>
				<lek><mnozstvi>8</mnozstvi><nazev>Heparin</nazev></lek>
			</leky>
		<pokojID>pkj2</pokojID></pacient>
		<pacient>
			<jmeno>Anna</jmeno>
			<prijmeni>Chladna</prijmeni>
			<foto><![CDATA[<a href="http://www.nemocnice.cz/" target="_self"><img scr="./fotos/pacienti/anna_chladna.jpg" alt="Anna Chladna"></a>]]></foto>
			<datumPrijeti>
				<?php echo Date("dd.mm.YYYY")?>
			</datumPrijeti>
			<!-- XML diagnozy ktere byli diagnostikovany pacientovi //-->
			<diagnozy>
				<diagnoza>
					<nazevLatinsky>Anemie</nazevLatinsky>
					<nazevCZ>Chudokrevnost</nazevCZ>
					<popis>Malo zeleza.</popis>
				</diagnoza>
			</diagnozy>
			<adresa>
				<trvaleBydliste/>
				<mesto>Golcuv Jenikov</mesto>
				<psc>23658</psc>
				<ulice>Svetla</ulice>
				<email>channa@gj.cz</email>
				<telefon>565898454</telefon>
			</adresa>
			<!-- XML seznam operaci provedenych pacientovi //-->
			<operace>
			</operace>
			<!-- XML leky podane pacientovi//-->
			<leky>
				<lek><mnozstvi>5</mnozstvi><nazev>Hemoglobin</nazev></lek>
			</leky>
		<pokojID>pkj1</pokojID></pacient>
		<pacient>
			<jmeno>Jarmil</jmeno>
			<prijmeni>Kreveta</prijmeni>
			<datumPrijeti>
				<?php echo Date("dd.mm.YYYY")?>
			</datumPrijeti>
			<!-- XML diagnozy ktere byli diagnostikovany pacientovi //-->
			<diagnozy>
				<diagnoza>
					<nazevLatinsky>Scoliosa</nazevLatinsky>
					<nazevCZ>Kriva pater.</nazevCZ>
					<popis>Vrozena vada.</popis>
				</diagnoza>
			</diagnozy>
			<adresa>
				<trvaleBydliste/>
				<mesto>Oknov</mesto>
				<psc>23625</psc>
				<ulice>Lampova</ulice>
				<telefon>326598147</telefon>
			</adresa>
			<!-- XML seznam operaci provedenych pacientovi //-->
			<operace>
				<oper>
					<!-- XML nemocnicni personal ktery se ucastnil operace//-->
					<personalPriOperaci>
						<personalPriOperaciID><id>png1</id><poznamka>vedouci</poznamka></personalPriOperaciID>
					</personalPriOperaci>
					<salID><id>s1</id></salID>
					<!-- XML instrumenty pouzite pri operaci//-->
					<instrumenty>
						<instrument>
							<nazev>Odsavacka</nazev>
							<kod>ods</kod>
						<pocet>1</pocet></instrument>
						<instrument>
							<nazev>Jehla</nazev>
							<kod>jh</kod>
						<pocet>2</pocet></instrument>
						<instrument>
							<nazev>Sici nit 0,4</nazev>
							<kod>sn04</kod>
						<pocet>2</pocet></instrument>
						<instrument>
							<nazev>Desinfekce</nazev>
							<kod>des</kod>
						<pocet>3</pocet></instrument>
					</instrumenty>
					<poznamka>
						Opraci vedl <personalPriOperaciID><id>png1</id></personalPriOperaciID>
					</poznamka>
				<cas>6.2.2000 20:20</cas></oper>
				<oper>
					<!-- XML nemocnicni personal ktery se ucastnil operace//-->
					<personalPriOperaci>
						<personalPriOperaciID><id>png1</id><poznamka>vedouci</poznamka></personalPriOperaciID>
						<personalPriOperaciID><id>mmj1</id></personalPriOperaciID>
						<personalPriOperaciID><id>mmj2</id></personalPriOperaciID>
					</personalPriOperaci>
					<salID><id>s1</id></salID>
					<!-- XML instrumenty pouzite pri operaci//-->
					<instrumenty>
						<instrument>
							<nazev>Odsavacka</nazev>
							<kod>ods</kod>
						<pocet>1</pocet></instrument>
						<instrument>
							<nazev>Jehla</nazev>
							<kod>jh</kod>
						<pocet>2</pocet></instrument>
						<instrument>
							<nazev>Sici nit 0,4</nazev>
							<kod>sn04</kod>
						<pocet>2</pocet></instrument>
						<instrument>
							<nazev>Desinfekce</nazev>
							<kod>des</kod>
						<pocet>3</pocet></instrument>
					</instrumenty>
					<poznamka>
						Opraci vedl <personalPriOperaciID><id>png1</id></personalPriOperaciID>
						Stehy jsou samovstrebavaci.
					</poznamka>
				<cas>7.2.2000 10:50</cas></oper>
			</operace>
			<!-- XML leky podane pacientovi//-->
			<leky>
				<lek><mnozstvi>5</mnozstvi><nazev>Ibalgin</nazev></lek>
			</leky>
		<pokojID>pkj1</pokojID></pacient>
	</pacienti>
	<!-- XML seznam mistnosti v nemocnici //-->
	<mistnosti>
		<!-- XML nemocnicni pokoje //-->
		<pokoje>
			<pokoj>
				<budova>B1</budova>
				<patro>1</patro>
				<cislo>103</cislo>
				<kapacita>3</kapacita>
				<oddeleni>Interna</oddeleni>
				<poverenaOsoba>Irena Dvorska</poverenaOsoba>
			<id>pkj1</id></pokoj>
			<pokoj>
				<budova>B1</budova>
				<patro>1</patro>
				<cislo>105</cislo>
				<kapacita>1</kapacita>
				<oddeleni>Interna</oddeleni>
				<poverenaOsoba>Irena Dvorska</poverenaOsoba>
			<id>pkj2</id></pokoj>
			<pokoj>
				<budova>B1</budova>
				<patro>1</patro>
				<cislo>104</cislo>
				<kapacita>4</kapacita>
				<oddeleni>JIP</oddeleni>
				<poverenaOsoba>Petr Parler</poverenaOsoba>
			<id>pkj3</id></pokoj>
			<pokoj>
				<budova>B1</budova>
				<patro>2</patro>
				<cislo>202</cislo>
				<kapacita>5</kapacita>
				<oddeleni>Interna</oddeleni>
				<poverenaOsoba>Irena Dvorska</poverenaOsoba>
			<id>pkj4</id></pokoj>
			<pokoj>
				<budova>B1</budova>
				<patro>2</patro>
				<cislo>203</cislo>
				<kapacita>6</kapacita>
				<oddeleni>Aro</oddeleni>
				<poverenaOsoba>Irena Dvorska</poverenaOsoba>
			<id>pkj5</id></pokoj>
			<pokoj>
				<budova>B2</budova>
				<patro>3</patro>
				<cislo>206</cislo>
				<kapacita>2</kapacita>
				<oddeleni>Gynekologie</oddeleni>
				<poverenaOsoba>Jana mala</poverenaOsoba>
			<id>pkj6</id></pokoj>
		</pokoje>
		<!-- XML operacni saly//-->
		<saly>
			<sal>
				<vedouciID><id>png1</id></vedouciID>
				<nazevSalu>Prvni sal</nazevSalu>
			<id>s1</id></sal>
			<sal>
				<vedouciID><id>png1</id></vedouciID>
				<nazevSalu>Druhy sal</nazevSalu>
			<id>s2</id></sal>
			<sal>
				<vedouciID><id>jsj1</id></vedouciID>
				<nazevSalu>Treti sal</nazevSalu>
			<id>s3</id></sal>
		</saly>
	</mistnosti>
</nemocnice>