<?xml version="1.0" encoding="UTF-8"?>
<payments>
   <payment>
      <orderRef>o1</orderRef>
      <total>500</total>
   </payment>
   <payment>
      <orderRef>o2</orderRef>
      <total>1540</total>
   </payment>
   <payment>
      <orderRef>o4</orderRef>
      <total>970</total>
   </payment>
   <payment>
      <orderRef>o5</orderRef>
      <total>612</total>
   </payment>
   <payment>
      <orderRef>o3</orderRef>
      <total>2190</total>
   </payment>
   <payment>
      <orderRef>o7</orderRef>
      <total>99</total>
   </payment>
</payments>