<html>
   <head>
      <meta http-equiv="Content-Type" content="text/html; charset=UTF-8">
   </head>
   <body>
      <table>
         <thead>
            <tr>
               <th>Operation</th>
               <th>Cost</th>
            </tr>
         </thead>
         <tbody>
            <tr>
               <td>Diagnostic</td>
               <td>200</td>
            </tr>
            <tr>
               <td>Firmare patch</td>
               <td>350</td>
            </tr>
            <tr>
               <td>Restart</td>
               <td>100</td>
            </tr>
            <tr>
               <td>General maintenence</td>
               <td>900</td>
            </tr>
            <tr>
               <td>Virus removal</td>
               <td>300</td>
            </tr>
         </tbody>
      </table>
   </body>
</html>