<?xml version="1.0" encoding="utf-8" standalone="no"?><knihovna>
  
  <tituly>
    
    <titul>
      <nazev>Dramatic Story</nazev>
      <rok>1990</rok>
      <autor><jmeno>John</jmeno><prijmeni>Strange</prijmeni></autor>
      <autor><jmeno>Peter</jmeno><prijmeni>Funny</prijmeni></autor>
      <upoutavka/>
      <exemplare>
        <kniha signatura="sig-t1k1"><stran>150</stran></kniha>
        <cd signatura="sig-t1c1"><delka>90</delka></cd>
        <kniha signatura="sig-t1k2"><stran>150</stran></kniha>
      </exemplare>
    <jazyk>en</jazyk><kod>t1</kod><zanry>detektivka</zanry></titul>

    <titul>
      <nazev>Nejlep?? recepty</nazev>
      <rok>2005</rok>
      <autor><jmeno>Petra</jmeno><prijmeni>Soute?iv?</prijmeni></autor>
      <exemplare>
      </exemplare>
    <jazyk>cs</jazyk><kod>t2</kod><zanry>kucha?ka</zanry></titul>

    <titul>
      <nazev>Moje ??tanka</nazev>
      <rok>1999</rok>
      <autor><jmeno>Alena</jmeno><prijmeni>Pe?liv?</prijmeni></autor>
      <autor><jmeno>Jan</jmeno><prijmeni>Hodn?</prijmeni></autor>
      <exemplare>
        <kniha signatura="sig-t3k1"><stran>75</stran></kniha>
        <kniha signatura="sig-t3k2"><stran>75</stran></kniha>
        <kniha signatura="sig-t3k3"><stran>50</stran></kniha>
        <kniha signatura="sig-t3k4"><stran>50</stran></kniha>
      </exemplare>
    <jazyk>cs</jazyk><kod>t3</kod><zanry>u?ebnice</zanry></titul>

    <titul>
      <nazev>Interactive Cooking</nazev>
      <rok>2010</rok>
      <exemplare>
        <cd signatura="sig-t4c1"><delka>45</delka></cd>
        <cd signatura="sig-t4c2"><delka>45</delka></cd>
      </exemplare>
    <jazyk>en</jazyk><kod>t4</kod><zanry>kucha?ka u?ebnice</zanry><autor>nezn??????m??????</autor></titul>
    
  </tituly>
  
  <ctenari>
    
    <ctenar>
      <jmeno>Karel</jmeno>
      <prijmeni>Zv?dav?</prijmeni>
      <bydliste>
        <ulice>?ten??sk?</ulice>
        <cp>15</cp>
        <obec>Praha</obec>
        <psc>18000</psc>
      </bydliste>
      <rc>881122/1234</rc>
      <email>karel88@email.cz</email>
      <mobil>723123456</mobil>
    <cislo>c1</cislo></ctenar>

    <ctenar>
      <jmeno>Veronika</jmeno>
      <prijmeni>?tiv?</prijmeni>
      <bydliste>
        <obec>Praha</obec>
        <psc>12116</psc>
        <ulice>Hlavn?</ulice>
        <cp>1</cp>
      </bydliste>
      <rc>955501/4321</rc>
      <email>veronika@email.cz</email>
      <email>v.ctiva@email.cz</email>
      <telefon>800123456</telefon>
    <cislo>c2</cislo></ctenar>

    <ctenar>
      <jmeno>Luk??</jmeno>
      <prijmeni>Vn?mav?</prijmeni>
      <bydliste>
        <ulice>V?t?zn?</ulice>
        <cp>1024</cp>
        <obec>Praha</obec>
        <psc>14000</psc>
      </bydliste>
      <rc>900909/2233</rc>
      <email>lukas@email.cz</email>
      <telefon>251314728</telefon>
    <cislo>c3</cislo></ctenar>
    
  </ctenari>
  
  <vypujcky>

    <vypujcka signatura="sig-t1k1">
      <pujceno>2011-08-15</pujceno>
      <vraceno>2011-08-10</vraceno>
      <poznamka>
        Zap?j?ena kniha <exemplar signatura="sig-t1k1"/> titulu <titul><kod>t1</kod><autor>nezn??????m??????</autor></titul> ?ten??em <ctenar><cislo>c1</cislo></ctenar>.
      </poznamka>
    <ctenar>c1</ctenar><stav>vraceno</stav></vypujcka>

    <vypujcka signatura="sig-t3k4">
      <pujceno>2012-01-07</pujceno>
      <vraceno>2012-02-29</vraceno>
    <ctenar>c2</ctenar><stav>vraceno</stav></vypujcka>
    
    <vypujcka signatura="sig-t1k1">
      <pujceno>2012-01-07</pujceno>
      <vraceno>2012-02-27</vraceno>
    <ctenar>c2</ctenar><stav>vraceno</stav></vypujcka>
    
    <vypujcka signatura="sig-t4c1">
      <pujceno>2012-02-11</pujceno>
      <poznamka>
        Zap?j?eno CD <exemplar signatura="sig-t4c1"/> titulu <titul><kod>t4</kod><autor>nezn??????m??????</autor></titul> ?ten??em <ctenar><cislo>c2</cislo></ctenar>.
      </poznamka>
    <ctenar>c2</ctenar><stav>pujceno</stav></vypujcka>
    
    <vypujcka signatura="sig-t3k4">
      <pujceno>2012-03-01</pujceno>
      <vraceno>2012-03-05</vraceno>
    <ctenar>c1</ctenar><stav>vraceno</stav></vypujcka>
    
    <vypujcka signatura="sig-t1k1">
      <pujceno>2012-03-01</pujceno>
      <poznamka>
        Zap?j?ena kniha <exemplar signatura="sig-t1k1"/> titulu <titul><kod>t1</kod><autor>nezn??????m??????</autor></titul> ?ten??em <ctenar><cislo>c2</cislo></ctenar>.
      </poznamka>
    <ctenar>c2</ctenar><stav>pujceno</stav></vypujcka>
    
  </vypujcky>
  
</knihovna>