<?xml version="1.0" encoding="UTF-8"?>
<Podrizeni>
   <Zamestnanec ZamId="zam7" PrimyNadrizeny="zam4">
			   <Jmeno>Norbert</Jmeno>
			   <Prijmeni>Matějka</Prijmeni>
			   <RC>19722812/0145</RC>
		</Zamestnanec>
   <Zamestnanec ZamId="zam8" PrimyNadrizeny="zam7">
			   <Jmeno>Karolína</Jmeno>
			   <Prijmeni>Hlásková</Prijmeni>
			   <RC>19811305/0145</RC>
		</Zamestnanec>
   <Zamestnanec ZamId="zam9" PrimyNadrizeny="zam4">
			   <Jmeno>Tomáš</Jmeno>
			   <Prijmeni>Nejasný</Prijmeni>
			   <RC>19810501/0145</RC>
		</Zamestnanec>
   <Zamestnanec ZamId="zam10" PrimyNadrizeny="zam4">
			   <Jmeno>Klára</Jmeno>
			   <Prijmeni>Barešová</Prijmeni>
			   <RC>19821812/0145</RC>
		</Zamestnanec>
</Podrizeni>