<?xml version="1.0" encoding="UTF-8"?>
<NejdrazsiZbozi>
   <Zbozi ZbId="zbozi_2" pocet="5">
			   <Nazev>Fador F-1180</Nazev>
			   <Kategorie>Pračky</Kategorie>
			   <Vyrobce>Fador</Vyrobce>
			   <Cena>5999</Cena>
			   <Informace>
				     <Vlastnost nazev="Kapacita" hodnota="8kg"/>
				     <Vlastnost nazev="Třída pracího výkonu" hodnota="A"/>
				     <Vlastnost nazev="Odložený start" hodnota="ano"/>
				     <Vlastnost nazev="Spotřeba vody(l)" hodnota="59"/>
				     <Vlastnost nazev="Energetická třída" hodnota="B+"/>
			   </Informace>
		</Zbozi>
</NejdrazsiZbozi>