<?xml version="1.0" encoding="UTF-8"?>
<ZakazkySNazvy>
   <Prijem>
      <Dodavatel DoId="dodavate1_2"/>
      <Kdy datum="2011-12-04" cas="20:55"/>
      <OdkazZbozi pocet="10" Nazev="Zamzung 26HA3146"/>
   </Prijem>
   <Prijem>
      <Dodavatel DoId="dodavate1_3"/>
      <Kdy datum="2011-11-05" cas="22:00"/>
      <OdkazZbozi pocet="50" Nazev="Zamzung 26HA3146"/>
      <OdkazZbozi pocet="10" Nazev="Music NS100"/>
   </Prijem>
   <Prodej>
      <Zakaznik ZkId="zakaznik_3"/>
      <Kdy datum="2011-11-05"/>
      <OdkazZbozi pocet="1" Nazev="Music NS100"/>
   </Prodej>
   <Prodej>
      <Zakaznik ZkId="zakaznik_1"/>
      <Kdy datum="2011-11-06"/>
      <OdkazZbozi pocet="20" Nazev="Music NS100"/>
      <OdkazZbozi pocet="100" Nazev="Baterie AAA baleni po 4"/>
   </Prodej>
   <Prodej>
      <Zakaznik ZkId="zakaznik_1"/>
      <Kdy datum="2011-12-06"/>
      <OdkazZbozi pocet="1" Nazev="Zamzung 26HA3146"/>
      <OdkazZbozi pocet="100" Nazev="Baterie AAA baleni po 4"/>
   </Prodej>
</ZakazkySNazvy>