<html>
   <head>
      <meta http-equiv="Content-Type" content="text/html; charset=UTF-8">
      <title>Zbozi</title>
   </head>
   <body>
      <h1>Seznam Zbozi</h1>
      <table>
         <tr>
            <td>Nazev</td>
            <td>Cena</td>
            <td>Kategorie</td>
         </tr>
         <tr>
            <td>
               <Nazev>Baterie AAA baleni po 4</Nazev>
            </td>
            <td>
               <Cena>30</Cena>
            </td>
            <td>
               <Kategorie>Akumulátory</Kategorie>
            </td>
         </tr>
         <tr>
            <td>
               <Nazev>Fador F-1180</Nazev>
            </td>
            <td>
               <Cena>5999</Cena>
            </td>
            <td>
               <Kategorie>Pračky</Kategorie>
            </td>
         </tr>
         <tr>
            <td>
               <Nazev>Music NS100</Nazev>
            </td>
            <td>
               <Cena>799</Cena>
            </td>
            <td>
               <Kategorie>MP3 přehrávače</Kategorie>
            </td>
         </tr>
         <tr>
            <td>
               <Nazev>Zamzung 26HA3146</Nazev>
            </td>
            <td>
               <Cena>400</Cena>
            </td>
            <td>
               <Kategorie>Televize</Kategorie>
            </td>
         </tr>
      </table>
      <h1>Seznam Kategorii</h1>
      <table>
         <tr>
            <td>Nazev</td>
            <td>Pocet kusů</td>
         </tr>
         <tr>
            <td>Televize</td>
            <td>1</td>
         </tr>
         <tr>
            <td>Pračky</td>
            <td>1</td>
         </tr>
         <tr>
            <td>Akumulátory</td>
            <td>1</td>
         </tr>
         <tr>
            <td>MP3 přehrávače</td>
            <td>1</td>
         </tr>
      </table>
   </body>
</html>