<?xml version="1.0" encoding="UTF-8"?>
<Prodeje>
   <Prodej datum="2011-11-05">
      <OdkazZbozi ZbId="zbozi_4" pocet="1"/>
   </Prodej>
   <Prodej datum="2011-11-06">
      <OdkazZbozi ZbId="zbozi_4" pocet="20"/>
      <OdkazZbozi ZbId="zbozi_3" pocet="100"/>
   </Prodej>
   <Prodej datum="2011-12-06">
      <OdkazZbozi ZbId="zbozi_1" pocet="1"/>
      <OdkazZbozi ZbId="zbozi_3" pocet="100"/>
   </Prodej>
   <Prodej datum="2011-10-05">
      <OdkazZbozi pocet="2" ZbId="zbozi_3"/>
   </Prodej>
   <Prodej datum="2011-11-05">
      <OdkazZbozi pocet="1" ZbId="zbozi_4"/>
   </Prodej>
   <Prodej datum="2011-11-05">
      <OdkazZbozi pocet="4" ZbId="zbozi_14"/>
   </Prodej>
   <Prodej datum="2011-11-04">
      <OdkazZbozi pocet="1" ZbId="zbozi_4"/>
      <OdkazZbozi pocet="1" ZbId="zbozi_2"/>
   </Prodej>
   <Prodej datum="2011-11-04">
      <OdkazZbozi pocet="1" ZbId="zbozi_5"/>
   </Prodej>
   <Prodej datum="2011-11-05">
      <OdkazZbozi pocet="1" ZbId="zbozi_1"/>
   </Prodej>
</Prodeje>