<?xml version="1.0" encoding="UTF-8"?>
<result>
   <project name="New server OS" startDate="2014-03-01">
			   <project-description>
				Default project description
			</project-description>
			   <documents>
				     <document date-created="2014-03-12" name="project vision">
					       <body>
						
							Our project will be the most successful one.
						
					</body>
				     </document>
			   </documents>
			   <subprojects>
				     <project name="Make new reusable beautiful UI" startDate="2014-03-01">
					       <project-description>
						Beautiful UI
					</project-description>
				     </project>
				     <project name="Make new reusable app framework" startDate="2014-03-01">
					       <project-description>
						App framework
					</project-description>
				     </project>
			   </subprojects>
		</project>
   <project name="Mail client" startDate="2014-03-05">
			   <project-description>
				Default project description
			</project-description>
			   <documents>
				     <document date-created="2014-06-07" name="project vision">
					       <body>
						
							Our project will be the second most successful one.
						
					</body>
				     </document>
			   </documents>
			   <project-contacts>
				     <project-contact contact-entry-id-ref="id_461"/>
				     <project-contact contact-entry-id-ref="id_464"/>
			   </project-contacts>
			   <subprojects>
				     <project name="Invent new design scheme and use it in all our apps"
                  startDate="2014-03-01">
					       <project-description>
						No description
					</project-description>
				     </project>
			   </subprojects>
		</project>
</result>