<?xml version="1.0" encoding="UTF-8"?>
<projects>
   <project>
      <name>New server OS</name>
      <description>
				Default project description
			</description>
      <subrojects>
         <project>
            <name>Make new reusable beautiful UI</name>
            <description>
						Beautiful UI
					</description>
         </project>
         <project>
            <name>Make new reusable app framework</name>
            <description>
						App framework
					</description>
         </project>
      </subrojects>
   </project>
   <project>
      <name>New smartphone OS</name>
      <description>
				Default project description
			</description>
   </project>
   <project>
      <name>Mail client</name>
      <description>
				Default project description
			</description>
      <subrojects>
         <project>
            <name>Invent new design scheme and use it in all our apps</name>
            <description>
						No description
					</description>
         </project>
      </subrojects>
   </project>
   <project>
      <name>Faster desktop OS</name>
      <description>
				Default project description
			</description>
   </project>
</projects>