<html>
   <body>
      <h1>Oldest contacts</h1>
      <table border="2">
         <tr>
            <th>Name</th>
            <th>Phone</th>
            <th>Age</th>
         </tr>
         <tr>
            <td>Jim Doe</td>
            <td>725068359</td>
            <td>75</td>
         </tr>
      </table>
      <h1>Youngest contacts</h1>
      <table border="2">
         <tr>
            <th>Name</th>
            <th>Phone</th>
            <th>Age</th>
         </tr>
         <tr>
            <td>John Doee</td>
            <td>643285999</td>
            <td>15</td>
         </tr>
         <tr>
            <td>New Joe 3</td>
            <td>111111111</td>
            <td>15</td>
         </tr>
      </table><br><p>Average age of contacts is 
         			32.18181818181818
      </p>
   </body>
</html>