<?xml version="1.0" encoding="UTF-8"?>
<zaznam>
   <m_id>m_1</m_id>
   <pocet>2</pocet>
</zaznam>
<zaznam>
   <m_id>m_2</m_id>
   <pocet>0</pocet>
</zaznam>
<zaznam>
   <m_id>m_3</m_id>
   <pocet>0</pocet>
</zaznam>
<zaznam>
   <m_id>m_4</m_id>
   <pocet>0</pocet>
</zaznam>
<zaznam>
   <m_id>m_5</m_id>
   <pocet>1</pocet>
</zaznam>
<zaznam>
   <m_id>m_6</m_id>
   <pocet>4</pocet>
</zaznam>
<zaznam>
   <m_id>m_7</m_id>
   <pocet>1</pocet>
</zaznam>
<zaznam>
   <m_id>m_8</m_id>
   <pocet>1</pocet>
</zaznam>
<zaznam>
   <m_id>m_9</m_id>
   <pocet>0</pocet>
</zaznam>
<zaznam>
   <m_id>m_10</m_id>
   <pocet>0</pocet>
</zaznam>