<?xml version="1.0" encoding="UTF-8" standalone="no"?><zakaznici xmlns:xsi="http://www.w3.org/2001/XMLSchema-instance" xsi:noNamespaceSchemaLocation="data.xsd">
	
	
	
	
	
	
<zakaznici><zakaznik>
			<osoba cislo="OS1">
					<adresa>
						<ulice>Hradebn? 5</ulice>
						<psc>53110</psc>
						<mesto>Plze?</mesto>
					</adresa>
					<telefon>729699899</telefon>
					<email>petr@novak.cz</email>
					<jmeno>Petr</jmeno>
					<prijmeni>Nov?k</prijmeni>
					<vek>20</vek>
					<pohlavi>muz</pohlavi>
			<type>typeFyzicka</type></osoba>
		</zakaznik><zakaznik>
			<osoba id="OS3">
				<adresa>
						<ulice>Hradebn? 55</ulice>
						<psc>53110</psc>
						<mesto>Plze?</mesto>
					</adresa>
					<telefon>729699899</telefon>
					<email>petr@novak.cz</email>
					<jmeno>Petr</jmeno>
					<prijmeni>Nov?k</prijmeni>
					<vek>20</vek>
					<pohlavi>muz</pohlavi>
			<type>typeFyzicka</type></osoba>
		</zakaznik><zakaznik>
			<osoba id="OS5">
				<adresa>
						<ulice>Hradebn? 5</ulice>
						<psc>53110</psc>
						<mesto>Plze?</mesto>
					</adresa>
					<telefon>729699899</telefon>
					<email>petr@novak.cz</email>
					<jmeno>Petr</jmeno>
					<prijmeni>Nov?k</prijmeni>
					<vek>20</vek>
					<pohlavi>muz</pohlavi>
			<type>typeFyzicka</type></osoba>
		</zakaznik></zakaznici><vyrobky><vyrobek refid="OS1">
			<novy_vyrobek datum="2012-02-12" id="VIR1">
				<nazev>N?zev vssssssssssssssssssssss?robku</nazev>
				<popis pole="s">Tento v?robek pat?? do kategorie</popis>
				<priloha>d</priloha>
				
			</novy_vyrobek>
		</vyrobek><vyrobek refid="OS1">
			<novy_vyrobek datum="2011-02-12" id="VIR3">
				<nazev>N?zev v?robku</nazev>
				<popis pole="s">Tento v?robek pat?? do kategorie</popis>
				<priloha>d</priloha>
				<cena>50000</cena>
			</novy_vyrobek>
		</vyrobek><vyrobek refid="OS3">
			<novy_vyrobek datum="2011-02-12" id="VIR18">
				<nazev>N?zev v?robku</nazev>
				<popis pole="s">Tento v?robek pat?? do kategorie</popis>
				<priloha>d</priloha>
				<cena>50000</cena>
			</novy_vyrobek>
		</vyrobek><vyrobek refid="OS3">
			<novy_vyrobek datum="2011-02-12" id="VIR11">
				<nazev>N?zev v?robku</nazev>
				<popis pole="s">Tento v?robek pat?? do kategorie</popis>
				<priloha>d</priloha>
				<cena>50000</cena>
			</novy_vyrobek>
		</vyrobek><vyrobek refid="OS1">
			<novy_vyrobek datum="2011-02-12" id="VIR12">
				<nazev>N?zev v?robku</nazev>
				<popis pole="s">Tento v?robek pat?? do kategorie</popis>
				<priloha>d</priloha>
				<cena>50000</cena>
			</novy_vyrobek>
		</vyrobek><vyrobek refid="OS1">
			<novy_vyrobek datum="2011-02-12" id="VIR122">
				<nazev>N?zev v?robku</nazev>
				<popis pole="s">Tento v?robek pat?? do kategorie</popis>
				<priloha>d</priloha>
				<cena>50000</cena>
			</novy_vyrobek>
		</vyrobek><vyrobek refid="OS1">
			<novy_vyrobek datum="2011-02-12" id="VIR12">
				<nazev>N?zev v?robku</nazev>
				<popis pole="s">Tento v?robek pat?? do kategorie</popis>
				<priloha>d</priloha>
				<cena>50000</cena>
			</novy_vyrobek>
		</vyrobek><vyrobek refid="OS1">
			<novy_vyrobek datum="2011-02-12" id="VIR125">
				<nazev>N?zev v?robku</nazev>
				<popis pole="s">Tento v?robek pat?? do kategorie</popis>
				<priloha>d</priloha>
				<cena>50000</cena>
			</novy_vyrobek>
		</vyrobek><vyrobek refid="OS1">
			<novy_vyrobek datum="2011-02-12" id="VIR12">
				<nazev>N?zev v?robku</nazev>
				<popis pole="s">Tento v?robek pat?? do kategorie</popis>
				<priloha>d</priloha>
				<cena>50000</cena>
			</novy_vyrobek>
		</vyrobek><vyrobek refid="OS1">
			<novy_vyrobek datum="2011-02-12" id="VIR30">
				<nazev>N?zev v?robku</nazev>
				<popis pole="s">Tento v?robek pat?? do kategorie</popis>
				<priloha>d</priloha>
				<cena>50000</cena>
			</novy_vyrobek>
		</vyrobek><vyrobek refid="OS1">
			<novy_vyrobek datum="2011-02-12" id="VIR12">
				<nazev>N?zev v?robku</nazev>
				<popis pole="s">Tento v?robek pat?? do kategorie</popis>
				<priloha>d</priloha>
				<cena>50000</cena>
			</novy_vyrobek>
		</vyrobek><vyrobek refid="OS1">
			<novy_vyrobek datum="2011-02-12" id="VIR35">
				<nazev>N?zev v?robku</nazev>
				<popis pole="s">Tento v?robek pat?? do kategorie</popis>
				<priloha>d</priloha>
				<cena>50000</cena>
			</novy_vyrobek>
		</vyrobek></vyrobky></zakaznici>