<?xml version="1.0" encoding="UTF-8"?><html xmlns="http://www.w3.org/1999/xhtml">
   <head>
      <meta http-equiv="Content-Type" content="text/html; charset=UTF-8" />
      <title>Players in a game.</title>
   </head>
   <body>
      <h1>Players.</h1>
      <ul>
         <li>Standa</li>
         <li>Snajpr</li>
         <li>Petan</li>
         <li>Pepan</li>
         <li>Misulka</li>
         <li>Miri</li>
         <li>Jara</li>
         <li>Janicka</li>
         <li>Hondzik</li>
         <li>Boreczech</li>
      </ul>
   </body>
</html>