<?xml version="1.0" encoding="UTF-8"?>
<root>
   <photo>
      <description>Sunset over Vltava Copyright David Nohejl Photography, all rights reserved</description>
      <taken>
         <camera model="cam1" lens="lens1"/>
         <date>
            <day>1</day>
            <month>1</month>
            <year>2010</year>
         </date>
         <photographer>Pepa Novak</photographer>
         <tripod used="no"/>
         <resolution>
            <pixelHeight>5184</pixelHeight>
            <pixelWidth>3456</pixelWidth>
         </resolution>
         <iso>800</iso>
         <focalLenght>40</focalLenght>
         <exposureComp>0</exposureComp>
         <comment>
          Easy to get there by bus. <a href="dpp.cz">DP Praha</a>
        </comment>
         <gps latitude="12.54878785454" longitude="45.12487845"/>
      </taken>
      <edit>
         <app name="Paint.net"/>
      </edit>
      <path>/images/sunset.jpg</path>
      <size>11511944</size>
      <hash><?hashgen /img/sunset.jpg ?></hash>
      <thumbnail>
        
          *(&amp;*%HUFJF&amp;U%(yughhit&gt;8;647656$%@#@%&amp;*&amp;()(IYR%^$#$&amp;*(**&amp;*(
        
      </thumbnail>
   </photo>
   <photo>
      <description>Sunset over Vltava Copyright David Nohejl Photography, all rights reserved</description>
      <taken>
         <camera model="cam1" lens="lens1"/>
         <date>
            <day>1</day>
            <month>1</month>
            <year>2010</year>
         </date>
         <photographer>Pepa Novak</photographer>
         <tripod used="yes"/>
         <resolution>
            <pixelHeight>5184</pixelHeight>
            <pixelWidth>3456</pixelWidth>
         </resolution>
         <iso>100</iso>
         <focalLenght>40</focalLenght>
         <exposureComp>0</exposureComp>
         <comment>
          Easy to get there by bus. <a href="dpp.cz">DP Praha</a>
        </comment>
         <gps latitude="12.54878785454" longitude="45.12487845"/>
      </taken>
      <edit>
         <app name="DPP"/>
         <app name="Paint.net"/>
      </edit>
      <path>/images/sunset.jpg</path>
      <size>11511944</size>
      <hash><?hashgen /img/sunset.jpg ?></hash>
      <thumbnail>
        
          *(&amp;*%HUFJF&amp;U%(yughhit&gt;8;647656$%@#@%&amp;*&amp;()(IYR%^$#$&amp;*(**&amp;*(
        
      </thumbnail>
   </photo>
   <photo>
      <description>Sunset over Vltava Copyright David Nohejl Photography, all rights reserved</description>
      <taken>
         <camera model="cam1" lens="lens1"/>
         <date>
            <day>1</day>
            <month>1</month>
            <year>2010</year>
         </date>
         <photographer>Pepa Novak</photographer>
         <tripod used="yes"/>
         <resolution>
            <pixelHeight>5184</pixelHeight>
            <pixelWidth>3456</pixelWidth>
         </resolution>
         <iso>100</iso>
         <focalLenght>40</focalLenght>
         <exposureComp>0</exposureComp>
         <comment>
          Easy to get there by bus. <a href="dpp.cz">DP Praha</a>
        </comment>
         <gps latitude="12.54878785454" longitude="45.12487845"/>
      </taken>
      <edit>
         <app name="DPP"/>
         <app name="Paint.net"/>
      </edit>
      <path>/images/sunset.jpg</path>
      <size>11511944</size>
      <hash><?hashgen /img/sunset.jpg ?></hash>
      <thumbnail>
        
          *(&amp;*%HUFJF&amp;U%(yughhit&gt;8;647656$%@#@%&amp;*&amp;()(IYR%^$#$&amp;*(**&amp;*(
        
      </thumbnail>
   </photo>
   <photo>
      <description>Sunset over Vltava Copyright David Nohejl Photography, all rights reserved</description>
      <taken>
         <camera model="cam1" lens="lens1"/>
         <date>
            <day>1</day>
            <month>1</month>
            <year>2010</year>
         </date>
         <photographer>Pepa Novak</photographer>
         <tripod used="yes"/>
         <resolution>
            <pixelHeight>5184</pixelHeight>
            <pixelWidth>3456</pixelWidth>
         </resolution>
         <iso>100</iso>
         <focalLenght>40</focalLenght>
         <exposureComp>0</exposureComp>
         <comment>
          Easy to get there by bus. <a href="dpp.cz">DP Praha</a>
        </comment>
         <gps latitude="12.54878785454" longitude="45.12487845"/>
      </taken>
      <edit>
         <app name="DPP"/>
         <app name="Paint.net"/>
      </edit>
      <path>/images/sunset.jpg</path>
      <size>11511944</size>
      <hash><?hashgen /img/sunset.jpg ?></hash>
      <thumbnail>
        
          *(&amp;*%HUFJF&amp;U%(yughhit&gt;8;647656$%@#@%&amp;*&amp;()(IYR%^$#$&amp;*(**&amp;*(
        
      </thumbnail>
   </photo>
   <photo>
      <description>Sunset over Vltava Copyright David Nohejl Photography, all rights reserved</description>
      <taken>
         <camera model="cam1" lens="lens1"/>
         <date>
            <day>1</day>
            <month>1</month>
            <year>2010</year>
         </date>
         <photographer>Pepa Novak</photographer>
         <tripod used="no"/>
         <resolution>
            <pixelHeight>5184</pixelHeight>
            <pixelWidth>3456</pixelWidth>
         </resolution>
         <iso>800</iso>
         <focalLenght>40</focalLenght>
         <exposureComp>0</exposureComp>
         <comment>
          Easy to get there by bus. <a href="http://dpp.cz">DP Praha</a>
        </comment>
         <gps latitude="12.54878785454" longitude="45.12487845"/>
      </taken>
      <edit>
         <app name="DPP"/>
         <app name="Paint.net"/>
      </edit>
      <path>/images/sunset.jpg</path>
      <size>11511944</size>
      <hash><?hashgen /img/sunset.jpg ?></hash>
      <thumbnail>
        
          *(&amp;*%HUFJF&amp;U%(yughhit&gt;8;647656$%@#@%&amp;*&amp;()(IYR%^$#$&amp;*(**&amp;*(
        
      </thumbnail>
   </photo>
</root>