<?xml version="1.0" encoding="UTF-8"?>
<div>
   <p>Sunset over Vltava Copyright David Nohejl Photography, all rights reserved - taken by <span> ()</span>
      <span> ()</span>
   </p>
   <p>Sunset over Vltava Copyright David Nohejl Photography, all rights reserved - taken by <span> ()</span>
      <span> ()</span>
   </p>
   <p>Sunset over Vltava Copyright David Nohejl Photography, all rights reserved - taken by <span> ()</span>
      <span> ()</span>
   </p>
   <p>Sunset over Vltava Copyright David Nohejl Photography, all rights reserved - taken by <span> ()</span>
      <span> ()</span>
   </p>
   <p>Sunset over Vltava Copyright David Nohejl Photography, all rights reserved - taken by <span> ()</span>
      <span> ()</span>
   </p>
</div>