<?xml version="1.0" encoding="UTF-8" standalone="no"?><!-- 
    hypotetick? evidence vlastn?k? ve virtu?ln?m katastru
    - model re?ln? situace
--><evidence>

	<parcely>

	    <parcela id="p1.1">
	        <cislo>1</cislo>
	        <vymera>1.2584</vymera>
	        <kultura typ="orn?"/>
	        
	        <sousedni id="p1.2"/>
	        
	        <lv cislo="1" ku="P??m?t?n"/>	        
	        
	        <digitalizace probehla="ano">
	            <souradnice x="15.003458" y="15.43544343"/>
	            <prubeh>
	                <faze druh="gps">    
	                    <kompletni/>
	                    <zprava>
	                        <![CDATA[<ul><li>provedeno focen? GPS, data jsou ulo?ena v archivu</li></ul>]]>
	                    </zprava>
	                </faze>
	                <faze druh="leteck?">
	                    <zprava>
	                        <![CDATA[<ul><li>?ek? na zpracov?n? technika</li></ul>]]>
	                        <technik>Ivan Mlad?</technik>
	                    </zprava>                    
	                </faze>
	            </prubeh>
	        </digitalizace>        
	        <zmeneno>12.12.2011</zmeneno>
	        <poznamka><![CDATA[p??m? vstup oper?tora datab?ze, prostor pro pozn?mku]]></poznamka>
	    </parcela>    
	
	    <parcela id="p1.2">
	        <cislo>2</cislo>
	        <vymera>2.3655</vymera>
	        <kultura typ="les"/>
	        
	        <lv cislo="1" ku="P??m?t?n"/> 
	                
	        <digitalizace probehla="ne"/>
	        <zmeneno>12.12.2011</zmeneno>
	        <poznamka><![CDATA[p??m? vstup oper?tora datab?ze, prostor pro pozn?mku]]></poznamka>
	    </parcela>  
	
		<parcela id="p1.3">
	        <cislo>3</cislo>
	        <vymera>6.3555</vymera>
	        <kultura typ="les"/>
	        
	        <lv cislo="1" ku="P??m?t?n"/> 
	                
	        <digitalizace probehla="ne"/>
	        <zmeneno>12.12.2011</zmeneno>
	        <poznamka><![CDATA[p??m? vstup oper?tora datab?ze, prostor pro pozn?mku]]></poznamka>
	    </parcela>  
	
		<parcela id="p1.4">
	        <cislo>4</cislo>
	        <vymera>12.365</vymera>
	        <kultura typ="orn?"/>
	        
			<lv cislo="1" ku="P??m?t?n"/>  
	        
	        <digitalizace probehla="ne"/>
	        <zmeneno>12.12.2011</zmeneno>
	        <poznamka><![CDATA[p??m? vstup oper?tora datab?ze, prostor pro pozn?mku]]></poznamka>
	    </parcela>  
	    
		<parcela id="p1.5">
	        <cislo>5</cislo>
	        <vymera>0.1255</vymera>
	        <kultura typ="orn?"/>
	        
	        <lv cislo="1" ku="P??m?t?n"/>         
	        
	        <digitalizace probehla="ne"/>
	        <zmeneno>12.12.2011</zmeneno>
	        <poznamka><![CDATA[p??m? vstup oper?tora datab?ze, prostor pro pozn?mku]]></poznamka>
	    </parcela>  
	    
		<parcela id="p1.6">
	        <cislo>6</cislo>
	        <vymera>0.2288</vymera>
	        <kultura typ="les"/>
	        
	        <lv cislo="1" ku="P??m?t?n"/>
	        
	        <digitalizace probehla="ne"/>
	        <zmeneno>12.12.2011</zmeneno>
	        <poznamka><![CDATA[p??m? vstup oper?tora datab?ze, prostor pro pozn?mku]]></poznamka>
	    </parcela>  


	</parcely>
	
	<vlastnici>
        <vlastnik id="v8808275007">
            <jmeno>Adam</jmeno>
            <prijmeni>Nov??ek</prijmeni>
            <adresa>
                <ulice>Nov?</ulice>
                <cp>15</cp>
                <mesto>P??m?t?n</mesto>
                <psc>22532</psc>
            </adresa>
            <zmeneno>12.12.2011</zmeneno>
            <aktualni/>
        </vlastnik>

        <vlastnik id="v0012455">
            <firma>Obec P??m?t?n</firma>
            <ico>0012455</ico>
            <adresa>
                <ulice>N?m?st?</ulice>
                <cp>1</cp>
                <mesto>P??m?t?n</mesto>
                <psc>22532</psc>
            </adresa>
            <zmeneno>12.2.1911</zmeneno>
        </vlastnik>	
        
        <vlastnik id="v55162355">
            <firma>Chromotix s.r.o.</firma>
            <ico>55162355</ico>
            <adresa>
                <ulice>N?m?st?</ulice>
                <cp>2</cp>
                <mesto>P??m?t?n</mesto>
                <psc>22532</psc>
            </adresa>
            <zmeneno>12.4.2011</zmeneno>
        </vlastnik>
        	
	</vlastnici>
	
	
	
	<listy-vlastnictvi>
		<ku nazev="P??m?t?n">
			<lv cislo="1">

		        <vlastnik id="v8808275007">            
		            <zmeneno>12.12.2011</zmeneno>
		            <aktualni/>
		        </vlastnik>
		
		        <vlastnik id="v0012455">            
		            <zmeneno>12.2.1911</zmeneno>
		        </vlastnik>
		
				<parcela id="p1.1"/>
				<parcela id="p1.2"/>
				<parcela id="p1.3"/>
				<parcela id="p1.4"/>
				<parcela id="p1.5"/>
				<parcela id="p1.6"/>
			</lv>			
		</ku>
	</listy-vlastnictvi>
    
    
<vypisy description="Vypis vsech vlastniku a soucet jejich vlastnenych vymer k aktualnimu datu."><vlastnik id="v8808275007"><jmeno>Nov??ek Adam</jmeno><vymera>82.3747</vymera></vlastnik></vypisy></evidence>