<?xml version="1.0" encoding="UTF-8"?>
<xh:body xmlns:xh="http://www.w3.org/1999/xhtml">
   <xh:table>
      <xh:th>Nazev</xh:th>
      <xh:tr>
         <xh:td>Room Arranger</xh:td>
         <xh:td>
            <Velikost>
			            <prvni>45</prvni>
			            <prvni>12</prvni>
		          </Velikost>
         </xh:td>
      </xh:tr>
      <xh:tr>
         <xh:td>Spy Emergency </xh:td>
         <xh:td>
            <Velikost>
			            <prvni>41</prvni>
			            <prvni>12</prvni>
		          </Velikost>
         </xh:td>
      </xh:tr>
   </xh:table>
</xh:body>