<?xml version="1.0" encoding="UTF-8"?>
<element>ProgJazyk<element>nazevJazyka</element>
   <element>miraAbstrakce</element>
</element>
<element>ProgJazyk<element>nazevJazyka</element>
   <element>miraAbstrakce</element>
</element>
<element>ProgJazyk<element>nazevJazyka</element>
   <element>miraAbstrakce</element>
</element>
<element>ProgJazyk<element>nazevJazyka</element>
   <element>miraAbstrakce</element>
</element>
<element>ProgJazyk<element>nazevJazyka</element>
   <element>miraAbstrakce</element>
</element>
<element>AktualniDatum</element>
<element>Software<element>printNazev</element>
   <element>Nazev</element>
   <element>Popis</element>
   <element>Vyrobce</element>
   <element>Licence</element>
   <element>Developer<element>Jmeno</element>
      <element>Prijmeni</element>
      <element>Titul</element>
      <element>Jazyk</element>
      <element>Adresa<element>Mesto</element>
         <element>Ulice<element>NazevUlice</element>
            <element>cp</element>
         </element>
         <element>PSC</element>
      </element>
   </element>
   <element>Developer<element>Jmeno</element>
      <element>Prijmeni</element>
      <element>Titul</element>
      <element>Jazyk</element>
      <element>Adresa<element>Mesto</element>
         <element>Ulice<element>NazevUlice</element>
            <element>cp</element>
         </element>
         <element>PSC</element>
      </element>
   </element>
   <element>InLaguage<element>ref</element>
   </element>
   <element>Velikost<element>prvni</element>
      <element>prvni</element>
   </element>
   <element>DatumVydani</element>
</element>
<element>Software<element>printNazev</element>
   <element>Nazev</element>
   <element>Popis</element>
   <element>Vyrobce</element>
   <element>Licence</element>
   <element>Developer<element>Jmeno</element>
      <element>Prijmeni</element>
      <element>Titul</element>
      <element>Jazyk</element>
      <element>Adresa<element>Mesto</element>
         <element>Ulice<element>NazevUlice</element>
            <element>cp</element>
         </element>
         <element>PSC</element>
      </element>
   </element>
   <element>Developer<element>Jmeno</element>
      <element>Prijmeni</element>
      <element>Titul</element>
      <element>Jazyk</element>
      <element>Adresa<element>Mesto</element>
         <element>Ulice<element>NazevUlice</element>
            <element>cp</element>
         </element>
         <element>PSC</element>
      </element>
   </element>
   <element>InLaguage<element>ref</element>
   </element>
   <element>Velikost<element>prvni</element>
      <element>prvni</element>
   </element>
   <element>DatumVydani</element>
</element>
<element>Software<element>printNazev</element>
   <element>Nazev</element>
   <element>Popis</element>
   <element>Vyrobce</element>
   <element>Licence</element>
   <element>Developer<element>Jmeno</element>
      <element>Prijmeni</element>
      <element>Titul</element>
      <element>Jazyk</element>
      <element>Adresa<element>Mesto</element>
         <element>Ulice<element>NazevUlice</element>
            <element>cp</element>
         </element>
         <element>PSC</element>
      </element>
   </element>
   <element>InLaguage<element>ref</element>
   </element>
   <element>Velikost<element>prvni</element>
      <element>prvni</element>
   </element>
   <element>DatumVydani</element>
</element>