<?xml version="1.0" encoding="UTF-8"?>
<songs>
   <category name="Random">
      <song>
         <title>(Sittin' On) the Dock of the Bay</title>
      </song>
      <song>
         <title>I Just Called to Say I Love You</title>
      </song>
      <song>
         <title xmlns:xsi="http://www.w3.org/2001/XMLSchema-instance">Medvidek</title>
      </song>
      <song>
         <title xmlns:xsi="http://www.w3.org/2001/XMLSchema-instance">Never Gonna Give You Up</title>
      </song>
      <song>
         <title>Plaisir D'Amour</title>
      </song>
      <song>
         <title>To Byl Vám Den</title>
      </song>
      <song>
         <title xmlns:xsi="http://www.w3.org/2001/XMLSchema-instance">Webova</title>
      </song>
   </category>
   <category name="Love songs">
      <song>
         <title>(I Can't Help) Falling in Love With You</title>
      </song>
      <song>
         <title>Can't Help Falling in Love</title>
      </song>
      <song>
         <title xmlns:xsi="http://www.w3.org/2001/XMLSchema-instance">More Than a Feeling</title>
      </song>
      <song>
         <title xmlns:xsi="http://www.w3.org/2001/XMLSchema-instance">My Heart Will Go On</title>
      </song>
      <song>
         <title xmlns:xsi="http://www.w3.org/2001/XMLSchema-instance">What is Love?</title>
      </song>
      <song>
         <title>Žádám víc</title>
      </song>
   </category>
   <category name="Anthems">
      <song>
         <title xmlns:xsi="http://www.w3.org/2001/XMLSchema-instance">Kde domov muj</title>
      </song>
   </category>
</songs>