<?xml version="1.0" encoding="UTF-8"?>
<xhtml>
   <head>
      <title>
Pisne z prvniho souboru
</title>
   </head>
   <body>
      <h2>Pisne a jejich autori</h2>
      <ul>
         <li>
            <b>Pisen: </b>Webova<br/>
            <b>Text: </b>Jiri Hudec<br/>
            <b>Hudba: </b>Jiri Hudec<br/>
            <br/>
         </li>
         <li>
            <b>Pisen: </b>Never Gonna Give You Up<br/>
            <b>Text: </b>Rick Astley<br/>
            <b>Hudba: </b>
            <br/>
            <br/>
         </li>
         <li>
            <b>Pisen: </b>Medvidek<br/>
            <b>Text: </b>Oskar Petr<br/>
            <b>Hudba: </b>Robert Kodym<br/>
            <br/>
         </li>
         <li>
            <b>Pisen: </b>What is Love?<br/>
            <b>Text: </b>Alexander Nestor<br/>
            <b>Hudba: </b>
            <br/>
            <br/>
         </li>
         <li>
            <b>Pisen: </b>My Heart Will Go On<br/>
            <b>Text: </b>Will Jennings<br/>
            <b>Hudba: </b>James Roy Horner<br/>
            <br/>
         </li>
         <li>
            <b>Pisen: </b>More Than a Feeling<br/>
            <b>Text: </b>
            <br/>
            <b>Hudba: </b>Tom Scholtz<br/>
            <br/>
         </li>
         <li>
            <b>Pisen: </b>Kde domov muj<br/>
            <b>Text: </b>Josef Kajetan Tyl<br/>
            <b>Hudba: </b>Frantisek Skroup<br/>
            <br/>
         </li>
      </ul>
   </body>
</xhtml>