<?xml version="1.0" encoding="UTF-8" standalone="no"?><?xml-stylesheet href="data.xsl" type="text/xsl" ?>
<!-- rozvrhovani reprezentuje problem rozvrzeni casu urcitych aktivit na zaklade dostupnych casovych oken --><!-- inspiraci je moje tema bakalarske prace https://zvejk.gdmt.cz/~docx/personal_timetabling/doku.php toto XML je ale jen takovy nastrel.. --><rozvrhovani xmlns:xsi="http://www.w3.org/2001/XMLSchema-instance" casovepasmo="Prague" xsi:noNamespaceSchemaLocation="data.xsd">
	<!-- casove okno je casovy interval v ramci 1 dne ve kterem je mozne umistovat aktivity rozvrhu. Okna se mohou opakovat podle pravidel -->
	<!-- interval muze byt pouze v rozmezi 00:00 - 23:59 s granularitou na minuty. K intervalu je uvedeno odpovidajici casove pasmo. Intervali pres pulnoc lze modelovat jako 2 rozdelene -->
	<casovaokna>
		<okno id="okno1">
			<nazev>Priprava do skoly pondeli</nazev>
			<casOd>15:30</casOd>
			<casDo>17:00</casDo>
			<!-- pravidlo opakovani ve dnech. Okno je aktivni ve dnech, odpovidajicich konjunkci vyrazu. nebo lze modelovat vice okny -->
			<!-- vyjimky jsou uvedeny zvlast -->
			<dny/>
			<!-- seznam kategorii aktivit, ktere je mozne rozvrhovat do tohoto okna-->
			<!-- mode urcuje zda jsou vyjmenovane kategorii pouze ty mozne (including) nebo ty vyloucene (excluding) -->
			<aktivity><aktivita aktivitaId="aktivita-0"/><aktivita aktivitaId="aktivita-1"/><aktivita aktivitaId="aktivita-3"/></aktivity>
		</okno>
		<okno id="okno2">
			<nazev>Povinnosti v breznu</nazev>
			<casOd>10:00</casOd>
			<casDo>15:00</casDo>
			<dny/>
			<aktivity><aktivita aktivitaId="aktivita-4"/><aktivita aktivitaId="aktivita-0"/><aktivita aktivitaId="aktivita-1"/><aktivita aktivitaId="aktivita-3"/><aktivita aktivitaId="aktivita-6"/><aktivita aktivitaId="aktivita-7"/></aktivity>
		</okno>
		<okno id="okno3">
			<nazev>Bez akt Po - Ct</nazev>
			<casOd>06:00</casOd>
			<casDo>08:00</casDo>
			<dny/>
			<aktivity/>
		</okno>
		<okno id="oknoKazdyDen">
			<nazev>Okno bez pravidel</nazev>
			<casOd>07:00</casOd>
			<casDo>15:00</casDo>
			<dny/>
			
			<aktivity><aktivita aktivitaId="aktivita-4"/><aktivita aktivitaId="aktivita-0"/><aktivita aktivitaId="aktivita-1"/><aktivita aktivitaId="aktivita-3"/><aktivita aktivitaId="aktivita-2">
			<nazev>Boulder</nazev>
			<description>Jit si zalest :]</description>
			
			<!-- delka aktivity v minutach, tj sirka na casove ose pro rozvrzeni -->
			<delka>120</delka>
			<!-- aktivita muze definovat pravidla, kdy ma byt rozvrzena. Pro jednoduchost pouze "hard" podminky -->
			<pravidla>
				<zacatek kdy="2012-03-19T18:00:00Z"/>
				<neprerusitelne/>
			</pravidla>
		</aktivita><aktivita aktivitaId="aktivita-6"/><aktivita aktivitaId="aktivita-7"/></aktivity>
		</okno>
		<!-- vyjimky z pravidelnych oken. smysl maji jen zaporne vyjimky. Pridani ma stejny smysl jako samotne okno s pravidlem pro jeden den -->
		<vyjimky>
			<odeber oknoId="okno1" vyskyt="5"/>
			<odeber oknoId="okno2" vyskyt="3"/>
		</vyjimky>
	</casovaokna>
	<!-- kategorie aktivit -->
	<kategorieAktivit>
		<kategorie id="prace">
			<nazev>Prace</nazev>
			<description>Just work</description>
		<aktivity><aktivita aktivitaId="aktivita-4">
			<nazev>Pripravit analyzu pro inovaci IT prostredku ve firme</nazev>
			<description/>
			
			<delka>
                            
                            180
                         <!-- otestovani nebezneho zapisu -->
                        </delka>
			<pravidla>
				<dokoncenoPred kdy="2012-04-01T15:00:00Z" procent="100"/>
				<neprerusitelne/>
			</pravidla>
		</aktivita></aktivity></kategorie>
		<kategorie id="skola">
			<nazev>Skola</nazev>
			<description>Ukoly a jine povinnosti do skoly</description>
		<aktivity><aktivita aktivitaId="aktivita-0">
			<nazev>Udelat ukol 2 na XML</nazev>
			<description>Viz http://xmlcheck.projekty.ms.mff.cuni.cz/#studentAssignments#69</description>
			
			<!-- delka aktivity v minutach, tj sirka na casove ose pro rozvrzeni -->
			<delka>90</delka>
			<!-- aktivita muze definovat pravidla, kdy ma byt rozvrzena. Pro jednoduchost pouze "hard" podminky -->
			<pravidla>
				<dokoncenoPred kdy="2012-03-22T23:59:00Z" procent="100"/>
				<dokoncenoPred kdy="2012-03-22T23:00:00Z" procent="90"/>
			</pravidla>
		</aktivita><aktivita aktivitaId="aktivita-1">
			<nazev>Zapoctak DBAPP</nazev>
			<description/>
			
			<delka>300</delka>
			<pravidla>
				<dokoncenoPred kdy="2012-03-25T12:00:00Z" procent="100"/>
			</pravidla>
		</aktivita><aktivita aktivitaId="aktivita-3">
			<nazev>Bakalarka</nazev>
			<description>Pracovat na bakalarske praci</description>
			
			<delka>9000</delka>
			<pravidla>
				<dokoncenoPred kdy="2012-05-25T12:00:00Z" procent="100"/>
				<dokoncenoPred kdy="2012-04-25T12:00:00Z" procent="50"/>
				<dokoncenoPred kdy="2012-04-01T02:00:00Z" procent="25"/>
			</pravidla>
		</aktivita></aktivity></kategorie>
		
		<kategorie id="jine">
			<nazev>Jine aktivity</nazev>
			<description/>
		<aktivity><aktivita aktivitaId="aktivita-5">
			<nazev>Jina</nazev>
			<description>Jina aktivita</description>
			
			<delka>60</delka>
			<pravidla>
				<dokoncenoPred kdy="2012-04-01T15:00:00Z" mekke="true" procent="100"/>
				<minSouvislyBlok delka="15" mekke="true"/>
				<neprerusitelne/>
			</pravidla>
		</aktivita></aktivity></kategorie>
                <kategorie id="kratke">
                    <nazev>Kratke aktivity</nazev>
                    <description/>
                <aktivity><aktivita aktivitaId="aktivita-6">
			<nazev>Kratka 1</nazev>
			<description>velmi kratka aktivita</description>
			
			<delka>60</delka>
			<pravidla>
				<neprerusitelne/>
			</pravidla>
		</aktivita><aktivita aktivitaId="aktivita-7">
			<nazev>Kratka 2</nazev>
			<description>kratoulinka aktivita</description>
			
			<delka>
                            30 <!-- otestovani nebezneho zapisu -->
                        </delka>
			<pravidla>
				<neprerusitelne/>
			</pravidla>
		</aktivita></aktivity></kategorie>
                        
	</kategorieAktivit>
	<!-- seznam aktivit urcenych pro rozvrzeni -->
	
</rozvrhovani>