<?xml version="1.0" encoding="utf-8" standalone="no"?><?php print_license(); ?>
<userDiary>
<owner name="pilarra1"><entry id="entr1">
		<date>
			<start><day>01</day><minute>59</minute><notify>yes</notify><year>2012</year></start>
			<end><day>01</day><minute>59</minute><notify>no</notify><year>2012</year></end>
		</date>
		<perms>
			
			<group id="cv1" name="Moje cviceni">
				<user>pilarra1</user>
				<user>fejfaond</user>
				<user>fenglvla</user>
				<user>hlavavo3</user>
				<user>malictom</user>
				<user>nosekto2</user>
				<user>rodinmic</user>
				<user>szepgerg</user>
				<user>tranthip</user>
				<user>watzkdav</user>
			</group>
			<read allow="group" group="cv1"/> <!-- if allow is specified, everything except listed is denied, if deny is specified, everything except listed is denied -->
			<write allow="owner"/>
		</perms>
		<location>
			<address>
				<street>Karlovo Namesti</street>
				<number>
					<arean>1888</arean>
					<streetn>14</streetn>
				</number>
				<city>Prague</city>
				<country>Czech Republic</country>
				<zip>120 00</zip>
			</address>
			<desc>V hospode</desc>
		</location>
		<headline>Prvni domaci ukol</headline>
		<short>Odevzdani prvniho domaciho <em>ukolu</em></short>
		<description>
			<![CDATA[
			Odevzdani prvniho ukolu na XML, zahrnujiciho XML dokument a DTD. XML prolog se pise: <?xml version="1.0" ?>
			]]>
		</description>

</entry></owner>
<owner name="pilarra1"><entry id="entr2">
		<date>
			<start><day>21</day><minute>0</minute><notify>yes</notify><year>2012</year></start>
			<end><day>21</day><minute>59</minute><notify>no</notify><year>2012</year></end>
		</date>
		<perms>
			
			<read allow="group"/>			<write allow="owner"/>
		</perms>
		<location>
			<address>
				<street>Cely svet</street>
				<number>
					<arean>1</arean>
					<streetn>42</streetn>
				</number>
				<city>Planeta Zeme</city>
				<country>Vesmir</country>
				<zip>000 00</zip>
			</address>
			<desc>Kdekoliv</desc>
		</location>
		<headline>Konec sveta ;-)</headline>
		<short>Tak dneska by mel skoncit svet.</short>
		<description>
		A evidentne se tak nestalo, jinak by se tahle upominka nezobrazila.
		</description>

</entry></owner>
<owner name="pilarra1"><entry id="entr3">
		<date>
			<start><day>01</day><minute>59</minute><notify>yes</notify><year>2012</year></start>
			<end><day>01</day><minute>59</minute><notify>no</notify><year>2012</year></end>
		</date>
		<perms>
			
			<group id="cvx1" name="Skupina jedna">
				<user>pilarra1</user>
				<user>fejfaond</user>
				<user>fenglvla</user>
				<user>grudapav</user>
				<user>hlavavo3</user>
				<user>hollmosk</user>
				<user>hornapa3</user>
				<user>hotkomar</user>
				<user>kralima6</user>
				<user>kubatja5</user>
				<user>kuburoma</user>
				<user>malekji3</user>
				<user>malictom</user>
				<user>nosekto2</user>
				<user>novott16</user>
				<user>rodinmic</user>
				<user>rozendav</user>
				<user>szepgerg</user>
				<user>tranthip</user>
				<user>watzkdav</user>
			</group>
	
				<group id="cvx2" name="Skupina 2">
				<user>linustorvalds</user>
				<user>richardstallman</user>
				<user>bradspender</user>
			</group>
				<group id="cvx3" name="Treti skupina">
				<user>KarelGott</user>
				<user>PepaVojtek</user>
				<user>pilarra1</user>
			</group>
	
	
	
	<read allow="group" group="cv1"/> <!-- if allow is specified, everything except listed is denied, if deny is specified, everything except listed is denied -->
			<write allow="owner"/>
		</perms>
		<location>
			<address>
				<street>Karlovo Namesti</street>
				<number>
					<arean>1888</arean>
					<streetn>14</streetn>
				</number>
				<city>Prague</city>
				<country>Czech Republic</country>
				<zip>120 00</zip>
			</address>
			<desc>V hospode</desc>
		</location>
		<headline>Prvni domaci ukol</headline>
		<short>Odevzdani prvniho domaciho <em>ukolu</em></short>
		<description>
			<![CDATA[
			Odevzdani prvniho ukolu na XML, zahrnujiciho XML dokument a DTD. XML prolog se pise: <?xml version="1.0" ?> Dlooooooooooooooooooooooooooooooooooooooooooooooooooooooooooooooooouuuuuuuuuuuuuuuuuuuuuuuuuuuuuuuuuuuuuuuuuuuuuuuuuuuuuhhhhhhhhhhhhhhhhhhhhhhhhhhhyyyyyyyyyyyyyyyyyyyyyyyyyyyyyyyyyyyyyyyyyyyyyy
			]]>
		</description>

</entry></owner>


</userDiary>