<?xml version="1.0" encoding="UTF-8"?>
<activetask>Koupit mléko</activetask>
<activetask>Koupit vejce</activetask>
<activetask>Koupit chléb</activetask>
<activetask>Koupit salám</activetask>
<activetask>Koupit sýr &amp; ementál</activetask>
<activetask>Koupit rohlíky</activetask>
<activetask>Koupit hřebíky</activetask>
<activetask>Koupit kolíky</activetask>
<activetask>Koupit auto</activetask>
<activetask>Koupit sazeničky</activetask>
<activetask>Napsat úkol na lineární algebru #2</activetask>
<activetask>Napsat úkol na matematickou analýzu #3</activetask>
<activetask>Napsat úkol na technologie XML #4</activetask>
<activetask>Sehnat literaturu na ročníkový projekt</activetask>
<activetask>Napsat úkol na pokročilé C++</activetask>
<activetask>Najít si přítelkyni</activetask>
<activetask>Postavit syna</activetask>
<activetask>Zasadit dům</activetask>
<activetask>Zplodit strom</activetask>
<activetask>Zajít si k psychologovi</activetask>