<?xml version="1.0" encoding="UTF-8"?>
<task>
   <text>Koupit mléko</text>
   <diff difficulty="1"/>
</task>
<task>
   <text>Koupit vejce</text>
   <diff difficulty="1"/>
</task>
<task>
   <text>Koupit chléb</text>
   <diff difficulty="1"/>
</task>
<task>
   <text>Koupit salám</text>
   <diff difficulty="1"/>
</task>
<task>
   <text>Koupit hřebíky</text>
   <diff difficulty="1"/>
</task>
<task>
   <text>Napsat úkol na matematickou analýzu #3</text>
   <diff difficulty="10"/>
</task>
<task>
   <text>Napsat úkol na pokročilé C++</text>
   <diff difficulty="10"/>
</task>
<task>
   <text>Najít si přítelkyni</text>
   <diff difficulty="10"/>
</task>
<task>
   <text>Koupit sýr &amp; ementál</text>
   <diff difficulty="2"/>
</task>
<task>
   <text>Koupit rohlíky</text>
   <diff difficulty="2"/>
</task>
<task>
   <text>Koupit kolíky</text>
   <diff difficulty="2"/>
</task>
<task>
   <text>Koupit sazeničky</text>
   <diff difficulty="2"/>
</task>
<task>
   <text>Napsat úkol na lineární algebru #2</text>
   <diff difficulty="3"/>
</task>
<task>
   <text>Sehnat literaturu na ročníkový projekt</text>
   <diff difficulty="3"/>
</task>
<task>
   <text>Koupit auto</text>
   <diff difficulty="5"/>
</task>
<task>
   <text>Napsat úkol na technologie XML #4</text>
   <diff difficulty="5"/>
</task>
<task>
   <text>Zplodit strom</text>
   <diff difficulty="8"/>
</task>
<task>
   <text>Postavit syna</text>
   <diff difficulty="9"/>
</task>
<task>
   <text>Zasadit dům</text>
   <diff difficulty="9"/>
</task>
<task>
   <text>Zajít si k psychologovi</text>
   <diff difficulty="9"/>
</task>