<?xml version="1.0" encoding="UTF-8" standalone="no"?><evidence-majetku verze="1.0.2" vytvoreno="2012-02-26T21:20:05" vytvoril="Radim Bufka">
	<uvod>
		<ucel-dokumentu>Datab?ze obecn?ho majetku a p??slu?enstv? a evidence jejich pron?jm? v obci K?enovy.</ucel-dokumentu>
		<platnost>2012</platnost>
		<aktualizovano>2012-04-12T23:29:04</aktualizovano>
	</uvod>
	
	<majetek>
		<nemovity>
			<nemovitost id="nem_001" kpronajmu="ano" pronajato="ano" typ="pole" vymera="5" zodpovovedne-osoby="rc_5605241023"> <!-- najemnici="ico_12345" -->
				<nazev>Pole #1896</nazev>
				<katastralni-udaje>
					<uzemi>K?enovy 675903</uzemi>
					<parcelni-cislo>1896</parcelni-cislo>
				</katastralni-udaje>
				<popis>
					<p>
						<b>Orn? p?da</b> u b?ehu ?eky <i>Radbuzy</i>.</p>
					<p>Vysok? obsah sol? v p?d?.</p>
				</popis>
			<zodpovedne-osoby><fo id="rc_5605241023" rc="5605241023">
			<adresa>
				<ulice>Baarova</ulice>
				<cp>31</cp>
				<psc>32402</psc>
				<obec>Hor?ovsk? T?n</obec>
			</adresa>
			<kontakt>
				<telefon typ="mobil">+420603456987</telefon>
			</kontakt>
			<odpovednost ref="nem_001 nem_002"/>
			<jmeno>Josef</jmeno>
			<prijmeni>V?chal</prijmeni>
		</fo></zodpovedne-osoby><pronajmy><pronajem id="pron_007"><najemnik><po dic="54321" ico="12345" id="ico_12345">
			<adresa>
				<ulice>Fandova</ulice>
				<cp>16</cp>
				<psc>32605</psc>
				<obec>Puclice</obec>
			</adresa>
			<kontakt>
				<telefon typ="pevna">+420379491328</telefon>
				<telefon typ="mobil">+420724753951</telefon>
				<email>info@zeas-puclice.cz</email>
			</kontakt>
			<odpovednost/>
			<nazev>ZEAS Puclice s.r.o.</nazev>
		</po></najemnik><pronajal>Josef V?chal</pronajal><cena>10000</cena><pronajato><od>2005-01-01</od><do>2015-01-01</do></pronajato><popis>
				<p>Pronajem pole.</p>
			</popis></pronajem></pronajmy></nemovitost>
			<nemovitost id="nem_002" kpronajmu="ano" pronajato="ano" typ="budova" zodpovovedne-osoby="rc_8910271245 rc_5605241023"> <!-- najemnici="rc_8910271245 rc_8912101234" -->
				<nazev>Kulturn? d?m obce K?enovy</nazev>
				<adresa>
					<ulice>K?enovy</ulice>
					<cp>15</cp>
					<psc>32406</psc>
					<obec>Sta?kov</obec>
				</adresa>
				<popis>
					<p>Mo?nost po??dat kulturn? akce pro v?echny ob?any obce K?enovy.</p>
					<p>B?hem plesov? sez?ny se v Kulturn?m dom? ka?d?m rokem ji? tradi?n? po??d? <b>Hasi?sk? b?l</b> na?eho <i>Spolku dobrovoln?ch hasi?? K?enovy</i>. T?? obec K?enovy po??d? sv?j obecn? ples, na kter?m se v?dy sejdou obyvatel? a rod?ci jakbysmet.</p>
				</popis>
			<zodpovedne-osoby><fo id="rc_8910271245" rc="8910271245">
			<adresa>
				<ulice>K?enovy</ulice>
				<cp>48</cp>
				<psc>32406</psc>
				<obec>Sta?kov</obec>
			</adresa>
			<kontakt>
				<telefon typ="mobil">+420728298789</telefon>
			</kontakt>
			<odpovednost ref="nem_003"/>
			<jmeno>Petr</jmeno>
			<prijmeni>Pavel</prijmeni>
		</fo><fo id="rc_5605241023" rc="5605241023">
			<adresa>
				<ulice>Baarova</ulice>
				<cp>31</cp>
				<psc>32402</psc>
				<obec>Hor?ovsk? T?n</obec>
			</adresa>
			<kontakt>
				<telefon typ="mobil">+420603456987</telefon>
			</kontakt>
			<odpovednost ref="nem_001 nem_002"/>
			<jmeno>Josef</jmeno>
			<prijmeni>V?chal</prijmeni>
		</fo></zodpovedne-osoby><pronajmy><pronajem id="pron_005"><najemnik><fo id="rc_8910271245" rc="8910271245">
			<adresa>
				<ulice>K?enovy</ulice>
				<cp>48</cp>
				<psc>32406</psc>
				<obec>Sta?kov</obec>
			</adresa>
			<kontakt>
				<telefon typ="mobil">+420728298789</telefon>
			</kontakt>
			<odpovednost ref="nem_003"/>
			<jmeno>Petr</jmeno>
			<prijmeni>Pavel</prijmeni>
		</fo></najemnik><pronajal>Petr Pavel</pronajal><cena>5000</cena><pronajato><od>2012-02-27T10:00:00</od><do>2012-02-28T10:00:00</do></pronajato><popis>
				<p>Ples zahr?dk???.</p>
			</popis></pronajem><pronajem id="pron_006"><najemnik><fo id="rc_8912101234" rc="8912101234">
			<adresa>
				<ulice>?echova</ulice>
				<cp>3</cp>
				<psc>30100</psc>
				<obec>Plze?</obec>
			</adresa>
			<kontakt>
				<telefon typ="mobil">+420789456123</telefon>
				<email>radimbufka@gg.com</email>
			</kontakt>
			<odpovednost/>
			<jmeno>Radim</jmeno>
			<prijmeni>Bufka</prijmeni>
		</fo></najemnik><pronajal>Petr Pavel</pronajal><cena>0</cena><pronajato><od>2012-01-15T18:00:00</od><do>20122-01-15T22:00:00</do></pronajato><popis>
				<p>Tane?n? ve??rek.</p>
			</popis></pronajem></pronajmy></nemovitost>
			<nemovitost id="nem_003" kpronajmu="ne" pronajato="ne" typ="budova" zodpovovedne-osoby="rc_8910271245">
				<nazev>Obecn? ??ad K?enovy</nazev>
				<adresa>
					<ulice>K?enovy</ulice>
					<cp>1</cp>
					<psc>32406</psc>
					<obec>Sta?kov</obec>
				</adresa>
				<popis>
					<p>Sch?ze zastupitelstva jsou ka?dou st?edu od <b>19:00</b>!</p>
				</popis>
			<zodpovedne-osoby><fo id="rc_8910271245" rc="8910271245">
			<adresa>
				<ulice>K?enovy</ulice>
				<cp>48</cp>
				<psc>32406</psc>
				<obec>Sta?kov</obec>
			</adresa>
			<kontakt>
				<telefon typ="mobil">+420728298789</telefon>
			</kontakt>
			<odpovednost ref="nem_003"/>
			<jmeno>Petr</jmeno>
			<prijmeni>Pavel</prijmeni>
		</fo></zodpovedne-osoby><pronajmy/></nemovitost>
		</nemovity>
		<movity>
			<movitost id="mov_001" kpronajmu="ano" pocet="3" pocetVolnych="2" pronajato="ano" typ="n??ad?" umisteni="nem_003" zodpovovedne-osoby="rc_8910271245"> <!-- najemnici="rc_8912101234 rc_8910271245" -->
				<nazev>Zahradn? seka?ka Mountfield BX-0R</nazev>
				<popis>
					<p>K sek?n? vysok? tr?vy.</p>
				</popis>
			<zodpovedne-osoby><fo id="rc_8910271245" rc="8910271245">
			<adresa>
				<ulice>K?enovy</ulice>
				<cp>48</cp>
				<psc>32406</psc>
				<obec>Sta?kov</obec>
			</adresa>
			<kontakt>
				<telefon typ="mobil">+420728298789</telefon>
			</kontakt>
			<odpovednost ref="nem_003"/>
			<jmeno>Petr</jmeno>
			<prijmeni>Pavel</prijmeni>
		</fo></zodpovedne-osoby><pronajmy><pronajem id="pron_004"><najemnik><fo id="rc_8912101234" rc="8912101234">
			<adresa>
				<ulice>?echova</ulice>
				<cp>3</cp>
				<psc>30100</psc>
				<obec>Plze?</obec>
			</adresa>
			<kontakt>
				<telefon typ="mobil">+420789456123</telefon>
				<email>radimbufka@gg.com</email>
			</kontakt>
			<odpovednost/>
			<jmeno>Radim</jmeno>
			<prijmeni>Bufka</prijmeni>
		</fo></najemnik><pronajal>Petr Pavel</pronajal><cena>0</cena><pronajato><od>2012-03-01</od><do>2012-03-15</do></pronajato><popis>
				<p>Na sek?n? obecn?ho fotbalov?ho h?i?t?.</p>
			</popis></pronajem><pronajem id="pron_008"><najemnik><fo id="rc_8912101234" rc="8912101234">
			<adresa>
				<ulice>?echova</ulice>
				<cp>3</cp>
				<psc>30100</psc>
				<obec>Plze?</obec>
			</adresa>
			<kontakt>
				<telefon typ="mobil">+420789456123</telefon>
				<email>radimbufka@gg.com</email>
			</kontakt>
			<odpovednost/>
			<jmeno>Radim</jmeno>
			<prijmeni>Bufka</prijmeni>
		</fo></najemnik><pronajal>Petr Pavel</pronajal><cena>0</cena><pronajato><od>2011-03-01</od><do>2011-03-15</do></pronajato><popis>
				<p>Na sek?n? obecn?ho fotbalov?ho h?i?t?.</p>
			</popis></pronajem><pronajem id="pron_009"><najemnik><fo id="rc_8910271245" rc="8910271245">
			<adresa>
				<ulice>K?enovy</ulice>
				<cp>48</cp>
				<psc>32406</psc>
				<obec>Sta?kov</obec>
			</adresa>
			<kontakt>
				<telefon typ="mobil">+420728298789</telefon>
			</kontakt>
			<odpovednost ref="nem_003"/>
			<jmeno>Petr</jmeno>
			<prijmeni>Pavel</prijmeni>
		</fo></najemnik><pronajal>Petr Pavel</pronajal><cena>500</cena><pronajato><od>2011-03-16</od><do>2011-03-20</do></pronajato><popis>
				<p>Na sek?n? vlastn? zahr?dky.</p>
			</popis></pronajem></pronajmy></movitost>
			<movitost id="mov_002" kpronajmu="ne" pocet="1" pocetVolnych="1" pronajato="ne" typ="n?bytek" umisteni="nem_003" zodpovovedne-osoby="rc_5605241023">
				<nazev>Konferen?n? st?l.</nazev>
				<popis>
					<p>Postaven? na m?ru pot?eb?m obecn?ho zastupitelstva, bohu?el je t??k? ho rozebrat a vcelku jej nen? mo?no p?em?stit.</p>
				</popis>
			<zodpovedne-osoby><fo id="rc_5605241023" rc="5605241023">
			<adresa>
				<ulice>Baarova</ulice>
				<cp>31</cp>
				<psc>32402</psc>
				<obec>Hor?ovsk? T?n</obec>
			</adresa>
			<kontakt>
				<telefon typ="mobil">+420603456987</telefon>
			</kontakt>
			<odpovednost ref="nem_001 nem_002"/>
			<jmeno>Josef</jmeno>
			<prijmeni>V?chal</prijmeni>
		</fo></zodpovedne-osoby><pronajmy/></movitost>
			<movitost id="mov_003" kpronajmu="ano" pocet="1" pocetVolnych="1" pronajato="ne" typ="elektronika" umisteni="nem_003" zodpovovedne-osoby="rc_5605241023">
				<nazev>Dataprojektor AT&amp;T L4E Pro</nazev>
				<popis>
					<p>Velmi v?kon? dataprojektor pou?iteln? i k venkovn?mu prom?t?n? na velk?m pl?tn?.</p>
				</popis>
			<zodpovedne-osoby><fo id="rc_5605241023" rc="5605241023">
			<adresa>
				<ulice>Baarova</ulice>
				<cp>31</cp>
				<psc>32402</psc>
				<obec>Hor?ovsk? T?n</obec>
			</adresa>
			<kontakt>
				<telefon typ="mobil">+420603456987</telefon>
			</kontakt>
			<odpovednost ref="nem_001 nem_002"/>
			<jmeno>Josef</jmeno>
			<prijmeni>V?chal</prijmeni>
		</fo></zodpovedne-osoby><pronajmy/></movitost>
			<movitost id="mov_004" kpronajmu="ano" pocet="1" pocetVolnych="1" pronajato="ne" typ="elektronika" umisteni="nem_003" zodpovovedne-osoby="rc_5605241023">
				<nazev>Prom?tac? pl?tno</nazev>
				<popis>
					<p>Venkovn? prom?tac? pl?tno form?tu 16:9 s ?hlop???kou p?es 18 metr?.</p>
				</popis>
			<zodpovedne-osoby><fo id="rc_5605241023" rc="5605241023">
			<adresa>
				<ulice>Baarova</ulice>
				<cp>31</cp>
				<psc>32402</psc>
				<obec>Hor?ovsk? T?n</obec>
			</adresa>
			<kontakt>
				<telefon typ="mobil">+420603456987</telefon>
			</kontakt>
			<odpovednost ref="nem_001 nem_002"/>
			<jmeno>Josef</jmeno>
			<prijmeni>V?chal</prijmeni>
		</fo></zodpovedne-osoby><pronajmy/></movitost>
			<movitost id="mov_005" kpronajmu="ano" pocet="1" pocetVolnych="0" pronajato="ano" typ="vozidlo" umisteni="ico_12345" zodpovovedne-osoby="rc_8910271245">
				<nazev>Traktor Zetor</nazev>
				<popis>
					<p>Traktor s pluhem.</p>
				</popis>
			<zodpovedne-osoby><fo id="rc_8910271245" rc="8910271245">
			<adresa>
				<ulice>K?enovy</ulice>
				<cp>48</cp>
				<psc>32406</psc>
				<obec>Sta?kov</obec>
			</adresa>
			<kontakt>
				<telefon typ="mobil">+420728298789</telefon>
			</kontakt>
			<odpovednost ref="nem_003"/>
			<jmeno>Petr</jmeno>
			<prijmeni>Pavel</prijmeni>
		</fo></zodpovedne-osoby><pronajmy><pronajem id="pron_003"><najemnik><po dic="54321" ico="12345" id="ico_12345">
			<adresa>
				<ulice>Fandova</ulice>
				<cp>16</cp>
				<psc>32605</psc>
				<obec>Puclice</obec>
			</adresa>
			<kontakt>
				<telefon typ="pevna">+420379491328</telefon>
				<telefon typ="mobil">+420724753951</telefon>
				<email>info@zeas-puclice.cz</email>
			</kontakt>
			<odpovednost/>
			<nazev>ZEAS Puclice s.r.o.</nazev>
		</po></najemnik><pronajal>Petr Pavel</pronajal><cena>200000</cena><pronajato><od>2005-01-01</od><do>2015-01-01</do></pronajato><popis>
				<p>Pujceni nepotrebneho obecniho traktoru mistnimu zemedelskemu druzstvu.</p>
			</popis></pronajem></pronajmy></movitost>
			<movitost id="mov_006" kpronajmu="ne" pocet="1" pocetVolnych="1" pronajato="ne" typ="vozidlo" umisteni="nem_003" zodpovovedne-osoby="rc_8910271245">
				<nazev>?koda Superb 1.9TDi</nazev>
				<popis>
					<p>Slu?ebn? auto starosty.</p>
				</popis>
			<zodpovedne-osoby><fo id="rc_8910271245" rc="8910271245">
			<adresa>
				<ulice>K?enovy</ulice>
				<cp>48</cp>
				<psc>32406</psc>
				<obec>Sta?kov</obec>
			</adresa>
			<kontakt>
				<telefon typ="mobil">+420728298789</telefon>
			</kontakt>
			<odpovednost ref="nem_003"/>
			<jmeno>Petr</jmeno>
			<prijmeni>Pavel</prijmeni>
		</fo></zodpovedne-osoby><pronajmy/></movitost>
			<movitost id="mov_007" kpronajmu="ano" pocet="5" pocetVolnych="3" pronajato="ano" typ="n??ad?" umisteni="nem_003" zodpovovedne-osoby="rc_8910271245">
				<nazev>Lopata</nazev>
				<popis>
					<p>Jedna m? zlomenou n?sadu.</p>
				</popis>
			<zodpovedne-osoby><fo id="rc_8910271245" rc="8910271245">
			<adresa>
				<ulice>K?enovy</ulice>
				<cp>48</cp>
				<psc>32406</psc>
				<obec>Sta?kov</obec>
			</adresa>
			<kontakt>
				<telefon typ="mobil">+420728298789</telefon>
			</kontakt>
			<odpovednost ref="nem_003"/>
			<jmeno>Petr</jmeno>
			<prijmeni>Pavel</prijmeni>
		</fo></zodpovedne-osoby><pronajmy><pronajem id="pron_001"><najemnik><po dic="54321" ico="12345" id="ico_12345">
			<adresa>
				<ulice>Fandova</ulice>
				<cp>16</cp>
				<psc>32605</psc>
				<obec>Puclice</obec>
			</adresa>
			<kontakt>
				<telefon typ="pevna">+420379491328</telefon>
				<telefon typ="mobil">+420724753951</telefon>
				<email>info@zeas-puclice.cz</email>
			</kontakt>
			<odpovednost/>
			<nazev>ZEAS Puclice s.r.o.</nazev>
		</po></najemnik><pronajal>Petr Pavel</pronajal><cena>1000</cena><pronajato><od>2011-05-11</od><do>2011-05-25</do></pronajato><popis>
				<p>K v?kopu kanalizace. Lopata nepo?kozena.</p>
			</popis></pronajem><pronajem id="pron_002"><najemnik><po dic="54321" ico="12345" id="ico_12345">
			<adresa>
				<ulice>Fandova</ulice>
				<cp>16</cp>
				<psc>32605</psc>
				<obec>Puclice</obec>
			</adresa>
			<kontakt>
				<telefon typ="pevna">+420379491328</telefon>
				<telefon typ="mobil">+420724753951</telefon>
				<email>info@zeas-puclice.cz</email>
			</kontakt>
			<odpovednost/>
			<nazev>ZEAS Puclice s.r.o.</nazev>
		</po></najemnik><pronajal>Petr Pavel</pronajal><cena>1000</cena><pronajato><od>2011-05-11</od><do>2011-05-25</do></pronajato><popis>
				<p>K v?kopu kanalizace. Lopata nepo?kozena.</p>
			</popis></pronajem></pronajmy></movitost>
			<movitost id="mov_008" kpronajmu="ano" pocet="1" pocetVolnych="1" pronajato="ne" typ="venkovni vybaveni" umisteni="nem_003" zodpovovedne-osoby="rc_5605241023">
				<nazev>Stan Blazer T150</nazev>
				<popis>
					<p>Venkovn? nepromokav? stan pro 150 lid?.</p>
				</popis>
			<zodpovedne-osoby><fo id="rc_5605241023" rc="5605241023">
			<adresa>
				<ulice>Baarova</ulice>
				<cp>31</cp>
				<psc>32402</psc>
				<obec>Hor?ovsk? T?n</obec>
			</adresa>
			<kontakt>
				<telefon typ="mobil">+420603456987</telefon>
			</kontakt>
			<odpovednost ref="nem_001 nem_002"/>
			<jmeno>Josef</jmeno>
			<prijmeni>V?chal</prijmeni>
		</fo></zodpovedne-osoby><pronajmy/></movitost>
			<movitost id="mov_009" kpronajmu="ano" pocet="2" pocetVolnych="2" pronajato="ne" typ="n??ad?" umisteni="nem_003" zodpovovedne-osoby="rc_5605241023">
				<nazev>Mountfield RTT100</nazev>
				<popis>
					<p>Kole?ko.</p>
				</popis>
			<zodpovedne-osoby><fo id="rc_5605241023" rc="5605241023">
			<adresa>
				<ulice>Baarova</ulice>
				<cp>31</cp>
				<psc>32402</psc>
				<obec>Hor?ovsk? T?n</obec>
			</adresa>
			<kontakt>
				<telefon typ="mobil">+420603456987</telefon>
			</kontakt>
			<odpovednost ref="nem_001 nem_002"/>
			<jmeno>Josef</jmeno>
			<prijmeni>V?chal</prijmeni>
		</fo></zodpovedne-osoby><pronajmy/></movitost>
			<movitost id="mov_010" kpronajmu="ano" pocet="1" pocetVolnych="1" pronajato="ne" typ="elektronika" umisteni="nem_003" zodpovovedne-osoby="rc_5605241023">
				<nazev>Sennheiser MiC780</nazev>
				<popis>
					<p>Bezdratovy mikrofon.</p>
				</popis>
			<zodpovedne-osoby><fo id="rc_5605241023" rc="5605241023">
			<adresa>
				<ulice>Baarova</ulice>
				<cp>31</cp>
				<psc>32402</psc>
				<obec>Hor?ovsk? T?n</obec>
			</adresa>
			<kontakt>
				<telefon typ="mobil">+420603456987</telefon>
			</kontakt>
			<odpovednost ref="nem_001 nem_002"/>
			<jmeno>Josef</jmeno>
			<prijmeni>V?chal</prijmeni>
		</fo></zodpovedne-osoby><pronajmy/></movitost>
		</movity>
	</majetek>
	
	<vzory>
		<vzor typ="Smlouva">
			<popis>
				<p>Smlouva o pron?jmu fyzick? osob?.</p>
			</popis>
			<vytvoril>Josef Kolomicenko</vytvoril>
			<odkaz>sml-pron-fo</odkaz>
		</vzor>
		<vzor typ="Smlouva">
			<popis>
				<p>Smlouva o pron?jmu pr?vnick? osob?.</p>
			</popis>
			<vytvoril>Lumir Vodrazka</vytvoril>
			<odkaz>sml-pron-po</odkaz>
		</vzor>
		<vzor typ="Smlouva">
			<popis>
				<p>Smlouva o zru?en? pron?jmu pr?vnick? osob?.</p>
			</popis>
			<vytvoril>Lumir Vodrazka</vytvoril>
			<odkaz platnost="2012">sml-zrus-pron-po</odkaz>
		</vzor>
		<vzor typ="Smlouva">
			<popis>
				<p>Smlouva o zru?en? pron?jmu pr?vnick? osob?.</p>
			</popis>
			<vytvoril>Josef Kolomicenko</vytvoril>
			<odkaz platnost="2012">sml-zrus-pron-fo</odkaz>
		</vzor>
	</vzory>
	<komentar><![CDATA[
			Pro pr?ci s t?mto dokumentem berte na v?dom?, ?e speci?ln? znaky jako '<', '>', '&', apostrof a uvozovky se zapisuji pomoc? entit, tedy po ?ad? : &lt;, &gt;, &amp;, &apos; a &quot;. 
		]]></komentar>
</evidence-majetku>