<?xml version="1.0" encoding="UTF-8"?>
<Company brand="Skoda">
   <Car>
			Octavia
			
			
		</Car>
   <Car>
			Fabia
			
			
		</Car>
   <Car>
			Superb
			
			
		</Car>
   <Car>
			Citigo
			
			
		</Car>
   <Car>
			Superb
						
			
		</Car>
   <Car>
			Rapid
			
			
		</Car>
</Company>
<Company brand="Volkswagen">
   <Car>
			Passat
			
			
		</Car>
   <Car>
			Transporter
			
			
		</Car>
   <Car>
			Up
			
			
		</Car>
   <Car>
			Touareg
			
			
		</Car>
   <Car>
			Golf
			
			
		</Car>
</Company>