<?xml version="1.0" encoding="UTF-8"?>
<similarCars>
   <group>
      <Car>Octavia</Car>
      <Car>Rapid</Car>
   </group>
   <group>
      <Car>Fabia</Car>
   </group>
   <group>
      <Car>Superb</Car>
      <Car>Passat</Car>
      <Car>Superb</Car>
   </group>
   <group>
      <Car>Passat</Car>
      <Car>Superb</Car>
   </group>
   <group>
      <Car>Transporter</Car>
   </group>
   <group>
      <Car>Up</Car>
   </group>
   <group>
      <Car>Citigo</Car>
      <Car>Up</Car>
   </group>
   <group>
      <Car>Superb</Car>
   </group>
   <group>
      <Car>Touareg</Car>
   </group>
   <group>
      <Car>Golf</Car>
      <Car>Fabia</Car>
   </group>
   <group>
      <Car>Rapid</Car>
   </group>
</similarCars>