<?xml version="1.0" encoding="UTF-8"?>
<sefove>
   <osoba>
      <jmeno>
         <jmeno>Jan</jmeno>
      </jmeno>
      <prijmeni>
         <prijemni>Brychta</prijemni>
      </prijmeni>
      <pocet-bossu>0</pocet-bossu>
   </osoba>
   <osoba>
      <jmeno>
         <jmeno>Tomas</jmeno>
      </jmeno>
      <prijmeni>
         <prijemni>Lechner</prijemni>
      </prijmeni>
      <pocet-bossu>1</pocet-bossu>
   </osoba>
   <osoba>
      <jmeno>
         <jmeno>Petr</jmeno>
      </jmeno>
      <prijmeni>
         <prijemni>Vavro</prijemni>
      </prijmeni>
      <pocet-bossu>1</pocet-bossu>
   </osoba>
   <osoba>
      <jmeno>
         <jmeno>Lukas</jmeno>
      </jmeno>
      <prijmeni>
         <prijemni>Tomasy</prijemni>
      </prijmeni>
      <pocet-bossu>2</pocet-bossu>
   </osoba>
   <osoba>
      <jmeno>
         <jmeno>Monika</jmeno>
      </jmeno>
      <prijmeni>
         <prijemni>Matisova</prijemni>
      </prijmeni>
      <pocet-bossu>1</pocet-bossu>
   </osoba>
</sefove>