<html>
   <head>
      <meta http-equiv="Content-Type" content="text/html; charset=UTF-8">
      <title>Vypis do XHTML.</title>
   </head>
   <body>
      <div>
         <h1>Lukas Tomasy</h1>
         <table>
            <tr>
               <td>tomasy@triada.cz</td>
               <td>matisova@triada.cz</td>
               <td>
                  			Dobry den,
                  			v prilohe zasielam supis prac za minuly mesiac
                  		
               </td>
            </tr>
            <tr>
               <td>tomasy@triada.cz</td>
               <td>vavro@triada.cz</td>
               <td>
                  			nazdar, ako pokracuju prace?
                  		
               </td>
            </tr>
            <tr>
               <td>tomasy@triada.cz</td>
               <td>lechner@triada.cz</td>
               <td>
                  			Dobry den,
                  			chcel by som poziadat o pracovne volno buduci utorok, dufam ze je to mozne.
                  			
                  			Dakujem
                  			Tomasy
                  		
               </td>
            </tr>
         </table>
      </div>
      <div>
         <h1>Petr Vavro</h1>
         <table>
            <tr>
               <td>vavro@triada.cz</td>
               <td>brychta@triada.cz</td>
               <td>
                  			Dobry den,
                  			potvrzuji ucast na konferenci
                  		
               </td>
            </tr>
         </table>
      </div>
   </body>
</html>