<?xml version="1.0" encoding="UTF-8"?>
<osoby>
   <osoba pid="p1">
      <titulP>RNDr.</titulP>
      <jmeno>Jan</jmeno>
      <prijemni>Brychta</prijemni>
      <adresa aid_ref="a1" typ="ceska"/>
      <e-mail eid="e3">brychta@triada.cz</e-mail>
      <kontakt typ="tel" kid="k5">
         <cislo>425456782</cislo>
      </kontakt>
   </osoba>
   <osoba pid="p2">
      <titulP>Mgr.</titulP>
      <jmeno>Tomas</jmeno>
      <prijemni>Lechner</prijemni>
      <adresa aid_ref="a1" typ="ceska"/>
      <e-mail eid="e4">lechner@triada.cz</e-mail>
      <kontakt typ="tel" kid="k6">
         <cislo>425456783</cislo>
      </kontakt>
      <boss>Brychta</boss>
   </osoba>
   <osoba pid="p5">
      <titulP>Ing.</titulP>
      <jmeno>Monika</jmeno>
      <prijemni>Matisova</prijemni>
      <adresa aid_ref="a1" typ="ceska"/>
      <e-mail eid="e7">matisova@triada.cz</e-mail>
      <boss>Brychta</boss>
   </osoba>
</osoby>