<?xml version="1.0" encoding="UTF-8"?>
<zamestnanci>
   <zamestnanec>
      <jmeno>Jan</jmeno>
      <prijmeni>Brychta</prijmeni>
   </zamestnanec>
   <zamestnanec>
      <jmeno>Tomas</jmeno>
      <prijmeni>Lechner</prijmeni>
   </zamestnanec>
   <zamestnanec>
      <jmeno>Petr</jmeno>
      <prijmeni>Vavro</prijmeni>
   </zamestnanec>
   <zamestnanec>
      <jmeno>Lukas</jmeno>
      <prijmeni>Tomasy</prijmeni>
   </zamestnanec>
   <zamestnanec>
      <jmeno>Monika</jmeno>
      <prijmeni>Matisova</prijmeni>
   </zamestnanec>
</zamestnanci>