<?xml version="1.0" encoding="UTF-8" standalone="no"?><!-- LEKARSKY DOTAZNIK DIABETES --><!-- vypracovala Kristina Bartova --><!-- dotaznik popisuje pacientovu diagnostiku a narizenou lecbu --><dotazniky>
	<dotaznik form_id="d001" typ="diabetes">
		<pacient father_id="p003" mother_id="p002">
			<jmeno>Jean</jmeno>
			<prijmeni>Smith</prijmeni>
			<foto/>
			<pohlavi typ="zena"/>
			<postava>
				<vaha>89</vaha>
				<vyska>162</vyska>
			</postava>
			<dat_narozeni den="1" mesic="2" rok="1985">
				
				
				
			</dat_narozeni>
			<adresa>
				<ulice>Sepotalova 18</ulice>
				<mesto>Havlickuv Brod</mesto>
				<psc>58001</psc>
				<stat>CR</stat>
			</adresa>
			<anamneza>
				<matka person_id="p002">
					<jmeno>Livia</jmeno>
					<prijmeni>Smith</prijmeni>
					<choroby>cukrovka</choroby>
				</matka>
				<otec person_id="p003">
					<jmeno>Parker</jmeno>
					<prijmeni>Smith</prijmeni>
					<choroby>roztrousena skleroza</choroby>
				</otec>
			</anamneza>
			<pojistovna>VZP</pojistovna>
		<person_id>p001</person_id></pacient>
		<nemoc>
			<vysetreni>
				<lekar>Mudr. Tonda Smudlin</lekar>
				<dat_vysetreni>
					<den>22</den>
					<mesic>2</mesic>
					<rok>2012</rok>
				</dat_vysetreni>
			</vysetreni>
			<diagnostika>
				<potize>
					<priznaky>zizen, unava</priznaky>
					<dat_hypoglyk>
						<den>19</den>
						<mesic>2</mesic>
						<rok>2012</rok>
					</dat_hypoglyk>
					<hodn_hypoglyk>4,0 mmol/l</hodn_hypoglyk>
				</potize>
				<nalez>A</nalez>
			</diagnostika>
			<lecba>
				<inzulin>BD-812</inzulin>
				<mnozstvi>2 mmol<sup>-1</sup>
				</mnozstvi>
				<dieta>A</dieta>
			</lecba>
			<poznamka>
				<p><![CDATA[
				  for (i=0; i < 10; $++)
				  {
				    document.writeln("<p>Byly nam??eny hodnoty 2x > je norm?l & pacientka m? p??li? roz???en? zornice.</p>");
				  
				]]></p>
				<p>Prohlidku provedl lekar Mudr. Josef Jinde dne <?php echo Date("d.m.y")?>.</p>
			</poznamka>
		</nemoc>
	</dotaznik>
	<dotaznik form_id="d002" typ="diabetes">
		<pacient father_id="p006" mother_id="p005">
			<jmeno>Ivan</jmeno>
			<prijmeni>Skocil</prijmeni>
			<titul>Mgr.</titul>
			<foto/>
			<pohlavi typ="muz"/>
			<postava>
				<vaha>123</vaha>
				<vyska>189</vyska>
			</postava>
			<dat_narozeni den="3" mesic="4" rok="1962">
				
				
				
			</dat_narozeni>
			<adresa>
				<ulice>Britska 1</ulice>
				<mesto>Praha</mesto>
				<psc>19200</psc>
				<stat>CR</stat>
			</adresa>
			<anamneza>
				<matka person_id="p005">
					<jmeno>Eva</jmeno>
					<prijmeni>Skocilova</prijmeni>
				</matka>
				<otec person_id="p006">
					<jmeno>Jiri</jmeno>
					<prijmeni>Skocil</prijmeni>
					<choroby>cukrovka</choroby>
				</otec>
			</anamneza>
			<pojistovna>OZP</pojistovna>
		<person_id>p004</person_id></pacient>
		<nemoc>
			<vysetreni>
				<lekar>Mudr. Tonda Smudlin</lekar>
				<dat_vysetreni>
					<den>19</den>
					<mesic>3</mesic>
					<rok>2012</rok>
				</dat_vysetreni>
			</vysetreni>
			<diagnostika>
				<potize>
					<priznaky>zizen</priznaky>
					<dat_hypoglyk>
						<den>1</den>
						<mesic>3</mesic>
						<rok>2012</rok>
					</dat_hypoglyk>
					<hodn_hypoglyk>2,0 mmol/l</hodn_hypoglyk>
				</potize>
				<nalez>B</nalez>
			</diagnostika>
			<lecba>
				<inzulin>AD-120</inzulin>
				<mnozstvi>2 mmol<sup>-1</sup>
				</mnozstvi>
				<dieta>B</dieta>
			</lecba>
			<poznamka>
				<p><![CDATA[
				  for (i=0; i < 10; $++)
				  {
				    document.writeln("<p>Byly nam??eny hodnoty 2x > je norm?l & pacientka m? p??li? roz???en? zornice.</p>");
				  
				]]></p>
				<p>Prohlidku provedl lekar Mudr. Josef Jinde dne <?php echo Date("d.m.y")?>.</p>
			</poznamka>
		</nemoc>
	</dotaznik>
</dotazniky>