<html>
   <head>
      <meta http-equiv="Content-Type" content="text/html; charset=UTF-8">
      <title>Rocni vybery od pojistitelu</title>
   </head>
   <body>
      <table>
         <tr>
            <th>Prijmeni</th>
            <th>Datum narozeni�</th>
            <th>Rocni platba</th>
         </tr>
         <tr>
            <td>Chaloupka</td>
            <td>25.7.1988</td>
            <td>14875,- Kč</td>
         </tr>
         <tr>
            <td>Omáčka</td>
            <td>dd.mm.yyyy</td>
            <td>9426,- Kč</td>
         </tr>
      </table>
   </body>
</html>