<?xml version="1.0" encoding="UTF-8" standalone="no"?><movieDatabase>

    <movieType>
        <movieName>J?, robot</movieName>
        <directorName>Alex Proyas</directorName>
        <published>2004</published>
        <rating>82%</rating>
 
         <actors>
            <actor>Will Smith<sex>man</sex></actor>
            <actor>Bridget Moynahan<sex>woman</sex></actor>
            <actor>Shia LaBeouf</actor>
        </actors>
       <curiosities>
            <curiosity>Ko?ka Dr. Lanninga (James Cromwell) se jmenuje Asimov.</curiosity>
            <curiosity>B?hem nat??en? havaroval Will Smith na motorce v rychlosti 60 mil za hodinu.</curiosity>
        </curiosities>
        
        <duration>90min</duration>
        
    <druh>movie</druh><id>jaRobot</id></movieType>
    
        <movieType>
        
        <movieName>Simpsonovi</movieName>
        <directorName>Brad Bird</directorName>
        <published>1989</published>
        <rating>94%</rating>
 
         <actors>
            <actor>Dan Castellaneta<sex>man</sex></actor>
            <actor>Nancy Cartwright<sex>woman</sex></actor>
            <actor>Hank Azaria</actor>
        </actors>
        
       <curiosities>
            <curiosity>Seri?l dr?? rekord i v po?tu hostuj?c?ch celebrit.</curiosity>
            <curiosity>Postava Barta se um?stila na prvn?m m?st? "Top 10 filmov?ch spratk?" v ?asopise TV Guide v roce 2005.</curiosity>
            <curiosity>Hlavn? postavy maj? ?lutou barvu, aby upoutaly pozornost div?k?, kte?? p?eskakuj? jednotliv? programy v televizi.</curiosity>
        <where>simp</where></curiosities>
        
        <episodes>498</episodes>
        
    <druh>serial</druh><id>simpsonovi</id></movieType>
    
    <movieType>
        
        <movieName>Avengers</movieName>
        <directorName>Joss Whedon</directorName>
        <published>2012</published>
        <rating>91%</rating>
 
         <actors>
            <actor>Robert Downey Jr.<sex>man</sex></actor>
            <actor>Scarlett Johansson<sex>woman</sex></actor>
            <actor>Chris Evans<sex>man</sex></actor>
            <actor>Chris Hemsworth<sex>man</sex></actor>
        </actors>
        
       <curiosities>
            <curiosity>O p?est?vk?ch b?hem nat??en? museli herci nosit dlouh? ?ern? k?p?, aby tak neodhalili podobu kost?m?.</curiosity>
            <curiosity>Prvn? film studia Marvel, kter? bude distribuov?n spole?nost? Walt Disney Pictures.</curiosity>
        </curiosities>
        
        <duration>142 min</duration>
        
    <druh>movie</druh><id>avengers </id></movieType>
    
        <movieType>
        
        <movieName>Sherlock Holmes: Hra st?n?</movieName>
        <directorName>Guy Ritchie</directorName>
        <published>2011</published>
        <rating>75%</rating>
 
         <actors>
            <actor>Robert Downey Jr.<sex>man</sex></actor>
            <actor>Noomi Rapace<sex>woman</sex></actor>
            <actor>Jude Law<sex>man</sex></actor>
        </actors>
        
       <curiosities>
            <curiosity>Seri?l dr?? rekord i v po?tu hostuj?c?ch celebrit.</curiosity>
            <curiosity>Konzultant filmu Lestie S. Klinger pro pokra?ov?n? navrhoval titul Sherlock Holmes: The Grand Game.  </curiosity>
            <curiosity>Stephen Fry (Mycroft Holmes) a Jared Harris (Profesor Moriarty) slav? narozeniny ve stejn? den, a to 24. 8.</curiosity>
        </curiosities>
        
    <druh>movie</druh><id>sherlock2</id></movieType>
    
</movieDatabase>