<?xml version="1.0" encoding="utf-8" standalone="no"?><?xml-stylesheet type="text/xsl" href="data.xsl"?>
<!-- Hope this will work --><Root>
	<Customers>
		<Customer CustomerID="GREAL" VIP="yes">
			<CompanyName>Great Lakes Food Market</CompanyName>
			<ContactName>Howard Snyder</ContactName>
			<ContactTitle>Marketing Manager</ContactTitle>
			<Phone>(503) 555-7555</Phone>
			<FullAddress>
				<Address>2732 Baker Blvd.</Address>
				<City>Eugene</City>
				<Region>OR</Region>
				<PostalCode>97403</PostalCode>
				<Country>USA</Country>
			</FullAddress>
		</Customer>
		<Customer CustomerID="HUNGC" VIP="no">
			<CompanyName><![CDATA[Hungry's & Coyote's Import Store]]></CompanyName>
			<ContactName>Yoshi Latimer</ContactName>
			<ContactTitle>Sales Representative</ContactTitle>
			<Phone>(503) 555-6874</Phone>
			<Fax>(503) 555-2376</Fax>
			<FullAddress>
				<Address>City Center Plaza 516 Main St.</Address>
				<City>Elgin</City>
				<Region>OR</Region>
				<PostalCode>97827</PostalCode>
				<Country>USA</Country>
			</FullAddress>
		</Customer>
		<Customer CustomerID="LAZYK" VIP="no">
			<CompanyName>Lazy K Kountry Store</CompanyName>
			<ContactName>John Steel</ContactName>
			<ContactTitle>Marketing Manager</ContactTitle>
			<Phone>(509) 555-7969</Phone>
			<Fax>(509) 555-6221</Fax>
			<FullAddress>
				<Address>12 Orchestra Terrace</Address>
				<City>Walla Walla</City>
				<Region>WA</Region>
				<PostalCode>99362</PostalCode>
				<Country>USA</Country>
			</FullAddress>
		</Customer>
		<Customer CustomerID="LETSS" VIP="yes">
			<CompanyName>Let's Stop N Shop</CompanyName>
			<ContactName>Jaime Yorres</ContactName>
			<ContactTitle>Owner</ContactTitle>
			<Phone>(415) 555-5938</Phone>
			<Fax>(509) 123-6666</Fax><FullAddress>
				<Address>87 Polk St. Suite 5</Address>
				<City>San Francisco</City>
				<Region>CA</Region>
				<PostalCode>94117</PostalCode>
				<Country>USA</Country>
			</FullAddress>
		</Customer>
	</Customers>
	<Orders>
		<Order>
			<CustomerID CustomerId="GREAL"/>
			<EmployeeID>4</EmployeeID>
			<OrderDate>1998-04-22T00:00:00</OrderDate>
			<RequiredDate>1998-05-20T00:00:00</RequiredDate>
			<ShipInfo>
				<ShipVia>3</ShipVia>
				<Freight>18.84</Freight>
			</ShipInfo>
		</Order>
		<Order>
			<CustomerID CustomerId="GREAL"/>
			<EmployeeID>4</EmployeeID>
			<OrderDate>1998-04-30T00:00:00</OrderDate>
			<RequiredDate>1998-06-11T00:00:00</RequiredDate>
			<ShipInfo>
				<ShipVia>3</ShipVia>
				<Freight>14.01</Freight>
			</ShipInfo>
		</Order>
		</Orders>
</Root>