<?xml version="1.0" encoding="UTF-8" standalone="no"?><katalog>
	<!-- Informace o 1. vyrobci a jeho produktech -->
	<vyrobce ID="v1" Jmeno="Vyrobce 1">
		<info>
			<ico>12345678</ico>
			<dico>CZ 87654321</dico>
			<adresa>
				
				
				
			<potomci>
				 Potomek - nazev : ulice, obsah : Atribut - nazev : odkaz, obsah : sdfdsfds; Ulice vyrobce 1; 
				 Potomek - nazev : mesto, obsah : Mesto vyrobce 1; 
				 Potomek - nazev : psc, obsah : 12345; 
			</potomci></adresa>
			<kontakty>
				
				
			<potomci>
				 Potomek - nazev : telefony, obsah : 
					;  Potomek - nazev : telefon, obsah : 123 456789; 
					;  Potomek - nazev : telefon, obsah : 123 456 789; 
				; 
				 Potomek - nazev : mail, obsah : mail@prvnivyrobce.com; 
			</potomci></kontakty>
		</info>
		<produkt ID="p1" cena="1500">
			<popis>Popis 1. produktu</popis>
			<vyraben>
				
				
			<potomci>
				 Potomek - nazev : od, obsah : 2012-01-01; 
				 Potomek - nazev : do, obsah : 2013-02-01; 
			</potomci></vyraben>
		</produkt>
		<produkt ID="p2" cena="1600">
			<popis>Popis 2. produktu</popis>
			<vyraben>
				
				
			<potomci>
				 Potomek - nazev : od, obsah : 2012-02-01; 
				 Potomek - nazev : do, obsah : 2013-03-01; 
			</potomci></vyraben>
			<predchozi-typ>p1</predchozi-typ>
		</produkt>
		<produkt ID="p3" cena="1700">
			<popis>Popis 3. produktu</popis>
			<vyraben>
				
				
			<potomci>
				 Potomek - nazev : od, obsah : 2012-03-01; 
				 Potomek - nazev : do, obsah : 2013-04-01; 
			</potomci></vyraben>
			<soucasti>p2</soucasti>
		</produkt>
		<produkt ID="p4" cena="1550">
			<popis>Popis 4. produktu</popis>
			<vyraben>
				
				
			<potomci>
				 Potomek - nazev : od, obsah : 2012-04-01; 
				 Potomek - nazev : do, obsah : 2013-05-01; 
			</potomci></vyraben>
			<predchozi-typ>p1</predchozi-typ>
		</produkt>
		<produkt ID="p5" cena="1650">
			<popis>Popis 5. produktu</popis>
			<vyraben>
				
				
			<potomci>
				 Potomek - nazev : od, obsah : 2012-05-01; 
				 Potomek - nazev : do, obsah : 2013-06-01; 
			</potomci></vyraben>
		</produkt>
		<produkt ID="p6" cena="1750">
			<popis>Popis 6. produktu</popis>
			<vyraben>
				
				
			<potomci>
				 Potomek - nazev : od, obsah : 2012-06-01; 
				 Potomek - nazev : do, obsah : 2013-07-01; 
			</potomci></vyraben>
			<soucasti>p4 p5</soucasti>
			<predchozi-typ>p3</predchozi-typ>
		</produkt>
		<produkt ID="p7" cena="1800">
			<popis>Popis 7. produktu</popis>
			<vyraben>
				
				
			<potomci>
				 Potomek - nazev : od, obsah : 2012-07-01; 
				 Potomek - nazev : do, obsah : 2013-08-01; 
			</potomci></vyraben>
			<soucasti>p4 p5</soucasti>
			<predchozi-typ>p4 p5</predchozi-typ>
		</produkt>
		<produkt ID="p8" cena="1700">
			<popis>Popis 8. produktu</popis>
			<vyraben>
				
				
			<potomci>
				 Potomek - nazev : od, obsah : 2012-08-01; 
				 Potomek - nazev : do, obsah : 2013-09-01; 
			</potomci></vyraben>
		</produkt>
		<produkt ID="p9" cena="1450">
			<popis>Popis 9. produktu</popis>
			<vyraben>
				
				
			<potomci>
				 Potomek - nazev : od, obsah : 2012-09-01; 
				 Potomek - nazev : do, obsah : 2013-10-01; 
			</potomci></vyraben>
			<soucasti>p8</soucasti>
		</produkt>
		<produkt ID="p10" cena="1400">
			<popis>Popis 10. produktu</popis>
			<vyraben>
				
				
			<potomci>
				 Potomek - nazev : od, obsah : 2012-10-01; 
				 Potomek - nazev : do, obsah : 2013-11-01; 
			</potomci></vyraben>
			<soucasti>p8</soucasti>
			<predchozi-typ>p9</predchozi-typ>
		</produkt>
	</vyrobce>
	<vyrobce ID="v2" Jmeno="Vyrobce 2">
		<info>
			<ico>22345678</ico>
			<dico>SK 87654322</dico>
			<adresa>
				
				
				
			<potomci>
				 Potomek - nazev : ulice, obsah : Ulice vyrobce 2; 
				 Potomek - nazev : mesto, obsah : Atribut - nazev : stat, obsah : SK; Mesto vyrobce 2; 
				 Potomek - nazev : psc, obsah : 54321; 
			</potomci></adresa>
			<kontakty>
				
				
			<potomci>
				 Potomek - nazev : telefony-faxy, obsah : 
					;  Potomek - nazev : telefon, obsah : 123456789; 
					;  Potomek - nazev : fax, obsah : 123789456; 
				; 
				 Potomek - nazev : mail, obsah : mail@druhyvyrobce.com; 
			</potomci></kontakty>
		</info>
		<produkt ID="p11" cena="1000">
			<popis>Popis 11. produktu
			</popis>
			<vyraben>
				
				
			<potomci>
				 Potomek - nazev : od, obsah : 2011-01-01; 
				 Potomek - nazev : do, obsah : 2013-01-01; 
			</potomci></vyraben>
		</produkt>
		<produkt ID="p12" cena="990">
			<popis>Popis 12. produktu</popis>
			<vyraben>
				
				
			<potomci>
				 Potomek - nazev : od, obsah : 2011-02-01; 
				 Potomek - nazev : do, obsah : 2012-03-01; 
			</potomci></vyraben>
			<predchozi-typ>p11</predchozi-typ>
		</produkt>
		<produkt ID="p13" cena="980">
			<popis>Popis 13. produktu</popis>
			<vyraben>
				
				
			<potomci>
				 Potomek - nazev : od, obsah : 2011-03-01; 
				 Potomek - nazev : do, obsah : 2013-01-01; 
			</potomci></vyraben>
			<soucasti>p12</soucasti>
		</produkt>
		<produkt ID="p14" cena="970">
			<popis>Popis 4. produktu</popis>
			<vyraben>
				
				
			<potomci>
				 Potomek - nazev : od, obsah : 2011-04-01; 
				 Potomek - nazev : do, obsah : 2013-06-01; 
			</potomci></vyraben>
		</produkt>
		<produkt ID="p15" cena="1010">
			<popis>Popis 15. produktu
			</popis>
			<vyraben>
				
				
			<potomci>
				 Potomek - nazev : od, obsah : 2011-05-01; 
				 Potomek - nazev : do, obsah : 2012-06-01; 
			</potomci></vyraben>
			<predchozi-typ>p14</predchozi-typ>
		</produkt>
		<produkt ID="p16" cena="1020">
			<popis>Popis 16. produktu</popis>
			<vyraben>
				
				
			<potomci>
				 Potomek - nazev : od, obsah : 2011-06-01; 
				 Potomek - nazev : do, obsah : 2014-06-01; 
			</potomci></vyraben>
			<soucasti>p13 p15</soucasti>
		</produkt>
	</vyrobce>
</katalog>