<html>
   <head>
      <meta http-equiv="Content-Type" content="text/html; charset=UTF-8">
   </head>
   <body>
      <table>
         <thead>
            <tr>
               <th>Department</th>
               <th>Salaries</th>
            </tr>
         </thead>
         <tbody>
            <tr>
               <td>Development</td>
               <td>Sum: 2400</td>
            </tr>
            <tr>
               <td>Engineering</td>
               <td>Sum: 2500</td>
            </tr>
            <tr>
               <td>Accounting</td>
               <td>Sum: 3000</td>
            </tr>
         </tbody>
      </table>
   </body>
</html>