<html>
   <head>
      <meta http-equiv="Content-Type" content="text/html; charset=UTF-8">
   </head>
   <body>
      <table>
         <thead>
            <tr>
               <th>Employee</th>
            </tr>
         </thead>
         <tbody>
            <tr>
               <td>John Smith</td>
            </tr>
            <tr>
               <td>Peter Brown</td>
            </tr>
            <tr>
               <td>Arthur Taylor</td>
            </tr>
            <tr>
               <td>Martin Smith</td>
            </tr>
            <tr>
               <td>Martin Owen</td>
            </tr>
            <tr>
               <td>Kate Stone</td>
            </tr>
            <tr>
               <td>Carl Banks</td>
            </tr>
            <tr>
               <td>Philip Stein</td>
            </tr>
         </tbody>
      </table>
   </body>
</html>