<html>
   <head>
      <meta http-equiv="Content-Type" content="text/html; charset=UTF-8">
   </head>
   <body>
      <ul>
         <li>
            		Department:Production
            		Subdepartmenty: 
            <ul>
               <li>
                  		Department:Development
               </li>
               <li>
                  		Department:Engineering
               </li>
            </ul>
         </li>
         <li>
            		Department:Accounting
         </li>
      </ul>
   </body>
</html>