<?xml version="1.0" encoding="UTF-8"?>
<vtipy>
   <vtip>
		Sli dva a prostredni upad.
	</vtip>
   <vtip>
		
		
		
			function random() { // returns a completely random number
				return 4;
			}
		
	</vtip>
   <vtip>
				Co dělá lenochod, když hoří les?
				.
				.
				Hoří taky.
				
			</vtip>
   <vtip>
						"Slyšel jsem, že včera pochovali Brožka. Co mu bylo?"
						"Byl mrtvý." 
					</vtip>
   <vtip>
				Baví se dva matfyzáci: "Víš, že se studiem matfyzu pomalu blbne?"
				"To nevadí, já mám času dost."
			</vtip>
   <vtip>
		Dva zamilovaní programátoři leží na koleji v postýlce a skoro usínají. Dívka začne svého drahého hladit po tvářičce a něžně zašeptá:
		"Miláčku, myslíš na to, na co myslím já?"
		"Ano, zlatíčko." nakloní se jí k uchu chlapec.
		"A jak bys to implementoval?"
	</vtip>,
</vtipy>