<html>
   <head>
      <meta http-equiv="Content-Type" content="text/html; charset=UTF-8">
   </head>
   <body>
      <table>
         <thead>
            <tr>
               <th>Autor</th>
               <th>Pocet vtipu</th>
            </tr>
         </thead>
         <tbody>
            <tr>
               <td>
                  <jmeno>Autor</jmeno>
                  <prijmeni>Neznamy</prijmeni>
               </td>
               <td>2</td>
            </tr>
            <tr>
               <td>
                  <jmeno>Karel</jmeno>
                  <prijmeni>Karel</prijmeni>
               </td>
               <td>1</td>
            </tr>
         </tbody>
      </table>
   </body>
</html>