<?xml version="1.0" encoding="UTF-8"?>
<list>
   <server id="s1">
      <name>
         <name>
                Jméno
            </name>
      </name>
   </server>
   <server id="s2">
      <name>
         <name>Jméno 2</name>
      </name>
   </server>
   <server id="s3">
      <name>
         <name>Jméno 3</name>
      </name>
   </server>
   <server>
      <name>
         <name>New SErver1</name>
      </name>
   </server>
   <server>
      <name>
         <name>New SErver2</name>
      </name>
   </server>
</list>