<?xml version="1.0" encoding="UTF-8"?>
<servers>
   <server>
      <name>
         <name>
                Jm?no
            </name>
      </name>
      <status>Offline</status>
      <players>
         <player>player1</player>
         <player>player2</player>
      </players>
   </server>
   <server>
      <name>
         <name>Jm?no 2</name>
      </name>
      <status>Online</status>
      <players/>
   </server>
   <server>
      <name>
         <name>Jm?no 3</name>
      </name>
      <status>Online</status>
      <players>
         <player>Nekdo</player>
         <player>player1</player>
         <player>player2</player>
      </players>
   </server>
</servers>