<?xml version="1.0" encoding="UTF-8"?>
<skladem>
   <rating xmlns:xsi="http://www.w3.org/2001/XMLSchema-instance">10</rating>
   <rating xmlns:xsi="http://www.w3.org/2001/XMLSchema-instance">12</rating>
   <rating xmlns:xsi="http://www.w3.org/2001/XMLSchema-instance">12</rating>
   <rating xmlns:xsi="http://www.w3.org/2001/XMLSchema-instance">15</rating>
   <rating xmlns:xsi="http://www.w3.org/2001/XMLSchema-instance">12</rating>
   <rating xmlns:xsi="http://www.w3.org/2001/XMLSchema-instance">15</rating>
   <rating xmlns:xsi="http://www.w3.org/2001/XMLSchema-instance">15</rating>
   <rating xmlns:xsi="http://www.w3.org/2001/XMLSchema-instance">2</rating>
   <rating xmlns:xsi="http://www.w3.org/2001/XMLSchema-instance">3</rating>
   <rating xmlns:xsi="http://www.w3.org/2001/XMLSchema-instance">5</rating>
   <rating xmlns:xsi="http://www.w3.org/2001/XMLSchema-instance">15</rating>
   <rating xmlns:xsi="http://www.w3.org/2001/XMLSchema-instance">15</rating>
   <rating xmlns:xsi="http://www.w3.org/2001/XMLSchema-instance">5</rating>
   <rating xmlns:xsi="http://www.w3.org/2001/XMLSchema-instance">4</rating>
   <rating xmlns:xsi="http://www.w3.org/2001/XMLSchema-instance">12</rating>
   <rating xmlns:xsi="http://www.w3.org/2001/XMLSchema-instance">15</rating>
   <rating xmlns:xsi="http://www.w3.org/2001/XMLSchema-instance">15</rating>
   <rating xmlns:xsi="http://www.w3.org/2001/XMLSchema-instance">4</rating>
   <rating xmlns:xsi="http://www.w3.org/2001/XMLSchema-instance">4</rating>
   <rating xmlns:xsi="http://www.w3.org/2001/XMLSchema-instance">15</rating>
   <rating xmlns:xsi="http://www.w3.org/2001/XMLSchema-instance">15</rating>
   <rating xmlns:xsi="http://www.w3.org/2001/XMLSchema-instance">4</rating>
   <rating xmlns:xsi="http://www.w3.org/2001/XMLSchema-instance">3</rating>
   <rating xmlns:xsi="http://www.w3.org/2001/XMLSchema-instance">10</rating>
   <rating xmlns:xsi="http://www.w3.org/2001/XMLSchema-instance">15</rating>
   <rating xmlns:xsi="http://www.w3.org/2001/XMLSchema-instance">10</rating>
   <rating xmlns:xsi="http://www.w3.org/2001/XMLSchema-instance">15</rating>
   <rating xmlns:xsi="http://www.w3.org/2001/XMLSchema-instance">15</rating>
   <rating xmlns:xsi="http://www.w3.org/2001/XMLSchema-instance">10</rating>
   <rating xmlns:xsi="http://www.w3.org/2001/XMLSchema-instance">12</rating>
</skladem>