<?xml version="1.0" encoding="UTF-8"?>
<xhtml>
   <head>
      <title>Seznam filmu</title>
   </head>
   <body>
      <table>
         <caption>Seznam filmu</caption>
         <thead>
            <tr>
               <td>Rating and Language</td>
               <td>Screen</td>
               <td>Director</td>
            </tr>
         </thead>
         <tbody>
            <tr>
               <td>10 EN</td>
               <td>3</td>
               <td>Tomas </td>
            </tr>
            <tr>
               <td>12 Sub</td>
               <td>8</td>
               <td>William Brent Bell</td>
            </tr>
            <tr>
               <td>12 Sub</td>
               <td>9</td>
               <td>Phyllida Lloyd </td>
            </tr>
            <tr>
               <td>15 Sub</td>
               <td>10</td>
               <td>James Watkins</td>
            </tr>
            <tr>
               <td>12 Sub</td>
               <td>8</td>
               <td>McG</td>
            </tr>
            <tr>
               <td>15 Sub</td>
               <td>2</td>
               <td>Steven Spielberg</td>
            </tr>
            <tr>
               <td>15 Sub</td>
               <td>5</td>
               <td>Simon Curtis Mark Neveldine</td>
            </tr>
            <tr>
               <td>2 Dub</td>
               <td>9</td>
               <td>Hoyt Yeatman</td>
            </tr>
            <tr>
               <td>3 DD</td>
               <td>1</td>
               <td>Hoyt Yeatman</td>
            </tr>
            <tr>
               <td>5 Sub</td>
               <td>6</td>
               <td>Mark Waters</td>
            </tr>
            <tr>
               <td>15 Sub</td>
               <td>4</td>
               <td>Quentin Tarantino</td>
            </tr>
            <tr>
               <td>15 CZ</td>
               <td>9</td>
               <td>James Cameron Kasia Adamik Ivan Kozel</td>
            </tr>
            <tr>
               <td>5 CZ</td>
               <td>10</td>
               <td>Nora Ephron</td>
            </tr>
            <tr>
               <td>4 CZ</td>
               <td>1 8</td>
               <td>Tomáš Vorel </td>
            </tr>
            <tr>
               <td>12 Sub</td>
               <td>9</td>
               <td>Ian Fitzgibbon</td>
            </tr>
            <tr>
               <td>15 Sub</td>
               <td>2</td>
               <td>Neill Blomkamp</td>
            </tr>
            <tr>
               <td>15 Sub</td>
               <td>6</td>
               <td>Brian Taylor Mark Neveldine</td>
            </tr>
            <tr>
               <td>4 Dub</td>
               <td>6</td>
               <td>Hoyt Yeatman</td>
            </tr>
            <tr>
               <td>4 CZ</td>
               <td>2</td>
               <td/>
            </tr>
            <tr>
               <td>15 Sub</td>
               <td>3</td>
               <td>Neill Blomkamp</td>
            </tr>
            <tr>
               <td>15 Sub</td>
               <td>4</td>
               <td>Brian Taylor Mark Neveldine</td>
            </tr>
            <tr>
               <td>4 Dub</td>
               <td>4</td>
               <td>Hoyt Yeatman</td>
            </tr>
            <tr>
               <td>3 Dub</td>
               <td>7</td>
               <td>Mark Waters</td>
            </tr>
            <tr>
               <td>10 Dub</td>
               <td>6</td>
               <td>David Yates</td>
            </tr>
            <tr>
               <td>15 CZ</td>
               <td>5</td>
               <td>Carlos Saldanha</td>
            </tr>
            <tr>
               <td>10 CZ</td>
               <td>8</td>
               <td>Tomáš Vorel </td>
            </tr>
            <tr>
               <td>15 Sub</td>
               <td>5</td>
               <td>Neill Blomkamp</td>
            </tr>
            <tr>
               <td>15 Sub</td>
               <td>4</td>
               <td>Brian Taylor Mark Neveldine</td>
            </tr>
            <tr>
               <td>10 Dub</td>
               <td>3</td>
               <td>Hoyt Yeatman</td>
            </tr>
            <tr>
               <td>12 DS</td>
               <td>6</td>
               <td>Jeff Broadstreet </td>
            </tr>
         </tbody>
         <tfoot>
            <tr>
               <td colspan="6">Celkem:</td>
               <td>4</td>
            </tr>
         </tfoot>
      </table>
   </body>
</xhtml>