<?xml version="1.0" encoding="UTF-8"?>
<All>
   <Type name="GGen_Amplitudes">
      <Method>AddAmplitude</Method>
   </Type>
   <Type name="GGen_Data_1D">
      <Method>Abs</Method>
      <Method>Add</Method>
      <Method>AddArray</Method>
      <Method>AddTo</Method>
      <Method>Clamp</Method>
      <Method>Clone</Method>
      <Method>Fill</Method>
      <Method>Flip</Method>
      <Method>Flood</Method>
      <Method>GetLength</Method>
      <Method>GetValue</Method>
      <Method>GetValueInterpolated</Method>
      <Method>Gradient</Method>
      <Method>Intersection</Method>
      <Method>Invert</Method>
      <Method>Max</Method>
      <Method>Min</Method>
      <Method>Monochrome</Method>
      <Method>Multiply</Method>
      <Method>MultiplyArray</Method>
      <Method>Noise</Method>
      <Method>Normalize</Method>
      <Method>ResizeCanvas</Method>
      <Method>Scale</Method>
      <Method>ScaleTo</Method>
      <Method>ScaleValuesTo</Method>
      <Method>SetValue</Method>
      <Method>SetValueInRange</Method>
      <Method>SlopeMap</Method>
      <Method>Smooth</Method>
      <Method>ToPath</Method>
      <Method>Union</Method>
   </Type>
   <Type name="GGen_Data_2D">
      <Method>Abs</Method>
      <Method>Add</Method>
      <Method>AddMap</Method>
      <Method>AddMapMasked</Method>
      <Method>AddMasked</Method>
      <Method>AddTo</Method>
      <Method>Clamp</Method>
      <Method>Clone</Method>
      <Method>Combine</Method>
      <Method>ConvexityMap</Method>
      <Method>CropValues</Method>
      <Method>Distort</Method>
      <Method>Expand</Method>
      <Method>ExpandDirection</Method>
      <Method>Fill</Method>
      <Method>FillMasked</Method>
      <Method>FillPolygon</Method>
      <Method>Flip</Method>
      <Method>Flood</Method>
      <Method>FloodFill</Method>
      <Method>FloodSelect</Method>
      <Method>GetHeight</Method>
      <Method>GetLength</Method>
      <Method>GetMaxDistance</Method>
      <Method>GetMaxValueOnPath</Method>
      <Method>GetMinValueOnPath</Method>
      <Method>GetProfile</Method>
      <Method>GetValue</Method>
      <Method>GetValueInterpolated</Method>
      <Method>GetWidth</Method>
      <Method>Gradient</Method>
      <Method>GradientFromProfile</Method>
      <Method>Intersection</Method>
      <Method>IntersectionTo</Method>
      <Method>Invert</Method>
      <Method>Max</Method>
      <Method>Min</Method>
      <Method>Monochrome</Method>
      <Method>Multiply</Method>
      <Method>MultiplyMap</Method>
      <Method>Noise</Method>
      <Method>NormalMap</Method>
      <Method>Normalize</Method>
      <Method>NormalizeDirection</Method>
      <Method>Outline</Method>
      <Method>Pattern</Method>
      <Method>Project</Method>
      <Method>RadialGradient</Method>
      <Method>RadialGradientFromProfile</Method>
      <Method>ReplaceValue</Method>
      <Method>ResizeCanvas</Method>
      <Method>ReturnAs</Method>
      <Method>Rotate</Method>
      <Method>Scale</Method>
      <Method>ScaleTo</Method>
      <Method>ScaleValuesTo</Method>
      <Method>Scatter</Method>
      <Method>SelectValue</Method>
      <Method>SetValue</Method>
      <Method>SetValueInRect</Method>
      <Method>Shear</Method>
      <Method>Shift</Method>
      <Method>Shrink</Method>
      <Method>ShrinkDirection</Method>
      <Method>SlopeMap</Method>
      <Method>Smooth</Method>
      <Method>SmoothDirection</Method>
      <Method>StrokePath</Method>
      <Method>Transform</Method>
      <Method>TransformValues</Method>
      <Method>Union</Method>
      <Method>UnionTo</Method>
      <Method>VoronoiNoise</Method>
   </Type>
   <Type name="GGen_Path">
      <Method>AddPoint</Method>
      <Method>AddPointByCoords</Method>
      <Method>Clear</Method>
      <Method>Flip</Method>
      <Method>GetAverageX</Method>
      <Method>GetCenterX</Method>
      <Method>GetMaxX</Method>
      <Method>GetMaxY</Method>
      <Method>InsertPoint</Method>
      <Method>InsertPointByCoords</Method>
      <Method>Move</Method>
      <Method>RemovePoint</Method>
      <Method>Rotate</Method>
      <Method>Scale</Method>
      <Method>Shear</Method>
      <Method>Transform</Method>
   </Type>
   <Type name="GGen_Point">
      <Method>GetX</Method>
      <Method>GetY</Method>
      <Method>SetCoords</Method>
      <Method>SetX</Method>
      <Method>SetY</Method>
   </Type>
</All>