<html>
   <head>
      <meta http-equiv="Content-Type" content="text/html; charset=UTF-8">
      <title>Titulek</title>
   </head>
   <body>
      <table border="1">
         <thead>
            <tr>
               <th>Type</th>
               <th>Methods</th>
            </tr>
         </thead>
         <tr>
            <td>GGen_Data_2D</td>
            <td>
               <p>Clone</p>
               <p>GetWidth</p>
               <p>GetHeight</p>
               <p>GetLength</p>
               <p>GetMaxDistance</p>
               <p>SetValue</p>
               <p>SetValueInRect</p>
               <p>GetValue</p>
               <p>GetValueInterpolated</p>
               <p>Add</p>
               <p><strong>AddMap</strong></p>
               <p><strong>AddTo</strong></p>
               <p><strong>AddMapMasked</strong></p>
               <p><strong>AddMasked</strong></p>
               <p>Multiply</p>
               <p><strong>MultiplyMap</strong></p>
               <p>Invert</p>
               <p>Scale</p>
               <p>ScaleTo</p>
               <p>ScaleValuesTo</p>
               <p>ResizeCanvas</p>
               <p>Fill</p>
               <p><strong>FillMasked</strong></p>
               <p>Clamp</p>
               <p>CropValues</p>
               <p>Min</p>
               <p>Max</p>
               <p><strong>Intersection</strong></p>
               <p><strong>IntersectionTo</strong></p>
               <p><strong>Union</strong></p>
               <p><strong>UnionTo</strong></p>
               <p><strong>Combine</strong></p>
               <p>ReplaceValue</p>
               <p>Abs</p>
               <p><strong>Shift</strong></p>
               <p><strong>Project</strong></p>
               <p>GetProfile</p>
               <p>Gradient</p>
               <p><strong>GradientFromProfile</strong></p>
               <p>RadialGradient</p>
               <p><strong>RadialGradientFromProfile</strong></p>
               <p><strong>Noise</strong></p>
               <p>VoronoiNoise</p>
               <p>SmoothDirection</p>
               <p>Smooth</p>
               <p>Flood</p>
               <p><strong>Pattern</strong></p>
               <p>Monochrome</p>
               <p>SelectValue</p>
               <p>SlopeMap</p>
               <p>Scatter</p>
               <p><strong>TransformValues</strong></p>
               <p>Normalize</p>
               <p>NormalizeDirection</p>
               <p>Transform</p>
               <p>Rotate</p>
               <p>Shear</p>
               <p>Flip</p>
               <p>ReturnAs</p>
               <p><strong>FillPolygon</strong></p>
               <p><strong>StrokePath</strong></p>
               <p>FloodFill</p>
               <p>FloodSelect</p>
               <p><strong>GetMaxValueOnPath</strong></p>
               <p><strong>GetMinValueOnPath</strong></p>
               <p>ExpandDirection</p>
               <p>ShrinkDirection</p>
               <p>Expand</p>
               <p>Shrink</p>
               <p>Outline</p>
               <p>ConvexityMap</p>
               <p>Distort</p>
               <p>NormalMap</p>
            </td>
         </tr>
         <tr>
            <td>GGen_Data_1D</td>
            <td>
               <p>Clone</p>
               <p>GetLength</p>
               <p>SetValue</p>
               <p>SetValueInRange</p>
               <p>GetValue</p>
               <p>GetValueInterpolated</p>
               <p>Add</p>
               <p><strong>AddArray</strong></p>
               <p><strong>AddTo</strong></p>
               <p>Multiply</p>
               <p><strong>MultiplyArray</strong></p>
               <p>Invert</p>
               <p>Scale</p>
               <p>ScaleTo</p>
               <p>ScaleValuesTo</p>
               <p>Fill</p>
               <p>ResizeCanvas</p>
               <p>Clamp</p>
               <p>Flip</p>
               <p>Min</p>
               <p>Max</p>
               <p><strong>Union</strong></p>
               <p><strong>Intersection</strong></p>
               <p>Abs</p>
               <p>Monochrome</p>
               <p>Normalize</p>
               <p>SlopeMap</p>
               <p>Gradient</p>
               <p><strong>Noise</strong></p>
               <p>Smooth</p>
               <p>Flood</p>
               <p>ToPath</p>
            </td>
         </tr>
         <tr>
            <td>GGen_Amplitudes</td>
            <td>
               <p>AddAmplitude</p>
            </td>
         </tr>
         <tr>
            <td>GGen_Point</td>
            <td>
               <p>GetX</p>
               <p>GetY</p>
               <p>SetX</p>
               <p>SetY</p>
               <p>SetCoords</p>
            </td>
         </tr>
         <tr>
            <td>GGen_Path</td>
            <td>
               <p><strong>AddPoint</strong></p>
               <p>AddPointByCoords</p>
               <p>RemovePoint</p>
               <p><strong>InsertPoint</strong></p>
               <p>InsertPointByCoords</p>
               <p>GetMaxX</p>
               <p>GetMaxY</p>
               <p>GetAverageX</p>
               <p>GetCenterX</p>
               <p>Clear</p>
               <p>Move</p>
               <p>Transform</p>
               <p>Rotate</p>
               <p>Shear</p>
               <p>Flip</p>
               <p>Scale</p>
            </td>
         </tr>
      </table>
   </body>
</html>