<?xml version="1.0" encoding="UTF-8"?>
<Strings>
   <String>a11</String>
   <String>a12</String>
   <String>a21</String>
   <String>a22</String>
   <String>addend</String>
   <String>amplitude</String>
   <String>amplitudes</String>
   <String>angle</String>
   <String>brush</String>
   <String>cell_size</String>
   <String>center_x</String>
   <String>center_y</String>
   <String>coordinate</String>
   <String>current_progress</String>
   <String>default_value</String>
   <String>description</String>
   <String>direction</String>
   <String>distance</String>
   <String>factor</String>
   <String>feature_size</String>
   <String>fill_outside</String>
   <String>fill_value</String>
   <String>from</String>
   <String>from_value</String>
   <String>from_x</String>
   <String>from_y</String>
   <String>height</String>
   <String>horizontal_shear</String>
   <String>index</String>
   <String>label</String>
   <String>land_amount</String>
   <String>length</String>
   <String>mask</String>
   <String>max</String>
   <String>max_feature_size</String>
   <String>max_progress</String>
   <String>max_value</String>
   <String>min</String>
   <String>min_feature_size</String>
   <String>min_value</String>
   <String>mode</String>
   <String>name</String>
   <String>needle</String>
   <String>new_height</String>
   <String>new_length</String>
   <String>new_max</String>
   <String>new_min</String>
   <String>new_width</String>
   <String>new_zero</String>
   <String>new_zero_x</String>
   <String>new_zero_y</String>
   <String>offset</String>
   <String>offset_x</String>
   <String>offset_y</String>
   <String>options</String>
   <String>origin_x</String>
   <String>origin_y</String>
   <String>outlineMode</String>
   <String>path</String>
   <String>pattern</String>
   <String>point</String>
   <String>point_count</String>
   <String>points_per_cell</String>
   <String>preserve_size</String>
   <String>profile</String>
   <String>radius</String>
   <String>ratio</String>
   <String>ratio_x</String>
   <String>ratio_y</String>
   <String>relative</String>
   <String>replace</String>
   <String>scale_to_height</String>
   <String>scale_to_length</String>
   <String>scale_to_width</String>
   <String>scale_values</String>
   <String>start_x</String>
   <String>start_y</String>
   <String>step_size</String>
   <String>threshold</String>
   <String>to</String>
   <String>to_value</String>
   <String>to_x</String>
   <String>to_y</String>
   <String>value</String>
   <String>vertical_shear</String>
   <String>victim</String>
   <String>waveLength</String>
   <String>width</String>
   <String>x</String>
   <String>x1</String>
   <String>x2</String>
   <String>y</String>
   <String>y1</String>
   <String>y2</String>
</Strings>