<?xml version="1.0" encoding="UTF-8"?>
<All>
   <Type name="GGen_Amplitudes">
      <MethodCount>1</MethodCount>
      <UsageCount>2</UsageCount>
   </Type>
   <Type name="GGen_Data_1D">
      <MethodCount>32</MethodCount>
      <UsageCount>11</UsageCount>
   </Type>
   <Type name="GGen_Data_2D">
      <MethodCount>73</MethodCount>
      <UsageCount>14</UsageCount>
   </Type>
   <Type name="GGen_Path">
      <MethodCount>16</MethodCount>
      <UsageCount>4</UsageCount>
   </Type>
   <Type name="GGen_Point">
      <MethodCount>5</MethodCount>
      <UsageCount>2</UsageCount>
   </Type>
</All>