<?xml version="1.0" encoding="UTF-8" standalone="no"?><?xml-stylesheet href="modern.css" type="text/css"?>
<!-- len pre splnenie podmienok--><World><projecthome>ph</projecthome><engine>CoolPool</engine>
	<!-- CUSTOM OBJECTS -->
	<CustomObjects><orientation>rightHanded</orientation>
		<CustomObject><idd>custom1</idd><class>class1 class2</class>
			<Rectangle>
				<Vector><z>1</z><y>1</y><x>1</x></Vector>
				<Vector><z>2</z><y>2</y><x>2</x></Vector>
				<Vector><z>5</z><y>4</y><x>3</x></Vector>
				<Quaternion><z>5</z><y>4</y><x>3</x><s>2</s></Quaternion>
			</Rectangle>
			<Sphere>
				<Radius>4</Radius>
				<Vector><z>4</z><y>1</y><x>4</x></Vector>
			</Sphere>
			<Cylinder>
				<Radius>3</Radius>
				<Vector><z>5</z><y>4</y><x>1</x></Vector>
				<Length>2</Length>
			</Cylinder>
			<Cone>
				<Radius>3</Radius>
				<Vector><z>5</z><y>4</y><x>1</x></Vector>
				<Length>2</Length>
			</Cone>
			<Torus>
				<Axis>
					<Vector><z>7</z><y>6</y><x>3</x></Vector>
				</Axis>
				<Center>
					<Vector><z>4</z><y>8</y><x>7</x></Vector>
				</Center>
				<TorusWidth>4</TorusWidth>
				<TorusRadius>4</TorusRadius>
			</Torus>
			<Polygon>
				<Vertices>
					<Vertex><id>vertex1</id>
						<Vector><z>4</z><y>8</y><x>7</x></Vector>
					</Vertex>
					<Vertex><id>vertex2</id>
						<Vector><z>4</z><y>8</y><x>4</x></Vector>
					</Vertex>
					<Vertex><id>vertex3</id>
						<Vector><z>4</z><y>8</y><x>5</x></Vector>
					</Vertex>
					<Vertex><id>vertex4</id>
						<Vector><z>4</z><y>8</y><x>6</x></Vector>
					</Vertex>
					<Vertex><id>vertex5</id>
						<Vector><z>4</z><y>8</y><x>8</x></Vector>
					</Vertex>
					<Vertex><id>vertex6</id>
						<Vector><z>4</z><y>8</y><x>9</x></Vector>
					</Vertex>
					<Vertex><id>vertex7</id>
						<Vector><z>4</z><y>8</y><x>11</x></Vector>
					</Vertex>
					<Vertex><id>vertex8</id>
						<Vector><z>4</z><y>8</y><x>12</x></Vector>
					</Vertex>
					<Vertex><id>vertex9</id>
						<Vector><z>4</z><y>8</y><x>24</x></Vector>
					</Vertex>
					<Vertex><id>vertex10</id>
						<Vector><z>4</z><y>8</y><x>25</x></Vector>
					</Vertex>
					<Vertex><id>vertex11</id>
						<Vector><z>4</z><y>8</y><x>56</x></Vector>
					</Vertex>
					<Vertex><id>vertex12</id>
						<Vector><z>4</z><y>8</y><x>546</x></Vector>
					</Vertex>
				</Vertices>
				<Planes>
					<Plane><vertices>vertex1 vertex2 vertex3</vertices></Plane>
					<Plane><vertices>vertex4 vertex5 vertex6</vertices></Plane>
					<Plane><vertices>vertex9 vertex8 vertex7</vertices></Plane>
					<Plane><vertices>vertex10 vertex11 vertex12</vertices></Plane>
				</Planes>
			</Polygon>
		</CustomObject>
		<CustomObject><id>custom2</id><hidden>true</hidden><class>class1 class2</class>
			<Rectangle>
				<Vector><z>1</z><y>1</y><x>1</x></Vector>
				<Vector><z>2</z><y>2</y><x>2</x></Vector>
				<Vector><z>5</z><y>4</y><x>3</x></Vector>
				<Quaternion><z>5</z><y>4</y><x>3</x><s>1</s></Quaternion>
			</Rectangle>
		</CustomObject>
	</CustomObjects><!-- SCENES -->
	<Scenes>
		<Scene><name>scene1</name>
			<SceneObject>
				<ObjectReference><ref>custom12</ref></ObjectReference>
			</SceneObject>
			<SceneObject>
				<Transformations>
					<Translation>
						<Vector><z>5</z><y>2</y><x>67</x></Vector>
					</Translation>
				</Transformations>
				<ObjectReference><ref>custom13</ref></ObjectReference>
			</SceneObject>
			<SceneObject>
				<Transformations>
					<Translation>
						<Vector><z>5</z><y>2</y><x>67</x></Vector>
					</Translation>
				</Transformations>
				<ObjectReference><ref>custom1</ref></ObjectReference>
			</SceneObject>
			<SceneObject>
				<Transformations>
					<Scale>
						<Vector><z>4</z><y>2</y><x>2</x></Vector>
					</Scale>
					<Translation>
						<Vector><z>75</z><y>62</y><x>647</x></Vector>
					</Translation>
				</Transformations>
				<Cone>
					<Radius>3</Radius>
					<Vector><z>5</z><y>4</y><x>1</x></Vector>
					<Length>2</Length>
				</Cone>
				<Cone>
					<Radius>3</Radius>
					<Vector><z>5</z><y>4</y><x>1</x></Vector>
					<Length>2</Length>
				</Cone>
			</SceneObject>
			<SceneObject>
				<Transformations>
					<Translation>
						<Vector><z>5</z><y>2</y><x>67</x></Vector>
					</Translation>
					<Rotation>
						<Quaternion><z>7</z><y>6</y><x>5</x><s>3</s></Quaternion>
					</Rotation>
				</Transformations>
				<Torus>
					<Axis>
						<Vector><z>7</z><y>6</y><x>3</x></Vector>
					</Axis>
					<Center>
						<Vector><z>4</z><y>8</y><x>7</x></Vector>
					</Center>
					<TorusWidth>4</TorusWidth>
					<TorusRadius>4</TorusRadius>
				</Torus>
			</SceneObject>
		</Scene>
	</Scenes><!-- Len pre splnenie podmienok, na nic mi to nebolo treba :( -->
	
</World>