<?xml version="1.0" encoding="UTF-8" standalone="no"?><classes>
<class>
	<students>
		<student>
			<marks>
				<mark>
					<subject>Literature</subject>
					<val>2</val>
				</mark>
				<mark>
					<subject>Literature</subject>
					<val>2</val>
				</mark>
				<mark>
					<subject>Math</subject>
					<val>1</val>
				</mark>
				<mark>
					<subject>Math</subject>
					<val>1</val>
				</mark>
			</marks>
		<name>Martha Stuart</name></student>
		<student>
			<marks>
				<mark>
					<subject>Chemics</subject>
					<val>2</val>
				</mark>
				<mark>
					<subject>Literature</subject>
					<val>5</val>
				</mark>
				<mark>
					<subject>Math</subject>
					<val>3</val>
				</mark>
				<mark>
					<subject>Math</subject>
					<val>4</val>
				</mark>
			</marks>
		<name>Henry Ericsson</name></student>
	</students>
<id>a2</id></class>
<class>
	<students>
	<student>
			<marks>
				<mark>
					<subject>Math</subject>
					<val>1</val>
				</mark>
				<mark>
					<subject>Math</subject>
					<val>1</val>
				</mark>
				<mark>
					<subject>Math</subject>
					<val>1</val>
				</mark>
				<mark>
					<subject>Math</subject>
					<val>1</val>
				</mark>
				<mark>
					<subject>Geography</subject>
					<val>3</val>
				</mark>
			</marks>
		<name>Greta Smith</name></student>
		
	</students>
<id>a1</id></class>
</classes>