<?xml version="1.0" encoding="UTF-8"?>
<hrac>
   <jmeno>Gu Li</jmeno>
   <pocet_vyher>5</pocet_vyher>
</hrac>
<hrac>
   <jmeno>Lee Sedol</jmeno>
   <pocet_vyher>3</pocet_vyher>
</hrac>
<hrac>
   <jmeno>Kim Jiseok</jmeno>
   <pocet_vyher>2</pocet_vyher>
</hrac>
<hrac>
   <jmeno>Heo Yeongho</jmeno>
   <pocet_vyher>2</pocet_vyher>
</hrac>
<hrac>
   <jmeno>Park Junghwan</jmeno>
   <pocet_vyher>1</pocet_vyher>
</hrac>
<hrac>
   <jmeno>Kong Jie</jmeno>
   <pocet_vyher>1</pocet_vyher>
</hrac>
<hrac>
   <jmeno>Won Sungjin</jmeno>
   <pocet_vyher>0</pocet_vyher>
</hrac>
<hrac>
   <jmeno>Wang Lei</jmeno>
   <pocet_vyher>0</pocet_vyher>
</hrac>
<hrac>
   <jmeno>Lee Changho</jmeno>
   <pocet_vyher>0</pocet_vyher>
</hrac>
<hrac>
   <jmeno>Park Jiyeon</jmeno>
   <pocet_vyher>0</pocet_vyher>
</hrac>
<hrac>
   <jmeno>Yamashita Keigo</jmeno>
   <pocet_vyher>0</pocet_vyher>
</hrac>
<hrac>
   <jmeno>Han Sanghoon</jmeno>
   <pocet_vyher>0</pocet_vyher>
</hrac>