<?xml version="1.0" encoding="UTF-8" standalone="no"?><videopujcovna>
	<oPujcovne>
		<nazev>Stara pujcovna</nazev>
		<kontakt>
			<adresa>
				<ulice>Petrzelova</ulice>
				<mesto>Ostrava</mesto>
				<psc>159 00</psc>				
			</adresa>
			<spojeni>				
				<telefony>
					<telefon id="t1">639 785 325</telefon>
					
					<info>
						<![CDATA[Muze zde byt kolik chcete telefonu]]>	
					</info>				
				</telefony>
				<email>staraPujcovna@google.cz</email>
				<www>www.staraPujcovna.cz</www>
			</spojeni>
		</kontakt>
		<popis>
			Mame vse na videokazetach, CD , DVD a Blue-ray discich, at uy chcete film, serial ci hru.
			Recenze her muzete cist na nasem spratelenem webu <odkaz>www.recenzeHer.cz</odkaz> nebo na <odkaz>www.recenze.cz</odkaz>.
			Nebo si muzete zavolat napriklad na <cislo id="t1"/>.
			
		</popis>		
	</oPujcovne>
	<zakaznik castyZakaznik="ano" id="z1" zamestnanec="ne" zlataKarta="ne">
		<jmeno>David</jmeno>
		<prijmeni>Rozenberg</prijmeni>
		<telefonZak>604165895</telefonZak>
		<email>x@x.cz</email>
		<username>Darg</username>
		<heslo>******</heslo>
		<platnostClenstviDo>1.1.2015</platnostClenstviDo>
		<vypujcky>
			
			
		</vypujcky>
		<stareVypujcky><vypujcka>
				<cisloDisku typ="DVD">498498496</cisloDisku>
				<titul originalni="Pulp Fiction">Pulp Fiction</titul>
				
				<vraceno>1.3.2012</vraceno>
			</vypujcka><vypujcka>
				<cisloDisku typ="BlueRay">6161616</cisloDisku>
				<titul>Doom</titul>
				
				<vraceno>1.3.2012</vraceno>
			</vypujcka></stareVypujcky>
		<dluh/>
	</zakaznik> 
	<zakaznik id="z2" zamestnanec="ne" zlataKarta="ne">
		<jmeno>John</jmeno>
		<prijmeni>Fair</prijmeni>
		<telefonZak>879654165</telefonZak>
		<email>a@a.cz</email>
		<username>Johny</username>
		<heslo>******</heslo>
		<platnostClenstviDo>1.1.2017</platnostClenstviDo>
		<vypujcky>			
		</vypujcky>
		<stareVypujcky/>
		<dluh/>
	</zakaznik> 
	<zakaznik castyZakaznik="ano" id="z3" zamestnanec="ne" zlataKarta="ne">
		<jmeno>Pepe</jmeno>
		<prijmeni>Tom</prijmeni>
		<telefonZak>564684654</telefonZak>
		<email>d@d.com</email>
		<platnostClenstviDo>1.1.2020</platnostClenstviDo>
		<vypujcky>	
					
		</vypujcky>
		<stareVypujcky><vypujcka>
				<cisloDisku typ="CD">961916165</cisloDisku>
				<titul>Assasin Creed3</titul>
				
				<vraceno>9.5.2012</vraceno>
			</vypujcka></stareVypujcky>
		<dluh/>
	</zakaznik> 
</videopujcovna>