<?xml version="1.0" encoding="UTF-8" standalone="no"?><knihkupectvi>
		<autor>
			<jmeno>Jaroslav Foglar</jmeno>
			<jazyk>cs</jazyk>
			<cv>
				<narozeni>
					<datum>
						<den>6</den>
						<mesic>7</mesic>
						<rok>1907</rok>
					</datum>
					<misto>Praha</misto>
				</narozeni>
				<umrti>
					<datum>
						<den>23</den>
						<mesic>1</mesic>
						<rok>1999</rok>
					</datum>
					<misto>Praha</misto>
				</umrti>
			</cv>
		<id_a>a_1</id_a></autor>
		
		<autor>
			<jmeno>Heinrich B?ll</jmeno>
			<jazyk>de</jazyk>
			<cv>
				<narozeni>
					<datum>
						<rok>1917</rok>
					</datum>
					<misto>Kol?n nad R?nem</misto>
				</narozeni>
				<umrti>
					<datum>
						<rok>1985</rok>
					</datum>
				</umrti>
			</cv>
		<id_a>a_2</id_a></autor>
				
		<nakladatelstvi>
			<nazev>Albatros</nazev>
			<adresa>
				<mesto>Praha 4</mesto>
				<ulice>Na Pankr?ci</ulice>
				<cp>30/1618</cp>
				<psc>140 00</psc>
			</adresa>
		<id_n>n_1</id_n></nakladatelstvi>
		<nakladatelstvi>
			<nazev>Garamond</nazev>
			<adresa>
				<mesto>Praha 1</mesto>
				<ulice>Soukenick?</ulice>
				<cp>8</cp>
				<psc>110 00</psc>
			</adresa>
		<id_n>n_2</id_n></nakladatelstvi>
		
		<kniha>
			<titul>Ztracen? ?est</titul>
			<cena>250</cena>
			<autorRef><ref>a_2</ref></autorRef>
			<naklRef><ref>n_2</ref></naklRef>
		<isbn>i_121</isbn></kniha>
		<kniha>
			<titul>P??stav vol?</titul>
			<cena>189</cena>
			<autorRef><ref>a_2</ref></autorRef>
			<naklRef><ref>n_2</ref></naklRef>
			<poznamka> Dal?? informace k nalezeni <odkaz>zde<href>http://www.musteraddresse.cz</href></odkaz>.</poznamka>
		<isbn>i_122</isbn></kniha>
		<kniha>
			<titul>Strach nad Bob?? ?ekou</titul>
			<cena>180</cena>
			<autorRef><ref>a_1</ref></autorRef>
			<naklRef><ref>n_1</ref></naklRef>	
			<rokVydani>1990</rokVydani>
			<poznamka> Dal?? informace k nalezeni <odkaz>zde<href>Cokoliv</href></odkaz>.</poznamka>		
		<isbn>i_123</isbn></kniha>
		<kniha>
			<titul>Strach nad Bob?? ?ekou</titul>
			<cena>180</cena>
			<autorRef><ref>a_1</ref></autorRef>
			<naklRef><ref>n_1</ref></naklRef>	
			<rokVydani>1990</rokVydani>
			<poznamka> Dal?? informace k nalezeni <odkaz>zde<href>Cokoliv</href></odkaz>.</poznamka>		
		<isbn>i_124</isbn></kniha>
		<kniha>
			<titul>Kdy? Duben p?ich?z?</titul>
			<cena>180</cena>
			<autorRef><ref>a_1</ref></autorRef>
			<naklRef><ref>n_1</ref></naklRef>	
			<rokVydani>1989</rokVydani>
		<isbn>i_125</isbn></kniha>
		<kniha>
			<titul>Rychl? ??py</titul>
			<cena>560</cena>
			<autorRef><ref>a_1</ref></autorRef>
			<naklRef><ref>n_1</ref></naklRef>	
			<rokVydani>1950</rokVydani>		
		<isbn>i_126</isbn></kniha>
		<kniha>
			<titul>Devades?tka pokra?uje</titul>
			<cena>199</cena>
			<autorRef><ref>a_1</ref></autorRef>
			<naklRef><ref>n_1</ref></naklRef>	
			<rokVydani>1980</rokVydani>
			<poznamka>Moment?ln? nen? na sklad?. V?em se moc omlouv?me.</poznamka>		
		<isbn>i_127</isbn></kniha>
		<kniha>
			<titul>Und sagte kein einziges Wort.</titul>
			<cena>180</cena>
			<autorRef><ref>a_2</ref></autorRef>
			<naklRef><ref>n_1</ref></naklRef>	
			<rokVydani>1970</rokVydani>	
		<isbn>i_128</isbn></kniha>
		<date><?php echo date("Y:m:d");?></date>
		<lastModified><![CDATA[javascript:alert(document.lastModified) ]]></lastModified>
	</knihkupectvi>