<html>
   <!-- prehled koncertu - 
        vytvori se tabulka koncertu s nazvem, id ucinkujici kapely, datem, mestem konani 
        a nazvem kapely, ktery se ziska pres referenci pomoci id -->
   <body>
      <h2>Prehled koncertu</h2>
      <table style="background-color: #BAC6F0">
         <tr style="background-color: #E9E9F0">
            <td>concert</td>
            <td>id</td>
            <td>date</td>
            <td>city</td>
            <td>band</td>
         </tr>
         <tr>
            <td>
               <name>LDL</name>
            </td>
            <td>
               <band>b03</band>
            </td>
            <td>
               <date>4 October</date>
            </td>
            <td>
               <city>Prague</city>
            </td>
            <td><span>Lana Del Rey</span></td>
         </tr>
         <tr>
            <td>
               <name>Lana in Prague</name>
            </td>
            <td>
               <band>b03</band>
            </td>
            <td>
               <date>24 September</date>
            </td>
            <td>
               <city>Prague</city>
            </td>
            <td><span>Lana Del Rey</span></td>
         </tr>
         <tr>
            <td>
               <name>jazz night</name>
            </td>
            <td>
               <band>b01</band>
            </td>
            <td>
               <date>13 August</date>
            </td>
            <td>
               <city>London</city>
            </td>
            <td><span>Imelda May</span></td>
         </tr>
         <tr>
            <td>
               <name>swing it</name>
            </td>
            <td>
               <band>b01</band>
            </td>
            <td>
               <date>2 August</date>
            </td>
            <td>
               <city>Manchester</city>
            </td>
            <td><span>Imelda May</span></td>
         </tr>
         <tr>
            <td>
               <name>us3</name>
            </td>
            <td>
               <band>b02</band>
            </td>
            <td>
               <date>24 July</date>
            </td>
            <td>
               <city>Berlin</city>
            </td>
            <td><span>Us3</span></td>
         </tr>
      </table>
   </body>
</html>