<html>
   <!-- 
pro kazdou kapelu se vypise seznam vsech kontaktu, ktere se v ni vyskytuji 
-->
   <body>
      <h1>
         <name>Imelda May</name>
      </h1>
      <ul>
         <li>hugh@soundadvice.uk.com</li>
         <li>imelda@gmail.com</li>
         <li>s.rushton@yahoo.com</li>
      </ul>
      <h1>
         <name>Us3</name>
      </h1>
      <ul>
         <li>booking@Us3.com</li>
         <li>g.wilk@gmail.com</li>
      </ul>
      <h1>
         <name>Lana Del Rey</name>
      </h1>
      <ul>
         <li>ldr@yahoo.com</li>
      </ul>
   </body>
</html>