<html>
   <body>
      <!-- vypisi se nazvy koncertu, ktere stoji vice nez 600,- -->
      <h2>Listky koncertu drazsi nez 600,-</h2>
      <table>
         <tr style="background-color: #E9E9F0">
            <td>nazev</td>
            <td>mesto</td>
            <tr>
               <td>jazz night</td>
               <td>London</td>
            </tr>
            <tr>
               <td>swing it</td>
               <td>Manchester</td>
            </tr>
            <tr>
               <td>us3</td>
               <td>Berlin</td>
            </tr>
            <tr>
               <td>Lana in Prague</td>
               <td>Prague</td>
            </tr>
            <tr>
               <td>LDL</td>
               <td>Prague</td>
            </tr>
         </tr>
      </table>
   </body>
</html>