<html>
   <!-- pomoci propojeni dvou ruznych souboru - data.xml a data2.xml 
    vypise tabulku muzikantu, u kazdeho se vyplni nazev kapely, v ktere hraje a nastroj-->
   <body>
      <h1>Seznam muzikantu</h1>
      <table>
         <tr style="background-color: #FFCB2E">
            <td>Prijmeni</td>
            <td>Jmeno</td>
            <td>Hraje v</td>
            <td>Nastroj</td>
         </tr>
         <tr>
            <td>
               <last_name>Corbett</last_name>
            </td>
            <td>
               <first_name>Bryan</first_name>
            </td>
            <td>
               <name>Us3</name>
            </td>
            <td>
               <instrument>trumpet</instrument>
            </td>
         </tr>
         <tr>
            <td>
               <last_name>Grant</last_name>
            </td>
            <td>
               <first_name>Elizabeth</first_name>
            </td>
            <td>
               <name>Lana Del Rey</name>
            </td>
            <td>
               <instrument>vocals</instrument>
            </td>
         </tr>
         <tr>
            <td>
               <last_name>Higham</last_name>
            </td>
            <td>
               <first_name>Darrel</first_name>
            </td>
            <td>
               <name>Imelda May</name>
            </td>
            <td>
               <instrument>guitar</instrument>
            </td>
         </tr>
         <tr>
            <td>
               <last_name>Jones</last_name>
            </td>
            <td>
               <first_name>Ed</first_name>
            </td>
            <td>
               <name>Us3</name>
            </td>
            <td>
               <instrument>sax</instrument>
            </td>
         </tr>
         <tr>
            <td>
               <last_name>May</last_name>
            </td>
            <td>
               <first_name>Imelda</first_name>
            </td>
            <td>
               <name>Imelda May</name>
            </td>
            <td>
               <instrument>vocal</instrument>
            </td>
         </tr>
         <tr>
            <td>
               <last_name>Rushton</last_name>
            </td>
            <td>
               <first_name>Steve</first_name>
            </td>
            <td>
               <name>Imelda May</name>
            </td>
            <td>
               <instrument>drums</instrument>
            </td>
         </tr>
         <tr>
            <td>
               <last_name>Wilkinson</last_name>
            </td>
            <td>
               <first_name>Geoff</first_name>
            </td>
            <td>
               <name>Us3</name>
            </td>
            <td>
               <instrument>beats</instrument>
            </td>
         </tr>
      </table>
   </body>
</html>