<html>
   <body>
      <h1>Seznam skupin</h1>
      <table>
         <tr style="background-color: #FFCB2E">
            <td>Nazev</td>
            <td>Leader</td>
            <td>Kontakt</td>
         </tr>
         <tr>
            <td>
               <name>Imelda May</name>
            </td>
            <td>
               <leader>Imelda May</leader>
            </td>
            <td>
               <contact>hugh@soundadvice.uk.com</contact>
            </td>
         </tr>
         <tr>
            <td>
               <name>Lana Del Rey</name>
            </td>
            <td>
               <leader>Lana Del Rey</leader>
            </td>
            <td></td>
         </tr>
         <tr>
            <td>
               <name>Us3</name>
            </td>
            <td>
               <leader>Geoff Wilkinson</leader>
            </td>
            <td>
               <contact>booking@Us3.com</contact>
            </td>
         </tr>
      </table>
   </body>
</html>