<?xml version="1.0" encoding="UTF-8"?>
<photos>
   <photo id="i1">
      <name>Image 1</name>
   </photo>
   <photo id="i6">
      <name>Image X</name>
   </photo>
   <photo id="i7">
      <name>Image 7</name>
   </photo>
   <photo id="i8">
      <name>Image 8</name>
   </photo>
   <photo id="i11">
      <name>Image 11</name>
   </photo>
   <photo id="i12">
      <name>Image 12</name>
   </photo>
   <photo id="i13">
      <name>Pic 12</name>
   </photo>
   <photo id="i14">
      <name>Pic 13</name>
   </photo>
   <photo id="i15">
      <name>Pic 14</name>
   </photo>
   <photo id="i16">
      <name>Pic kkk</name>
   </photo>
   <photo id="33">
      <name>Image second file</name>
   </photo>
   <photo id="10002">
      <name>IS 2</name>
   </photo>
</photos>