<?xml version="1.0" encoding="UTF-8"?>
<Pocitac>
   <VyrobceCPU Vyrobce="Intel"/>
   <VyrobceRAM Vyrobce="A-DATA"/>
   <NemaData/>
</Pocitac>
<Pocitac>
   <VyrobceCPU Vyrobce="Intel"/>
   <VyrobceRAM Vyrobce="A-DATA"/>
   <MaData/>
</Pocitac>
<Pocitac>
   <VyrobceCPU Vyrobce="Intel"/>
   <VyrobceRAM Vyrobce="GEIL"/>
   <MaData/>
</Pocitac>
<Pocitac>
   <VyrobceCPU Vyrobce="Intel"/>
   <VyrobceRAM Vyrobce="KINGSTON"/>
   <MaData/>
</Pocitac>
<Pocitac>
   <VyrobceCPU Vyrobce="Intel"/>
   <VyrobceRAM Vyrobce="IBM"/>
   <MaData/>
</Pocitac>