<?xml version="1.0" encoding="UTF-8"?><html xmlns="http://www.w3.org/1999/xhtml" xml:lang="en">
   <head xmlns="">
      <meta http-equiv="content-Type" content="text/html; charset=utf-8"></meta>
      <title>vypis z database filmu</title>
   </head>
   <body xmlns="">
      <table border="1">
         <tr>
            <th>Já, robot</th>
            <td>Kočka Dr. Lanninga (James Cromwell) se jmenuje Asimov. Během natáčení havaroval Will Smith na motorce v rychlosti 60 mil za
               hodinu.
            </td>
         </tr>
         <tr>
            <th>Simpsonovi</th>
            <td>Seriál drží rekord i v počtu hostujících celebrit. Postava Barta se umístila na prvním místě "Top 10 filmových spratků" v
               časopise TV Guide v roce 2005. Hlavní postavy mají žlutou barvu, aby upoutaly pozornost diváků, kteří přeskakují jednotlivé
               programy v televizi.
            </td>
         </tr>
         <tr>
            <th>Avengers</th>
            <td>O přestávkách během natáčení museli herci nosit dlouhé černé kápě, aby tak neodhalili podobu kostýmů. První film studia Marvel,
               který bude distribuován společností Walt Disney Pictures.
            </td>
         </tr>
         <tr>
            <th>Sherlock Holmes: Hra stínů</th>
            <td>Seriál drží rekord i v počtu hostujících celebrit. Konzultant filmu Lestie S. Klinger pro pokračování navrhoval titul Sherlock
               Holmes: The Grand Game.   Stephen Fry (Mycroft Holmes) a Jared Harris (Profesor Moriarty) slaví narozeniny ve stejný den,
               a to 24. 8.
            </td>
         </tr>
      </table>
   </body>
</html>