<?xml version="1.0" encoding="UTF-8"?>
<recommended>
   <hoge>
      <dite>Tomas</dite>
      <dite>Vaclav</dite>
      <dite>Petr</dite>
   </hoge>
   <hoge>
      <dite>Vaclav</dite>
      <dite>Petr</dite>
   </hoge>
   <filip>
      <dite>Petr</dite>
   </filip>
   <novotny>
      <dite>Michal</dite>
      <dite>Tomas</dite>
      <dite>Vaclav</dite>
      <dite>Petr</dite>
   </novotny>
   <novak>
      <dite>Michal</dite>
      <dite>Tomas</dite>
      <dite>Michal</dite>
      <dite>Tomas</dite>
      <dite>Vaclav</dite>
      <dite>Petr</dite>
   </novak>
   <kajak>
      <dite>Tomas</dite>
      <dite>Michal</dite>
      <dite>Tomas</dite>
      <dite>Vaclav</dite>
      <dite>Petr</dite>
   </kajak>
   <kropy>
      <dite>David</dite>
      <dite>Michal</dite>
      <dite>Tomas</dite>
      <dite>Vaclav</dite>
      <dite>Petr</dite>
   </kropy>
   <krajci>
      <dite>Milan</dite>
      <dite>Filip</dite>
      <dite>Martin</dite>
   </krajci>
   <danko>
      <dite>Filip</dite>
      <dite>Martin</dite>
   </danko>
   <stefan>
      <dite>Martin</dite>
   </stefan>
</recommended>