<?xml version="1.0" encoding="UTF-8"?>
<result>
   <resultlist>
      <dite>
         <jmenoD>Petr</jmenoD>
         <prijmeniD>Filip</prijmeniD>
      </dite>
      <dite>
         <jmenoD>David</jmenoD>
         <prijmeniD>Kropy</prijmeniD>
      </dite>
   </resultlist>
   <listjmen>
      <jmeno>Tomas</jmeno>
      <jmeno>Vaclav</jmeno>
      <jmeno>Petr</jmeno>
      <jmeno>Michal</jmeno>
      <jmeno>David</jmeno>
      <jmeno>Milan</jmeno>
      <jmeno>Filip</jmeno>
      <jmeno>Martin</jmeno>
   </listjmen>
</result>