<html>
   <head>
      <meta http-equiv="Content-Type" content="text/html; charset=UTF-8">
   </head>
   <body>
      <h1>Deti vyssi jak prumer</h1>
      <table>
         <thead>
            <tr>
               <th>Jmeno</th>
               <th>Prijmeni</th>
               <th>Vyska</th>
            </tr>
         </thead>
         <tbody>
            <tr><a>
                  <td>Tomas</td>
                  <td>Hoge</td>
                  <td>175</td></a></tr>
            <tr></tr>
            <tr><a>
                  <td>Petr</td>
                  <td>Filip</td>
                  <td>185</td></a></tr>
            <tr></tr>
            <tr><a>
                  <td>Michal</td>
                  <td>Novak</td>
                  <td>175</td></a></tr>
            <tr><a>
                  <td>Tomas</td>
                  <td>Kajak</td>
                  <td>175</td></a></tr>
            <tr><a>
                  <td>David</td>
                  <td>Kropy</td>
                  <td>185</td></a></tr>
            <tr><a>
                  <td>Milan</td>
                  <td>krajci</td>
                  <td>175</td></a></tr>
            <tr><a>
                  <td>Filip</td>
                  <td>Danko</td>
                  <td>175</td></a></tr>
            <tr><a>
                  <td>Martin</td>
                  <td>Stefan</td>
                  <td>175</td></a></tr>
         </tbody>
      </table>
   </body>
</html>