<?xml version="1.0" encoding="UTF-8"?>
<result>
   <budova cislo="1">
      <dite>
         <jmenoD>Michal</jmenoD>
         <prijmeniD>Novotny</prijmeniD>
      </dite>
      <dite>
         <jmenoD>Michal</jmenoD>
         <prijmeniD>Novak</prijmeniD>
      </dite>
      <dite>
         <jmenoD>Petr</jmenoD>
         <prijmeniD>Filip</prijmeniD>
      </dite>
      <dite>
         <jmenoD>Tomas</jmenoD>
         <prijmeniD>Hoge</prijmeniD>
      </dite>
      <dite>
         <jmenoD>Vaclav</jmenoD>
         <prijmeniD>Hoge</prijmeniD>
      </dite>
   </budova>
   <budova cislo="2">
      <dite>
         <jmenoD>David</jmenoD>
         <prijmeniD>Kropy</prijmeniD>
      </dite>
      <dite>
         <jmenoD>Filip</jmenoD>
         <prijmeniD>Danko</prijmeniD>
      </dite>
      <dite>
         <jmenoD>Martin</jmenoD>
         <prijmeniD>Stefan</prijmeniD>
      </dite>
      <dite>
         <jmenoD>Milan</jmenoD>
         <prijmeniD>krajci</prijmeniD>
      </dite>
      <dite>
         <jmenoD>Tomas</jmenoD>
         <prijmeniD>Kajak</prijmeniD>
      </dite>
   </budova>
   <budova cislo="4"/>
</result>