<?xml version="1.0" encoding="UTF-8"?>
<knihy>
   <kniha>
      <nazev_knihy/>
      <autor/>
      <pocet_svazku>4</pocet_svazku>
      <celkem_vypujceno>597</celkem_vypujceno>
      <nyni_vypujceno>3</nyni_vypujceno>
   </kniha>
   <kniha>
      <nazev_knihy/>
      <autor/>
      <pocet_svazku>2</pocet_svazku>
      <celkem_vypujceno>179</celkem_vypujceno>
      <nyni_vypujceno>2</nyni_vypujceno>
   </kniha>
   <kniha>
      <nazev_knihy/>
      <autor/>
      <pocet_svazku>1</pocet_svazku>
      <celkem_vypujceno>129</celkem_vypujceno>
      <nyni_vypujceno>0</nyni_vypujceno>
   </kniha>
   <kniha>
      <nazev_knihy/>
      <autor/>
      <pocet_svazku>2</pocet_svazku>
      <celkem_vypujceno>130</celkem_vypujceno>
      <nyni_vypujceno>2</nyni_vypujceno>
   </kniha>
   <kniha>
      <nazev_knihy/>
      <autor/>
      <pocet_svazku>1</pocet_svazku>
      <celkem_vypujceno>121</celkem_vypujceno>
      <nyni_vypujceno>0</nyni_vypujceno>
   </kniha>
   <kniha>
      <nazev_knihy/>
      <autor/>
      <pocet_svazku>3</pocet_svazku>
      <celkem_vypujceno>33</celkem_vypujceno>
      <nyni_vypujceno>2</nyni_vypujceno>
   </kniha>
   <kniha>
      <nazev_knihy/>
      <autor/>
      <pocet_svazku>1</pocet_svazku>
      <celkem_vypujceno>123</celkem_vypujceno>
      <nyni_vypujceno>1</nyni_vypujceno>
   </kniha>
   <kniha>
      <nazev_knihy/>
      <autor/>
      <pocet_svazku>1</pocet_svazku>
      <celkem_vypujceno>120</celkem_vypujceno>
      <nyni_vypujceno>1</nyni_vypujceno>
   </kniha>
</knihy>