<?xml version="1.0" encoding="UTF-8"?>
<games>
   <game>
      <title>South Park: The Stick of Truth</title>
      <platforms>
         <platform>Microsoft Windows</platform>
         <platform>Sony PlayStation 3</platform>
         <platform>Microsoft XBOX 360</platform>
      </platforms>
   </game>
   <game>
      <title>Word of Warcraft</title>
      <platforms>
         <platform>Microsoft Windows</platform>
      </platforms>
   </game>
   <game>
      <title>Tropico 3</title>
      <platforms>
         <platform>Microsoft XBOX 360</platform>
         <platform>Apple Macintosh OS X</platform>
         <platform>Microsoft Windows</platform>
      </platforms>
   </game>
   <game>
      <title>Need For Speed: Rivals </title>
      <platforms>
         <platform>Microsoft Windows</platform>
         <platform>Sony PlayStation 3</platform>
         <platform>Sony PlayStation 4</platform>
         <platform>Microsoft XBOX 360</platform>
         <platform>Microsoft XBOX ONE</platform>
      </platforms>
   </game>
   <game>
      <title>The Simcity</title>
      <platforms>
         <platform>Microsoft Windows</platform>
         <platform>Apple Macintosh OS X</platform>
      </platforms>
   </game>
   <game>
      <title>Diablo 3</title>
      <platforms>
         <platform>Sony PlayStation 3</platform>
         <platform>Sony PlayStation 4</platform>
         <platform>Microsoft XBOX 360</platform>
         <platform>Apple Macintosh OS X</platform>
      </platforms>
   </game>
   <game>
      <title>IL-2 Sturmovik: Birds of Prey</title>
      <platforms>
         <platform>Microsoft Windows</platform>
         <platform>Sony PlayStation 3</platform>
         <platform>Microsoft XBOX 360</platform>
      </platforms>
   </game>
   <game>
      <title>Thief</title>
      <platforms>
         <platform>Microsoft Windows</platform>
         <platform>Sony PlayStation 3</platform>
         <platform>Sony PlayStation 4</platform>
         <platform>Microsoft XBOX 360</platform>
         <platform>Microsoft XBOX ONE</platform>
      </platforms>
   </game>
   <game>
      <title>Far Cry 3</title>
      <platforms>
         <platform>Microsoft Windows</platform>
         <platform>Sony PlayStation 3</platform>
         <platform>Microsoft XBOX 360</platform>
      </platforms>
   </game>
   <game>
      <title>The Sims</title>
      <platforms>
         <platform>Microsoft Windows</platform>
         <platform>Apple Macintosh OS X</platform>
      </platforms>
   </game>
   <game>
      <title>The Sims 2</title>
      <platforms>
         <platform>Microsoft Windows</platform>
         <platform>Apple Macintosh OS X</platform>
      </platforms>
   </game>
   <game>
      <title>The Sims 3</title>
      <platforms>
         <platform>Microsoft Windows</platform>
         <platform>Apple Macintosh OS X</platform>
         <platform>Sony PlayStation 3</platform>
         <platform>Microsoft XBOX 360</platform>
      </platforms>
   </game>
</games>