<?xml version="1.0" encoding="UTF-8"?>
<platforms>
   <platform title="Apple Macintosh OS X">
      <gameTitle>Diablo 3</gameTitle>
      <gameTitle>The Simcity</gameTitle>
      <gameTitle>Tropico 3</gameTitle>
   </platform>
   <platform title="Microsoft Windows">
      <gameTitle>Far Cry 3</gameTitle>
      <gameTitle>IL-2 Sturmovik: Birds of Prey</gameTitle>
      <gameTitle>Need For Speed: Rivals </gameTitle>
      <gameTitle>South Park: The Stick of Truth</gameTitle>
      <gameTitle>The Simcity</gameTitle>
      <gameTitle>Thief</gameTitle>
      <gameTitle>Tropico 3</gameTitle>
      <gameTitle>Word of Warcraft</gameTitle>
   </platform>
   <platform title="Microsoft XBOX 360">
      <gameTitle>Diablo 3</gameTitle>
      <gameTitle>Far Cry 3</gameTitle>
      <gameTitle>IL-2 Sturmovik: Birds of Prey</gameTitle>
      <gameTitle>Need For Speed: Rivals </gameTitle>
      <gameTitle>South Park: The Stick of Truth</gameTitle>
      <gameTitle>Thief</gameTitle>
      <gameTitle>Tropico 3</gameTitle>
   </platform>
   <platform title="Microsoft XBOX ONE">
      <gameTitle>Need For Speed: Rivals </gameTitle>
      <gameTitle>Thief</gameTitle>
   </platform>
   <platform title="Sony PlayStation 3">
      <gameTitle>Diablo 3</gameTitle>
      <gameTitle>Far Cry 3</gameTitle>
      <gameTitle>IL-2 Sturmovik: Birds of Prey</gameTitle>
      <gameTitle>Need For Speed: Rivals </gameTitle>
      <gameTitle>South Park: The Stick of Truth</gameTitle>
      <gameTitle>Thief</gameTitle>
   </platform>
   <platform title="Sony PlayStation 4">
      <gameTitle>Diablo 3</gameTitle>
      <gameTitle>Need For Speed: Rivals </gameTitle>
      <gameTitle>Thief</gameTitle>
   </platform>
</platforms>