<html>
   <head>
      <meta http-equiv="Content-Type" content="text/html; charset=UTF-8">
      <title>Hry</title>
   </head>
   <body>
      <table>
         <thead>
            <tr>
               <th>Hra</th>
               <th>Pro děti</th>
               <th>Počet platoforem</th>
            </tr>
         </thead>
         <tbody>
            <tr>
               <td>Need For Speed: Rivals </td>
               <td>Ano</td>
               <td>5</td>
            </tr>
            <tr>
               <td>Diablo 3</td>
               <td>Ne</td>
               <td>4</td>
            </tr>
            <tr>
               <td>Thief</td>
               <td>Ne</td>
               <td>5</td>
            </tr>
         </tbody>
      </table>
   </body>
</html>