<html>
   <body>
      <ul>
         <li>
            <name>Jamie Langenbrunner</name>
            <li>
               						matches with penalty : 2
            </li>
            <li>
               <info>Has 4 children, happy family, interested in $$$</info>
            </li>
         </li>
         <li>
            <name>Glen Beck</name>
            <li>
               						matches with penalty : 1
            </li>
            <li>
               <info>Republican, popular TV host, religious</info>
            </li>
         </li>
         <li>
            <name>William McLancaster</name>
            <li>
               						matches with penalty : 1
            </li>
            <li>
               <info>A scotish person</info>
            </li>
         </li>
         <li>
            <name>Hugo Mortensen</name>
            <li>
               						matches with penalty : 2
            </li>
            <li>
               <info>Hideously ugly, has nuchback</info>
            </li>
         </li>
         <li>
            <name>Evgeniy Stoichkof</name>
            <li>
               						matches with penalty : 1
            </li>
            <li>
               <info>Russian patriot, distant Putin's cousin</info>
            </li>
         </li>
      </ul>
   </body>
</html>