<html>
   <head>
      <meta http-equiv="Content-Type" content="text/html; charset=UTF-8">
      <title>Penalty statistics</title>
   </head>
   <body>
      <table>
         <tr>
            <th>Penalty minutes in playoff</th>
         </tr>
         <tr>
            <th>Player</th>
            <th>Minutes</th>
         </tr>
         <tr>
            <td>Jamie Langenbrunner</td>
            <td>10</td>
         </tr>
         <tr>
            <td>Glen Michaels</td>
            <td>8</td>
         </tr>
         <tr>
            <td>William McLancaster</td>
            <td>6</td>
         </tr>
         <tr>
            <td>Joe Rouclean</td>
            <td>6</td>
         </tr>
         <tr>
            <td>Kevin Lough</td>
            <td>5</td>
         </tr>
         <tr>
            <td>Marc Modalo</td>
            <td>5</td>
         </tr>
         <tr>
            <td>Evgeniy Stoichkof</td>
            <td>5</td>
         </tr>
         <tr>
            <td>Hugo Mortensen</td>
            <td>4</td>
         </tr>
         <tr>
            <td>Mike Tofu</td>
            <td>4</td>
         </tr>
         <tr>
            <td>Simon Gagne</td>
            <td>4</td>
         </tr>
         <tr>
            <td>Glen Dough</td>
            <td>4</td>
         </tr>
         <tr>
            <td>Glen Beck</td>
            <td>2</td>
         </tr>
         <tr>
            <td>Joe Moe</td>
            <td>2</td>
         </tr>
         <tr>
            <td>Jean Rousseau</td>
            <td>2</td>
         </tr>
         <tr>
            <td>Marc Messier</td>
            <td>2</td>
         </tr>
         <tr>
            <td>Mike Richards</td>
            <td>2</td>
         </tr>
      </table>
   </body>
</html>