<?xml version="1.0" encoding="UTF-8"?>
<team>
   <name>
      <city>Montreal</city>
      <name>Canadiens</name>
   </name>
   <matches>
      <series id="_01" winner_advance_to="_05">
         <seed id="pp"/>
         <seed id="mc"/>
         <round home_team="pp">
            <goal side="pp" time="12:33"/>
            <goal side="pp" time="14:21"/>
            <goal side="mc" time="33:57"/>
            <penalty player="Jamie Langenbrunner" minutes="5" type="roughing" time="34:32"/>
            <goal side="mc" time="45:00"/>
            <penalty player="Glen Beck" minutes="2" type="inteference" time="46:25"/>
            <penalty player="William McLancaster" minutes="2" type="slashing" time="48:04"/>
            <penalty player="William McLancaster" minutes="2" type="roughing" time="50:05"/>
            <penalty player="William McLancaster" minutes="2" type="slashing" time="52:09"/>
            <goal side="mc" time="58:02"/>
            <result>
               <home>2</home>
               <away>3</away>
               <end type="full_time"/>
            </result>
            <winner id="mc"/>
         </round>
         <round home_team="pp">
            <goal side="pp" time="17:18"/>
            <goal side="pp" time="44:21"/>
            <penalty player="Jamie Langenbrunner" minutes="5" type="roughing" time="59:58"/>
            <penalty player="Kevin Lough" minutes="5" type="roughing" time="59:58"/>
            <penalty player="Marc Modalo" minutes="5" type="roughing" time="59:58"/>
            <penalty player="Evgeniy Stoichkof" minutes="5" type="roughing" time="59:58"/>
            <result>
               <home>2</home>
               <away>0</away>
               <end type="full_time"/>
            </result>
            <winner id="mc"/>
         </round>
         <round home_team="mc">
            <goal side="pp" time="12:33"/>
            <goal side="pp" time="14:21"/>
            <penalty player="Hugo Mortensen" minutes="2" type="high-sticking" time="24:57"/>
            <goal side="mc" time="33:57"/>
            <goal side="mc" time="45:00"/>
            <goal side="pp" time="69:02"/>
            <result>
               <home>2</home>
               <away>3</away>
               <end type="over_time"/>
            </result>
            <winner id="mc"/>
         </round>
         <round home_team="mc">
            <goal side="pp" time="12:33"/>
            <goal side="pp" time="14:21"/>
            <goal side="mc" time="33:57"/>
            <goal side="mc" time="45:00"/>
            <penalty player="Hugo Mortensen" minutes="2" type="high-sticking" time="48:21"/>
            <goal side="pp" time="58:02"/>
            <result>
               <home>2</home>
               <away>3</away>
               <end type="full_time"/>
            </result>
            <winner id="mc"/>
         </round>
         <summary>Montreal Canadiens  has won this series and subsequently advances to  semi-final.</summary>
         <winner id="mc"/>
      </series>
   </matches>
</team>
<team>
   <name>
      <city>Philadelphia</city>
      <name>Flyers</name>
   </name>
   <matches>
      <series id="_02" winner_advance_to="_05">
         <seed id="bb"/>
         <seed id="pf"/>
         <round home_team="bb">
            <goal side="bb" time="12:45"/>
            <penalty player="Joe Moe" minutes="2" type="slashing" time="23:12"/>
            <goal side="pf" time="55:02"/>
            <goal side="pf" time="55:48"/>
            <goal side="pf" time="58:58"/>
            <result>
               <home>2</home>
               <away>3</away>
               <end type="full_time"/>
            </result>
            <winner id="pf"/>
         </round>
         <round home_team="bb">
            <goal side="bb" time="15:45"/>
            <goal side="pf" time="25:52"/>
            <goal side="pf" time="35:18"/>
            <penalty player="Jean Rousseau" minutes="2" type="hooking" time="43:12"/>
            <penalty player="Mike Tofu" minutes="4" type="roughing" time="55:52"/>
            <result>
               <home>1</home>
               <away>2</away>
               <end type="full_time"/>
            </result>
            <winner id="pf"/>
         </round>
         <round home_team="pf">
            <goal side="pf" time="1:02"/>
            <result>
               <home>1</home>
               <away>0</away>
               <end type="full_time"/>
            </result>
            <winner id="pf"/>
         </round>
         <summary>Boston Bruins  has won this series and subsequently advances to  semi-final.</summary>
         <winner id="bb"/>
      </series>
   </matches>
</team>
<team>
   <name>
      <city>Boston</city>
      <name>Bruins</name>
   </name>
   <matches>
      <series id="_02" winner_advance_to="_05">
         <seed id="bb"/>
         <seed id="pf"/>
         <round home_team="bb">
            <goal side="bb" time="12:45"/>
            <penalty player="Joe Moe" minutes="2" type="slashing" time="23:12"/>
            <goal side="pf" time="55:02"/>
            <goal side="pf" time="55:48"/>
            <goal side="pf" time="58:58"/>
            <result>
               <home>2</home>
               <away>3</away>
               <end type="full_time"/>
            </result>
            <winner id="pf"/>
         </round>
         <round home_team="bb">
            <goal side="bb" time="15:45"/>
            <goal side="pf" time="25:52"/>
            <goal side="pf" time="35:18"/>
            <penalty player="Jean Rousseau" minutes="2" type="hooking" time="43:12"/>
            <penalty player="Mike Tofu" minutes="4" type="roughing" time="55:52"/>
            <result>
               <home>1</home>
               <away>2</away>
               <end type="full_time"/>
            </result>
            <winner id="pf"/>
         </round>
         <round home_team="pf">
            <goal side="pf" time="1:02"/>
            <result>
               <home>1</home>
               <away>0</away>
               <end type="full_time"/>
            </result>
            <winner id="pf"/>
         </round>
         <summary>Boston Bruins  has won this series and subsequently advances to  semi-final.</summary>
         <winner id="bb"/>
      </series>
   </matches>
</team>
<team>
   <name>
      <city>Pittsburgh</city>
      <name>Penguins</name>
   </name>
   <matches>
      <series id="_01" winner_advance_to="_05">
         <seed id="pp"/>
         <seed id="mc"/>
         <round home_team="pp">
            <goal side="pp" time="12:33"/>
            <goal side="pp" time="14:21"/>
            <goal side="mc" time="33:57"/>
            <penalty player="Jamie Langenbrunner" minutes="5" type="roughing" time="34:32"/>
            <goal side="mc" time="45:00"/>
            <penalty player="Glen Beck" minutes="2" type="inteference" time="46:25"/>
            <penalty player="William McLancaster" minutes="2" type="slashing" time="48:04"/>
            <penalty player="William McLancaster" minutes="2" type="roughing" time="50:05"/>
            <penalty player="William McLancaster" minutes="2" type="slashing" time="52:09"/>
            <goal side="mc" time="58:02"/>
            <result>
               <home>2</home>
               <away>3</away>
               <end type="full_time"/>
            </result>
            <winner id="mc"/>
         </round>
         <round home_team="pp">
            <goal side="pp" time="17:18"/>
            <goal side="pp" time="44:21"/>
            <penalty player="Jamie Langenbrunner" minutes="5" type="roughing" time="59:58"/>
            <penalty player="Kevin Lough" minutes="5" type="roughing" time="59:58"/>
            <penalty player="Marc Modalo" minutes="5" type="roughing" time="59:58"/>
            <penalty player="Evgeniy Stoichkof" minutes="5" type="roughing" time="59:58"/>
            <result>
               <home>2</home>
               <away>0</away>
               <end type="full_time"/>
            </result>
            <winner id="mc"/>
         </round>
         <round home_team="mc">
            <goal side="pp" time="12:33"/>
            <goal side="pp" time="14:21"/>
            <penalty player="Hugo Mortensen" minutes="2" type="high-sticking" time="24:57"/>
            <goal side="mc" time="33:57"/>
            <goal side="mc" time="45:00"/>
            <goal side="pp" time="69:02"/>
            <result>
               <home>2</home>
               <away>3</away>
               <end type="over_time"/>
            </result>
            <winner id="mc"/>
         </round>
         <round home_team="mc">
            <goal side="pp" time="12:33"/>
            <goal side="pp" time="14:21"/>
            <goal side="mc" time="33:57"/>
            <goal side="mc" time="45:00"/>
            <penalty player="Hugo Mortensen" minutes="2" type="high-sticking" time="48:21"/>
            <goal side="pp" time="58:02"/>
            <result>
               <home>2</home>
               <away>3</away>
               <end type="full_time"/>
            </result>
            <winner id="mc"/>
         </round>
         <summary>Montreal Canadiens  has won this series and subsequently advances to  semi-final.</summary>
         <winner id="mc"/>
      </series>
   </matches>
</team>
<team>
   <name>
      <city>San Jose</city>
      <name>Sharks</name>
   </name>
   <matches>
      <series id="_03" winner_advance_to="_06">
         <seed id="sjs"/>
         <seed id="drw"/>
         <round home_team="sjs">
            <goal side="sjs" time="59:59"/>
            <result>
               <home>1</home>
               <away>0</away>
               <end type="full_time"/>
            </result>
            <winner id="sjs"/>
         </round>
         <round home_team="sjs">
            <goal side="sjs" time="12:12"/>
            <goal side="sjs" time="12:25"/>
            <penalty player="Joe Rouclean" minutes="2" type="tripping" time="12:42"/>
            <goal side="drw" time="13:57"/>
            <goal side="sjs" time="14:29"/>
            <goal side="sjs" time="16:17"/>
            <penalty player="Marc Messier" minutes="2" type="holding" time="17:23"/>
            <goal side="drw" time="18:25"/>
            <goal side="drw" time="19:57"/>
            <penalty player="Joe Rouclean" minutes="4" type="roughing" time="23:12"/>
            <goal side="sjs" time="23:29"/>
            <goal side="sjs" time="26:17"/>
            <goal side="sjs" time="43:34"/>
            <goal side="drw" time="46:59"/>
            <result>
               <home>7</home>
               <away>4</away>
               <end type="full_time"/>
            </result>
            <winner id="sjs"/>
         </round>
         <round home_team="drw">
            <goal side="drw" time="33:21"/>
            <goal side="drw" time="45:22"/>
            <goal side="drw" time="55:23"/>
            <goal side="drw" time="59:24"/>
            <result>
               <home>4</home>
               <away>0</away>
               <end type="full_time"/>
            </result>
            <winner id="drw"/>
         </round>
         <round home_team="drw">
            <goal side="sjs" time="24:45"/>
            <goal side="drw" time="27:45"/>
            <goal side="drw" time="70:00"/>
            <result>
               <home>2</home>
               <away>1</away>
               <end type="shootout"/>
            </result>
            <winner id="drw"/>
         </round>
         <round home_team="sjs">
            <goal side="sjs" time="24:45"/>
            <goal side="drw" time="44:45"/>
            <goal side="drw" time="55:45"/>
            <goal side="sjs" time="58:45"/>
            <goal side="sjs" time="63:45"/>
            <result>
               <home>3</home>
               <away>2</away>
               <end type="over_time"/>
            </result>
            <winner id="sjs"/>
         </round>
         <summary>San Jose Sharks  has won this series and subsequently advances to  semi-final.</summary>
         <winner id="sjs"/>
      </series>
   </matches>
</team>
<team>
   <name>
      <city>Chicago</city>
      <name>Blackhawks</name>
   </name>
   <matches>
      <series id="_04" winner_advance_to="_06">
         <seed id="cb"/>
         <seed id="vc"/>
         <round home_team="cb">
            <goal side="cb" time="11:11"/>
            <goal side="cb" time="52:01"/>
            <result>
               <home>2</home>
               <away>0</away>
               <end type="full_time"/>
            </result>
            <winner id="cb"/>
         </round>
         <round home_team="cb">
            <goal side="vc" time="39:59"/>
            <result>
               <home>0</home>
               <away>1</away>
               <end type="full_time"/>
            </result>
            <winner id="vc"/>
         </round>
         <round home_team="vc">
            <goal side="cb" time="23:23"/>
            <goal side="cb" time="25:23"/>
            <goal side="cb" time="26:23"/>
            <goal side="vc" time="46:23"/>
            <result>
               <home>1</home>
               <away>3</away>
               <end type="full_time"/>
            </result>
            <winner id="cb"/>
         </round>
         <round home_team="vc">
            <goal side="cb" time="11:52"/>
            <goal side="cb" time="24:55"/>
            <goal side="vc" time="31:00"/>
            <goal side="vc" time="35:20"/>
            <goal side="cb" time="44:29"/>
            <goal side="cb" time="59:01"/>
            <goal side="cb" time="59:50"/>
            <result>
               <home>2</home>
               <away>5</away>
               <end type="full_time"/>
            </result>
            <winner id="cb"/>
         </round>
         <summary>Chicago Blackhawks  has won this series and subsequently advances to  semi-final.</summary>
         <winner id="cb"/>
      </series>
   </matches>
</team>
<team>
   <name>
      <city>Vancouver</city>
      <name>Canucks</name>
   </name>
   <matches>
      <series id="_04" winner_advance_to="_06">
         <seed id="cb"/>
         <seed id="vc"/>
         <round home_team="cb">
            <goal side="cb" time="11:11"/>
            <goal side="cb" time="52:01"/>
            <result>
               <home>2</home>
               <away>0</away>
               <end type="full_time"/>
            </result>
            <winner id="cb"/>
         </round>
         <round home_team="cb">
            <goal side="vc" time="39:59"/>
            <result>
               <home>0</home>
               <away>1</away>
               <end type="full_time"/>
            </result>
            <winner id="vc"/>
         </round>
         <round home_team="vc">
            <goal side="cb" time="23:23"/>
            <goal side="cb" time="25:23"/>
            <goal side="cb" time="26:23"/>
            <goal side="vc" time="46:23"/>
            <result>
               <home>1</home>
               <away>3</away>
               <end type="full_time"/>
            </result>
            <winner id="cb"/>
         </round>
         <round home_team="vc">
            <goal side="cb" time="11:52"/>
            <goal side="cb" time="24:55"/>
            <goal side="vc" time="31:00"/>
            <goal side="vc" time="35:20"/>
            <goal side="cb" time="44:29"/>
            <goal side="cb" time="59:01"/>
            <goal side="cb" time="59:50"/>
            <result>
               <home>2</home>
               <away>5</away>
               <end type="full_time"/>
            </result>
            <winner id="cb"/>
         </round>
         <summary>Chicago Blackhawks  has won this series and subsequently advances to  semi-final.</summary>
         <winner id="cb"/>
      </series>
   </matches>
</team>
<team>
   <name>
      <city>Detroit</city>
      <name>Red Wings</name>
   </name>
   <matches>
      <series id="_03" winner_advance_to="_06">
         <seed id="sjs"/>
         <seed id="drw"/>
         <round home_team="sjs">
            <goal side="sjs" time="59:59"/>
            <result>
               <home>1</home>
               <away>0</away>
               <end type="full_time"/>
            </result>
            <winner id="sjs"/>
         </round>
         <round home_team="sjs">
            <goal side="sjs" time="12:12"/>
            <goal side="sjs" time="12:25"/>
            <penalty player="Joe Rouclean" minutes="2" type="tripping" time="12:42"/>
            <goal side="drw" time="13:57"/>
            <goal side="sjs" time="14:29"/>
            <goal side="sjs" time="16:17"/>
            <penalty player="Marc Messier" minutes="2" type="holding" time="17:23"/>
            <goal side="drw" time="18:25"/>
            <goal side="drw" time="19:57"/>
            <penalty player="Joe Rouclean" minutes="4" type="roughing" time="23:12"/>
            <goal side="sjs" time="23:29"/>
            <goal side="sjs" time="26:17"/>
            <goal side="sjs" time="43:34"/>
            <goal side="drw" time="46:59"/>
            <result>
               <home>7</home>
               <away>4</away>
               <end type="full_time"/>
            </result>
            <winner id="sjs"/>
         </round>
         <round home_team="drw">
            <goal side="drw" time="33:21"/>
            <goal side="drw" time="45:22"/>
            <goal side="drw" time="55:23"/>
            <goal side="drw" time="59:24"/>
            <result>
               <home>4</home>
               <away>0</away>
               <end type="full_time"/>
            </result>
            <winner id="drw"/>
         </round>
         <round home_team="drw">
            <goal side="sjs" time="24:45"/>
            <goal side="drw" time="27:45"/>
            <goal side="drw" time="70:00"/>
            <result>
               <home>2</home>
               <away>1</away>
               <end type="shootout"/>
            </result>
            <winner id="drw"/>
         </round>
         <round home_team="sjs">
            <goal side="sjs" time="24:45"/>
            <goal side="drw" time="44:45"/>
            <goal side="drw" time="55:45"/>
            <goal side="sjs" time="58:45"/>
            <goal side="sjs" time="63:45"/>
            <result>
               <home>3</home>
               <away>2</away>
               <end type="over_time"/>
            </result>
            <winner id="sjs"/>
         </round>
         <summary>San Jose Sharks  has won this series and subsequently advances to  semi-final.</summary>
         <winner id="sjs"/>
      </series>
   </matches>
</team>