<?xml version="1.0" encoding="UTF-8"?><html xmlns="http://www.w3.org/1999/xhtml" xml:lang="en">
   <head>
      <meta http-equiv="Content-Type" content="text/html; charset=UTF-8" />
      <title>Auta v zarucni oprave</title>
   </head>
   <body>
      <h2>Auta v zarucni oprave</h2>
      <table>
         <tr>
            <th>VIN</th>
            <th>Nazev</th>
         </tr>
         <tr xmlns="">
            <td>DSDFS122422415656456456</td>
            <td>RenaultMegane</td>
         </tr>
         <tr xmlns="">
            <td>D5656565656565656456456</td>
            <td>Peugeot 206</td>
         </tr>
      </table>
   </body>
</html>