<?xml version="1.0" encoding="UTF-8"?>
<nejstarsi_mechanik>
   <mechanik id="M2" specializace="neni">
      <jmeno>
         <krestni>Pepa</krestni>
         <prijmeni>Novotny</prijmeni>
      </jmeno>
      <narozen>
         <den>15</den>
         <mesic>6</mesic>
         <rok>1967</rok>
      </narozen>
      <adresa>
         <ulice>
            <nazevulice>Presovska</nazevulice>
            <cp>456</cp>
         </ulice>
         <mesto>Kosice</mesto>
         <psc>54623</psc>
         <stat>Slovensko</stat>
      </adresa>
      <kontakt>
         <telefon>456789123</telefon>
         <telefon>465976431</telefon>
         <telefon>454564564</telefon>
         <telefon>454545454</telefon>
         <telefon>457896452</telefon>
         <telefon>794652546</telefon>
         <telefon>497643167</telefon>
         <telefon>497643165</telefon>
         <telefon>851264975</telefon>
         <telefon>123467951</telefon>
         <telefon>976431649</telefon>
         <telefon>794631675</telefon>
      </kontakt>
   </mechanik>
</nejstarsi_mechanik>