<html>
   <head>
      <meta http-equiv="Content-Type" content="text/html; charset=UTF-8">
      <title>Knizky</title>
   </head>
   <body>
      <ul>
         <li nazev="Strazci"></li>
         <li nazev="Modern Graph Theory"></li>
         <li nazev="Nadrazi Perdido"></li>
         <li nazev="Norske drevo"></li>
         <li nazev="Kapitoly z diskretni matematiky"></li>
         <li nazev="Graph Theory"></li>
         <li nazev="A odpust nam nase viny"></li>
         <li nazev="Eseje o prirode, biologii a jinych nepravostech"></li>
         <li nazev="Nadelat prachy"></li>
         <li nazev="Jmeno ruze"></li>
      </ul>
   </body>
</html>