<?xml version="1.0" encoding="UTF-8"?>
<vsichni_zamestnanci>
   <zamestnanec>
      <jmeno>
				Karel
			</jmeno>
      <primeni>
				Novák
			</primeni>
      <pozice>manažer</pozice>
   </zamestnanec>
   <zamestnanec>
      <jmeno>
				Magda
			</jmeno>
      <primeni>
				Nováková
			</primeni>
      <pozice>
				účetní
			</pozice>
   </zamestnanec>
   <zamestnanec>
      <jmeno>
				Josef
			</jmeno>
      <primeni>
				Novák
			</primeni>
      <pozice>
				rozvážeč
			</pozice>
   </zamestnanec>
   <zamestnanec>
      <jmeno>
				Jitka
			</jmeno>
      <primeni>
				Nevečeřelová
			</primeni>
      <pozice>
				pomocnice sládka
			</pozice>
   </zamestnanec>
   <zamestnanec>
      <jmeno>
				Martin
			</jmeno>
      <primeni>
				Lev
			</primeni>
      <pozice>
				vrátný
			</pozice>
   </zamestnanec>
   <zamestnanec>
      <jmeno>
				1
			</jmeno>
      <primeni>
				Treti
			</primeni>
      <pozice>manažer</pozice>
   </zamestnanec>
   <zamestnanec>
      <jmeno>
					2
				</jmeno>
      <primeni>
					Treti
				</primeni>
      <pozice>manažer</pozice>
   </zamestnanec>
   <zamestnanec>
      <jmeno>
							3
						</jmeno>
      <primeni>
							Treti
						</primeni>
      <pozice>manažer</pozice>
   </zamestnanec>
   <zamestnanec>
      <jmeno>
								4
							</jmeno>
      <primeni>
								Treti
							</primeni>
      <pozice>manažer</pozice>
   </zamestnanec>
   <zamestnanec>
      <jmeno>
				1
			</jmeno>
      <primeni>
				Druhy
			</primeni>
      <pozice>manažer</pozice>
   </zamestnanec>
   <zamestnanec>
      <jmeno>
				1
			</jmeno>
      <primeni>
				Prvni
			</primeni>
      <pozice>manažer</pozice>
   </zamestnanec>
   <zamestnanec>
      <jmeno>
					2
				</jmeno>
      <primeni>
					Prvni
				</primeni>
      <pozice>manažer</pozice>
   </zamestnanec>
</vsichni_zamestnanci>