<html>
   <head>
      <meta http-equiv="Content-Type" content="text/html; charset=UTF-8">
   </head>
   <body>
      <table>
         <tr>
            <th>pivo</th>
            <th>lahvi</th>
            <th>sudu</th>
         </tr>
         <tr>
            <td>
               				Svetla 10
               			
            </td>
            <td>974</td>
            <td>164</td>
         </tr>
         <tr>
            <td>
               				Tmava 11
               			
            </td>
            <td>5</td>
            <td>241</td>
         </tr>
         <tr>
            <td>
               				Tmava 12
               			
            </td>
            <td>5</td>
            <td>300</td>
         </tr>
      </table>
   </body>
</html>