<?xml version="1.0" encoding="UTF-8"?>
<sef>
   <jmeno>
				1
			</jmeno>
   <primeni>
				Treti
			</primeni>
   <podrizeni>
      <div>
         <div/>
         <div>
            <div/>
            <podrizeny>
               <jmeno>
								4
							</jmeno>
               <primeni>
								Treti
							</primeni>
            </podrizeny>
         </div>
         <podrizeny>
            <jmeno>
					2
				</jmeno>
            <primeni>
					Treti
				</primeni>
         </podrizeny>
         <podrizeny>
            <jmeno>
							3
						</jmeno>
            <primeni>
							Treti
						</primeni>
         </podrizeny>
      </div>
   </podrizeni>
</sef>
<sef>
   <jmeno>
					2
				</jmeno>
   <primeni>
					Treti
				</primeni>
   <podrizeni>
      <div/>
   </podrizeni>
</sef>
<sef>
   <jmeno>
							3
						</jmeno>
   <primeni>
							Treti
						</primeni>
   <podrizeni>
      <div>
         <div/>
         <podrizeny>
            <jmeno>
								4
							</jmeno>
            <primeni>
								Treti
							</primeni>
         </podrizeny>
      </div>
   </podrizeni>
</sef>
<sef>
   <jmeno>
								4
							</jmeno>
   <primeni>
								Treti
							</primeni>
   <podrizeni>
      <div/>
   </podrizeni>
</sef>
<sef>
   <jmeno>
				1
			</jmeno>
   <primeni>
				Druhy
			</primeni>
   <podrizeni>
      <div/>
   </podrizeni>
</sef>
<sef>
   <jmeno>
				1
			</jmeno>
   <primeni>
				Prvni
			</primeni>
   <podrizeni>
      <div>
         <div/>
         <podrizeny>
            <jmeno>
					2
				</jmeno>
            <primeni>
					Prvni
				</primeni>
         </podrizeny>
      </div>
   </podrizeni>
</sef>
<sef>
   <jmeno>
					2
				</jmeno>
   <primeni>
					Prvni
				</primeni>
   <podrizeni>
      <div/>
   </podrizeni>
</sef>