<?xml version="1.0" encoding="UTF-8"?>
<users>
   <user name="Pepa Kulda">
      <contact>
                    <email address="pepa@seznam.cz"/>
                </contact>
      <borrowing date="12.3.2009">
         <dvd name="Aeon Flux"/>
      </borrowing>
   </user>
   <user name="Petr Vonásek">
      <contact>
                    U Potoka 13, 284 15 Kocourkov
                    <email address="empty_mail_address"/>
                    <phone number="123456789"/>
                </contact>
      <borrowing date="14.3.2009">
         <dvd name="Bicenntial Man"/>
      </borrowing>
   </user>
   <user name="Majda Šilhavá">
      <contact>
                    <email address="majda@centrum.cz"/>
                    <phone number="empty_phone_number"/>
                </contact>
      <borrowing date="15.3.2009">
         <dvd name="16 Blocks"/>
      </borrowing>
   </user>
   <user name="Luděk Vokurka">
      <contact>
                    <phone number="321654987"/>
                    Za Návsí 23, 456 12 Psíkov
                </contact>
      <borrowing date="15.3.2009">
         <dvd name="Great Raid"/>
      </borrowing>
   </user>
</users>