<?xml version="1.0" encoding="UTF-8" standalone="no"?><!--<!DOCTYPE fbiregister SYSTEM "data.dtd">
<!- ako si asi FBI udrziava info o ludoch --><n1:fbiregister xmlns:n1="http://www.cuni.cz/schema.xsd" xmlns:xsi="http://www.w3.org/2001/XMLSchema-instance" xsi:schemaLocation="http://www.cuni.cz/schema.xsd data.xsd"><clovek id="m2341x2"><poznamka><!--&podozrivy; --></poznamka><priatelia><!-- nema facebook, priatelov je velmi tazke ziskat --></priatelia><rodina><otec id="cl12321"/></rodina><n1:domace-zvierata/></clovek><clovek id="m2341"><poznamka><!--&podozrivy; --></poznamka><priatelia><!-- nema facebook, priatelov je velmi tazke ziskat --></priatelia><rodina><dieta id="cl12321"/><manzelstvo id="cl1233"/></rodina><n1:domace-zvierata/></clovek><clovek id="cl1233"><poznamka><![CDATA[
			Nema rada symboly < a >, lebo ich kedysi davno napisala vedla seba na tabulu a dostala za to poznamku.	
		]]></poznamka><priatelia><?php echo file_get_contents("https://facebook.com/fbiapi.php?person=1231421412412"); ?></priatelia><rodina><dieta id="cl12321"/><manzelstvo id="m2341"/></rodina><n1:domace-zvierata><hlodavec pocuje-na="Pepo pod"/></n1:domace-zvierata></clovek><clovek id="cl12321"><poznamka><![CDATA[
			V prvej triede tvrdil ucitelke, ze je mozne zaviest linearne usporiadanie na prirodzenych cislach tak, ze 5 < 3.
		]]></poznamka><priatelia><?php echo file_get_contents("https://trusted.linkedin.com/fbi.php?id=jnovak"); ?><?php echo file_get_contents("https://facebook.com/fbiapi.php?person=12314214135561"); ?></priatelia><rodina><dieta id="m2341x2"/><otec id="m2341"/><mama id="cl1233"/></rodina><n1:domace-zvierata><pes pocuje-na="Dunco"/></n1:domace-zvierata></clovek></n1:fbiregister>