<?xml version="1.0" encoding="UTF-8"?>
<jedla>
   <jedlo>
      <nazov>kakao</nazov>
      <kategorie>
         <kategoria>ranajky</kategoria>
         <kategoria>vecera</kategoria>
         <kategoria>teple</kategoria>
         <kategoria>napoje</kategoria>
      </kategorie>
   </jedlo>
   <jedlo>
      <nazov>nakladany hermelin</nazov>
      <kategorie>
         <kategoria>cesko</kategoria>
         <kategoria>vecera</kategoria>
         <kategoria>studene</kategoria>
         <kategoria>pokrmy</kategoria>
      </kategorie>
   </jedlo>
   <jedlo>
      <nazov>rizoto</nazov>
      <kategorie>
         <kategoria>obed</kategoria>
         <kategoria>vecera</kategoria>
         <kategoria>teple</kategoria>
         <kategoria>masite</kategoria>
      </kategorie>
   </jedlo>
   <jedlo>
      <nazov>znojemska</nazov>
      <kategorie>
         <kategoria>cesko</kategoria>
         <kategoria>obed</kategoria>
         <kategoria>teple</kategoria>
         <kategoria>masite</kategoria>
      </kategorie>
   </jedlo>
   <jedlo>
      <nazov>Bryndzove halusky</nazov>
      <kategorie>
         <kategoria>slovensko</kategoria>
         <kategoria>obed</kategoria>
         <kategoria>teple</kategoria>
         <kategoria>bezmasite</kategoria>
      </kategorie>
   </jedlo>
   <jedlo>
      <nazov>segedinsky gulas</nazov>
      <kategorie>
         <kategoria>madarsko</kategoria>
         <kategoria>obed</kategoria>
         <kategoria>teple</kategoria>
         <kategoria>masite</kategoria>
      </kategorie>
   </jedlo>
</jedla>