<?xml version="1.0" encoding="UTF-8"?>
<employee>
   <name>John Smith</name>
   <salary>2000</salary>
   <deptName>Production</deptName>
</employee>
<employee>
   <name>Martin Smith</name>
   <salary>2400</salary>
   <deptName>Development</deptName>
</employee>
<employee>
   <name>Arthur Taylor</name>
   <salary>2500</salary>
   <deptName>Engineering</deptName>
</employee>
<employee>
   <name>Peter Jackson</name>
   <salary>2800</salary>
   <deptName>Development</deptName>
</employee>
<employee>
   <name>Peter Brown</name>
   <salary>3000</salary>
   <deptName>Accounting</deptName>
</employee>