<?xml version="1.0" encoding="UTF-8" standalone="no"?><?xml-stylesheet type="text/xsl" href="data.xsl"?>
<prejmenovany_root><!--Prejmenovany root na prejmenovany_root-->
<herci>
		<herec id="herec_1">
			<jmeno_prijmeni>
				<jmeno>Sam</jmeno>
				<prijmeni>Worthington</prijmeni>
			</jmeno_prijmeni>
		</herec>
		<herec id="herec_2">
			<jmeno_prijmeni>
				<jmeno>Marlom</jmeno>
				<prijmeni>Brando</prijmeni>
			</jmeno_prijmeni>
		</herec>
		<herec id="herec_3">
			<jmeno_prijmeni>
				<jmeno>Josh</jmeno>
				<prijmeni>Radnor</prijmeni>
			</jmeno_prijmeni>
		</herec>
		<herec id="herec_4">
			<jmeno_prijmeni>
				<jmeno>Johnny</jmeno>
				<prijmeni>Galecki</prijmeni>
			</jmeno_prijmeni>
		</herec>
	</herci>
	<reziseri>
		<reziser id="reziser_1">
			<jmeno_prijmeni>
				<jmeno>James</jmeno>
				<prijmeni>Cameron</prijmeni>
			</jmeno_prijmeni>
		</reziser>
		<reziser id="reziser_2">
			<jmeno_prijmeni>
				<jmeno>Nino</jmeno>
				<prijmeni>Rota</prijmeni>
			</jmeno_prijmeni>
		</reziser>
		<reziser id="reziser_3">
			<jmeno_prijmeni>
				<jmeno>James</jmeno>
				<prijmeni>Burrows</prijmeni>
			</jmeno_prijmeni>
		</reziser>
		<reziser id="reziser_4">
			<jmeno_prijmeni>
				<jmeno>Pamela</jmeno>
				<prijmeni>Fryman</prijmeni>
			</jmeno_prijmeni>
		</reziser>
	</reziseri>
	<sbirka>
		<filmy>
			<film id="1">
				<pujcen stav="ANO"/>
				<nazev>
					<originalni>Avatar</originalni>
				</nazev>
				<format>DVD<kvalita>origin?l</kvalita>
				</format>
				<zanr>Ak?n? / Dobrodru?n? / Sci-Fi / Fantasy</zanr>
				<jazyk>EN</jazyk>
				<titulky>ano</titulky>
				<reziroval>
					<reziser_klic id="reziser_1"/>
				</reziroval>
				<hlavni_herec>
					<herec_klic id="herec_1"/>
				</hlavni_herec>
				<rok_vydani>2009</rok_vydani>
				<obsah>Avatar p?ed n?mi otev?r? neuv??iteln? sv?t za hranicemi na?? fantazie, sv?t st?etu dvou naprosto odli?n?ch civilizac?.</obsah>
				<hodnoceni>
					<csfd>83%</csfd>
					<IMDb>8/10</IMDb>
				</hodnoceni>
			</film>
			<film id="2">
				<pujcen stav="ANO"/>
				<nazev>
					<cesky>Kmotr</cesky>
					<originalni>Godfather, The</originalni>
				</nazev>
				<format>VHS<kvalita>kopie origin?lu</kvalita>
				</format>
				<zanr>Krimi / Drama</zanr>
				<jazyk>CZ</jazyk>
				<reziroval>
					<reziser_klic id="reziser_2"/>
				</reziroval>
				<hlavni_herec>
					<herec_klic id="herec_2"/>
				</hlavni_herec>
				<rok_vydani>1972</rok_vydani>
				<obsah>Gangstersk? drama Kmotr, nato?en? podle stejnojmenn?ho bestselleru Maria Puza, pat?? mezi p?elomov? d?la tzv. Nov?ho Hollywoodu, a to jak komer?n?, tak um?lecky.</obsah>
				<hodnoceni>
					<csfd>93%</csfd>
					<IMDb>9/10</IMDb>
				</hodnoceni>
			</film>
		</filmy>
		<serialy>
			<serial id="1">
				<pujcen stav="NE"/>
				<nazev>
					<cesky>Jak jsem poznal va?i matku</cesky>
					<originalni>How I Met Your Mother</originalni>
				</nazev>
				<format>TV rip<kvalita>720p</kvalita>
				</format>
				<zanr>Komedie / Romantick?</zanr>
				<jazyk>EN</jazyk>
				<titulky>ano</titulky>
				<reziroval>
					<reziser_klic id="reziser_4"/>
				</reziroval>
				<hlavni_herec>
					<herec_klic id="herec_3"/>
				</hlavni_herec>
				<rok_vydani>2005</rok_vydani>
				<obsah>Komedie o tom jak se Ted (Jason Radnor) zamiloval. P?rek jeho spolubydl?c?ch Marshalla (Jason Segel) a Lilly (Alyson Hannigan) u? nebav? osam?lost Teda, a tak se rozhodnou, ?e mu pom??ou naj?t dlouholetou partnerku.</obsah>
				<hodnoceni>
					<csfd>88%</csfd>
					<IMDb>8/10</IMDb>
				</hodnoceni>
			</serial>
			<serial id="2">
				<pujcen stav="ANO"/>
				<nazev>
					<cesky>Teorie velk?ho t?esku</cesky>
					<originalni>Big Bang Theory, The</originalni>
				</nazev>
				<format>TV rip<kvalita>Xvid</kvalita>
				</format>
				<zanr>Komedie</zanr>
				<jazyk>EN</jazyk>
				<titulky>ano</titulky>
				<reziroval>
					<reziser_klic id="reziser_3"/>
				</reziroval>
				<hlavni_herec>
					<herec_klic id="herec_4"/>
				</hlavni_herec>
				<rok_vydani>2007</rok_vydani>
				<obsah>Leonard a Sheldon s? fyzici. Niekto by ich ozna?il za ?prtov, ale v dne?nej dobe je ove?a presnej?ie ozna?enie "geek". ?ij? vo svojom vlastnom svete a re?lny ?ivot im ni? nehovor?.</obsah>
				<hodnoceni>
					<csfd>91%</csfd>
					<IMDb>9/10</IMDb>
				</hodnoceni>
			</serial>
		</serialy>
	</sbirka>
	<oblibeny_film>AVATAR</oblibeny_film>
	</prejmenovany_root>