<html>
   <head>
      <meta http-equiv="Content-Type" content="text/html; charset=UTF-8">
      <title>Sumy obhospodařované půdy</title>
   </head>
   <body>
      <table>
         <tr>
            <th>Kultura</th>
            <th>Vymera</th>
         </tr>
         <tr>
            <td>orná</td>
            <td>3.2584</td>
         </tr>
         <tr>
            <td>les</td>
            <td>2.731</td>
         </tr>
         <tr>
            <td>pastvina</td>
            <td>2.5535</td>
         </tr>
      </table>
      <p>Celková obhospodařovaná půda: 8.5429 ha.</p>
   </body>
</html>