<?xml version="1.0" encoding="UTF-8"?>
<vymera-sousednich>
   <parcela id="p1.1">
      <vymera>3.6239 ha</vymera>
   </parcela>
</vymera-sousednich>
<vymera-sousednich>
   <parcela id="p1.3">
      <vymera>5.6239 ha</vymera>
   </parcela>
</vymera-sousednich>
<vymera-sousednich>
   <parcela id="p1.2">
      <vymera>2.3655 ha</vymera>
   </parcela>
</vymera-sousednich>
<vymera-sousednich>
   <parcela id="p1.55">
      <vymera>0.3655 ha</vymera>
   </parcela>
</vymera-sousednich>
<vymera-sousednich>
   <parcela id="p1.44">
      <vymera>2.5535 ha</vymera>
   </parcela>
</vymera-sousednich>