<?xml version="1.0" encoding="UTF-8"?>
<vlastnikem-je-take-firma>
   <cislo>1</cislo>
   <kultura typ="orná"/>
   <vymera>1.2584</vymera>ha<vlastnik>
      <jmeno>Adam</jmeno>
      <prijmeni>Nováček</prijmeni>
      <mesto>Přímětín</mesto>
      <firma>Chromotix s.r.o.</firma>
      <mesto>Přímětín</mesto>
   </vlastnik>
</vlastnikem-je-take-firma>
<vlastnikem-je-take-firma>
   <cislo>2</cislo>
   <kultura typ="les"/>
   <vymera>2.3655</vymera>ha<vlastnik>
      <firma>Chromotix s.r.o.</firma>
      <mesto>Přímětín</mesto>
   </vlastnik>
</vlastnikem-je-take-firma>
<vlastnikem-je-take-firma>
   <cislo>55</cislo>
   <kultura typ="les"/>
   <vymera>0.3655</vymera>ha<vlastnik>
      <jmeno>Adam</jmeno>
      <prijmeni>Nováček</prijmeni>
      <mesto>Přímětín</mesto>
      <firma>Chromotix s.r.o.</firma>
      <mesto>Přímětín</mesto>
   </vlastnik>
</vlastnikem-je-take-firma>