<?xml version="1.0" encoding="UTF-8" standalone="no"?><cinema>
	<movies>
		
		
		
		
		
		
		
		
		
		
		
		
		
		
		
		
		
		
		
		
		
		
		
		
		
	<movie id="m3">
			<name>Nespoutan? Django</name>
			<category>?ivotopisn?, Drama</category>
			<length>98</length>
			<price>150</price>
			<suitableFrom>15</suitableFrom>
			<country>?esko</country>
			<year>2013</year>
			<director>Genndy Tartakovsky</director>
			<language>cs</language>
			<subtitles>cs</subtitles>
		</movie><movie id="m1">
			<name>Lincoln</name>
			<category>Rodinn?, Komedie </category>
			<length>138</length>
			<price>150</price>
			<suitableFrom>12</suitableFrom>
			<country>?esko</country>
			<year>2012</year>
			<director>Steven Spielberg</director>
			<language>cs</language>
			<subtitles>cs</subtitles>
		</movie><movie id="m2">
			<name>Lincoln</name>
			<category>Animovan?, Komedie, Rodinn?</category>
			<length>150</length>
			<price>150</price>
			<suitableFrom>15</suitableFrom>
			<country>USA</country>
			<year>2012</year>
			<director>Sacha Gervasi</director>
			<language>en</language>
			<subtitles>cs</subtitles>
		</movie><movie id="m7">
			<name>Lincoln</name>
			<category>Western, Dobrodru?n?, Ak?n?, Drama</category>
			<length>169</length>
			<price>150</price>
			<suitableFrom>15</suitableFrom>
			<country>?esko</country>
			<year>2012</year>
			<director>Robert Zemeckis</director>
			<language>cs</language>
			<subtitles>cs</subtitles>
		</movie><movie id="m3">
			<name>Lincoln</name>
			<category>Drama</category>
			<length>98</length>
			<price>200</price>
			<suitableFrom>15</suitableFrom>
			<country>?esko</country>
			<year>2013</year>
			<director>Sacha Gervasi</director>
			<language>en</language>
			<subtitles>cs</subtitles>
		</movie><movie id="m2">
			<name>Let</name>
			<category>Animovan?, Komedie, Rodinn?</category>
			<length>90</length>
			<price>120</price>
			<suitableFrom>15</suitableFrom>
			<country>USA</country>
			<year>2012</year>
			<director>Steven Spielberg</director>
			<language>en</language>
			<subtitles>cs</subtitles>
		</movie><movie id="m7">
			<name>Hotel Transylv?nie</name>
			<category>?ivotopisn?, Drama</category>
			<length>98</length>
			<price>150</price>
			<suitableFrom>15</suitableFrom>
			<country>Kanada, Francie</country>
			<year>2012</year>
			<director>Robert Zemeckis</director>
			<language>cs</language>
			<subtitles>cs</subtitles>
		</movie><movie id="m3">
			<name>Hotel Transylv?nie</name>
			<category>Western, Dobrodru?n?, Ak?n?, Drama</category>
			<length>169</length>
			<price>120</price>
			<suitableFrom>12</suitableFrom>
			<country>Kanada, Francie</country>
			<year>2013</year>
			<director>Steven Spielberg</director>
			<language>en</language>
			<subtitles>cs</subtitles>
		</movie><movie id="m5">
			<name>Hotel Transylv?nie</name>
			<category>Western, Dobrodru?n?, Ak?n?, Drama</category>
			<length>169</length>
			<price>120</price>
			<suitableFrom>15</suitableFrom>
			<country>USA, Nov? Z?land</country>
			<year>2013</year>
			<director>Genndy Tartakovsky</director>
			<language>cs</language>
			<subtitles>cs</subtitles>
		</movie><movie id="m4">
			<name>Hotel Transylv?nie</name>
			<category>Dobrodru?n?, Fantasy</category>
			<length>138</length>
			<price>150</price>
			<suitableFrom>15</suitableFrom>
			<country>USA</country>
			<year>2012</year>
			<director>Robert Zemeckis</director>
			<language>en</language>
			<subtitles>cs</subtitles>
		</movie><movie id="m2">
			<name>Hotel Transylv?nie</name>
			<category>Animovan?, Komedie, Rodinn?</category>
			<length>169</length>
			<price>120</price>
			<suitableFrom>15</suitableFrom>
			<country>?esko</country>
			<year>2013</year>
			<director>Robert Zemeckis</director>
			<language>en</language>
			<subtitles>cs</subtitles>
		</movie><movie id="m1">
			<name>Hotel Transylv?nie</name>
			<category>Rodinn?, Komedie </category>
			<length>169</length>
			<price>120</price>
			<suitableFrom>12</suitableFrom>
			<country>Kanada, Francie</country>
			<year>2013</year>
			<director>Michal ?abka</director>
			<language>cs</language>
			<subtitles>cs</subtitles>
		</movie><movie id="m5">
			<name>Hobit: Neo?ek?van? cesta</name>
			<category>Rodinn?, Komedie </category>
			<length>98</length>
			<price>200</price>
			<suitableFrom>15</suitableFrom>
			<country>USA, Nov? Z?land</country>
			<year>2012</year>
			<director>Peter Jackson </director>
			<language>cs</language>
			<subtitles>cs</subtitles>
		</movie><movie id="m2">
			<name>Hobit: Neo?ek?van? cesta</name>
			<category>Animovan?, Komedie, Rodinn?</category>
			<length>138</length>
			<price>200</price>
			<suitableFrom>15</suitableFrom>
			<country>USA</country>
			<year>2012</year>
			<director>Steven Spielberg</director>
			<language>cs</language>
			<subtitles>cs</subtitles>
		</movie><movie id="m1">
			<name>Hobit: Neo?ek?van? cesta</name>
			<category>Dobrodru?n?, Fantasy</category>
			<length>150</length>
			<price>150</price>
			<suitableFrom>12</suitableFrom>
			<country>Kanada, Francie</country>
			<year>2012</year>
			<director>Robert Zemeckis</director>
			<language>cs</language>
			<subtitles>cs</subtitles>
		</movie><movie id="m3">
			<name>Hobit: Neo?ek?van? cesta</name>
			<category>Animovan?, Komedie, Rodinn?</category>
			<length>138</length>
			<price>150</price>
			<suitableFrom>12</suitableFrom>
			<country>Kanada, Francie</country>
			<year>2012</year>
			<director>Steven Spielberg</director>
			<language>en</language>
			<subtitles>cs</subtitles>
		</movie><movie id="m3">
			<name>Hobit: Neo?ek?van? cesta</name>
			<category>Dobrodru?n?, Fantasy</category>
			<length>138</length>
			<price>200</price>
			<suitableFrom>12</suitableFrom>
			<country>USA</country>
			<year>2013</year>
			<director>Genndy Tartakovsky</director>
			<language>en</language>
			<subtitles>cs</subtitles>
		</movie><movie id="m3">
			<name>Hitchcock</name>
			<category>Animovan?, Komedie, Rodinn?</category>
			<length>90</length>
			<price>150</price>
			<suitableFrom>12</suitableFrom>
			<country>USA</country>
			<year>2013</year>
			<director>Steven Spielberg</director>
			<language>en</language>
			<subtitles>cs</subtitles>
		</movie><movie id="m6">
			<name>Hitchcock</name>
			<category>Rodinn?, Komedie </category>
			<length>91</length>
			<price>150</price>
			<suitableFrom>15</suitableFrom>
			<country>Kanada, Francie</country>
			<year>2012</year>
			<director>Steven Spielberg</director>
			<language>en</language>
			<subtitles>cs</subtitles>
		</movie><movie id="m4">
			<name>Hitchcock</name>
			<category>Drama</category>
			<length>150</length>
			<price>150</price>
			<suitableFrom>12</suitableFrom>
			<country>Kanada, Francie</country>
			<year>2012</year>
			<director>Steven Spielberg</director>
			<language>en</language>
			<subtitles>cs</subtitles>
		</movie><movie id="m1">
			<name>Hitchcock</name>
			<category>?ivotopisn?, Drama</category>
			<length>138</length>
			<price>120</price>
			<suitableFrom>15</suitableFrom>
			<country>Kanada, Francie</country>
			<year>2013</year>
			<director>Michal ?abka</director>
			<language>cs</language>
			<subtitles>cs</subtitles>
		</movie><movie id="m6">
			<name>Hitchcock</name>
			<category>Rodinn?, Komedie </category>
			<length>169</length>
			<price>120</price>
			<suitableFrom>12</suitableFrom>
			<country>USA, Nov? Z?land</country>
			<year>2012</year>
			<director>Steven Spielberg</director>
			<language>en</language>
			<subtitles>cs</subtitles>
		</movie><movie id="m55"><name>Schindler's list</name><category>Drama</category><suitableFrom>16</suitableFrom><length>240</length><price>1</price><country>USA</country><director>Steven Spielberg</director><language>English</language><subtitles>Czech</subtitles></movie><movie id="m7">
			<name>?ty?l?stek ve slu?b?ch kr?le</name>
			<category>?ivotopisn?, Drama</category>
			<length>150</length>
			<price>120</price>
			<suitableFrom>12</suitableFrom>
			<country>USA, Nov? Z?land</country>
			<year>2012</year>
			<director>Robert Zemeckis</director>
			<language>en</language>
			<subtitles>cs</subtitles>
		</movie><movie id="m2">
			<name>?ty?l?stek ve slu?b?ch kr?le</name>
			<category>Drama</category>
			<length>91</length>
			<price>150</price>
			<suitableFrom>15</suitableFrom>
			<country>USA</country>
			<year>2013</year>
			<director>Sacha Gervasi</director>
			<language>en</language>
			<subtitles>cs</subtitles>
		</movie><movie id="m1">
			<name>?ty?l?stek ve slu?b?ch kr?le</name>
			<category>Drama</category>
			<length>91</length>
			<price>150</price>
			<suitableFrom>12</suitableFrom>
			<country>?esko</country>
			<year>2013</year>
			<director>Steven Spielberg</director>
			<language>en</language>
			<subtitles>cs</subtitles>
		</movie></movies>
	<projectionRooms>
		<projectionRoom id="f1r2">
			<capacity>300</capacity>
			<is3d>true</is3d>
			<counOfEmergencyExits>2</counOfEmergencyExits>
		</projectionRoom>
		<projectionRoom id="f2r2">
			<capacity>400</capacity>
			<is3d>true</is3d>
			<counOfEmergencyExits>2</counOfEmergencyExits>
		</projectionRoom>
		<projectionRoom id="f3r1">
			<capacity>200</capacity>
			<is3d>true</is3d>
			<counOfEmergencyExits>4</counOfEmergencyExits>
		</projectionRoom>
		<projectionRoom id="f2r1">
			<capacity>400</capacity>
			<is3d>true</is3d>
			<counOfEmergencyExits>4</counOfEmergencyExits>
		</projectionRoom>
		<projectionRoom id="f1r2">
			<capacity>400</capacity>
			<is3d>true</is3d>
			<counOfEmergencyExits>2</counOfEmergencyExits>
		</projectionRoom>
		<projectionRoom id="f3r1">
			<capacity>200</capacity>
			<is3d>true</is3d>
			<counOfEmergencyExits>3</counOfEmergencyExits>
		</projectionRoom>
		<projectionRoom id="f2r2">
			<capacity>200</capacity>
			<is3d>true</is3d>
			<counOfEmergencyExits>2</counOfEmergencyExits>
		</projectionRoom>
		<projectionRoom id="f2r1">
			<capacity>200</capacity>
			<is3d>true</is3d>
			<counOfEmergencyExits>3</counOfEmergencyExits>
		</projectionRoom>
		<projectionRoom id="f1r2">
			<capacity>200</capacity>
			<is3d>true</is3d>
			<counOfEmergencyExits>4</counOfEmergencyExits>
		</projectionRoom>
		<projectionRoom id="f2r2">
			<capacity>300</capacity>
			<is3d>true</is3d>
			<counOfEmergencyExits>6</counOfEmergencyExits>
		</projectionRoom>
		<projectionRoom id="f1r1">
			<capacity>300</capacity>
			<is3d>true</is3d>
			<counOfEmergencyExits>4</counOfEmergencyExits>
		</projectionRoom>
		<projectionRoom id="f2r1">
			<capacity>300</capacity>
			<is3d>true</is3d>
			<counOfEmergencyExits>4</counOfEmergencyExits>
		</projectionRoom>
		<projectionRoom id="f2r1">
			<capacity>400</capacity>
			<is3d>true</is3d>
			<counOfEmergencyExits>2</counOfEmergencyExits>
		</projectionRoom>
		<projectionRoom id="f1r2">
			<capacity>300</capacity>
			<is3d>true</is3d>
			<counOfEmergencyExits>3</counOfEmergencyExits>
		</projectionRoom>
		<projectionRoom id="f1r1">
			<capacity>200</capacity>
			<is3d>true</is3d>
			<counOfEmergencyExits>6</counOfEmergencyExits>
		</projectionRoom>
		<projectionRoom id="f2r2">
			<capacity>400</capacity>
			<is3d>true</is3d>
			<counOfEmergencyExits>2</counOfEmergencyExits>
		</projectionRoom>
		<projectionRoom id="f1r1">
			<capacity>300</capacity>
			<is3d>true</is3d>
			<counOfEmergencyExits>3</counOfEmergencyExits>
		</projectionRoom>
		<projectionRoom id="f2r2">
			<capacity>400</capacity>
			<is3d>true</is3d>
			<counOfEmergencyExits>2</counOfEmergencyExits>
		</projectionRoom>
		<projectionRoom id="f2r1">
			<capacity>200</capacity>
			<is3d>true</is3d>
			<counOfEmergencyExits>2</counOfEmergencyExits>
		</projectionRoom>
		<projectionRoom id="f1r2">
			<capacity>300</capacity>
			<is3d>true</is3d>
			<counOfEmergencyExits>6</counOfEmergencyExits>
		</projectionRoom>
		<projectionRoom id="f1r2">
			<capacity>300</capacity>
			<is3d>true</is3d>
			<counOfEmergencyExits>6</counOfEmergencyExits>
		</projectionRoom>
		<projectionRoom id="f2r1">
			<capacity>300</capacity>
			<is3d>true</is3d>
			<counOfEmergencyExits>6</counOfEmergencyExits>
		</projectionRoom>
		<projectionRoom id="f1r1">
			<capacity>400</capacity>
			<is3d>true</is3d>
			<counOfEmergencyExits>2</counOfEmergencyExits>
		</projectionRoom>
		<projectionRoom id="f1r1">
			<capacity>200</capacity>
			<is3d>true</is3d>
			<counOfEmergencyExits>4</counOfEmergencyExits>
		</projectionRoom>
		<projectionRoom id="f1r1">
			<capacity>400</capacity>
			<is3d>true</is3d>
			<counOfEmergencyExits>4</counOfEmergencyExits>
		</projectionRoom>
	</projectionRooms>
	<program>
		<projectionDay>
			<info>String</info>
			<date>2013-02-23</date>
			<projection>
				<time>15:00</time>
				<movieRef>m7</movieRef>
				<projectionRoomRef>f1r2</projectionRoomRef>
			</projection>
			<projection>
				<time>15:50</time>
				<movieRef>m2</movieRef>
				<projectionRoomRef>f1r1</projectionRoomRef>
			</projection>
			<projection>
				<time>13:00</time>
				<movieRef>m1</movieRef>
				<projectionRoomRef>f3r1</projectionRoomRef>
			</projection>
			<projection>
				<time>12:50</time>
				<movieRef>m2</movieRef>
				<projectionRoomRef>f2r2</projectionRoomRef>
			</projection>
			<projection>
				<time>15:00</time>
				<movieRef>m4</movieRef>
				<projectionRoomRef>f2r2</projectionRoomRef>
			</projection>
			<projection>
				<time>16:00</time>
				<movieRef>m4</movieRef>
				<projectionRoomRef>f1r1</projectionRoomRef>
			</projection>
			<projection>
				<time>19:00</time>
				<movieRef>m3</movieRef>
				<projectionRoomRef>f3r1</projectionRoomRef>
			</projection>
			<projection>
				<time>13:00</time>
				<movieRef>m2</movieRef>
				<projectionRoomRef>f1r1</projectionRoomRef>
			</projection>
			<projection>
				<time>13:00</time>
				<movieRef>m4</movieRef>
				<projectionRoomRef>f3r1</projectionRoomRef>
			</projection>
			<projection>
				<time>15:50</time>
				<movieRef>m2</movieRef>
				<projectionRoomRef>f1r1</projectionRoomRef>
			</projection>
			<projection>
				<time>13:00</time>
				<movieRef>m1</movieRef>
				<projectionRoomRef>f2r2</projectionRoomRef>
			</projection>
			<projection>
				<time>12:50</time>
				<movieRef>m5</movieRef>
				<projectionRoomRef>f1r2</projectionRoomRef>
			</projection>
			<projection>
				<time>19:00</time>
				<movieRef>m2</movieRef>
				<projectionRoomRef>f1r2</projectionRoomRef>
			</projection>
			<projection>
				<time>16:00</time>
				<movieRef>m3</movieRef>
				<projectionRoomRef>f1r1</projectionRoomRef>
			</projection>
			<projection>
				<time>16:00</time>
				<movieRef>m7</movieRef>
				<projectionRoomRef>f1r1</projectionRoomRef>
			</projection>
			<projection>
				<time>13:00</time>
				<movieRef>m3</movieRef>
				<projectionRoomRef>f2r2</projectionRoomRef>
			</projection>
			<projection>
				<time>15:50</time>
				<movieRef>m2</movieRef>
				<projectionRoomRef>f3r1</projectionRoomRef>
			</projection>
			<projection>
				<time>12:50</time>
				<movieRef>m5</movieRef>
				<projectionRoomRef>f3r1</projectionRoomRef>
			</projection>
			<projection>
				<time>16:00</time>
				<movieRef>m2</movieRef>
				<projectionRoomRef>f3r1</projectionRoomRef>
			</projection>
			<projection>
				<time>16:00</time>
				<movieRef>m2</movieRef>
				<projectionRoomRef>f1r2</projectionRoomRef>
			</projection>
			<projection>
				<time>13:00</time>
				<movieRef>m1</movieRef>
				<projectionRoomRef>f3r1</projectionRoomRef>
			</projection>
			<projection>
				<time>16:00</time>
				<movieRef>m4</movieRef>
				<projectionRoomRef>f2r2</projectionRoomRef>
			</projection>
			<projection>
				<time>19:00</time>
				<movieRef>m4</movieRef>
				<projectionRoomRef>f2r2</projectionRoomRef>
			</projection>
			<projection>
				<time>19:00</time>
				<movieRef>m1</movieRef>
				<projectionRoomRef>f1r2</projectionRoomRef>
			</projection>
			<projection>
				<time>15:00</time>
				<movieRef>m5</movieRef>
				<projectionRoomRef>f3r1</projectionRoomRef>
			</projection>
		</projectionDay>
		<projectionDay>
			<info>String</info>
			<date>2013-02-23</date>
			<projection>
				<time>15:50</time>
				<movieRef>m1</movieRef>
				<projectionRoomRef>f3r1</projectionRoomRef>
			</projection>
			<projection>
				<time>12:50</time>
				<movieRef>m2</movieRef>
				<projectionRoomRef>f1r2</projectionRoomRef>
			</projection>
			<projection>
				<time>12:50</time>
				<movieRef>m7</movieRef>
				<projectionRoomRef>f2r2</projectionRoomRef>
			</projection>
			<projection>
				<time>15:00</time>
				<movieRef>m7</movieRef>
				<projectionRoomRef>f3r1</projectionRoomRef>
			</projection>
			<projection>
				<time>16:00</time>
				<movieRef>m4</movieRef>
				<projectionRoomRef>f2r2</projectionRoomRef>
			</projection>
			<projection>
				<time>16:00</time>
				<movieRef>m2</movieRef>
				<projectionRoomRef>f2r2</projectionRoomRef>
			</projection>
			<projection>
				<time>15:00</time>
				<movieRef>m5</movieRef>
				<projectionRoomRef>f2r2</projectionRoomRef>
			</projection>
			<projection>
				<time>19:00</time>
				<movieRef>m4</movieRef>
				<projectionRoomRef>f1r1</projectionRoomRef>
			</projection>
			<projection>
				<time>15:00</time>
				<movieRef>m5</movieRef>
				<projectionRoomRef>f1r1</projectionRoomRef>
			</projection>
			<projection>
				<time>12:50</time>
				<movieRef>m1</movieRef>
				<projectionRoomRef>f3r1</projectionRoomRef>
			</projection>
			<projection>
				<time>16:00</time>
				<movieRef>m5</movieRef>
				<projectionRoomRef>f2r2</projectionRoomRef>
			</projection>
			<projection>
				<time>12:50</time>
				<movieRef>m7</movieRef>
				<projectionRoomRef>f3r1</projectionRoomRef>
			</projection>
			<projection>
				<time>16:00</time>
				<movieRef>m2</movieRef>
				<projectionRoomRef>f3r1</projectionRoomRef>
			</projection>
			<projection>
				<time>16:00</time>
				<movieRef>m2</movieRef>
				<projectionRoomRef>f2r2</projectionRoomRef>
			</projection>
			<projection>
				<time>15:50</time>
				<movieRef>m2</movieRef>
				<projectionRoomRef>f3r1</projectionRoomRef>
			</projection>
			<projection>
				<time>15:50</time>
				<movieRef>m3</movieRef>
				<projectionRoomRef>f1r2</projectionRoomRef>
			</projection>
			<projection>
				<time>12:50</time>
				<movieRef>m2</movieRef>
				<projectionRoomRef>f2r2</projectionRoomRef>
			</projection>
			<projection>
				<time>16:00</time>
				<movieRef>m2</movieRef>
				<projectionRoomRef>f1r1</projectionRoomRef>
			</projection>
			<projection>
				<time>19:00</time>
				<movieRef>m5</movieRef>
				<projectionRoomRef>f1r2</projectionRoomRef>
			</projection>
			<projection>
				<time>15:00</time>
				<movieRef>m4</movieRef>
				<projectionRoomRef>f1r1</projectionRoomRef>
			</projection>
			<projection>
				<time>15:00</time>
				<movieRef>m2</movieRef>
				<projectionRoomRef>f1r2</projectionRoomRef>
			</projection>
			<projection>
				<time>19:00</time>
				<movieRef>m7</movieRef>
				<projectionRoomRef>f3r1</projectionRoomRef>
			</projection>
			<projection>
				<time>15:50</time>
				<movieRef>m5</movieRef>
				<projectionRoomRef>f3r1</projectionRoomRef>
			</projection>
			<projection>
				<time>13:00</time>
				<movieRef>m1</movieRef>
				<projectionRoomRef>f1r2</projectionRoomRef>
			</projection>
			<projection>
				<time>16:00</time>
				<movieRef>m5</movieRef>
				<projectionRoomRef>f1r2</projectionRoomRef>
			</projection>
		</projectionDay>
		<projectionDay>
			<info>String</info>
			<date>2013-02-22</date>
			<projection>
				<time>15:50</time>
				<movieRef>m5</movieRef>
				<projectionRoomRef>f2r2</projectionRoomRef>
			</projection>
			<projection>
				<time>15:50</time>
				<movieRef>m2</movieRef>
				<projectionRoomRef>f1r2</projectionRoomRef>
			</projection>
			<projection>
				<time>19:00</time>
				<movieRef>m1</movieRef>
				<projectionRoomRef>f1r1</projectionRoomRef>
			</projection>
			<projection>
				<time>19:00</time>
				<movieRef>m5</movieRef>
				<projectionRoomRef>f2r2</projectionRoomRef>
			</projection>
			<projection>
				<time>15:50</time>
				<movieRef>m4</movieRef>
				<projectionRoomRef>f3r1</projectionRoomRef>
			</projection>
			<projection>
				<time>19:00</time>
				<movieRef>m7</movieRef>
				<projectionRoomRef>f3r1</projectionRoomRef>
			</projection>
			<projection>
				<time>16:00</time>
				<movieRef>m7</movieRef>
				<projectionRoomRef>f3r1</projectionRoomRef>
			</projection>
			<projection>
				<time>15:00</time>
				<movieRef>m5</movieRef>
				<projectionRoomRef>f1r2</projectionRoomRef>
			</projection>
			<projection>
				<time>13:00</time>
				<movieRef>m3</movieRef>
				<projectionRoomRef>f1r2</projectionRoomRef>
			</projection>
			<projection>
				<time>15:00</time>
				<movieRef>m4</movieRef>
				<projectionRoomRef>f1r2</projectionRoomRef>
			</projection>
			<projection>
				<time>13:00</time>
				<movieRef>m2</movieRef>
				<projectionRoomRef>f2r2</projectionRoomRef>
			</projection>
			<projection>
				<time>15:00</time>
				<movieRef>m1</movieRef>
				<projectionRoomRef>f1r2</projectionRoomRef>
			</projection>
			<projection>
				<time>16:00</time>
				<movieRef>m5</movieRef>
				<projectionRoomRef>f1r2</projectionRoomRef>
			</projection>
			<projection>
				<time>13:00</time>
				<movieRef>m1</movieRef>
				<projectionRoomRef>f2r2</projectionRoomRef>
			</projection>
			<projection>
				<time>16:00</time>
				<movieRef>m7</movieRef>
				<projectionRoomRef>f2r2</projectionRoomRef>
			</projection>
			<projection>
				<time>13:00</time>
				<movieRef>m1</movieRef>
				<projectionRoomRef>f2r2</projectionRoomRef>
			</projection>
			<projection>
				<time>13:00</time>
				<movieRef>m3</movieRef>
				<projectionRoomRef>f1r2</projectionRoomRef>
			</projection>
			<projection>
				<time>16:00</time>
				<movieRef>m2</movieRef>
				<projectionRoomRef>f1r1</projectionRoomRef>
			</projection>
			<projection>
				<time>19:00</time>
				<movieRef>m3</movieRef>
				<projectionRoomRef>f1r2</projectionRoomRef>
			</projection>
			<projection>
				<time>19:00</time>
				<movieRef>m4</movieRef>
				<projectionRoomRef>f3r1</projectionRoomRef>
			</projection>
			<projection>
				<time>16:00</time>
				<movieRef>m2</movieRef>
				<projectionRoomRef>f1r2</projectionRoomRef>
			</projection>
			<projection>
				<time>15:00</time>
				<movieRef>m3</movieRef>
				<projectionRoomRef>f1r1</projectionRoomRef>
			</projection>
			<projection>
				<time>16:00</time>
				<movieRef>m3</movieRef>
				<projectionRoomRef>f1r1</projectionRoomRef>
			</projection>
			<projection>
				<time>12:50</time>
				<movieRef>m5</movieRef>
				<projectionRoomRef>f2r2</projectionRoomRef>
			</projection>
			<projection>
				<time>16:00</time>
				<movieRef>m4</movieRef>
				<projectionRoomRef>f1r1</projectionRoomRef>
			</projection>
		</projectionDay>
		<projectionDay>
			<info>String</info>
			<date>2013-02-23</date>
			<projection>
				<time>19:00</time>
				<movieRef>m3</movieRef>
				<projectionRoomRef>f1r1</projectionRoomRef>
			</projection>
			<projection>
				<time>15:50</time>
				<movieRef>m2</movieRef>
				<projectionRoomRef>f3r1</projectionRoomRef>
			</projection>
			<projection>
				<time>16:00</time>
				<movieRef>m7</movieRef>
				<projectionRoomRef>f3r1</projectionRoomRef>
			</projection>
			<projection>
				<time>15:00</time>
				<movieRef>m1</movieRef>
				<projectionRoomRef>f3r1</projectionRoomRef>
			</projection>
			<projection>
				<time>15:00</time>
				<movieRef>m2</movieRef>
				<projectionRoomRef>f2r2</projectionRoomRef>
			</projection>
			<projection>
				<time>16:00</time>
				<movieRef>m1</movieRef>
				<projectionRoomRef>f1r2</projectionRoomRef>
			</projection>
			<projection>
				<time>19:00</time>
				<movieRef>m5</movieRef>
				<projectionRoomRef>f1r2</projectionRoomRef>
			</projection>
			<projection>
				<time>15:00</time>
				<movieRef>m4</movieRef>
				<projectionRoomRef>f2r2</projectionRoomRef>
			</projection>
			<projection>
				<time>19:00</time>
				<movieRef>m7</movieRef>
				<projectionRoomRef>f1r2</projectionRoomRef>
			</projection>
			<projection>
				<time>19:00</time>
				<movieRef>m5</movieRef>
				<projectionRoomRef>f1r2</projectionRoomRef>
			</projection>
			<projection>
				<time>16:00</time>
				<movieRef>m5</movieRef>
				<projectionRoomRef>f2r2</projectionRoomRef>
			</projection>
			<projection>
				<time>19:00</time>
				<movieRef>m2</movieRef>
				<projectionRoomRef>f1r2</projectionRoomRef>
			</projection>
			<projection>
				<time>19:00</time>
				<movieRef>m1</movieRef>
				<projectionRoomRef>f2r2</projectionRoomRef>
			</projection>
			<projection>
				<time>16:00</time>
				<movieRef>m5</movieRef>
				<projectionRoomRef>f1r1</projectionRoomRef>
			</projection>
			<projection>
				<time>19:00</time>
				<movieRef>m1</movieRef>
				<projectionRoomRef>f1r1</projectionRoomRef>
			</projection>
			<projection>
				<time>15:50</time>
				<movieRef>m7</movieRef>
				<projectionRoomRef>f1r2</projectionRoomRef>
			</projection>
			<projection>
				<time>15:00</time>
				<movieRef>m7</movieRef>
				<projectionRoomRef>f1r1</projectionRoomRef>
			</projection>
			<projection>
				<time>12:50</time>
				<movieRef>m1</movieRef>
				<projectionRoomRef>f1r1</projectionRoomRef>
			</projection>
			<projection>
				<time>16:00</time>
				<movieRef>m7</movieRef>
				<projectionRoomRef>f1r1</projectionRoomRef>
			</projection>
			<projection>
				<time>12:50</time>
				<movieRef>m5</movieRef>
				<projectionRoomRef>f3r1</projectionRoomRef>
			</projection>
			<projection>
				<time>13:00</time>
				<movieRef>m5</movieRef>
				<projectionRoomRef>f2r2</projectionRoomRef>
			</projection>
			<projection>
				<time>19:00</time>
				<movieRef>m2</movieRef>
				<projectionRoomRef>f1r1</projectionRoomRef>
			</projection>
			<projection>
				<time>15:00</time>
				<movieRef>m7</movieRef>
				<projectionRoomRef>f1r1</projectionRoomRef>
			</projection>
			<projection>
				<time>15:50</time>
				<movieRef>m7</movieRef>
				<projectionRoomRef>f1r1</projectionRoomRef>
			</projection>
			<projection>
				<time>15:50</time>
				<movieRef>m4</movieRef>
				<projectionRoomRef>f2r2</projectionRoomRef>
			</projection>
		</projectionDay>
		<projectionDay>
			<info>String</info>
			<date>2013-02-23</date>
			<projection>
				<time>13:00</time>
				<movieRef>m3</movieRef>
				<projectionRoomRef>f3r1</projectionRoomRef>
			</projection>
			<projection>
				<time>15:50</time>
				<movieRef>m5</movieRef>
				<projectionRoomRef>f1r2</projectionRoomRef>
			</projection>
			<projection>
				<time>16:00</time>
				<movieRef>m3</movieRef>
				<projectionRoomRef>f1r1</projectionRoomRef>
			</projection>
			<projection>
				<time>13:00</time>
				<movieRef>m2</movieRef>
				<projectionRoomRef>f1r2</projectionRoomRef>
			</projection>
			<projection>
				<time>19:00</time>
				<movieRef>m3</movieRef>
				<projectionRoomRef>f3r1</projectionRoomRef>
			</projection>
			<projection>
				<time>19:00</time>
				<movieRef>m4</movieRef>
				<projectionRoomRef>f3r1</projectionRoomRef>
			</projection>
			<projection>
				<time>19:00</time>
				<movieRef>m5</movieRef>
				<projectionRoomRef>f2r2</projectionRoomRef>
			</projection>
			<projection>
				<time>15:00</time>
				<movieRef>m3</movieRef>
				<projectionRoomRef>f3r1</projectionRoomRef>
			</projection>
			<projection>
				<time>13:00</time>
				<movieRef>m1</movieRef>
				<projectionRoomRef>f2r2</projectionRoomRef>
			</projection>
			<projection>
				<time>15:50</time>
				<movieRef>m3</movieRef>
				<projectionRoomRef>f2r2</projectionRoomRef>
			</projection>
			<projection>
				<time>16:00</time>
				<movieRef>m7</movieRef>
				<projectionRoomRef>f1r2</projectionRoomRef>
			</projection>
			<projection>
				<time>19:00</time>
				<movieRef>m1</movieRef>
				<projectionRoomRef>f3r1</projectionRoomRef>
			</projection>
			<projection>
				<time>13:00</time>
				<movieRef>m5</movieRef>
				<projectionRoomRef>f1r2</projectionRoomRef>
			</projection>
			<projection>
				<time>19:00</time>
				<movieRef>m1</movieRef>
				<projectionRoomRef>f2r2</projectionRoomRef>
			</projection>
			<projection>
				<time>15:50</time>
				<movieRef>m7</movieRef>
				<projectionRoomRef>f3r1</projectionRoomRef>
			</projection>
			<projection>
				<time>13:00</time>
				<movieRef>m1</movieRef>
				<projectionRoomRef>f1r1</projectionRoomRef>
			</projection>
			<projection>
				<time>19:00</time>
				<movieRef>m1</movieRef>
				<projectionRoomRef>f1r2</projectionRoomRef>
			</projection>
			<projection>
				<time>13:00</time>
				<movieRef>m5</movieRef>
				<projectionRoomRef>f1r1</projectionRoomRef>
			</projection>
			<projection>
				<time>12:50</time>
				<movieRef>m2</movieRef>
				<projectionRoomRef>f1r1</projectionRoomRef>
			</projection>
			<projection>
				<time>13:00</time>
				<movieRef>m7</movieRef>
				<projectionRoomRef>f2r2</projectionRoomRef>
			</projection>
			<projection>
				<time>16:00</time>
				<movieRef>m2</movieRef>
				<projectionRoomRef>f2r2</projectionRoomRef>
			</projection>
			<projection>
				<time>19:00</time>
				<movieRef>m4</movieRef>
				<projectionRoomRef>f1r2</projectionRoomRef>
			</projection>
			<projection>
				<time>15:50</time>
				<movieRef>m3</movieRef>
				<projectionRoomRef>f1r2</projectionRoomRef>
			</projection>
			<projection>
				<time>15:00</time>
				<movieRef>m4</movieRef>
				<projectionRoomRef>f1r2</projectionRoomRef>
			</projection>
			<projection>
				<time>16:00</time>
				<movieRef>m4</movieRef>
				<projectionRoomRef>f1r2</projectionRoomRef>
			</projection>
		</projectionDay>
		<projectionDay>
			<info>String</info>
			<date>2013-02-22</date>
			<projection>
				<time>19:00</time>
				<movieRef>m2</movieRef>
				<projectionRoomRef>f1r2</projectionRoomRef>
			</projection>
			<projection>
				<time>15:00</time>
				<movieRef>m4</movieRef>
				<projectionRoomRef>f3r1</projectionRoomRef>
			</projection>
			<projection>
				<time>15:00</time>
				<movieRef>m1</movieRef>
				<projectionRoomRef>f1r2</projectionRoomRef>
			</projection>
			<projection>
				<time>12:50</time>
				<movieRef>m4</movieRef>
				<projectionRoomRef>f1r1</projectionRoomRef>
			</projection>
			<projection>
				<time>13:00</time>
				<movieRef>m4</movieRef>
				<projectionRoomRef>f1r2</projectionRoomRef>
			</projection>
			<projection>
				<time>16:00</time>
				<movieRef>m5</movieRef>
				<projectionRoomRef>f1r2</projectionRoomRef>
			</projection>
			<projection>
				<time>16:00</time>
				<movieRef>m3</movieRef>
				<projectionRoomRef>f2r2</projectionRoomRef>
			</projection>
			<projection>
				<time>15:50</time>
				<movieRef>m2</movieRef>
				<projectionRoomRef>f1r1</projectionRoomRef>
			</projection>
			<projection>
				<time>19:00</time>
				<movieRef>m2</movieRef>
				<projectionRoomRef>f3r1</projectionRoomRef>
			</projection>
			<projection>
				<time>13:00</time>
				<movieRef>m2</movieRef>
				<projectionRoomRef>f1r1</projectionRoomRef>
			</projection>
			<projection>
				<time>15:50</time>
				<movieRef>m2</movieRef>
				<projectionRoomRef>f2r2</projectionRoomRef>
			</projection>
			<projection>
				<time>13:00</time>
				<movieRef>m4</movieRef>
				<projectionRoomRef>f1r2</projectionRoomRef>
			</projection>
			<projection>
				<time>12:50</time>
				<movieRef>m7</movieRef>
				<projectionRoomRef>f3r1</projectionRoomRef>
			</projection>
			<projection>
				<time>15:00</time>
				<movieRef>m2</movieRef>
				<projectionRoomRef>f1r1</projectionRoomRef>
			</projection>
			<projection>
				<time>15:50</time>
				<movieRef>m7</movieRef>
				<projectionRoomRef>f2r2</projectionRoomRef>
			</projection>
			<projection>
				<time>15:50</time>
				<movieRef>m1</movieRef>
				<projectionRoomRef>f2r2</projectionRoomRef>
			</projection>
			<projection>
				<time>15:00</time>
				<movieRef>m5</movieRef>
				<projectionRoomRef>f3r1</projectionRoomRef>
			</projection>
			<projection>
				<time>12:50</time>
				<movieRef>m2</movieRef>
				<projectionRoomRef>f2r2</projectionRoomRef>
			</projection>
			<projection>
				<time>15:50</time>
				<movieRef>m1</movieRef>
				<projectionRoomRef>f1r2</projectionRoomRef>
			</projection>
			<projection>
				<time>16:00</time>
				<movieRef>m1</movieRef>
				<projectionRoomRef>f1r1</projectionRoomRef>
			</projection>
			<projection>
				<time>15:50</time>
				<movieRef>m2</movieRef>
				<projectionRoomRef>f2r2</projectionRoomRef>
			</projection>
			<projection>
				<time>12:50</time>
				<movieRef>m2</movieRef>
				<projectionRoomRef>f3r1</projectionRoomRef>
			</projection>
			<projection>
				<time>19:00</time>
				<movieRef>m4</movieRef>
				<projectionRoomRef>f1r2</projectionRoomRef>
			</projection>
			<projection>
				<time>13:00</time>
				<movieRef>m5</movieRef>
				<projectionRoomRef>f2r2</projectionRoomRef>
			</projection>
			<projection>
				<time>15:00</time>
				<movieRef>m3</movieRef>
				<projectionRoomRef>f1r2</projectionRoomRef>
			</projection>
		</projectionDay>
		<projectionDay>
			<info>String</info>
			<date>2013-02-22</date>
			<projection>
				<time>19:00</time>
				<movieRef>m1</movieRef>
				<projectionRoomRef>f1r2</projectionRoomRef>
			</projection>
			<projection>
				<time>15:50</time>
				<movieRef>m2</movieRef>
				<projectionRoomRef>f2r2</projectionRoomRef>
			</projection>
			<projection>
				<time>12:50</time>
				<movieRef>m5</movieRef>
				<projectionRoomRef>f2r2</projectionRoomRef>
			</projection>
			<projection>
				<time>16:00</time>
				<movieRef>m7</movieRef>
				<projectionRoomRef>f2r2</projectionRoomRef>
			</projection>
			<projection>
				<time>19:00</time>
				<movieRef>m1</movieRef>
				<projectionRoomRef>f2r2</projectionRoomRef>
			</projection>
			<projection>
				<time>12:50</time>
				<movieRef>m2</movieRef>
				<projectionRoomRef>f3r1</projectionRoomRef>
			</projection>
			<projection>
				<time>15:50</time>
				<movieRef>m4</movieRef>
				<projectionRoomRef>f1r1</projectionRoomRef>
			</projection>
			<projection>
				<time>19:00</time>
				<movieRef>m5</movieRef>
				<projectionRoomRef>f1r2</projectionRoomRef>
			</projection>
			<projection>
				<time>19:00</time>
				<movieRef>m7</movieRef>
				<projectionRoomRef>f1r2</projectionRoomRef>
			</projection>
			<projection>
				<time>12:50</time>
				<movieRef>m4</movieRef>
				<projectionRoomRef>f1r1</projectionRoomRef>
			</projection>
			<projection>
				<time>16:00</time>
				<movieRef>m2</movieRef>
				<projectionRoomRef>f1r2</projectionRoomRef>
			</projection>
			<projection>
				<time>15:00</time>
				<movieRef>m5</movieRef>
				<projectionRoomRef>f3r1</projectionRoomRef>
			</projection>
			<projection>
				<time>13:00</time>
				<movieRef>m3</movieRef>
				<projectionRoomRef>f1r2</projectionRoomRef>
			</projection>
			<projection>
				<time>15:00</time>
				<movieRef>m4</movieRef>
				<projectionRoomRef>f1r1</projectionRoomRef>
			</projection>
			<projection>
				<time>19:00</time>
				<movieRef>m7</movieRef>
				<projectionRoomRef>f3r1</projectionRoomRef>
			</projection>
			<projection>
				<time>15:00</time>
				<movieRef>m1</movieRef>
				<projectionRoomRef>f3r1</projectionRoomRef>
			</projection>
			<projection>
				<time>13:00</time>
				<movieRef>m5</movieRef>
				<projectionRoomRef>f2r2</projectionRoomRef>
			</projection>
			<projection>
				<time>19:00</time>
				<movieRef>m1</movieRef>
				<projectionRoomRef>f1r1</projectionRoomRef>
			</projection>
			<projection>
				<time>15:50</time>
				<movieRef>m4</movieRef>
				<projectionRoomRef>f1r2</projectionRoomRef>
			</projection>
			<projection>
				<time>15:00</time>
				<movieRef>m7</movieRef>
				<projectionRoomRef>f2r2</projectionRoomRef>
			</projection>
			<projection>
				<time>15:50</time>
				<movieRef>m2</movieRef>
				<projectionRoomRef>f1r1</projectionRoomRef>
			</projection>
			<projection>
				<time>15:00</time>
				<movieRef>m3</movieRef>
				<projectionRoomRef>f2r2</projectionRoomRef>
			</projection>
			<projection>
				<time>13:00</time>
				<movieRef>m1</movieRef>
				<projectionRoomRef>f2r2</projectionRoomRef>
			</projection>
			<projection>
				<time>19:00</time>
				<movieRef>m5</movieRef>
				<projectionRoomRef>f3r1</projectionRoomRef>
			</projection>
			<projection>
				<time>16:00</time>
				<movieRef>m2</movieRef>
				<projectionRoomRef>f1r2</projectionRoomRef>
			</projection>
		</projectionDay>
		<projectionDay>
			<info>String</info>
			<date>2013-02-23</date>
			<projection>
				<time>13:00</time>
				<movieRef>m2</movieRef>
				<projectionRoomRef>f2r2</projectionRoomRef>
			</projection>
			<projection>
				<time>15:50</time>
				<movieRef>m7</movieRef>
				<projectionRoomRef>f1r1</projectionRoomRef>
			</projection>
			<projection>
				<time>13:00</time>
				<movieRef>m7</movieRef>
				<projectionRoomRef>f1r1</projectionRoomRef>
			</projection>
			<projection>
				<time>19:00</time>
				<movieRef>m5</movieRef>
				<projectionRoomRef>f1r1</projectionRoomRef>
			</projection>
			<projection>
				<time>15:50</time>
				<movieRef>m4</movieRef>
				<projectionRoomRef>f1r1</projectionRoomRef>
			</projection>
			<projection>
				<time>15:50</time>
				<movieRef>m5</movieRef>
				<projectionRoomRef>f2r2</projectionRoomRef>
			</projection>
			<projection>
				<time>15:00</time>
				<movieRef>m7</movieRef>
				<projectionRoomRef>f3r1</projectionRoomRef>
			</projection>
			<projection>
				<time>16:00</time>
				<movieRef>m1</movieRef>
				<projectionRoomRef>f1r2</projectionRoomRef>
			</projection>
			<projection>
				<time>15:50</time>
				<movieRef>m1</movieRef>
				<projectionRoomRef>f1r1</projectionRoomRef>
			</projection>
			<projection>
				<time>12:50</time>
				<movieRef>m7</movieRef>
				<projectionRoomRef>f2r2</projectionRoomRef>
			</projection>
			<projection>
				<time>13:00</time>
				<movieRef>m4</movieRef>
				<projectionRoomRef>f2r2</projectionRoomRef>
			</projection>
			<projection>
				<time>12:50</time>
				<movieRef>m5</movieRef>
				<projectionRoomRef>f2r2</projectionRoomRef>
			</projection>
			<projection>
				<time>16:00</time>
				<movieRef>m1</movieRef>
				<projectionRoomRef>f1r1</projectionRoomRef>
			</projection>
			<projection>
				<time>16:00</time>
				<movieRef>m4</movieRef>
				<projectionRoomRef>f3r1</projectionRoomRef>
			</projection>
			<projection>
				<time>15:50</time>
				<movieRef>m1</movieRef>
				<projectionRoomRef>f1r2</projectionRoomRef>
			</projection>
			<projection>
				<time>19:00</time>
				<movieRef>m3</movieRef>
				<projectionRoomRef>f1r1</projectionRoomRef>
			</projection>
			<projection>
				<time>15:00</time>
				<movieRef>m4</movieRef>
				<projectionRoomRef>f1r1</projectionRoomRef>
			</projection>
			<projection>
				<time>15:00</time>
				<movieRef>m4</movieRef>
				<projectionRoomRef>f3r1</projectionRoomRef>
			</projection>
			<projection>
				<time>15:00</time>
				<movieRef>m5</movieRef>
				<projectionRoomRef>f3r1</projectionRoomRef>
			</projection>
			<projection>
				<time>12:50</time>
				<movieRef>m5</movieRef>
				<projectionRoomRef>f3r1</projectionRoomRef>
			</projection>
			<projection>
				<time>13:00</time>
				<movieRef>m2</movieRef>
				<projectionRoomRef>f3r1</projectionRoomRef>
			</projection>
			<projection>
				<time>13:00</time>
				<movieRef>m7</movieRef>
				<projectionRoomRef>f2r2</projectionRoomRef>
			</projection>
			<projection>
				<time>19:00</time>
				<movieRef>m4</movieRef>
				<projectionRoomRef>f1r1</projectionRoomRef>
			</projection>
			<projection>
				<time>15:50</time>
				<movieRef>m1</movieRef>
				<projectionRoomRef>f1r1</projectionRoomRef>
			</projection>
			<projection>
				<time>16:00</time>
				<movieRef>m7</movieRef>
				<projectionRoomRef>f1r1</projectionRoomRef>
			</projection>
		</projectionDay>
		<projectionDay>
			<info>String</info>
			<date>2013-02-23</date>
			<projection>
				<time>15:50</time>
				<movieRef>m1</movieRef>
				<projectionRoomRef>f2r2</projectionRoomRef>
			</projection>
			<projection>
				<time>15:00</time>
				<movieRef>m7</movieRef>
				<projectionRoomRef>f1r2</projectionRoomRef>
			</projection>
			<projection>
				<time>13:00</time>
				<movieRef>m5</movieRef>
				<projectionRoomRef>f1r2</projectionRoomRef>
			</projection>
			<projection>
				<time>16:00</time>
				<movieRef>m5</movieRef>
				<projectionRoomRef>f3r1</projectionRoomRef>
			</projection>
			<projection>
				<time>13:00</time>
				<movieRef>m2</movieRef>
				<projectionRoomRef>f1r1</projectionRoomRef>
			</projection>
			<projection>
				<time>19:00</time>
				<movieRef>m5</movieRef>
				<projectionRoomRef>f2r2</projectionRoomRef>
			</projection>
			<projection>
				<time>12:50</time>
				<movieRef>m2</movieRef>
				<projectionRoomRef>f3r1</projectionRoomRef>
			</projection>
			<projection>
				<time>12:50</time>
				<movieRef>m1</movieRef>
				<projectionRoomRef>f1r2</projectionRoomRef>
			</projection>
			<projection>
				<time>19:00</time>
				<movieRef>m7</movieRef>
				<projectionRoomRef>f2r2</projectionRoomRef>
			</projection>
			<projection>
				<time>19:00</time>
				<movieRef>m5</movieRef>
				<projectionRoomRef>f3r1</projectionRoomRef>
			</projection>
			<projection>
				<time>13:00</time>
				<movieRef>m2</movieRef>
				<projectionRoomRef>f1r1</projectionRoomRef>
			</projection>
			<projection>
				<time>15:50</time>
				<movieRef>m5</movieRef>
				<projectionRoomRef>f3r1</projectionRoomRef>
			</projection>
			<projection>
				<time>15:00</time>
				<movieRef>m5</movieRef>
				<projectionRoomRef>f3r1</projectionRoomRef>
			</projection>
			<projection>
				<time>12:50</time>
				<movieRef>m4</movieRef>
				<projectionRoomRef>f1r1</projectionRoomRef>
			</projection>
			<projection>
				<time>15:50</time>
				<movieRef>m4</movieRef>
				<projectionRoomRef>f1r1</projectionRoomRef>
			</projection>
			<projection>
				<time>15:00</time>
				<movieRef>m1</movieRef>
				<projectionRoomRef>f3r1</projectionRoomRef>
			</projection>
			<projection>
				<time>15:00</time>
				<movieRef>m1</movieRef>
				<projectionRoomRef>f1r2</projectionRoomRef>
			</projection>
			<projection>
				<time>16:00</time>
				<movieRef>m3</movieRef>
				<projectionRoomRef>f3r1</projectionRoomRef>
			</projection>
			<projection>
				<time>15:00</time>
				<movieRef>m7</movieRef>
				<projectionRoomRef>f1r2</projectionRoomRef>
			</projection>
			<projection>
				<time>15:50</time>
				<movieRef>m2</movieRef>
				<projectionRoomRef>f1r1</projectionRoomRef>
			</projection>
			<projection>
				<time>12:50</time>
				<movieRef>m1</movieRef>
				<projectionRoomRef>f1r1</projectionRoomRef>
			</projection>
			<projection>
				<time>16:00</time>
				<movieRef>m5</movieRef>
				<projectionRoomRef>f3r1</projectionRoomRef>
			</projection>
			<projection>
				<time>15:50</time>
				<movieRef>m1</movieRef>
				<projectionRoomRef>f2r2</projectionRoomRef>
			</projection>
			<projection>
				<time>15:50</time>
				<movieRef>m1</movieRef>
				<projectionRoomRef>f1r1</projectionRoomRef>
			</projection>
			<projection>
				<time>12:50</time>
				<movieRef>m2</movieRef>
				<projectionRoomRef>f1r1</projectionRoomRef>
			</projection>
		</projectionDay>
		<projectionDay>
			<info>String</info>
			<date>2013-02-23</date>
			<projection>
				<time>13:00</time>
				<movieRef>m4</movieRef>
				<projectionRoomRef>f1r2</projectionRoomRef>
			</projection>
			<projection>
				<time>19:00</time>
				<movieRef>m3</movieRef>
				<projectionRoomRef>f2r2</projectionRoomRef>
			</projection>
			<projection>
				<time>16:00</time>
				<movieRef>m3</movieRef>
				<projectionRoomRef>f2r2</projectionRoomRef>
			</projection>
			<projection>
				<time>16:00</time>
				<movieRef>m4</movieRef>
				<projectionRoomRef>f1r2</projectionRoomRef>
			</projection>
			<projection>
				<time>19:00</time>
				<movieRef>m3</movieRef>
				<projectionRoomRef>f3r1</projectionRoomRef>
			</projection>
			<projection>
				<time>15:50</time>
				<movieRef>m3</movieRef>
				<projectionRoomRef>f1r1</projectionRoomRef>
			</projection>
			<projection>
				<time>15:00</time>
				<movieRef>m3</movieRef>
				<projectionRoomRef>f2r2</projectionRoomRef>
			</projection>
			<projection>
				<time>15:50</time>
				<movieRef>m5</movieRef>
				<projectionRoomRef>f1r1</projectionRoomRef>
			</projection>
			<projection>
				<time>15:50</time>
				<movieRef>m1</movieRef>
				<projectionRoomRef>f2r2</projectionRoomRef>
			</projection>
			<projection>
				<time>13:00</time>
				<movieRef>m4</movieRef>
				<projectionRoomRef>f1r2</projectionRoomRef>
			</projection>
			<projection>
				<time>15:50</time>
				<movieRef>m4</movieRef>
				<projectionRoomRef>f1r2</projectionRoomRef>
			</projection>
			<projection>
				<time>15:00</time>
				<movieRef>m4</movieRef>
				<projectionRoomRef>f3r1</projectionRoomRef>
			</projection>
			<projection>
				<time>13:00</time>
				<movieRef>m5</movieRef>
				<projectionRoomRef>f2r2</projectionRoomRef>
			</projection>
			<projection>
				<time>16:00</time>
				<movieRef>m3</movieRef>
				<projectionRoomRef>f2r2</projectionRoomRef>
			</projection>
			<projection>
				<time>15:50</time>
				<movieRef>m4</movieRef>
				<projectionRoomRef>f2r2</projectionRoomRef>
			</projection>
			<projection>
				<time>15:00</time>
				<movieRef>m1</movieRef>
				<projectionRoomRef>f1r2</projectionRoomRef>
			</projection>
			<projection>
				<time>13:00</time>
				<movieRef>m5</movieRef>
				<projectionRoomRef>f1r2</projectionRoomRef>
			</projection>
			<projection>
				<time>13:00</time>
				<movieRef>m1</movieRef>
				<projectionRoomRef>f1r1</projectionRoomRef>
			</projection>
			<projection>
				<time>13:00</time>
				<movieRef>m3</movieRef>
				<projectionRoomRef>f1r2</projectionRoomRef>
			</projection>
			<projection>
				<time>15:00</time>
				<movieRef>m7</movieRef>
				<projectionRoomRef>f3r1</projectionRoomRef>
			</projection>
			<projection>
				<time>16:00</time>
				<movieRef>m3</movieRef>
				<projectionRoomRef>f1r1</projectionRoomRef>
			</projection>
			<projection>
				<time>15:50</time>
				<movieRef>m2</movieRef>
				<projectionRoomRef>f3r1</projectionRoomRef>
			</projection>
			<projection>
				<time>15:00</time>
				<movieRef>m4</movieRef>
				<projectionRoomRef>f3r1</projectionRoomRef>
			</projection>
			<projection>
				<time>15:50</time>
				<movieRef>m5</movieRef>
				<projectionRoomRef>f3r1</projectionRoomRef>
			</projection>
			<projection>
				<time>15:50</time>
				<movieRef>m2</movieRef>
				<projectionRoomRef>f3r1</projectionRoomRef>
			</projection>
		</projectionDay>
		<projectionDay>
			<info>String</info>
			<date>2013-02-22</date>
			<projection>
				<time>15:50</time>
				<movieRef>m7</movieRef>
				<projectionRoomRef>f2r2</projectionRoomRef>
			</projection>
			<projection>
				<time>13:00</time>
				<movieRef>m7</movieRef>
				<projectionRoomRef>f1r1</projectionRoomRef>
			</projection>
			<projection>
				<time>15:50</time>
				<movieRef>m5</movieRef>
				<projectionRoomRef>f2r2</projectionRoomRef>
			</projection>
			<projection>
				<time>15:00</time>
				<movieRef>m7</movieRef>
				<projectionRoomRef>f3r1</projectionRoomRef>
			</projection>
			<projection>
				<time>15:50</time>
				<movieRef>m3</movieRef>
				<projectionRoomRef>f1r2</projectionRoomRef>
			</projection>
			<projection>
				<time>16:00</time>
				<movieRef>m1</movieRef>
				<projectionRoomRef>f1r2</projectionRoomRef>
			</projection>
			<projection>
				<time>13:00</time>
				<movieRef>m1</movieRef>
				<projectionRoomRef>f3r1</projectionRoomRef>
			</projection>
			<projection>
				<time>15:50</time>
				<movieRef>m7</movieRef>
				<projectionRoomRef>f1r1</projectionRoomRef>
			</projection>
			<projection>
				<time>16:00</time>
				<movieRef>m7</movieRef>
				<projectionRoomRef>f2r2</projectionRoomRef>
			</projection>
			<projection>
				<time>15:00</time>
				<movieRef>m3</movieRef>
				<projectionRoomRef>f2r2</projectionRoomRef>
			</projection>
			<projection>
				<time>15:50</time>
				<movieRef>m2</movieRef>
				<projectionRoomRef>f1r1</projectionRoomRef>
			</projection>
			<projection>
				<time>15:00</time>
				<movieRef>m7</movieRef>
				<projectionRoomRef>f2r2</projectionRoomRef>
			</projection>
			<projection>
				<time>12:50</time>
				<movieRef>m3</movieRef>
				<projectionRoomRef>f1r1</projectionRoomRef>
			</projection>
			<projection>
				<time>16:00</time>
				<movieRef>m7</movieRef>
				<projectionRoomRef>f1r2</projectionRoomRef>
			</projection>
			<projection>
				<time>15:50</time>
				<movieRef>m3</movieRef>
				<projectionRoomRef>f3r1</projectionRoomRef>
			</projection>
			<projection>
				<time>13:00</time>
				<movieRef>m5</movieRef>
				<projectionRoomRef>f1r2</projectionRoomRef>
			</projection>
			<projection>
				<time>13:00</time>
				<movieRef>m3</movieRef>
				<projectionRoomRef>f1r1</projectionRoomRef>
			</projection>
			<projection>
				<time>16:00</time>
				<movieRef>m5</movieRef>
				<projectionRoomRef>f3r1</projectionRoomRef>
			</projection>
			<projection>
				<time>15:00</time>
				<movieRef>m2</movieRef>
				<projectionRoomRef>f3r1</projectionRoomRef>
			</projection>
			<projection>
				<time>15:00</time>
				<movieRef>m1</movieRef>
				<projectionRoomRef>f1r1</projectionRoomRef>
			</projection>
			<projection>
				<time>13:00</time>
				<movieRef>m3</movieRef>
				<projectionRoomRef>f1r2</projectionRoomRef>
			</projection>
			<projection>
				<time>13:00</time>
				<movieRef>m2</movieRef>
				<projectionRoomRef>f2r2</projectionRoomRef>
			</projection>
			<projection>
				<time>13:00</time>
				<movieRef>m7</movieRef>
				<projectionRoomRef>f1r2</projectionRoomRef>
			</projection>
			<projection>
				<time>12:50</time>
				<movieRef>m3</movieRef>
				<projectionRoomRef>f1r1</projectionRoomRef>
			</projection>
			<projection>
				<time>15:00</time>
				<movieRef>m3</movieRef>
				<projectionRoomRef>f2r2</projectionRoomRef>
			</projection>
		</projectionDay>
		<projectionDay>
			<info>String</info>
			<date>2013-02-23</date>
			<projection>
				<time>16:00</time>
				<movieRef>m1</movieRef>
				<projectionRoomRef>f1r1</projectionRoomRef>
			</projection>
			<projection>
				<time>19:00</time>
				<movieRef>m7</movieRef>
				<projectionRoomRef>f1r1</projectionRoomRef>
			</projection>
			<projection>
				<time>16:00</time>
				<movieRef>m3</movieRef>
				<projectionRoomRef>f3r1</projectionRoomRef>
			</projection>
			<projection>
				<time>12:50</time>
				<movieRef>m7</movieRef>
				<projectionRoomRef>f1r1</projectionRoomRef>
			</projection>
			<projection>
				<time>16:00</time>
				<movieRef>m7</movieRef>
				<projectionRoomRef>f1r1</projectionRoomRef>
			</projection>
			<projection>
				<time>15:00</time>
				<movieRef>m1</movieRef>
				<projectionRoomRef>f1r2</projectionRoomRef>
			</projection>
			<projection>
				<time>19:00</time>
				<movieRef>m3</movieRef>
				<projectionRoomRef>f1r1</projectionRoomRef>
			</projection>
			<projection>
				<time>15:00</time>
				<movieRef>m3</movieRef>
				<projectionRoomRef>f2r2</projectionRoomRef>
			</projection>
			<projection>
				<time>15:00</time>
				<movieRef>m5</movieRef>
				<projectionRoomRef>f3r1</projectionRoomRef>
			</projection>
			<projection>
				<time>13:00</time>
				<movieRef>m4</movieRef>
				<projectionRoomRef>f1r2</projectionRoomRef>
			</projection>
			<projection>
				<time>12:50</time>
				<movieRef>m5</movieRef>
				<projectionRoomRef>f3r1</projectionRoomRef>
			</projection>
			<projection>
				<time>16:00</time>
				<movieRef>m4</movieRef>
				<projectionRoomRef>f1r2</projectionRoomRef>
			</projection>
			<projection>
				<time>15:50</time>
				<movieRef>m7</movieRef>
				<projectionRoomRef>f1r2</projectionRoomRef>
			</projection>
			<projection>
				<time>15:00</time>
				<movieRef>m3</movieRef>
				<projectionRoomRef>f2r2</projectionRoomRef>
			</projection>
			<projection>
				<time>19:00</time>
				<movieRef>m7</movieRef>
				<projectionRoomRef>f2r2</projectionRoomRef>
			</projection>
			<projection>
				<time>15:50</time>
				<movieRef>m7</movieRef>
				<projectionRoomRef>f3r1</projectionRoomRef>
			</projection>
			<projection>
				<time>15:50</time>
				<movieRef>m5</movieRef>
				<projectionRoomRef>f1r2</projectionRoomRef>
			</projection>
			<projection>
				<time>13:00</time>
				<movieRef>m3</movieRef>
				<projectionRoomRef>f2r2</projectionRoomRef>
			</projection>
			<projection>
				<time>13:00</time>
				<movieRef>m7</movieRef>
				<projectionRoomRef>f1r1</projectionRoomRef>
			</projection>
			<projection>
				<time>12:50</time>
				<movieRef>m3</movieRef>
				<projectionRoomRef>f3r1</projectionRoomRef>
			</projection>
			<projection>
				<time>15:00</time>
				<movieRef>m5</movieRef>
				<projectionRoomRef>f3r1</projectionRoomRef>
			</projection>
			<projection>
				<time>13:00</time>
				<movieRef>m1</movieRef>
				<projectionRoomRef>f1r2</projectionRoomRef>
			</projection>
			<projection>
				<time>19:00</time>
				<movieRef>m2</movieRef>
				<projectionRoomRef>f1r2</projectionRoomRef>
			</projection>
			<projection>
				<time>15:00</time>
				<movieRef>m5</movieRef>
				<projectionRoomRef>f2r2</projectionRoomRef>
			</projection>
			<projection>
				<time>12:50</time>
				<movieRef>m4</movieRef>
				<projectionRoomRef>f1r1</projectionRoomRef>
			</projection>
		</projectionDay>
		<projectionDay>
			<info>String</info>
			<date>2013-02-23</date>
			<projection>
				<time>12:50</time>
				<movieRef>m2</movieRef>
				<projectionRoomRef>f1r2</projectionRoomRef>
			</projection>
			<projection>
				<time>19:00</time>
				<movieRef>m3</movieRef>
				<projectionRoomRef>f3r1</projectionRoomRef>
			</projection>
			<projection>
				<time>13:00</time>
				<movieRef>m3</movieRef>
				<projectionRoomRef>f2r2</projectionRoomRef>
			</projection>
			<projection>
				<time>13:00</time>
				<movieRef>m1</movieRef>
				<projectionRoomRef>f2r2</projectionRoomRef>
			</projection>
			<projection>
				<time>19:00</time>
				<movieRef>m5</movieRef>
				<projectionRoomRef>f1r1</projectionRoomRef>
			</projection>
			<projection>
				<time>19:00</time>
				<movieRef>m4</movieRef>
				<projectionRoomRef>f1r1</projectionRoomRef>
			</projection>
			<projection>
				<time>12:50</time>
				<movieRef>m7</movieRef>
				<projectionRoomRef>f1r1</projectionRoomRef>
			</projection>
			<projection>
				<time>15:00</time>
				<movieRef>m5</movieRef>
				<projectionRoomRef>f2r2</projectionRoomRef>
			</projection>
			<projection>
				<time>15:50</time>
				<movieRef>m2</movieRef>
				<projectionRoomRef>f1r2</projectionRoomRef>
			</projection>
			<projection>
				<time>12:50</time>
				<movieRef>m5</movieRef>
				<projectionRoomRef>f1r2</projectionRoomRef>
			</projection>
			<projection>
				<time>16:00</time>
				<movieRef>m2</movieRef>
				<projectionRoomRef>f1r1</projectionRoomRef>
			</projection>
			<projection>
				<time>15:00</time>
				<movieRef>m3</movieRef>
				<projectionRoomRef>f1r1</projectionRoomRef>
			</projection>
			<projection>
				<time>13:00</time>
				<movieRef>m5</movieRef>
				<projectionRoomRef>f1r2</projectionRoomRef>
			</projection>
			<projection>
				<time>12:50</time>
				<movieRef>m1</movieRef>
				<projectionRoomRef>f1r2</projectionRoomRef>
			</projection>
			<projection>
				<time>16:00</time>
				<movieRef>m1</movieRef>
				<projectionRoomRef>f3r1</projectionRoomRef>
			</projection>
			<projection>
				<time>13:00</time>
				<movieRef>m3</movieRef>
				<projectionRoomRef>f2r2</projectionRoomRef>
			</projection>
			<projection>
				<time>19:00</time>
				<movieRef>m2</movieRef>
				<projectionRoomRef>f1r2</projectionRoomRef>
			</projection>
			<projection>
				<time>12:50</time>
				<movieRef>m7</movieRef>
				<projectionRoomRef>f1r1</projectionRoomRef>
			</projection>
			<projection>
				<time>15:00</time>
				<movieRef>m5</movieRef>
				<projectionRoomRef>f2r2</projectionRoomRef>
			</projection>
			<projection>
				<time>15:50</time>
				<movieRef>m4</movieRef>
				<projectionRoomRef>f1r1</projectionRoomRef>
			</projection>
			<projection>
				<time>15:00</time>
				<movieRef>m1</movieRef>
				<projectionRoomRef>f2r2</projectionRoomRef>
			</projection>
			<projection>
				<time>13:00</time>
				<movieRef>m5</movieRef>
				<projectionRoomRef>f2r2</projectionRoomRef>
			</projection>
			<projection>
				<time>16:00</time>
				<movieRef>m3</movieRef>
				<projectionRoomRef>f1r1</projectionRoomRef>
			</projection>
			<projection>
				<time>15:00</time>
				<movieRef>m2</movieRef>
				<projectionRoomRef>f1r2</projectionRoomRef>
			</projection>
			<projection>
				<time>12:50</time>
				<movieRef>m5</movieRef>
				<projectionRoomRef>f3r1</projectionRoomRef>
			</projection>
		</projectionDay>
		<projectionDay>
			<info>String</info>
			<date>2013-02-23</date>
			<projection>
				<time>15:00</time>
				<movieRef>m5</movieRef>
				<projectionRoomRef>f3r1</projectionRoomRef>
			</projection>
			<projection>
				<time>15:50</time>
				<movieRef>m3</movieRef>
				<projectionRoomRef>f2r2</projectionRoomRef>
			</projection>
			<projection>
				<time>16:00</time>
				<movieRef>m5</movieRef>
				<projectionRoomRef>f2r2</projectionRoomRef>
			</projection>
			<projection>
				<time>13:00</time>
				<movieRef>m7</movieRef>
				<projectionRoomRef>f1r1</projectionRoomRef>
			</projection>
			<projection>
				<time>15:50</time>
				<movieRef>m4</movieRef>
				<projectionRoomRef>f3r1</projectionRoomRef>
			</projection>
			<projection>
				<time>12:50</time>
				<movieRef>m1</movieRef>
				<projectionRoomRef>f2r2</projectionRoomRef>
			</projection>
			<projection>
				<time>12:50</time>
				<movieRef>m4</movieRef>
				<projectionRoomRef>f1r1</projectionRoomRef>
			</projection>
			<projection>
				<time>19:00</time>
				<movieRef>m3</movieRef>
				<projectionRoomRef>f1r1</projectionRoomRef>
			</projection>
			<projection>
				<time>19:00</time>
				<movieRef>m2</movieRef>
				<projectionRoomRef>f1r2</projectionRoomRef>
			</projection>
			<projection>
				<time>15:00</time>
				<movieRef>m3</movieRef>
				<projectionRoomRef>f3r1</projectionRoomRef>
			</projection>
			<projection>
				<time>13:00</time>
				<movieRef>m4</movieRef>
				<projectionRoomRef>f1r2</projectionRoomRef>
			</projection>
			<projection>
				<time>12:50</time>
				<movieRef>m2</movieRef>
				<projectionRoomRef>f3r1</projectionRoomRef>
			</projection>
			<projection>
				<time>13:00</time>
				<movieRef>m4</movieRef>
				<projectionRoomRef>f3r1</projectionRoomRef>
			</projection>
			<projection>
				<time>19:00</time>
				<movieRef>m3</movieRef>
				<projectionRoomRef>f1r2</projectionRoomRef>
			</projection>
			<projection>
				<time>19:00</time>
				<movieRef>m3</movieRef>
				<projectionRoomRef>f3r1</projectionRoomRef>
			</projection>
			<projection>
				<time>15:50</time>
				<movieRef>m3</movieRef>
				<projectionRoomRef>f2r2</projectionRoomRef>
			</projection>
			<projection>
				<time>19:00</time>
				<movieRef>m4</movieRef>
				<projectionRoomRef>f1r1</projectionRoomRef>
			</projection>
			<projection>
				<time>15:00</time>
				<movieRef>m7</movieRef>
				<projectionRoomRef>f1r1</projectionRoomRef>
			</projection>
			<projection>
				<time>15:00</time>
				<movieRef>m3</movieRef>
				<projectionRoomRef>f1r2</projectionRoomRef>
			</projection>
			<projection>
				<time>15:50</time>
				<movieRef>m4</movieRef>
				<projectionRoomRef>f2r2</projectionRoomRef>
			</projection>
			<projection>
				<time>13:00</time>
				<movieRef>m3</movieRef>
				<projectionRoomRef>f1r1</projectionRoomRef>
			</projection>
			<projection>
				<time>15:50</time>
				<movieRef>m5</movieRef>
				<projectionRoomRef>f3r1</projectionRoomRef>
			</projection>
			<projection>
				<time>12:50</time>
				<movieRef>m1</movieRef>
				<projectionRoomRef>f2r2</projectionRoomRef>
			</projection>
			<projection>
				<time>15:50</time>
				<movieRef>m7</movieRef>
				<projectionRoomRef>f1r2</projectionRoomRef>
			</projection>
			<projection>
				<time>15:50</time>
				<movieRef>m5</movieRef>
				<projectionRoomRef>f1r2</projectionRoomRef>
			</projection>
		</projectionDay>
		<projectionDay>
			<info>String</info>
			<date>2013-02-23</date>
			<projection>
				<time>19:00</time>
				<movieRef>m3</movieRef>
				<projectionRoomRef>f1r1</projectionRoomRef>
			</projection>
			<projection>
				<time>12:50</time>
				<movieRef>m7</movieRef>
				<projectionRoomRef>f1r1</projectionRoomRef>
			</projection>
			<projection>
				<time>15:50</time>
				<movieRef>m5</movieRef>
				<projectionRoomRef>f3r1</projectionRoomRef>
			</projection>
			<projection>
				<time>16:00</time>
				<movieRef>m2</movieRef>
				<projectionRoomRef>f3r1</projectionRoomRef>
			</projection>
			<projection>
				<time>15:50</time>
				<movieRef>m1</movieRef>
				<projectionRoomRef>f3r1</projectionRoomRef>
			</projection>
			<projection>
				<time>13:00</time>
				<movieRef>m3</movieRef>
				<projectionRoomRef>f2r2</projectionRoomRef>
			</projection>
			<projection>
				<time>15:00</time>
				<movieRef>m7</movieRef>
				<projectionRoomRef>f3r1</projectionRoomRef>
			</projection>
			<projection>
				<time>15:00</time>
				<movieRef>m5</movieRef>
				<projectionRoomRef>f1r2</projectionRoomRef>
			</projection>
			<projection>
				<time>13:00</time>
				<movieRef>m3</movieRef>
				<projectionRoomRef>f1r1</projectionRoomRef>
			</projection>
			<projection>
				<time>15:50</time>
				<movieRef>m4</movieRef>
				<projectionRoomRef>f1r1</projectionRoomRef>
			</projection>
			<projection>
				<time>15:00</time>
				<movieRef>m7</movieRef>
				<projectionRoomRef>f2r2</projectionRoomRef>
			</projection>
			<projection>
				<time>12:50</time>
				<movieRef>m5</movieRef>
				<projectionRoomRef>f2r2</projectionRoomRef>
			</projection>
			<projection>
				<time>15:50</time>
				<movieRef>m4</movieRef>
				<projectionRoomRef>f2r2</projectionRoomRef>
			</projection>
			<projection>
				<time>15:00</time>
				<movieRef>m5</movieRef>
				<projectionRoomRef>f1r2</projectionRoomRef>
			</projection>
			<projection>
				<time>16:00</time>
				<movieRef>m1</movieRef>
				<projectionRoomRef>f2r2</projectionRoomRef>
			</projection>
			<projection>
				<time>19:00</time>
				<movieRef>m4</movieRef>
				<projectionRoomRef>f3r1</projectionRoomRef>
			</projection>
			<projection>
				<time>15:50</time>
				<movieRef>m1</movieRef>
				<projectionRoomRef>f1r1</projectionRoomRef>
			</projection>
			<projection>
				<time>15:00</time>
				<movieRef>m4</movieRef>
				<projectionRoomRef>f1r1</projectionRoomRef>
			</projection>
			<projection>
				<time>15:50</time>
				<movieRef>m4</movieRef>
				<projectionRoomRef>f1r1</projectionRoomRef>
			</projection>
			<projection>
				<time>13:00</time>
				<movieRef>m5</movieRef>
				<projectionRoomRef>f3r1</projectionRoomRef>
			</projection>
			<projection>
				<time>15:50</time>
				<movieRef>m3</movieRef>
				<projectionRoomRef>f2r2</projectionRoomRef>
			</projection>
			<projection>
				<time>13:00</time>
				<movieRef>m5</movieRef>
				<projectionRoomRef>f1r2</projectionRoomRef>
			</projection>
			<projection>
				<time>15:00</time>
				<movieRef>m3</movieRef>
				<projectionRoomRef>f2r2</projectionRoomRef>
			</projection>
			<projection>
				<time>16:00</time>
				<movieRef>m2</movieRef>
				<projectionRoomRef>f1r1</projectionRoomRef>
			</projection>
			<projection>
				<time>15:50</time>
				<movieRef>m5</movieRef>
				<projectionRoomRef>f3r1</projectionRoomRef>
			</projection>
		</projectionDay>
		<projectionDay>
			<info>String</info>
			<date>2013-02-22</date>
			<projection>
				<time>16:00</time>
				<movieRef>m5</movieRef>
				<projectionRoomRef>f3r1</projectionRoomRef>
			</projection>
			<projection>
				<time>13:00</time>
				<movieRef>m1</movieRef>
				<projectionRoomRef>f1r2</projectionRoomRef>
			</projection>
			<projection>
				<time>19:00</time>
				<movieRef>m4</movieRef>
				<projectionRoomRef>f2r2</projectionRoomRef>
			</projection>
			<projection>
				<time>19:00</time>
				<movieRef>m3</movieRef>
				<projectionRoomRef>f2r2</projectionRoomRef>
			</projection>
			<projection>
				<time>15:00</time>
				<movieRef>m4</movieRef>
				<projectionRoomRef>f3r1</projectionRoomRef>
			</projection>
			<projection>
				<time>13:00</time>
				<movieRef>m7</movieRef>
				<projectionRoomRef>f1r1</projectionRoomRef>
			</projection>
			<projection>
				<time>12:50</time>
				<movieRef>m4</movieRef>
				<projectionRoomRef>f2r2</projectionRoomRef>
			</projection>
			<projection>
				<time>15:50</time>
				<movieRef>m7</movieRef>
				<projectionRoomRef>f3r1</projectionRoomRef>
			</projection>
			<projection>
				<time>16:00</time>
				<movieRef>m5</movieRef>
				<projectionRoomRef>f1r2</projectionRoomRef>
			</projection>
			<projection>
				<time>13:00</time>
				<movieRef>m1</movieRef>
				<projectionRoomRef>f1r1</projectionRoomRef>
			</projection>
			<projection>
				<time>19:00</time>
				<movieRef>m2</movieRef>
				<projectionRoomRef>f3r1</projectionRoomRef>
			</projection>
			<projection>
				<time>13:00</time>
				<movieRef>m5</movieRef>
				<projectionRoomRef>f1r2</projectionRoomRef>
			</projection>
			<projection>
				<time>15:50</time>
				<movieRef>m2</movieRef>
				<projectionRoomRef>f3r1</projectionRoomRef>
			</projection>
			<projection>
				<time>15:50</time>
				<movieRef>m4</movieRef>
				<projectionRoomRef>f1r2</projectionRoomRef>
			</projection>
			<projection>
				<time>12:50</time>
				<movieRef>m4</movieRef>
				<projectionRoomRef>f1r1</projectionRoomRef>
			</projection>
			<projection>
				<time>15:50</time>
				<movieRef>m3</movieRef>
				<projectionRoomRef>f3r1</projectionRoomRef>
			</projection>
			<projection>
				<time>16:00</time>
				<movieRef>m3</movieRef>
				<projectionRoomRef>f1r1</projectionRoomRef>
			</projection>
			<projection>
				<time>15:50</time>
				<movieRef>m1</movieRef>
				<projectionRoomRef>f3r1</projectionRoomRef>
			</projection>
			<projection>
				<time>19:00</time>
				<movieRef>m2</movieRef>
				<projectionRoomRef>f1r2</projectionRoomRef>
			</projection>
			<projection>
				<time>19:00</time>
				<movieRef>m1</movieRef>
				<projectionRoomRef>f2r2</projectionRoomRef>
			</projection>
			<projection>
				<time>12:50</time>
				<movieRef>m5</movieRef>
				<projectionRoomRef>f1r1</projectionRoomRef>
			</projection>
			<projection>
				<time>19:00</time>
				<movieRef>m2</movieRef>
				<projectionRoomRef>f3r1</projectionRoomRef>
			</projection>
			<projection>
				<time>15:50</time>
				<movieRef>m1</movieRef>
				<projectionRoomRef>f1r2</projectionRoomRef>
			</projection>
			<projection>
				<time>19:00</time>
				<movieRef>m7</movieRef>
				<projectionRoomRef>f3r1</projectionRoomRef>
			</projection>
			<projection>
				<time>16:00</time>
				<movieRef>m1</movieRef>
				<projectionRoomRef>f1r1</projectionRoomRef>
			</projection>
		</projectionDay>
		<projectionDay>
			<info>String</info>
			<date>2013-02-23</date>
			<projection>
				<time>19:00</time>
				<movieRef>m7</movieRef>
				<projectionRoomRef>f1r2</projectionRoomRef>
			</projection>
			<projection>
				<time>13:00</time>
				<movieRef>m1</movieRef>
				<projectionRoomRef>f3r1</projectionRoomRef>
			</projection>
			<projection>
				<time>15:50</time>
				<movieRef>m4</movieRef>
				<projectionRoomRef>f3r1</projectionRoomRef>
			</projection>
			<projection>
				<time>13:00</time>
				<movieRef>m2</movieRef>
				<projectionRoomRef>f3r1</projectionRoomRef>
			</projection>
			<projection>
				<time>15:00</time>
				<movieRef>m5</movieRef>
				<projectionRoomRef>f2r2</projectionRoomRef>
			</projection>
			<projection>
				<time>19:00</time>
				<movieRef>m5</movieRef>
				<projectionRoomRef>f1r2</projectionRoomRef>
			</projection>
			<projection>
				<time>15:00</time>
				<movieRef>m7</movieRef>
				<projectionRoomRef>f3r1</projectionRoomRef>
			</projection>
			<projection>
				<time>12:50</time>
				<movieRef>m5</movieRef>
				<projectionRoomRef>f1r1</projectionRoomRef>
			</projection>
			<projection>
				<time>19:00</time>
				<movieRef>m4</movieRef>
				<projectionRoomRef>f1r2</projectionRoomRef>
			</projection>
			<projection>
				<time>15:50</time>
				<movieRef>m7</movieRef>
				<projectionRoomRef>f1r2</projectionRoomRef>
			</projection>
			<projection>
				<time>13:00</time>
				<movieRef>m2</movieRef>
				<projectionRoomRef>f1r2</projectionRoomRef>
			</projection>
			<projection>
				<time>15:50</time>
				<movieRef>m2</movieRef>
				<projectionRoomRef>f2r2</projectionRoomRef>
			</projection>
			<projection>
				<time>12:50</time>
				<movieRef>m3</movieRef>
				<projectionRoomRef>f1r2</projectionRoomRef>
			</projection>
			<projection>
				<time>15:50</time>
				<movieRef>m7</movieRef>
				<projectionRoomRef>f1r2</projectionRoomRef>
			</projection>
			<projection>
				<time>15:50</time>
				<movieRef>m7</movieRef>
				<projectionRoomRef>f1r2</projectionRoomRef>
			</projection>
			<projection>
				<time>15:50</time>
				<movieRef>m5</movieRef>
				<projectionRoomRef>f1r1</projectionRoomRef>
			</projection>
			<projection>
				<time>15:50</time>
				<movieRef>m1</movieRef>
				<projectionRoomRef>f1r2</projectionRoomRef>
			</projection>
			<projection>
				<time>12:50</time>
				<movieRef>m5</movieRef>
				<projectionRoomRef>f1r1</projectionRoomRef>
			</projection>
			<projection>
				<time>16:00</time>
				<movieRef>m3</movieRef>
				<projectionRoomRef>f3r1</projectionRoomRef>
			</projection>
			<projection>
				<time>19:00</time>
				<movieRef>m5</movieRef>
				<projectionRoomRef>f3r1</projectionRoomRef>
			</projection>
			<projection>
				<time>16:00</time>
				<movieRef>m1</movieRef>
				<projectionRoomRef>f1r2</projectionRoomRef>
			</projection>
			<projection>
				<time>12:50</time>
				<movieRef>m2</movieRef>
				<projectionRoomRef>f3r1</projectionRoomRef>
			</projection>
			<projection>
				<time>19:00</time>
				<movieRef>m4</movieRef>
				<projectionRoomRef>f2r2</projectionRoomRef>
			</projection>
			<projection>
				<time>13:00</time>
				<movieRef>m1</movieRef>
				<projectionRoomRef>f1r1</projectionRoomRef>
			</projection>
			<projection>
				<time>19:00</time>
				<movieRef>m3</movieRef>
				<projectionRoomRef>f2r2</projectionRoomRef>
			</projection>
		</projectionDay>
		<projectionDay>
			<info>String</info>
			<date>2013-02-23</date>
			<projection>
				<time>13:00</time>
				<movieRef>m4</movieRef>
				<projectionRoomRef>f2r2</projectionRoomRef>
			</projection>
			<projection>
				<time>19:00</time>
				<movieRef>m4</movieRef>
				<projectionRoomRef>f2r2</projectionRoomRef>
			</projection>
			<projection>
				<time>15:00</time>
				<movieRef>m4</movieRef>
				<projectionRoomRef>f3r1</projectionRoomRef>
			</projection>
			<projection>
				<time>19:00</time>
				<movieRef>m1</movieRef>
				<projectionRoomRef>f1r1</projectionRoomRef>
			</projection>
			<projection>
				<time>19:00</time>
				<movieRef>m4</movieRef>
				<projectionRoomRef>f3r1</projectionRoomRef>
			</projection>
			<projection>
				<time>12:50</time>
				<movieRef>m3</movieRef>
				<projectionRoomRef>f2r2</projectionRoomRef>
			</projection>
			<projection>
				<time>15:00</time>
				<movieRef>m2</movieRef>
				<projectionRoomRef>f2r2</projectionRoomRef>
			</projection>
			<projection>
				<time>13:00</time>
				<movieRef>m4</movieRef>
				<projectionRoomRef>f2r2</projectionRoomRef>
			</projection>
			<projection>
				<time>15:00</time>
				<movieRef>m3</movieRef>
				<projectionRoomRef>f3r1</projectionRoomRef>
			</projection>
			<projection>
				<time>15:50</time>
				<movieRef>m7</movieRef>
				<projectionRoomRef>f1r2</projectionRoomRef>
			</projection>
			<projection>
				<time>16:00</time>
				<movieRef>m1</movieRef>
				<projectionRoomRef>f1r2</projectionRoomRef>
			</projection>
			<projection>
				<time>16:00</time>
				<movieRef>m2</movieRef>
				<projectionRoomRef>f2r2</projectionRoomRef>
			</projection>
			<projection>
				<time>12:50</time>
				<movieRef>m3</movieRef>
				<projectionRoomRef>f1r1</projectionRoomRef>
			</projection>
			<projection>
				<time>19:00</time>
				<movieRef>m3</movieRef>
				<projectionRoomRef>f3r1</projectionRoomRef>
			</projection>
			<projection>
				<time>16:00</time>
				<movieRef>m3</movieRef>
				<projectionRoomRef>f1r1</projectionRoomRef>
			</projection>
			<projection>
				<time>15:00</time>
				<movieRef>m7</movieRef>
				<projectionRoomRef>f2r2</projectionRoomRef>
			</projection>
			<projection>
				<time>16:00</time>
				<movieRef>m1</movieRef>
				<projectionRoomRef>f3r1</projectionRoomRef>
			</projection>
			<projection>
				<time>15:50</time>
				<movieRef>m4</movieRef>
				<projectionRoomRef>f1r2</projectionRoomRef>
			</projection>
			<projection>
				<time>15:00</time>
				<movieRef>m1</movieRef>
				<projectionRoomRef>f3r1</projectionRoomRef>
			</projection>
			<projection>
				<time>15:50</time>
				<movieRef>m2</movieRef>
				<projectionRoomRef>f1r2</projectionRoomRef>
			</projection>
			<projection>
				<time>12:50</time>
				<movieRef>m3</movieRef>
				<projectionRoomRef>f3r1</projectionRoomRef>
			</projection>
			<projection>
				<time>15:00</time>
				<movieRef>m2</movieRef>
				<projectionRoomRef>f3r1</projectionRoomRef>
			</projection>
			<projection>
				<time>16:00</time>
				<movieRef>m3</movieRef>
				<projectionRoomRef>f3r1</projectionRoomRef>
			</projection>
			<projection>
				<time>13:00</time>
				<movieRef>m4</movieRef>
				<projectionRoomRef>f1r1</projectionRoomRef>
			</projection>
			<projection>
				<time>16:00</time>
				<movieRef>m4</movieRef>
				<projectionRoomRef>f3r1</projectionRoomRef>
			</projection>
		</projectionDay>
		<projectionDay>
			<info>String</info>
			<date>2013-02-23</date>
			<projection>
				<time>15:50</time>
				<movieRef>m4</movieRef>
				<projectionRoomRef>f1r2</projectionRoomRef>
			</projection>
			<projection>
				<time>15:50</time>
				<movieRef>m7</movieRef>
				<projectionRoomRef>f3r1</projectionRoomRef>
			</projection>
			<projection>
				<time>16:00</time>
				<movieRef>m2</movieRef>
				<projectionRoomRef>f1r2</projectionRoomRef>
			</projection>
			<projection>
				<time>15:50</time>
				<movieRef>m4</movieRef>
				<projectionRoomRef>f2r2</projectionRoomRef>
			</projection>
			<projection>
				<time>16:00</time>
				<movieRef>m7</movieRef>
				<projectionRoomRef>f3r1</projectionRoomRef>
			</projection>
			<projection>
				<time>19:00</time>
				<movieRef>m1</movieRef>
				<projectionRoomRef>f1r1</projectionRoomRef>
			</projection>
			<projection>
				<time>15:50</time>
				<movieRef>m7</movieRef>
				<projectionRoomRef>f3r1</projectionRoomRef>
			</projection>
			<projection>
				<time>12:50</time>
				<movieRef>m7</movieRef>
				<projectionRoomRef>f1r1</projectionRoomRef>
			</projection>
			<projection>
				<time>15:50</time>
				<movieRef>m7</movieRef>
				<projectionRoomRef>f3r1</projectionRoomRef>
			</projection>
			<projection>
				<time>12:50</time>
				<movieRef>m1</movieRef>
				<projectionRoomRef>f1r1</projectionRoomRef>
			</projection>
			<projection>
				<time>13:00</time>
				<movieRef>m3</movieRef>
				<projectionRoomRef>f1r2</projectionRoomRef>
			</projection>
			<projection>
				<time>13:00</time>
				<movieRef>m4</movieRef>
				<projectionRoomRef>f1r1</projectionRoomRef>
			</projection>
			<projection>
				<time>16:00</time>
				<movieRef>m2</movieRef>
				<projectionRoomRef>f2r2</projectionRoomRef>
			</projection>
			<projection>
				<time>15:50</time>
				<movieRef>m1</movieRef>
				<projectionRoomRef>f1r2</projectionRoomRef>
			</projection>
			<projection>
				<time>13:00</time>
				<movieRef>m3</movieRef>
				<projectionRoomRef>f2r2</projectionRoomRef>
			</projection>
			<projection>
				<time>15:00</time>
				<movieRef>m4</movieRef>
				<projectionRoomRef>f1r1</projectionRoomRef>
			</projection>
			<projection>
				<time>15:00</time>
				<movieRef>m5</movieRef>
				<projectionRoomRef>f2r2</projectionRoomRef>
			</projection>
			<projection>
				<time>16:00</time>
				<movieRef>m5</movieRef>
				<projectionRoomRef>f2r2</projectionRoomRef>
			</projection>
			<projection>
				<time>15:50</time>
				<movieRef>m4</movieRef>
				<projectionRoomRef>f1r1</projectionRoomRef>
			</projection>
			<projection>
				<time>13:00</time>
				<movieRef>m1</movieRef>
				<projectionRoomRef>f3r1</projectionRoomRef>
			</projection>
			<projection>
				<time>12:50</time>
				<movieRef>m2</movieRef>
				<projectionRoomRef>f3r1</projectionRoomRef>
			</projection>
			<projection>
				<time>15:50</time>
				<movieRef>m5</movieRef>
				<projectionRoomRef>f3r1</projectionRoomRef>
			</projection>
			<projection>
				<time>16:00</time>
				<movieRef>m7</movieRef>
				<projectionRoomRef>f2r2</projectionRoomRef>
			</projection>
			<projection>
				<time>15:50</time>
				<movieRef>m4</movieRef>
				<projectionRoomRef>f3r1</projectionRoomRef>
			</projection>
			<projection>
				<time>15:00</time>
				<movieRef>m3</movieRef>
				<projectionRoomRef>f2r2</projectionRoomRef>
			</projection>
		</projectionDay>
		<projectionDay>
			<info>String</info>
			<date>2013-02-23</date>
			<projection>
				<time>16:00</time>
				<movieRef>m4</movieRef>
				<projectionRoomRef>f1r2</projectionRoomRef>
			</projection>
			<projection>
				<time>15:00</time>
				<movieRef>m1</movieRef>
				<projectionRoomRef>f2r2</projectionRoomRef>
			</projection>
			<projection>
				<time>16:00</time>
				<movieRef>m3</movieRef>
				<projectionRoomRef>f1r2</projectionRoomRef>
			</projection>
			<projection>
				<time>13:00</time>
				<movieRef>m4</movieRef>
				<projectionRoomRef>f3r1</projectionRoomRef>
			</projection>
			<projection>
				<time>15:00</time>
				<movieRef>m7</movieRef>
				<projectionRoomRef>f2r2</projectionRoomRef>
			</projection>
			<projection>
				<time>13:00</time>
				<movieRef>m7</movieRef>
				<projectionRoomRef>f2r2</projectionRoomRef>
			</projection>
			<projection>
				<time>13:00</time>
				<movieRef>m5</movieRef>
				<projectionRoomRef>f3r1</projectionRoomRef>
			</projection>
			<projection>
				<time>15:00</time>
				<movieRef>m2</movieRef>
				<projectionRoomRef>f1r1</projectionRoomRef>
			</projection>
			<projection>
				<time>13:00</time>
				<movieRef>m2</movieRef>
				<projectionRoomRef>f3r1</projectionRoomRef>
			</projection>
			<projection>
				<time>13:00</time>
				<movieRef>m3</movieRef>
				<projectionRoomRef>f1r1</projectionRoomRef>
			</projection>
			<projection>
				<time>15:00</time>
				<movieRef>m3</movieRef>
				<projectionRoomRef>f1r2</projectionRoomRef>
			</projection>
			<projection>
				<time>15:00</time>
				<movieRef>m1</movieRef>
				<projectionRoomRef>f1r2</projectionRoomRef>
			</projection>
			<projection>
				<time>13:00</time>
				<movieRef>m7</movieRef>
				<projectionRoomRef>f1r2</projectionRoomRef>
			</projection>
			<projection>
				<time>13:00</time>
				<movieRef>m7</movieRef>
				<projectionRoomRef>f2r2</projectionRoomRef>
			</projection>
			<projection>
				<time>16:00</time>
				<movieRef>m4</movieRef>
				<projectionRoomRef>f2r2</projectionRoomRef>
			</projection>
			<projection>
				<time>13:00</time>
				<movieRef>m3</movieRef>
				<projectionRoomRef>f1r2</projectionRoomRef>
			</projection>
			<projection>
				<time>13:00</time>
				<movieRef>m5</movieRef>
				<projectionRoomRef>f1r1</projectionRoomRef>
			</projection>
			<projection>
				<time>12:50</time>
				<movieRef>m3</movieRef>
				<projectionRoomRef>f2r2</projectionRoomRef>
			</projection>
			<projection>
				<time>19:00</time>
				<movieRef>m2</movieRef>
				<projectionRoomRef>f2r2</projectionRoomRef>
			</projection>
			<projection>
				<time>19:00</time>
				<movieRef>m4</movieRef>
				<projectionRoomRef>f1r1</projectionRoomRef>
			</projection>
			<projection>
				<time>13:00</time>
				<movieRef>m7</movieRef>
				<projectionRoomRef>f1r2</projectionRoomRef>
			</projection>
			<projection>
				<time>15:50</time>
				<movieRef>m7</movieRef>
				<projectionRoomRef>f2r2</projectionRoomRef>
			</projection>
			<projection>
				<time>15:00</time>
				<movieRef>m4</movieRef>
				<projectionRoomRef>f1r2</projectionRoomRef>
			</projection>
			<projection>
				<time>16:00</time>
				<movieRef>m4</movieRef>
				<projectionRoomRef>f1r2</projectionRoomRef>
			</projection>
			<projection>
				<time>19:00</time>
				<movieRef>m2</movieRef>
				<projectionRoomRef>f2r2</projectionRoomRef>
			</projection>
		</projectionDay>
		<projectionDay>
			<info>String</info>
			<date>2013-02-23</date>
			<projection>
				<time>15:50</time>
				<movieRef>m4</movieRef>
				<projectionRoomRef>f2r2</projectionRoomRef>
			</projection>
			<projection>
				<time>16:00</time>
				<movieRef>m3</movieRef>
				<projectionRoomRef>f1r1</projectionRoomRef>
			</projection>
			<projection>
				<time>19:00</time>
				<movieRef>m2</movieRef>
				<projectionRoomRef>f3r1</projectionRoomRef>
			</projection>
			<projection>
				<time>15:50</time>
				<movieRef>m7</movieRef>
				<projectionRoomRef>f3r1</projectionRoomRef>
			</projection>
			<projection>
				<time>13:00</time>
				<movieRef>m4</movieRef>
				<projectionRoomRef>f1r1</projectionRoomRef>
			</projection>
			<projection>
				<time>15:50</time>
				<movieRef>m5</movieRef>
				<projectionRoomRef>f1r1</projectionRoomRef>
			</projection>
			<projection>
				<time>19:00</time>
				<movieRef>m5</movieRef>
				<projectionRoomRef>f3r1</projectionRoomRef>
			</projection>
			<projection>
				<time>19:00</time>
				<movieRef>m4</movieRef>
				<projectionRoomRef>f3r1</projectionRoomRef>
			</projection>
			<projection>
				<time>15:00</time>
				<movieRef>m3</movieRef>
				<projectionRoomRef>f3r1</projectionRoomRef>
			</projection>
			<projection>
				<time>15:50</time>
				<movieRef>m1</movieRef>
				<projectionRoomRef>f2r2</projectionRoomRef>
			</projection>
			<projection>
				<time>12:50</time>
				<movieRef>m1</movieRef>
				<projectionRoomRef>f1r1</projectionRoomRef>
			</projection>
			<projection>
				<time>13:00</time>
				<movieRef>m4</movieRef>
				<projectionRoomRef>f2r2</projectionRoomRef>
			</projection>
			<projection>
				<time>15:50</time>
				<movieRef>m3</movieRef>
				<projectionRoomRef>f1r2</projectionRoomRef>
			</projection>
			<projection>
				<time>15:00</time>
				<movieRef>m2</movieRef>
				<projectionRoomRef>f2r2</projectionRoomRef>
			</projection>
			<projection>
				<time>13:00</time>
				<movieRef>m2</movieRef>
				<projectionRoomRef>f1r1</projectionRoomRef>
			</projection>
			<projection>
				<time>15:50</time>
				<movieRef>m3</movieRef>
				<projectionRoomRef>f1r2</projectionRoomRef>
			</projection>
			<projection>
				<time>15:00</time>
				<movieRef>m5</movieRef>
				<projectionRoomRef>f3r1</projectionRoomRef>
			</projection>
			<projection>
				<time>15:00</time>
				<movieRef>m4</movieRef>
				<projectionRoomRef>f1r1</projectionRoomRef>
			</projection>
			<projection>
				<time>15:50</time>
				<movieRef>m2</movieRef>
				<projectionRoomRef>f3r1</projectionRoomRef>
			</projection>
			<projection>
				<time>12:50</time>
				<movieRef>m4</movieRef>
				<projectionRoomRef>f3r1</projectionRoomRef>
			</projection>
			<projection>
				<time>15:50</time>
				<movieRef>m1</movieRef>
				<projectionRoomRef>f3r1</projectionRoomRef>
			</projection>
			<projection>
				<time>12:50</time>
				<movieRef>m4</movieRef>
				<projectionRoomRef>f1r2</projectionRoomRef>
			</projection>
			<projection>
				<time>16:00</time>
				<movieRef>m3</movieRef>
				<projectionRoomRef>f3r1</projectionRoomRef>
			</projection>
			<projection>
				<time>13:00</time>
				<movieRef>m5</movieRef>
				<projectionRoomRef>f2r2</projectionRoomRef>
			</projection>
			<projection>
				<time>12:50</time>
				<movieRef>m2</movieRef>
				<projectionRoomRef>f1r2</projectionRoomRef>
			</projection>
		</projectionDay>
		<projectionDay>
			<info>String</info>
			<date>2013-02-22</date>
			<projection>
				<time>13:00</time>
				<movieRef>m1</movieRef>
				<projectionRoomRef>f1r1</projectionRoomRef>
			</projection>
			<projection>
				<time>15:50</time>
				<movieRef>m2</movieRef>
				<projectionRoomRef>f3r1</projectionRoomRef>
			</projection>
			<projection>
				<time>15:00</time>
				<movieRef>m7</movieRef>
				<projectionRoomRef>f3r1</projectionRoomRef>
			</projection>
			<projection>
				<time>15:00</time>
				<movieRef>m3</movieRef>
				<projectionRoomRef>f1r1</projectionRoomRef>
			</projection>
			<projection>
				<time>16:00</time>
				<movieRef>m4</movieRef>
				<projectionRoomRef>f1r2</projectionRoomRef>
			</projection>
			<projection>
				<time>15:00</time>
				<movieRef>m7</movieRef>
				<projectionRoomRef>f1r2</projectionRoomRef>
			</projection>
			<projection>
				<time>12:50</time>
				<movieRef>m5</movieRef>
				<projectionRoomRef>f1r1</projectionRoomRef>
			</projection>
			<projection>
				<time>15:50</time>
				<movieRef>m5</movieRef>
				<projectionRoomRef>f1r2</projectionRoomRef>
			</projection>
			<projection>
				<time>15:00</time>
				<movieRef>m2</movieRef>
				<projectionRoomRef>f2r2</projectionRoomRef>
			</projection>
			<projection>
				<time>16:00</time>
				<movieRef>m1</movieRef>
				<projectionRoomRef>f1r1</projectionRoomRef>
			</projection>
			<projection>
				<time>15:00</time>
				<movieRef>m7</movieRef>
				<projectionRoomRef>f1r1</projectionRoomRef>
			</projection>
			<projection>
				<time>16:00</time>
				<movieRef>m4</movieRef>
				<projectionRoomRef>f1r1</projectionRoomRef>
			</projection>
			<projection>
				<time>19:00</time>
				<movieRef>m3</movieRef>
				<projectionRoomRef>f3r1</projectionRoomRef>
			</projection>
			<projection>
				<time>12:50</time>
				<movieRef>m3</movieRef>
				<projectionRoomRef>f1r1</projectionRoomRef>
			</projection>
			<projection>
				<time>15:00</time>
				<movieRef>m3</movieRef>
				<projectionRoomRef>f3r1</projectionRoomRef>
			</projection>
			<projection>
				<time>12:50</time>
				<movieRef>m4</movieRef>
				<projectionRoomRef>f3r1</projectionRoomRef>
			</projection>
			<projection>
				<time>15:50</time>
				<movieRef>m3</movieRef>
				<projectionRoomRef>f1r1</projectionRoomRef>
			</projection>
			<projection>
				<time>15:00</time>
				<movieRef>m2</movieRef>
				<projectionRoomRef>f3r1</projectionRoomRef>
			</projection>
			<projection>
				<time>12:50</time>
				<movieRef>m2</movieRef>
				<projectionRoomRef>f1r1</projectionRoomRef>
			</projection>
			<projection>
				<time>15:00</time>
				<movieRef>m5</movieRef>
				<projectionRoomRef>f1r2</projectionRoomRef>
			</projection>
			<projection>
				<time>19:00</time>
				<movieRef>m3</movieRef>
				<projectionRoomRef>f2r2</projectionRoomRef>
			</projection>
			<projection>
				<time>15:00</time>
				<movieRef>m1</movieRef>
				<projectionRoomRef>f1r1</projectionRoomRef>
			</projection>
			<projection>
				<time>13:00</time>
				<movieRef>m4</movieRef>
				<projectionRoomRef>f1r1</projectionRoomRef>
			</projection>
			<projection>
				<time>15:50</time>
				<movieRef>m2</movieRef>
				<projectionRoomRef>f2r2</projectionRoomRef>
			</projection>
			<projection>
				<time>13:00</time>
				<movieRef>m4</movieRef>
				<projectionRoomRef>f1r2</projectionRoomRef>
			</projection>
		</projectionDay>
		<projectionDay>
			<info>String</info>
			<date>2013-02-22</date>
			<projection>
				<time>19:00</time>
				<movieRef>m5</movieRef>
				<projectionRoomRef>f3r1</projectionRoomRef>
			</projection>
			<projection>
				<time>15:50</time>
				<movieRef>m5</movieRef>
				<projectionRoomRef>f3r1</projectionRoomRef>
			</projection>
			<projection>
				<time>15:50</time>
				<movieRef>m1</movieRef>
				<projectionRoomRef>f3r1</projectionRoomRef>
			</projection>
			<projection>
				<time>12:50</time>
				<movieRef>m5</movieRef>
				<projectionRoomRef>f1r2</projectionRoomRef>
			</projection>
			<projection>
				<time>12:50</time>
				<movieRef>m1</movieRef>
				<projectionRoomRef>f1r1</projectionRoomRef>
			</projection>
			<projection>
				<time>12:50</time>
				<movieRef>m1</movieRef>
				<projectionRoomRef>f1r1</projectionRoomRef>
			</projection>
			<projection>
				<time>12:50</time>
				<movieRef>m3</movieRef>
				<projectionRoomRef>f1r2</projectionRoomRef>
			</projection>
			<projection>
				<time>15:00</time>
				<movieRef>m4</movieRef>
				<projectionRoomRef>f1r2</projectionRoomRef>
			</projection>
			<projection>
				<time>13:00</time>
				<movieRef>m2</movieRef>
				<projectionRoomRef>f1r1</projectionRoomRef>
			</projection>
			<projection>
				<time>12:50</time>
				<movieRef>m1</movieRef>
				<projectionRoomRef>f3r1</projectionRoomRef>
			</projection>
			<projection>
				<time>12:50</time>
				<movieRef>m3</movieRef>
				<projectionRoomRef>f3r1</projectionRoomRef>
			</projection>
			<projection>
				<time>16:00</time>
				<movieRef>m3</movieRef>
				<projectionRoomRef>f2r2</projectionRoomRef>
			</projection>
			<projection>
				<time>19:00</time>
				<movieRef>m4</movieRef>
				<projectionRoomRef>f1r1</projectionRoomRef>
			</projection>
			<projection>
				<time>12:50</time>
				<movieRef>m5</movieRef>
				<projectionRoomRef>f2r2</projectionRoomRef>
			</projection>
			<projection>
				<time>19:00</time>
				<movieRef>m1</movieRef>
				<projectionRoomRef>f1r2</projectionRoomRef>
			</projection>
			<projection>
				<time>19:00</time>
				<movieRef>m1</movieRef>
				<projectionRoomRef>f1r1</projectionRoomRef>
			</projection>
			<projection>
				<time>15:00</time>
				<movieRef>m1</movieRef>
				<projectionRoomRef>f3r1</projectionRoomRef>
			</projection>
			<projection>
				<time>13:00</time>
				<movieRef>m1</movieRef>
				<projectionRoomRef>f1r1</projectionRoomRef>
			</projection>
			<projection>
				<time>13:00</time>
				<movieRef>m3</movieRef>
				<projectionRoomRef>f1r2</projectionRoomRef>
			</projection>
			<projection>
				<time>15:00</time>
				<movieRef>m4</movieRef>
				<projectionRoomRef>f3r1</projectionRoomRef>
			</projection>
			<projection>
				<time>13:00</time>
				<movieRef>m7</movieRef>
				<projectionRoomRef>f3r1</projectionRoomRef>
			</projection>
			<projection>
				<time>16:00</time>
				<movieRef>m4</movieRef>
				<projectionRoomRef>f1r1</projectionRoomRef>
			</projection>
			<projection>
				<time>19:00</time>
				<movieRef>m4</movieRef>
				<projectionRoomRef>f3r1</projectionRoomRef>
			</projection>
			<projection>
				<time>12:50</time>
				<movieRef>m1</movieRef>
				<projectionRoomRef>f1r1</projectionRoomRef>
			</projection>
			<projection>
				<time>16:00</time>
				<movieRef>m1</movieRef>
				<projectionRoomRef>f1r2</projectionRoomRef>
			</projection>
		</projectionDay>
		<projectionDay>
			<info>String</info>
			<date>2013-02-22</date>
			<projection>
				<time>15:00</time>
				<movieRef>m7</movieRef>
				<projectionRoomRef>f1r1</projectionRoomRef>
			</projection>
			<projection>
				<time>19:00</time>
				<movieRef>m4</movieRef>
				<projectionRoomRef>f3r1</projectionRoomRef>
			</projection>
			<projection>
				<time>12:50</time>
				<movieRef>m1</movieRef>
				<projectionRoomRef>f1r2</projectionRoomRef>
			</projection>
			<projection>
				<time>13:00</time>
				<movieRef>m2</movieRef>
				<projectionRoomRef>f1r2</projectionRoomRef>
			</projection>
			<projection>
				<time>15:00</time>
				<movieRef>m2</movieRef>
				<projectionRoomRef>f1r1</projectionRoomRef>
			</projection>
			<projection>
				<time>16:00</time>
				<movieRef>m7</movieRef>
				<projectionRoomRef>f1r2</projectionRoomRef>
			</projection>
			<projection>
				<time>13:00</time>
				<movieRef>m3</movieRef>
				<projectionRoomRef>f2r2</projectionRoomRef>
			</projection>
			<projection>
				<time>15:00</time>
				<movieRef>m5</movieRef>
				<projectionRoomRef>f2r2</projectionRoomRef>
			</projection>
			<projection>
				<time>19:00</time>
				<movieRef>m2</movieRef>
				<projectionRoomRef>f1r1</projectionRoomRef>
			</projection>
			<projection>
				<time>15:00</time>
				<movieRef>m4</movieRef>
				<projectionRoomRef>f3r1</projectionRoomRef>
			</projection>
			<projection>
				<time>13:00</time>
				<movieRef>m2</movieRef>
				<projectionRoomRef>f1r1</projectionRoomRef>
			</projection>
			<projection>
				<time>16:00</time>
				<movieRef>m4</movieRef>
				<projectionRoomRef>f3r1</projectionRoomRef>
			</projection>
			<projection>
				<time>19:00</time>
				<movieRef>m1</movieRef>
				<projectionRoomRef>f1r2</projectionRoomRef>
			</projection>
			<projection>
				<time>15:50</time>
				<movieRef>m2</movieRef>
				<projectionRoomRef>f3r1</projectionRoomRef>
			</projection>
			<projection>
				<time>19:00</time>
				<movieRef>m5</movieRef>
				<projectionRoomRef>f1r1</projectionRoomRef>
			</projection>
			<projection>
				<time>15:00</time>
				<movieRef>m2</movieRef>
				<projectionRoomRef>f1r1</projectionRoomRef>
			</projection>
			<projection>
				<time>19:00</time>
				<movieRef>m2</movieRef>
				<projectionRoomRef>f1r1</projectionRoomRef>
			</projection>
			<projection>
				<time>19:00</time>
				<movieRef>m4</movieRef>
				<projectionRoomRef>f1r1</projectionRoomRef>
			</projection>
			<projection>
				<time>15:50</time>
				<movieRef>m1</movieRef>
				<projectionRoomRef>f1r1</projectionRoomRef>
			</projection>
			<projection>
				<time>16:00</time>
				<movieRef>m3</movieRef>
				<projectionRoomRef>f1r1</projectionRoomRef>
			</projection>
			<projection>
				<time>19:00</time>
				<movieRef>m7</movieRef>
				<projectionRoomRef>f2r2</projectionRoomRef>
			</projection>
			<projection>
				<time>13:00</time>
				<movieRef>m2</movieRef>
				<projectionRoomRef>f3r1</projectionRoomRef>
			</projection>
			<projection>
				<time>19:00</time>
				<movieRef>m3</movieRef>
				<projectionRoomRef>f1r2</projectionRoomRef>
			</projection>
			<projection>
				<time>12:50</time>
				<movieRef>m2</movieRef>
				<projectionRoomRef>f2r2</projectionRoomRef>
			</projection>
			<projection>
				<time>13:00</time>
				<movieRef>m1</movieRef>
				<projectionRoomRef>f3r1</projectionRoomRef>
			</projection>
		</projectionDay>
		<projectionDay>
			<info>String</info>
			<date>2013-02-22</date>
			<projection>
				<time>15:00</time>
				<movieRef>m2</movieRef>
				<projectionRoomRef>f1r2</projectionRoomRef>
			</projection>
			<projection>
				<time>19:00</time>
				<movieRef>m1</movieRef>
				<projectionRoomRef>f1r2</projectionRoomRef>
			</projection>
			<projection>
				<time>13:00</time>
				<movieRef>m4</movieRef>
				<projectionRoomRef>f1r1</projectionRoomRef>
			</projection>
			<projection>
				<time>19:00</time>
				<movieRef>m4</movieRef>
				<projectionRoomRef>f1r1</projectionRoomRef>
			</projection>
			<projection>
				<time>12:50</time>
				<movieRef>m3</movieRef>
				<projectionRoomRef>f3r1</projectionRoomRef>
			</projection>
			<projection>
				<time>15:00</time>
				<movieRef>m4</movieRef>
				<projectionRoomRef>f1r1</projectionRoomRef>
			</projection>
			<projection>
				<time>16:00</time>
				<movieRef>m2</movieRef>
				<projectionRoomRef>f3r1</projectionRoomRef>
			</projection>
			<projection>
				<time>15:50</time>
				<movieRef>m1</movieRef>
				<projectionRoomRef>f1r2</projectionRoomRef>
			</projection>
			<projection>
				<time>15:00</time>
				<movieRef>m7</movieRef>
				<projectionRoomRef>f3r1</projectionRoomRef>
			</projection>
			<projection>
				<time>16:00</time>
				<movieRef>m2</movieRef>
				<projectionRoomRef>f1r2</projectionRoomRef>
			</projection>
			<projection>
				<time>16:00</time>
				<movieRef>m5</movieRef>
				<projectionRoomRef>f3r1</projectionRoomRef>
			</projection>
			<projection>
				<time>19:00</time>
				<movieRef>m1</movieRef>
				<projectionRoomRef>f1r1</projectionRoomRef>
			</projection>
			<projection>
				<time>15:50</time>
				<movieRef>m1</movieRef>
				<projectionRoomRef>f1r1</projectionRoomRef>
			</projection>
			<projection>
				<time>19:00</time>
				<movieRef>m4</movieRef>
				<projectionRoomRef>f1r1</projectionRoomRef>
			</projection>
			<projection>
				<time>15:50</time>
				<movieRef>m4</movieRef>
				<projectionRoomRef>f2r2</projectionRoomRef>
			</projection>
			<projection>
				<time>13:00</time>
				<movieRef>m1</movieRef>
				<projectionRoomRef>f1r2</projectionRoomRef>
			</projection>
			<projection>
				<time>13:00</time>
				<movieRef>m3</movieRef>
				<projectionRoomRef>f2r2</projectionRoomRef>
			</projection>
			<projection>
				<time>15:00</time>
				<movieRef>m2</movieRef>
				<projectionRoomRef>f1r1</projectionRoomRef>
			</projection>
			<projection>
				<time>12:50</time>
				<movieRef>m7</movieRef>
				<projectionRoomRef>f3r1</projectionRoomRef>
			</projection>
			<projection>
				<time>13:00</time>
				<movieRef>m5</movieRef>
				<projectionRoomRef>f3r1</projectionRoomRef>
			</projection>
			<projection>
				<time>16:00</time>
				<movieRef>m1</movieRef>
				<projectionRoomRef>f1r2</projectionRoomRef>
			</projection>
			<projection>
				<time>12:50</time>
				<movieRef>m5</movieRef>
				<projectionRoomRef>f3r1</projectionRoomRef>
			</projection>
			<projection>
				<time>15:50</time>
				<movieRef>m7</movieRef>
				<projectionRoomRef>f2r2</projectionRoomRef>
			</projection>
			<projection>
				<time>16:00</time>
				<movieRef>m7</movieRef>
				<projectionRoomRef>f1r1</projectionRoomRef>
			</projection>
			<projection>
				<time>15:50</time>
				<movieRef>m3</movieRef>
				<projectionRoomRef>f3r1</projectionRoomRef>
			</projection>
		</projectionDay>
	</program>
</cinema>