<?xml version="1.0" encoding="UTF-8"?><html xmlns="http://www.w3.org/1999/xhtml">
   <head>
      <meta http-equiv="Content-Type" content="text/html; charset=UTF-8" />
      <title>Sestava t�mu Arsenal</title>
   </head><style>
		body { color: white; font-weight: bold; font-family: sans-serif; }
		div.podklad { background-image: url("..\pozadi.gif"); background-position: center top; background-repeat: no-repeat; height: 20em; padding-top: 3em; width: 50em; }
		div.rada { width: 50em; text-align: center; padding: 0.7em 0; }
		span.hrac { padding: 0.2em 1em; }
	</style><body>
      <div class="podklad">
         <div class="rada"><span class="hrac">Wojciech Szczesny</span></div>
         <div class="rada"><span class="hrac">Francis Coquelin</span><span class="hrac">Laurent Koscielny</span><span class="hrac">Per Mertesacker</span><span class="hrac">Thomas Vermaelen</span></div>
         <div class="rada"><span class="hrac">Alex Song</span><span class="hrac">Mikel Arteta</span></div>
         <div class="rada"><span class="hrac">Theo Walcott</span><span class="hrac">Tomáš Rosický</span><span class="hrac">Alex Oxlade-Chamberlain</span></div>
         <div class="rada"><span class="hrac">Robin van Persie (c)</span></div>
      </div>
   </body>
</html>