<?xml version="1.0" encoding="UTF-8"?>
<narodnosti>
   <narodnost>
      <zkratka>ENG</zkratka>
      <cetnost>11</cetnost>
   </narodnost>
   <narodnost>
      <zkratka>FRA</zkratka>
      <cetnost>4</cetnost>
   </narodnost>
   <narodnost>
      <zkratka>POL</zkratka>
      <cetnost>2</cetnost>
   </narodnost>
   <narodnost>
      <zkratka>CAM</zkratka>
      <cetnost>2</cetnost>
   </narodnost>
   <narodnost>
      <zkratka>ESP</zkratka>
      <cetnost>2</cetnost>
   </narodnost>
   <narodnost>
      <zkratka>NED</zkratka>
      <cetnost>2</cetnost>
   </narodnost>
   <narodnost>
      <zkratka>CRO</zkratka>
      <cetnost>2</cetnost>
   </narodnost>
   <narodnost>
      <zkratka>BEL</zkratka>
      <cetnost>1</cetnost>
   </narodnost>
   <narodnost>
      <zkratka>CZE</zkratka>
      <cetnost>1</cetnost>
   </narodnost>
   <narodnost>
      <zkratka>ISR</zkratka>
      <cetnost>1</cetnost>
   </narodnost>
   <narodnost>
      <zkratka>KOR</zkratka>
      <cetnost>1</cetnost>
   </narodnost>
   <narodnost>
      <zkratka>CIV</zkratka>
      <cetnost>1</cetnost>
   </narodnost>
   <narodnost>
      <zkratka>MOR</zkratka>
      <cetnost>1</cetnost>
   </narodnost>
   <narodnost>
      <zkratka>USA</zkratka>
      <cetnost>1</cetnost>
   </narodnost>
   <narodnost>
      <zkratka>WAL</zkratka>
      <cetnost>1</cetnost>
   </narodnost>
   <narodnost>
      <zkratka>TOG</zkratka>
      <cetnost>1</cetnost>
   </narodnost>
   <narodnost>
      <zkratka>ITA</zkratka>
      <cetnost>1</cetnost>
   </narodnost>
   <narodnost>
      <zkratka>BRA</zkratka>
      <cetnost>1</cetnost>
   </narodnost>
</narodnosti>