<?xml version="1.0" encoding="UTF-8"?>
<strelci>
   <strelec>
      <jmeno>Robin van Persie</jmeno>
      <golu>4</golu>
   </strelec>
   <strelec>
      <jmeno>Theo Walcott</jmeno>
      <golu>2</golu>
   </strelec>
   <strelec>
      <jmeno>Alex Oxlade-Chamberlain</jmeno>
      <golu>2</golu>
   </strelec>
   <strelec>
      <jmeno>Bacary Sagna</jmeno>
      <golu>1</golu>
   </strelec>
   <strelec>
      <jmeno>Mikel Arteta</jmeno>
      <golu>1</golu>
   </strelec>
   <strelec>
      <jmeno>Tomáš Rosický</jmeno>
      <golu>1</golu>
   </strelec>
</strelci>