<?xml version="1.0" encoding="utf-8" standalone="no"?><knihovna>
    <tituly>
        <titul jazyk="en" kod="t1" zanry="detektivka"><pridana_hloubka_3><pridana_hloubka_4><new_fanout_1/><new_fanout_2/></pridana_hloubka_4><new_fanout_1/></pridana_hloubka_3><new_fanout_1/></titul>
        <titul jazyk="cs" kod="t2" zanry="kucha?ka">
            <nazev>
                Nejlep?? recepty
            <pridana_hloubka_4><new_fanout_1/><new_fanout_2/></pridana_hloubka_4><new_fanout_1/></nazev>
            <rok>
                2005
            <pridana_hloubka_4><new_fanout_1/><new_fanout_2/></pridana_hloubka_4><new_fanout_1/></rok>
            <autor>
                <prijmeni>
                    Soute?iv?
                <new_fanout_1/><new_fanout_2/></prijmeni>
                <jmeno>
                    Petra
                <new_fanout_1/><new_fanout_2/></jmeno>
            </autor>
            <exemplare>
            <pridana_hloubka_4><new_fanout_1/><new_fanout_2/></pridana_hloubka_4><new_fanout_1/></exemplare>
        </titul>
        <titul jazyk="cs" kod="t3" zanry="u?ebnice"><pridana_hloubka_3><pridana_hloubka_4><new_fanout_1/><new_fanout_2/></pridana_hloubka_4><new_fanout_1/></pridana_hloubka_3><new_fanout_1/></titul>
        <titul jazyk="en" kod="t4" zanry="kucha?ka u?ebnice">
            <nazev>
                Interactive Cooking
            <pridana_hloubka_4><new_fanout_1/><new_fanout_2/></pridana_hloubka_4><new_fanout_1/></nazev>
            <rok>
                2010
            <pridana_hloubka_4><new_fanout_1/><new_fanout_2/></pridana_hloubka_4><new_fanout_1/></rok>
            <exemplare>
                <cd>
                    <delka>
                        45
                    <new_fanout_1/><new_fanout_2/></delka>
                <signatura>t4c1<new_fanout_1/><new_fanout_2/></signatura></cd>
                <cd>
                    <delka>
                        45
                    <new_fanout_1/><new_fanout_2/></delka>
                <signatura>t4c2<new_fanout_1/><new_fanout_2/></signatura></cd>
            </exemplare>
        </titul>
    </tituly>
    <ctenari>
        <ctenar><pridana_hloubka_3><pridana_hloubka_4><new_fanout_1/><new_fanout_2/></pridana_hloubka_4><new_fanout_1/></pridana_hloubka_3><new_fanout_1/></ctenar>
        <ctenar><pridana_hloubka_3><pridana_hloubka_4><new_fanout_1/><new_fanout_2/></pridana_hloubka_4><new_fanout_1/></pridana_hloubka_3><new_fanout_1/></ctenar>
        <ctenar><pridana_hloubka_3><pridana_hloubka_4><new_fanout_1/><new_fanout_2/></pridana_hloubka_4><new_fanout_1/></pridana_hloubka_3><new_fanout_1/></ctenar>
    </ctenari>
    <vypujcky><pridana_hloubka_2><pridana_hloubka_3><pridana_hloubka_4><new_fanout_1/><new_fanout_2/></pridana_hloubka_4><new_fanout_1/></pridana_hloubka_3><new_fanout_1/></pridana_hloubka_2><new_fanout_1/></vypujcky>
</knihovna>