<?xml version="1.0" encoding="UTF-8" standalone="no"?><!--<!DOCTYPE library SYSTEM "data.dtd">--><library>
  <students>
  	<student banned="no" id="s01" name="Josef Novak">
  		<borrowings>
  			<borrow id="b01">
  				<date_from>1.1.2014</date_from>
  				<date_to>1.3.2014</date_to>
  				<extended date_to="5.6.2014"/>
  				<!--<borrowed_from>&worker1;</borrowed_from>-->
  			</borrow>
  		</borrowings>
  		<class>9</class>
  	</student>
    
    <student banned="no" id="s02" name="Martin Novak">
  		<borrowings>
  			<borrow id="b02">
  				<date_from>1.1.2014</date_from>
  				<date_to>1.3.2014</date_to>
  				<extended date_to="5.6.2014"/>
  				<!--<borrowed_from>&worker1;</borrowed_from>-->
  			</borrow>
  		</borrowings>
  		<class>9</class>
  	</student>
    
    <student banned="yes" id="s03" name="Franta Veverka">
  		<borrowings>
  			<borrow id="b03">
  				<date_from>1.1.2014</date_from>
  				<date_to>1.3.2014</date_to>
  				<extended date_to="5.6.2014"/>
  				<!--<borrowed_from>&worker1;</borrowed_from>-->
  			</borrow>
  		</borrowings>
  		<class>9</class>
  	</student>
    
    <student banned="yes" id="s04" name="Jano Palenik">
  		<borrowings>
  		</borrowings>
  		<class>9</class>
  	</student>
  </students>
  
  <books>
  	<book damaged="no" id="b01">
  		<title>Otec Goriot</title>
  		<author>Balzac</author>
  		<pages>200</pages>
  		<available/>
  	</book>
  	<book damaged="slightly" id="b02">
  		<title>Babi?ka</title>
  		<author>N?mcov?</author>
  		<pages>239</pages>
  	</book>
  	<book damaged="slightly" id="b03">
  		<title>Lucerna</title>
  		<author>Jir?sek</author>
  		<pages>80</pages>
  	</book>
  	
  	<book damaged="slightly" id="b05">
  		<title>Na z?padn? front? klid</title>
  		<author>Remarque</author>
  		<pages>140</pages>
  	</book>
  	<book damaged="slightly" id="b06">
  		<title>Hlava XXII</title>
  		<author>Heller</author>
  		<pages>422</pages>
  	</book>
  	<book damaged="no" id="b07">
  		<title>R. U. R.</title>
  		<author>?apek</author>
  		<pages>89</pages>
  	</book>
  	
  	<book damaged="slightly" id="b09">
  		<title>Spalova? mrtvol</title>
  		<author>Fuks</author>
  		<pages>150</pages>
  	</book>
  	<book damaged="no" id="b10">
  		<title>Modlitba pro Kate?inu Horovitzovou</title>
  		<author>Lustig</author>
  		<pages>120</pages>
  	</book>
  <book damaged="no" id="b11"><title>Rozmarn????????? l?????????to</title><author>Van?????????ura</author><pages>100</pages><available/></book></books>
  
  <note>
  	<!-- This is a note, where I can use any characters -->
  	<![CDATA[ It is bold to call ourself a library. We have <= 10 books & only one student]]>
  </note>
  
  <modified>This is valid up to date <?php echo Date("d.m.Y")?></modified>
</library>