<?xml version="1.0" encoding="UTF-8"?>
<entity_2char_country_code>
   <row>
      <iso_2cc>CZ</iso_2cc>
      <iso_code>CZE</iso_code>
   </row>
   <row>
      <iso_2cc>US</iso_2cc>
      <iso_code>USA</iso_code>
   </row>
</entity_2char_country_code>
<entity_country_code>
   <row>
      <country>CZECH REPUBLIC</country>
      <description/>
      <iso_code>CZE</iso_code>
   </row>
   <row>
      <country>UNITED STATES</country>
      <description/>
      <iso_code>USA</iso_code>
   </row>
</entity_country_code>
<entity_phone_prefix>
   <row>
      <comment/>
      <iso_2cc>CZ</iso_2cc>
      <phone_prefix>420</phone_prefix>
   </row>
   <row>
      <comment>New Jersey (Hackensack, Jersey City, Hoboken, Bayonne, Ridgewood, Union City, Teaneck, New Milford, and most of northeastern New Jersey)</comment>
      <iso_2cc>US</iso_2cc>
      <phone_prefix>1201</phone_prefix>
   </row>
   <row>
      <comment>Alabama (Birmingham; Tuscaloosa, and parts of western and central Alabama); Originally covered all of Alabama; split to create 334 (1995) and 256 (1998).</comment>
      <iso_2cc>US</iso_2cc>
      <phone_prefix>1205</phone_prefix>
   </row>
   <row>
      <comment>Alabama (Montgomery, Auburn, Dothan, Enterprise, Eufaula, Opelika, Phenix City, Selma, Tuskegee and most of southeastern Alabama)</comment>
      <iso_2cc>US</iso_2cc>
      <phone_prefix>1334</phone_prefix>
   </row>
   <row>
      <comment>Alabama (Huntsville, Decatur, Cullman, Gadsden, Madison, Florence, Sheffield, Tuscumbia, Fort Payne, Scottsboro, and most of northern Alabama)</comment>
      <iso_2cc>US</iso_2cc>
      <phone_prefix>1256</phone_prefix>
   </row>
   <row>
      <comment>Connecticut (Bridgeport, Danbury, New Haven, Waterbury, and southwestern Connecticut); Originally covered all of Connecticut; split in 1995 to create 860.Overlain by 475 in December 2009.</comment>
      <iso_2cc>US</iso_2cc>
      <phone_prefix>1203</phone_prefix>
   </row>
   <row>
      <comment>Delaware (all)</comment>
      <iso_2cc>US</iso_2cc>
      <phone_prefix>1302</phone_prefix>
   </row>
   <row>
      <comment>Wyoming (all)</comment>
      <iso_2cc>US</iso_2cc>
      <phone_prefix>1307</phone_prefix>
   </row>
   <row>
      <comment>Utah; Overlain on 801 in 2009.</comment>
      <iso_2cc>US</iso_2cc>
      <phone_prefix>1385</phone_prefix>
   </row>
   <row>
      <comment>Rhode Island (all)</comment>
      <iso_2cc>US</iso_2cc>
      <phone_prefix>1401</phone_prefix>
   </row>
   <row>
      <comment>Montana (all)</comment>
      <iso_2cc>US</iso_2cc>
      <phone_prefix>1406</phone_prefix>
   </row>
   <row>
      <comment>Massachusetts (Springfield, Pittsfield, Holyoke, Greenfield, and most of Western Massachusetts)</comment>
      <iso_2cc>US</iso_2cc>
      <phone_prefix>1413</phone_prefix>
   </row>
   <row>
      <comment>New York State (Albany, Schenectady, Plattsburgh, Saranac Lake, Lake George, Westport, and most of northeastern New York State)</comment>
      <iso_2cc>US</iso_2cc>
      <phone_prefix>1518</phone_prefix>
   </row>
   <row>
      <comment>
			New Jersey (Trenton, Atlantic City, Princeton, and most of central &amp; southeastern New Jersey); Created in 1958 by split from 201. Split in 1999 to create 856.
			</comment>
      <iso_2cc>US</iso_2cc>
      <phone_prefix>1609</phone_prefix>
   </row>
</entity_phone_prefix>