<?xml version="1.0" encoding="UTF-8"?>
<node>
   <name>first</name>
   <count>1</count>
   <subnodes>
      <node>
         <name>second</name>
         <count>0</count>
         <subnodes/>
      </node>
   </subnodes>
</node>
<node>
   <name>third</name>
   <count>1</count>
   <subnodes>
      <node>
         <name>fourth</name>
         <count>4</count>
         <subnodes>
            <node>
               <name>fifth</name>
               <count>0</count>
               <subnodes/>
            </node>
            <node>
               <name>sixth</name>
               <count>0</count>
               <subnodes/>
            </node>
            <node>
               <name>seventh</name>
               <count>0</count>
               <subnodes/>
            </node>
            <node>
               <name>eighth</name>
               <count>2</count>
               <subnodes>
                  <node>
                     <name>ninth</name>
                     <count>0</count>
                     <subnodes/>
                  </node>
                  <node>
                     <name>tenth</name>
                     <count>0</count>
                     <subnodes/>
                  </node>
               </subnodes>
            </node>
         </subnodes>
      </node>
   </subnodes>
</node>