<html>
   <head>
      <meta http-equiv="Content-Type" content="text/html; charset=UTF-8">
      <title>prefixes</title>
   </head>
   <body>
      <ul>
         <li>237</li>
         <li>420</li>
         <li>1201</li>
         <li>1203</li>
         <li>1205</li>
         <li>1256</li>
         <li>1302</li>
         <li>1307</li>
         <li>1334</li>
         <li>1385</li>
         <li>1401</li>
         <li>1406</li>
         <li>1413</li>
         <li>1518</li>
         <li>1609</li>
      </ul>
   </body>
</html>