<html>
   <head>
      <meta http-equiv="Content-Type" content="text/html; charset=UTF-8">
      <title>Seznam produktu</title>
   </head>
   <table>
      <tr>
         <th>jmeno</th>
         <th>skladem</th>
         <th>cena</th>
      </tr>
      <tr>
         <td>Office 2000</td>
         <td>skladem</td>
         <td>8000</td>
      </tr>
      <tr>
         <td>Game 2000</td>
         <td>skladem</td>
         <td>13000</td>
      </tr>
      <tr>
         <td>Office 3000</td>
         <td>skladem</td>
         <td>9000</td>
      </tr>
      <tr>
         <td>Game 3000</td>
         <td>skladem</td>
         <td>14000</td>
      </tr>
   </table>
</html>