<?xml version="1.0" encoding="UTF-8"?>
<departments>
   <department nazev="Manufacturing">
      <manager>
         <name>Peter Berg</name>
      </manager>
      <employee>
         <name>Martin Owen</name>
      </employee>
   </department>
   <department nazev="PR">
      <manager>
         <name>Lucy Sheen</name>
      </manager>
      <employee>
         <name>Carl Banks</name>
         <name>Philip Stein</name>
      </employee>
   </department>
   <department nazev="D1">
      <manager/>
      <employee>John   Smith</employee>
   </department>
   <department nazev="D2">
      <manager/>
      <employee>Peter   Brown</employee>
   </department>
   <department nazev="D1.2">
      <manager/>
      <employee>Arthur   Taylor</employee>
   </department>
   <department nazev="D1.1">
      <manager/>
      <employee>Martin   Smith</employee>
   </department>
</departments>