<html>
   <head>
      <meta http-equiv="Content-Type" content="text/html; charset=UTF-8">
      <title>Rezervace</title>
   </head>
   <body>
      <table>
         <caption>Rezervace - seznam vstupenek</caption>
         <thead>
            <tr>
               <td>Zakaznik</td>
               <td>Kino</td>
               <td>Sal</td>
               <td>Rada</td>
               <td>Misto</td>
               <td>Datum</td>
               <td>Cas</td>
            </tr>
         </thead>
         <tbody>
            <tr>
               <td>Jan Novotny</td>
               <td>Slovansky dum</td>
               <td>5</td>
               <td>10</td>
               <td>12</td>
               <td>15.11.2012</td>
               <td>15:00</td>
            </tr>
            <tr>
               <td>Ondrej Kubat</td>
               <td>Slovansky dum</td>
               <td>2</td>
               <td>5</td>
               <td>10</td>
               <td>03.03.2011</td>
               <td>17:00</td>
            </tr>
            <tr>
               <td>Ales Kulaty</td>
               <td>Novy smichov</td>
               <td>5</td>
               <td>8</td>
               <td>13</td>
               <td>23.03.2011</td>
               <td>19:00</td>
            </tr>
            <tr>
               <td>Martin Dvorak</td>
               <td>Novy smichov</td>
               <td>3</td>
               <td>4</td>
               <td>7</td>
               <td>23.03.2011</td>
               <td>21:00</td>
            </tr>
            <tr>
               <td>Martin Vesely</td>
               <td>Novy smichov</td>
               <td>4</td>
               <td>10</td>
               <td>5</td>
               <td>23.03.2011</td>
               <td>18:00</td>
            </tr>
            <tr>
               <td>Pavel Dvorsky</td>
               <td>Letnany</td>
               <td>1</td>
               <td>5</td>
               <td>19</td>
               <td>25.03.2011</td>
               <td>10:00</td>
            </tr>
         </tbody>
         <tfoot>
            <tr>
               <td colspan="6">Celkem:</td>
               <td>6</td>
            </tr>
         </tfoot>
      </table>
   </body>
</html>