<?xml version="1.0" encoding="UTF-8"?>
<zamestnanec>
   <pozice>Hlavni vedouci</pozice>
   <pocet_podr>2</pocet_podr>
   <zamestnanec>
      <pozice>Vedouci prodeje</pozice>
      <pocet_podr>3</pocet_podr>
      <podrizeny>
         <zamestnanec>
            <pozice>Starsi Pokladni</pozice>
            <pocet_podr>1</pocet_podr>
            <podrizeny>
               <zamestnanec>
                  <pozice>Pokladni</pozice>
                  <pocet_podr>0</pocet_podr>
                  <podrizeny/>
               </zamestnanec>
            </podrizeny>
         </zamestnanec>
         <zamestnanec>
            <pozice>Pokladni</pozice>
            <pocet_podr>0</pocet_podr>
            <podrizeny/>
         </zamestnanec>
         <zamestnanec>
            <pozice>Pokladni</pozice>
            <pocet_podr>0</pocet_podr>
            <podrizeny/>
         </zamestnanec>
      </podrizeny>
   </zamestnanec>
   <zamestnanec>
      <pozice>Vedouci salu</pozice>
      <pocet_podr>2</pocet_podr>
      <podrizeny>
         <zamestnanec>
            <pozice>Uklizec</pozice>
            <pocet_podr>0</pocet_podr>
            <podrizeny/>
         </zamestnanec>
         <zamestnanec>
            <pozice>Strazny</pozice>
            <pocet_podr>0</pocet_podr>
            <podrizeny/>
         </zamestnanec>
      </podrizeny>
   </zamestnanec>
</zamestnanec>
<zamestnanec>
   <pozice>Vedouci prodeje</pozice>
   <pocet_podr>3</pocet_podr>
   <zamestnanec>
      <pozice>Starsi Pokladni</pozice>
      <pocet_podr>1</pocet_podr>
      <podrizeny>
         <zamestnanec>
            <pozice>Pokladni</pozice>
            <pocet_podr>0</pocet_podr>
            <podrizeny/>
         </zamestnanec>
      </podrizeny>
   </zamestnanec>
   <zamestnanec>
      <pozice>Pokladni</pozice>
      <pocet_podr>0</pocet_podr>
      <podrizeny/>
   </zamestnanec>
   <zamestnanec>
      <pozice>Pokladni</pozice>
      <pocet_podr>0</pocet_podr>
      <podrizeny/>
   </zamestnanec>
</zamestnanec>
<zamestnanec>
   <pozice>Starsi Pokladni</pozice>
   <pocet_podr>1</pocet_podr>
   <zamestnanec>
      <pozice>Pokladni</pozice>
      <pocet_podr>0</pocet_podr>
      <podrizeny/>
   </zamestnanec>
</zamestnanec>
<zamestnanec>
   <pozice>Pokladni</pozice>
   <pocet_podr>0</pocet_podr>
</zamestnanec>
<zamestnanec>
   <pozice>Pokladni</pozice>
   <pocet_podr>0</pocet_podr>
</zamestnanec>
<zamestnanec>
   <pozice>Pokladni</pozice>
   <pocet_podr>0</pocet_podr>
</zamestnanec>
<zamestnanec>
   <pozice>Vedouci salu</pozice>
   <pocet_podr>2</pocet_podr>
   <zamestnanec>
      <pozice>Uklizec</pozice>
      <pocet_podr>0</pocet_podr>
      <podrizeny/>
   </zamestnanec>
   <zamestnanec>
      <pozice>Strazny</pozice>
      <pocet_podr>0</pocet_podr>
      <podrizeny/>
   </zamestnanec>
</zamestnanec>
<zamestnanec>
   <pozice>Uklizec</pozice>
   <pocet_podr>0</pocet_podr>
</zamestnanec>
<zamestnanec>
   <pozice>Strazny</pozice>
   <pocet_podr>0</pocet_podr>
</zamestnanec>