<?xml version="1.0" encoding="UTF-8" standalone="no"?><oxhole xmlns:xsi="http://www.w3.org/2001/XMLSchema-instance" xsi:noNamespaceSchemaLocation="data.xsd">
	<clenove>
		<clen jmeno="Jindrich Michalik" zacatek="2007" zakladatel="ano">
			<prezdivka>Jundrix</prezdivka>
			<cinnosti>
				<cinnost od="2005" skill="frajer">klavesy</cinnost>
				<cinnost skill="typek">solovy zpev</cinnost>
				<tvorba>
					
					
				</tvorba>
			</cinnosti>
			<vybava>
				<item id="i003">Roland JUNO Stage</item>
				<!-- plus mikrofony nezname znacky, doplni se pozdeji -->
			</vybava>
		</clen>
		<clen jmeno="Jiri Michalik" zacatek="2007" zakladatel="ano">
			<prezdivka>Ue</prezdivka>
			<cinnosti>
				<cinnost skill="skoromag">bici</cinnost>
			</cinnosti>
			<vybava>
				<item id="i004">bici Tama</item>
				<item id="i005">tuna cinelu</item>
				<!-- upresni bubenik -->
				<item id="i006">tuna palicek</item>
			</vybava>
		</clen>
		<clen jmeno="Jan Cermak" zacatek="2007" zakladatel="ano">
			<prezdivka>Banan</prezdivka>
			<cinnosti>
				<cinnost od="2006" skill="noob">baskytara</cinnost>
				<cinnost skill="noob">vokal</cinnost>
			</cinnosti>
			<vybava>
				<item id="i001">Ibanez SRX300</item>
				<item id="i002">Warwick Pro Fet 3.2</item>
			</vybava>
		</clen>
		<clen jmeno="Jan Orsula" konec="2010" zacatek="2007" zakladatel="ano">
			<prezdivka>Orc</prezdivka>
			<cinnosti>
				<cinnost skill="vajco">kytara</cinnost>
			</cinnosti>
			<vybava>
				<item id="i007">B.C. Rich Warlock</item>
				<item id="i008">kombo Marshall 150W</item>
			</vybava>
		</clen>
		<clen jmeno="Milan Cernil" zacatek="2007" zakladatel="ano">
			<prezdivka>Milanc</prezdivka>
			<cinnosti>
				<cinnost skill="solic">kytara</cinnost>
			</cinnosti>
			<vybava>
				<item id="i009">ESP LTD Stratocaster</item>
				<item id="i010">Laney hlava lampova</item>
			</vybava>
		</clen>
		<clen jmeno="Karel Fridrich" zacatek="2007" zakladatel="ano">
			<prezdivka>Khadl</prezdivka>
			<cinnosti>
				<cinnost skill="drtic">kytara</cinnost>
				<cinnost skill="krakor">vokal</cinnost>
			</cinnosti>
			<vybava>
				<item id="i011">ESP LTD Les Paul</item>
				<item id="i012">Marshall hlava lampova</item>
			</vybava>
		</clen>
	</clenove>
	<diskografie>
		<album>
			<!-- dalsi alba jsou naplanovana, ale jeste se na nich nepracuje -->
			<nazev>Talking ocean</nazev>
			<skladby>
				<skladba ids="Shark">
					
				</skladba>
				<skladba ids="Saturn">
					
				</skladba>
				<skladba ids="Fullhouse">
					
				</skladba>
				<skladba ids="Broken_wings">
					
				</skladba>
				<skladba ids="DEM">
					
				</skladba>
				<skladba ids="Quicksand">
					
				</skladba>
				<skladba ids="Refused">
					
				</skladba>
				<skladba ids="Destiny">
					
				</skladba>
				<skladba ids="Watching_the_dark">
					
				</skladba>
				<skladba ids="Talking_Ocean">
					
				</skladba>
				<skladba ids="Monzun">
					
				</skladba>
			</skladby>
		</album>
	</diskografie>
	<koncerty>
		<koncert>
			<datum>19. 12. 2007</datum>
			<misto>GymSo</misto>
			<spoluhraci>
				<kapela>spousta gymplaku</kapela>
			</spoluhraci>
			<poznamka>
				<no>Prvni</no> nervozni vystoupeni, ucast na Vanocnim koncertu GymSo
			</poznamka>
			<playlist>Shark</playlist>
			<pridavky prvni="Saturn"/>
		</koncert>
		<koncert>
			<datum>25. 1. 2008</datum>
			<misto>Hornicky dum Sokolov</misto>
			<poznamka>
				<no>Druhe</no> a legendarni vystoupeni, pulnocni prekvapeni vlastniho Maturaku, takze spousta publika v bujare nalade
			</poznamka>
			<playlist>Shark, Saturn</playlist>
		</koncert>
		<koncert>
			<datum>27. 6. 2008</datum>
			<misto>B-bar u Cibiho Sokolov</misto>
			<spoluhraci>
				<kapela>Adam Bernau</kapela>
				<kapela>Crom</kapela>
				<kapela>Friday</kapela>
				<kapela>Kato</kapela>
				<kapela>Seven</kapela>
			</spoluhraci>
			<poznamka>
				<no>Treti</no> vystoupeni, poprve na regulernim koncerte pro verejnost a hned predskokani vyhlasene kapely Seven Honzy Kirka Behounka
			</poznamka>
			<playlist>Shark, Fullhouse</playlist>
			<pridavky prvni="Saturn"/>
		</koncert>
	</koncerty>
</oxhole>