<html>
   <head>
      <meta http-equiv="Content-Type" content="text/html; charset=UTF-8">
   </head>
   <body>
      <ul>
         <li>
            <div>
               <h3>Akciova Spolecnost</h3>
               <p>45675465</p>
               <p>5153462624</p>
               <div>
                  <div>
                     <h2>Emaily</h2>
                     <p>katerina@akciovka.cz</p>
                     <p>mistr@akciovka.cz</p>
                     <p>karel@akciovka.cz</p>
                  </div>
               </div>
            </div>
         </li>
         <li>
            <div>
               <h3>Bayerishe Mist Werke</h3>
               <p>465789</p>
               <p>456780878</p>
               <div>
                  <div>
                     <h2>Emaily</h2>
                     <p>centrale@BayerisheMistWerke.de</p>
                     <p>Mpower@BayerisheMistWerke.de</p>
                  </div>
               </div>
            </div>
         </li>
         <li>
            <div>
               <h3>Ceska posta</h3>
               <p>5467865435678</p>
               <p>4567867789976</p>
               <div>
                  <h2>Tato spolecnost nema emaily</h2>
               </div>
            </div>
         </li>
         <li>
            <div>
               <h3>Fiktivni s.r.o.</h3>
               <p>12345678</p>
               <p>123435678</p>
               <div>
                  <div>
                     <h2>Emaily</h2>
                     <p>a@a.a</p>
                     <p>velke_oddeleni@a.cz</p>
                     <p>Pepa@a.cz</p>
                     <p>ludmila@a.cz</p>
                  </div>
               </div>
            </div>
         </li>
         <li>
            <div>
               <h3>Frantisek Kolarek</h3>
               <p>9865578907654</p>
               <p>8907907</p>
               <div>
                  <div>
                     <h2>Emaily</h2>
                     <p>email@frantakolarek.cz</p>
                     <p>oznameni@frantakolarek.cz</p>
                  </div>
               </div>
            </div>
         </li>
         <li>
            <div>
               <h3>Jan Vomacka</h3>
               <p>345678906</p>
               <p>345678906</p>
               <div>
                  <div>
                     <h2>Emaily</h2>
                     <p>janvomacka@janvomacka.cz</p>
                     <p>verejnost@janvomacka.cz</p>
                     <p>spam@janvomacka.cz</p>
                     <p>oznameni@janvomacka.cz</p>
                  </div>
               </div>
            </div>
         </li>
         <li>
            <div>
               <h3>Majka Bohacova</h3>
               <p>345678987654</p>
               <p>45678654673</p>
               <div>
                  <h2>Tato spolecnost nema emaily</h2>
               </div>
            </div>
         </li>
         <li>
            <div>
               <h3>Mestsky urad Pytlikov</h3>
               <p>587329397</p>
               <p>638674983</p>
               <div>
                  <div>
                     <h2>Emaily</h2>
                     <p>tajemnik@mestoPytlikov.cz</p>
                     <p>starosta@Pytlikov.cz</p>
                     <p>Bilbo@Pytlikov.cz</p>
                  </div>
               </div>
            </div>
         </li>
         <li>
            <div>
               <h3>Nezaraditelna spolecnost</h3>
               <p>57869075</p>
               <p>865879657</p>
               <div>
                  <div>
                     <h2>Emaily</h2>
                     <p>b@nezaraditelne.cz</p>
                  </div>
               </div>
            </div>
         </li>
         <li>
            <div>
               <h3>Urad velke prcice</h3>
               <p>78965724</p>
               <p>89039803</p>
               <div>
                  <div>
                     <h2>Emaily</h2>
                     <p>uctarna@velkeprcice.cz</p>
                     <p>tajemnik@velkeprcice.cz</p>
                     <p>starosta@velkeprcice.cz</p>
                  </div>
               </div>
            </div>
         </li>
      </ul>
   </body>
</html>