<?xml version="1.0" encoding="UTF-8"?>
<Spolecnosti>
   <Spolecnost id="spolecnost_1">
      <Nazev>Fiktivni s.r.o.</Nazev>
      <ICO>12345678</ICO>
      <DIC>123435678</DIC>
      <Emaily>
         <Email>
            <Adresa>a@a.a</Adresa>
            <OdeslaneZpravy/>
            <PrijateZpravy/>
         </Email>
         <Email>
            <Adresa>velke_oddeleni@a.cz</Adresa>
            <OdeslaneZpravy>
               <Zprava>
                  <Prijemci>
			                  <Prijemce>janvomacka@janvomacka.cz</Prijemce>
			                  <Prijemce>uctarna@velkeprcice.cz</Prijemce>
		                </Prijemci>
                  <Subjekt>subjekt2</Subjekt>
                  <Text>blekotaniblekotani</Text>
               </Zprava>
            </OdeslaneZpravy>
            <PrijateZpravy>
               <Zprava>
                  <Odesilatel>janvomacka@janvomacka.cz</Odesilatel>
                  <Subjekt>test</Subjekt>
                  <Text>blekotani</Text>
               </Zprava>
               <Zprava>
                  <Odesilatel>janvomacka@janvomacka.cz</Odesilatel>
                  <Subjekt>subjekt3</Subjekt>
                  <Text>blekotaniblekotaniblekotani</Text>
               </Zprava>
               <Zprava>
                  <Odesilatel>uctarna@velkeprcice.cz</Odesilatel>
                  <Subjekt>subjekt4</Subjekt>
                  <Text>blekotaniblekotaniblekotaniblekotani</Text>
               </Zprava>
            </PrijateZpravy>
         </Email>
         <Email>
            <Adresa>Pepa@a.cz</Adresa>
            <OdeslaneZpravy/>
            <PrijateZpravy/>
         </Email>
         <Email>
            <Adresa>ludmila@a.cz</Adresa>
            <OdeslaneZpravy/>
            <PrijateZpravy/>
         </Email>
      </Emaily>
   </Spolecnost>
   <Spolecnost id="spolecnost_2">
      <Nazev>Urad velke prcice</Nazev>
      <ICO>78965724</ICO>
      <DIC>89039803</DIC>
      <Emaily>
         <Email>
            <Adresa>uctarna@velkeprcice.cz</Adresa>
            <OdeslaneZpravy>
               <Zprava>
                  <Prijemci>
			                  <Prijemce>velke_oddeleni@a.cz</Prijemce>
		                </Prijemci>
                  <Subjekt>subjekt4</Subjekt>
                  <Text>blekotaniblekotaniblekotaniblekotani</Text>
               </Zprava>
               <Zprava>
                  <Prijemci>
			                  <Prijemce>email@frantakolarek.cz</Prijemce>
		                </Prijemci>
                  <Subjekt>subjekt5</Subjekt>
                  <Text>blekotaniblekotaniblekotaniblekotaniblekotaniblekotani</Text>
               </Zprava>
            </OdeslaneZpravy>
            <PrijateZpravy>
               <Zprava>
                  <Odesilatel>velke_oddeleni@a.cz</Odesilatel>
                  <Subjekt>subjekt2</Subjekt>
                  <Text>blekotaniblekotani</Text>
               </Zprava>
            </PrijateZpravy>
         </Email>
         <Email>
            <Adresa>tajemnik@velkeprcice.cz</Adresa>
            <OdeslaneZpravy/>
            <PrijateZpravy/>
         </Email>
         <Email>
            <Adresa>starosta@velkeprcice.cz</Adresa>
            <OdeslaneZpravy/>
            <PrijateZpravy/>
         </Email>
      </Emaily>
   </Spolecnost>
   <Spolecnost id="spolecnost_3">
      <Nazev>Jan Vomacka</Nazev>
      <ICO>345678906</ICO>
      <DIC>345678906</DIC>
      <Emaily>
         <Email>
            <Adresa>janvomacka@janvomacka.cz</Adresa>
            <OdeslaneZpravy>
               <Zprava>
                  <Prijemci>
			                  <Prijemce>velke_oddeleni@a.cz</Prijemce>
		                </Prijemci>
                  <Subjekt>test</Subjekt>
                  <Text>blekotani</Text>
               </Zprava>
               <Zprava>
                  <Prijemci>
			                  <Prijemce>velke_oddeleni@a.cz</Prijemce>
		                </Prijemci>
                  <Subjekt>subjekt3</Subjekt>
                  <Text>blekotaniblekotaniblekotani</Text>
               </Zprava>
            </OdeslaneZpravy>
            <PrijateZpravy>
               <Zprava>
                  <Odesilatel>velke_oddeleni@a.cz</Odesilatel>
                  <Subjekt>subjekt2</Subjekt>
                  <Text>blekotaniblekotani</Text>
               </Zprava>
            </PrijateZpravy>
         </Email>
         <Email>
            <Adresa>verejnost@janvomacka.cz</Adresa>
            <OdeslaneZpravy/>
            <PrijateZpravy/>
         </Email>
         <Email>
            <Adresa>spam@janvomacka.cz</Adresa>
            <OdeslaneZpravy/>
            <PrijateZpravy/>
         </Email>
         <Email>
            <Adresa>oznameni@janvomacka.cz</Adresa>
            <OdeslaneZpravy/>
            <PrijateZpravy/>
         </Email>
      </Emaily>
   </Spolecnost>
   <Spolecnost id="spolecnost_4">
      <Nazev>Frantisek Kolarek</Nazev>
      <ICO>9865578907654</ICO>
      <DIC>8907907</DIC>
      <Emaily>
         <Email>
            <Adresa>email@frantakolarek.cz</Adresa>
            <OdeslaneZpravy>
               <Zprava>
                  <Prijemci>
			                  <Prijemce>centrale@BayerisheMistWerke.de</Prijemce>
		                </Prijemci>
                  <Subjekt>subjekt6</Subjekt>
                  <Text>blekotaniblekotaniblekotaniblekotaniblekotaniblekotani</Text>
               </Zprava>
            </OdeslaneZpravy>
            <PrijateZpravy>
               <Zprava>
                  <Odesilatel>uctarna@velkeprcice.cz</Odesilatel>
                  <Subjekt>subjekt5</Subjekt>
                  <Text>blekotaniblekotaniblekotaniblekotaniblekotaniblekotani</Text>
               </Zprava>
            </PrijateZpravy>
         </Email>
         <Email>
            <Adresa>oznameni@frantakolarek.cz</Adresa>
            <OdeslaneZpravy/>
            <PrijateZpravy/>
         </Email>
      </Emaily>
   </Spolecnost>
   <Spolecnost id="spolecnost_5">
      <Nazev>Ceska posta</Nazev>
      <ICO>5467865435678</ICO>
      <DIC>4567867789976</DIC>
      <Emaily/>
   </Spolecnost>
   <Spolecnost id="spolecnost_6">
      <Nazev>Bayerishe Mist Werke</Nazev>
      <ICO>465789</ICO>
      <DIC>456780878</DIC>
      <Emaily>
         <Email>
            <Adresa>centrale@BayerisheMistWerke.de</Adresa>
            <OdeslaneZpravy/>
            <PrijateZpravy>
               <Zprava>
                  <Odesilatel>email@frantakolarek.cz</Odesilatel>
                  <Subjekt>subjekt6</Subjekt>
                  <Text>blekotaniblekotaniblekotaniblekotaniblekotaniblekotani</Text>
               </Zprava>
            </PrijateZpravy>
         </Email>
         <Email>
            <Adresa>Mpower@BayerisheMistWerke.de</Adresa>
            <OdeslaneZpravy/>
            <PrijateZpravy/>
         </Email>
      </Emaily>
   </Spolecnost>
   <Spolecnost id="spolecnost_7">
      <Nazev>Majka Bohacova</Nazev>
      <ICO>345678987654</ICO>
      <DIC>45678654673</DIC>
      <Emaily/>
   </Spolecnost>
   <Spolecnost id="spolecnost_8">
      <Nazev>Akciova Spolecnost</Nazev>
      <ICO>45675465</ICO>
      <DIC>5153462624</DIC>
      <Emaily>
         <Email>
            <Adresa>katerina@akciovka.cz</Adresa>
            <OdeslaneZpravy/>
            <PrijateZpravy/>
         </Email>
         <Email>
            <Adresa>mistr@akciovka.cz</Adresa>
            <OdeslaneZpravy/>
            <PrijateZpravy/>
         </Email>
         <Email>
            <Adresa>karel@akciovka.cz</Adresa>
            <OdeslaneZpravy/>
            <PrijateZpravy/>
         </Email>
      </Emaily>
   </Spolecnost>
   <Spolecnost id="spolecnost_9">
      <Nazev>Mestsky urad Pytlikov</Nazev>
      <ICO>587329397</ICO>
      <DIC>638674983</DIC>
      <Emaily>
         <Email>
            <Adresa>tajemnik@mestoPytlikov.cz</Adresa>
            <OdeslaneZpravy/>
            <PrijateZpravy/>
         </Email>
         <Email>
            <Adresa>starosta@Pytlikov.cz</Adresa>
            <OdeslaneZpravy/>
            <PrijateZpravy/>
         </Email>
         <Email>
            <Adresa>Bilbo@Pytlikov.cz</Adresa>
            <OdeslaneZpravy/>
            <PrijateZpravy/>
         </Email>
      </Emaily>
   </Spolecnost>
   <Spolecnost id="spolecnost_10">
      <Nazev>Nezaraditelna spolecnost</Nazev>
      <ICO>57869075</ICO>
      <DIC>865879657</DIC>
      <Emaily>
         <Email>
            <Adresa>b@nezaraditelne.cz</Adresa>
            <OdeslaneZpravy/>
            <PrijateZpravy/>
         </Email>
      </Emaily>
   </Spolecnost>
</Spolecnosti>