<?xml version="1.0" encoding="UTF-8"?>
<postavy>
   <postava>
      <jmeno>Jan Kocour</jmeno>
      <znamych>0</znamych>
   </postava>
   <postava>
      <jmeno>Veronika Kudrnová</jmeno>
      <znamych>1</znamych>
   </postava>
   <postava>
      <jmeno>Luboš Kvásek</jmeno>
      <znamych>2</znamych>
   </postava>
   <postava>
      <jmeno>Štěpán Racek</jmeno>
      <znamych>0</znamych>
   </postava>
   <postava>
      <jmeno>Daniela Ostrá</jmeno>
      <znamych>0</znamych>
   </postava>
   <postava>
      <jmeno>Vendula Ivanová</jmeno>
      <znamych>0</znamych>
   </postava>
   <postava>
      <jmeno>Jaromír Studený</jmeno>
      <znamych>0</znamych>
   </postava>
   <postava>
      <jmeno>Julie Fuksová</jmeno>
      <znamych>0</znamych>
   </postava>
   <postava>
      <jmeno>Petr Svoboda</jmeno>
      <znamych>0</znamych>
   </postava>
   <postava>
      <jmeno>Ludmila Svobodová</jmeno>
      <znamych>0</znamych>
   </postava>
</postavy>