<?xml version="1.0" encoding="UTF-8"?>
<casopisy>
   <casopis>
      <id>b08907</id>
      <nazev>Zajímavé krajiny</nazev>
      <autor>Victor Croisant</autor>
      <rok>2001</rok>
      <pocet_stran>57</pocet_stran>
   </casopis>
   <casopis>
      <id>_214542463</id>
      <nazev>Záhady světa</nazev>
      <autor/>
      <rok>1997</rok>
      <pocet_stran>23</pocet_stran>
   </casopis>
   <casopis>
      <id>_786746754</id>
      <nazev>Pusík</nazev>
      <autor>Jaromír Dušek</autor>
      <rok>2006</rok>
      <pocet_stran>10</pocet_stran>
   </casopis>
</casopisy>