<html>
   <head>
      <meta http-equiv="Content-Type" content="text/html; charset=UTF-8">
      <title>Knihy</title>
   </head>
   <body>
      <table>
         <tr>
            <td>ID</td>
            <td>Název</td>
            <td>Autor</td>
         </tr>
         <tr>
            <td>_2432543564</td>
            <td>Smutek a vášeň</td>
            <td>Veronika Kronusová</td>
         </tr>
         <tr>
            <td>_563543653475</td>
            <td>Trní</td>
            <td>Josef Žamberský</td>
         </tr>
         <tr>
            <td>_64756365447</td>
            <td>Hvězdná obloha</td>
            <td>Jan Huml</td>
         </tr>
         <tr>
            <td>_7576465365</td>
            <td>Krok se svobodě</td>
            <td>Jaromír Neuman</td>
         </tr>
         <tr>
            <td>_785465365</td>
            <td>Nebeští</td>
            <td>Roberd Chambera</td>
         </tr>
         <tr>
            <td>a36482576375</td>
            <td>Pád do hlubin</td>
            <td>Sebastian Fisher von Strasburg</td>
         </tr>
      </table>
   </body>
</html>