<?xml version="1.0" encoding="UTF-8"?>
<DATABASE>
   <ALBUM name="a1">
      <PHOTO>
         <DESCRIPTION>Sunset over Vltava Copyright David Nohejl Photography, all rights reserved</DESCRIPTION>
         <TAKEN>
            <CAMERA model="cam1" lens="lens1"/>
            <DATE>
               <DAY>1</DAY>
               <MONTH>1</MONTH>
               <YEAR>2010</YEAR>
            </DATE>
            <PHOTOGRAPHER>Pepa Novak</PHOTOGRAPHER>
            <TRIPOD used="no"/>
            <RESOLUTION>
               <PIXELHEIGHT>5184</PIXELHEIGHT>
               <PIXELWIDTH>3456</PIXELWIDTH>
            </RESOLUTION>
            <ISO>800</ISO>
            <FOCALLENGHT>40</FOCALLENGHT>
            <EXPOSURECOMP>0</EXPOSURECOMP>
            <COMMENT>
          Easy to get there by bus. <A href="dpp.cz">DP Praha</A>
            </COMMENT>
            <GPS latitude="12.54878785454" longitude="45.12487845"/>
         </TAKEN>
         <EDIT>
            <APP name="Paint.net"/>
         </EDIT>
         <PATH>/images/sunset.jpg</PATH>
         <SIZE>11511944</SIZE>
         <HASH><?hashgen /img/sunset.jpg ?></HASH>
         <THUMBNAIL>
        
          *(&amp;*%HUFJF&amp;U%(yughhit&gt;8;647656$%@#@%&amp;*&amp;()(IYR%^$#$&amp;*(**&amp;*(
        
      </THUMBNAIL>
      </PHOTO>
      <PHOTO>
         <DESCRIPTION>Sunset over Vltava Copyright David Nohejl Photography, all rights reserved</DESCRIPTION>
         <TAKEN>
            <CAMERA model="cam1" lens="lens1"/>
            <DATE>
               <DAY>1</DAY>
               <MONTH>1</MONTH>
               <YEAR>2010</YEAR>
            </DATE>
            <PHOTOGRAPHER>Pepa Novak</PHOTOGRAPHER>
            <TRIPOD used="yes"/>
            <RESOLUTION>
               <PIXELHEIGHT>5184</PIXELHEIGHT>
               <PIXELWIDTH>3456</PIXELWIDTH>
            </RESOLUTION>
            <ISO>100</ISO>
            <FOCALLENGHT>40</FOCALLENGHT>
            <EXPOSURECOMP>0</EXPOSURECOMP>
            <COMMENT>
          Easy to get there by bus. <A href="dpp.cz">DP Praha</A>
            </COMMENT>
            <GPS latitude="12.54878785454" longitude="45.12487845"/>
         </TAKEN>
         <EDIT>
            <APP name="DPP"/>
            <APP name="Paint.net"/>
         </EDIT>
         <PATH>/images/sunset.jpg</PATH>
         <SIZE>11511944</SIZE>
         <HASH><?hashgen /img/sunset.jpg ?></HASH>
         <THUMBNAIL>
        
          *(&amp;*%HUFJF&amp;U%(yughhit&gt;8;647656$%@#@%&amp;*&amp;()(IYR%^$#$&amp;*(**&amp;*(
        
      </THUMBNAIL>
      </PHOTO>
      <PHOTO>
         <DESCRIPTION>Sunset over Vltava Copyright David Nohejl Photography, all rights reserved</DESCRIPTION>
         <TAKEN>
            <CAMERA model="cam1" lens="lens1"/>
            <DATE>
               <DAY>1</DAY>
               <MONTH>1</MONTH>
               <YEAR>2010</YEAR>
            </DATE>
            <PHOTOGRAPHER>Pepa Novak</PHOTOGRAPHER>
            <TRIPOD used="yes"/>
            <RESOLUTION>
               <PIXELHEIGHT>5184</PIXELHEIGHT>
               <PIXELWIDTH>3456</PIXELWIDTH>
            </RESOLUTION>
            <ISO>100</ISO>
            <FOCALLENGHT>40</FOCALLENGHT>
            <EXPOSURECOMP>0</EXPOSURECOMP>
            <COMMENT>
          Easy to get there by bus. <A href="dpp.cz">DP Praha</A>
            </COMMENT>
            <GPS latitude="12.54878785454" longitude="45.12487845"/>
         </TAKEN>
         <EDIT>
            <APP name="DPP"/>
            <APP name="Paint.net"/>
         </EDIT>
         <PATH>/images/sunset.jpg</PATH>
         <SIZE>11511944</SIZE>
         <HASH><?hashgen /img/sunset.jpg ?></HASH>
         <THUMBNAIL>
        
          *(&amp;*%HUFJF&amp;U%(yughhit&gt;8;647656$%@#@%&amp;*&amp;()(IYR%^$#$&amp;*(**&amp;*(
        
      </THUMBNAIL>
      </PHOTO>
      <PHOTO>
         <DESCRIPTION>Sunset over Vltava Copyright David Nohejl Photography, all rights reserved</DESCRIPTION>
         <TAKEN>
            <CAMERA model="cam1" lens="lens1"/>
            <DATE>
               <DAY>1</DAY>
               <MONTH>1</MONTH>
               <YEAR>2010</YEAR>
            </DATE>
            <PHOTOGRAPHER>Pepa Novak</PHOTOGRAPHER>
            <TRIPOD used="yes"/>
            <RESOLUTION>
               <PIXELHEIGHT>5184</PIXELHEIGHT>
               <PIXELWIDTH>3456</PIXELWIDTH>
            </RESOLUTION>
            <ISO>100</ISO>
            <FOCALLENGHT>40</FOCALLENGHT>
            <EXPOSURECOMP>0</EXPOSURECOMP>
            <COMMENT>
          Easy to get there by bus. <A href="dpp.cz">DP Praha</A>
            </COMMENT>
            <GPS latitude="12.54878785454" longitude="45.12487845"/>
         </TAKEN>
         <EDIT>
            <APP name="DPP"/>
            <APP name="Paint.net"/>
         </EDIT>
         <PATH>/images/sunset.jpg</PATH>
         <SIZE>11511944</SIZE>
         <HASH><?hashgen /img/sunset.jpg ?></HASH>
         <THUMBNAIL>
        
          *(&amp;*%HUFJF&amp;U%(yughhit&gt;8;647656$%@#@%&amp;*&amp;()(IYR%^$#$&amp;*(**&amp;*(
        
      </THUMBNAIL>
      </PHOTO>
      <PHOTO>
         <DESCRIPTION>Sunset over Vltava Copyright David Nohejl Photography, all rights reserved</DESCRIPTION>
         <TAKEN>
            <CAMERA model="cam1" lens="lens1"/>
            <DATE>
               <DAY>1</DAY>
               <MONTH>1</MONTH>
               <YEAR>2010</YEAR>
            </DATE>
            <PHOTOGRAPHER>Pepa Novak</PHOTOGRAPHER>
            <TRIPOD used="no"/>
            <RESOLUTION>
               <PIXELHEIGHT>5184</PIXELHEIGHT>
               <PIXELWIDTH>3456</PIXELWIDTH>
            </RESOLUTION>
            <ISO>800</ISO>
            <FOCALLENGHT>40</FOCALLENGHT>
            <EXPOSURECOMP>0</EXPOSURECOMP>
            <COMMENT>
          Easy to get there by bus. <A href="http://dpp.cz">DP Praha</A>
            </COMMENT>
            <GPS latitude="12.54878785454" longitude="45.12487845"/>
         </TAKEN>
         <EDIT>
            <APP name="DPP"/>
            <APP name="Paint.net"/>
         </EDIT>
         <PATH>/images/sunset.jpg</PATH>
         <SIZE>11511944</SIZE>
         <HASH><?hashgen /img/sunset.jpg ?></HASH>
         <THUMBNAIL>
        
          *(&amp;*%HUFJF&amp;U%(yughhit&gt;8;647656$%@#@%&amp;*&amp;()(IYR%^$#$&amp;*(**&amp;*(
        
      </THUMBNAIL>
      </PHOTO>
   </ALBUM>
   <CAMERACOLLECTION>
      <BODY id="cam1" manufacturer="Canon" model="EOS 550D" comment="Great quality"/>
      <BODY id="cam2" manufacturer="Sony" model="DSC-" comment="Very portable"/>
   </CAMERACOLLECTION>
   <LENSCOLLECTION>
      <LENS id="lens1" manufacturer="Canon" model="18-55mm IS"/>
   </LENSCOLLECTION>
   <FLASHESCOLLECTION>
      <FLASH id="flash1" manufacturer="Canon" model="builtin"/>
   </FLASHESCOLLECTION>
</DATABASE>