<html>
   <head>
      <meta http-equiv="Content-Type" content="text/html; charset=UTF-8">
      <title>Seznam upravenych fotografii</title>
   </head>
   <body>
      <ul>
         <li>data($photo/edit/app/@name)</li>
         <li>
            <ul>
               <li>DPP</li>
               <li>Paint.net</li>
            </ul>
         </li>
         <li>
            <ul>
               <li>DPP</li>
               <li>Paint.net</li>
            </ul>
         </li>
         <li>
            <ul>
               <li>DPP</li>
               <li>Paint.net</li>
            </ul>
         </li>
         <li>
            <ul>
               <li>DPP</li>
               <li>Paint.net</li>
            </ul>
         </li>
      </ul>
   </body>
</html>