<html>
   <head>
      <meta http-equiv="Content-Type" content="text/html; charset=UTF-8">
      <title>Rezervace</title>
   </head>
   <body>
      <table>
         <caption>Rezervace - seznam vstupenek</caption>
         <thead>
            <tr>
               <td>zakaznik</td>
               <td>kino</td>
               <td>sal</td>
               <td>rada</td>
               <td>misto</td>
               <td>datum</td>
               <td>cas</td>
            </tr>
         </thead>
         <tbody>
            <tr>
               <td>Jana Heřmánková</td>
               <td>Slovansky dum571416015:00</td>
               <td></td>
               <td></td>
               <td></td>
               <td></td>
               <td></td>
            </tr>
            <tr>
               <td>Ondrej Kubat</td>
               <td>Slovansky dum251012003.03.201117:00</td>
               <td></td>
               <td></td>
               <td></td>
               <td></td>
               <td></td>
            </tr>
            <tr>
               <td>Ales Kulaty</td>
               <td>Novy smichov581312023.03.201119:00</td>
               <td></td>
               <td></td>
               <td></td>
               <td></td>
               <td></td>
            </tr>
            <tr>
               <td>Martin Dvorak</td>
               <td>Novy smichov34712023.03.201121:00</td>
               <td></td>
               <td></td>
               <td></td>
               <td></td>
               <td></td>
            </tr>
            <tr>
               <td>Martin Veselý</td>
               <td>Novy smichov410515023.03.201118:00</td>
               <td></td>
               <td></td>
               <td></td>
               <td></td>
               <td></td>
            </tr>
            <tr>
               <td>Pavel Novák</td>
               <td>Letňany151912025.03.201110:00</td>
               <td></td>
               <td></td>
               <td></td>
               <td></td>
               <td></td>
            </tr>
         </tbody>
         <tfoot>
            <tr>
               <td colspan="6">Celkem:</td>
               <td>6</td>
            </tr>
         </tfoot>
      </table>
   </body>
</html>