<?xml version="1.0" encoding="UTF-8"?>
<kina>
   <kino>
      <id>1-1</id>
      <nazev>Slovansky dum</nazev>
      <mesto>Praha</mesto>
      <ulice>Na Prikope 22</ulice>
   </kino>
   <kino>
      <id>2-1</id>
      <nazev>Novy smichov</nazev>
      <mesto>Praha</mesto>
      <ulice>Plzenska 8</ulice>
   </kino>
   <kino>
      <id>2-2</id>
      <nazev>Cinestar Praha</nazev>
      <mesto>Praha</mesto>,
		<ulice>Radlicka 3179</ulice>
   </kino>
   <kino>
      <id>4-2</id>
      <nazev>Park Hostivar</nazev>
      <mesto>Praha</mesto>,
		<ulice>Svehlova 32</ulice>
   </kino>
   <kino>
      <id>4-1</id>
      <nazev>Letnany</nazev>
      <mesto>Praha</mesto>
      <ulice>Veselska 663</ulice>
   </kino>
</kina>