<?xml version="1.0" encoding="UTF-8"?>
<produkty>
   <produkt id="kamera1">
				  <nazev>kamera</nazev>
				  <mnozstvi>12</mnozstvi>
				  <cena_ks>1200</cena_ks>
			</produkt>
   <produkt id="fotak1">
				  <nazev>fotak</nazev>
				  <mnozstvi>1</mnozstvi>
				  <cena_ks>2120</cena_ks>
			</produkt>
   <produkt id="ntbk1">
				  <nazev>notebook</nazev>
				  <mnozstvi>2</mnozstvi>
				  <cena_ks>12000</cena_ks>
			</produkt>
   <produkt id="mntr1">
				  <nazev>monitor</nazev>
				  <mnozstvi>3</mnozstvi>
				  <cena_ks>800</cena_ks>
			</produkt>
   <produkt id="hd1">
				  <nazev>harddisk</nazev>
				  <mnozstvi>50</mnozstvi>
				  <cena_ks>120</cena_ks>
			</produkt>
   <produkt id="smpn12">
				  <nazev>sampon</nazev>
				  <mnozstvi>2</mnozstvi>
				  <cena_ks>5000</cena_ks>
			</produkt>
   <produkt id="prnt11">
				  <nazev>tiskarna</nazev>
				  <mnozstvi>1</mnozstvi>
				  <cena_ks>990515</cena_ks>
			</produkt>
</produkty>