<?xml version="1.0" encoding="UTF-8"?>
<produkty>
   <produkt>
      <nazev>fotak</nazev>
      <mnozstvi>1</mnozstvi>
      <cena_ks>2120</cena_ks>
      <popis>Velmi kvalitni fotak</popis>
   </produkt>
   <produkt>
      <nazev>harddisk</nazev>
      <mnozstvi>50</mnozstvi>
      <cena_ks>120</cena_ks>
      <popis>Disk pro nepretrzity provoz</popis>
   </produkt>
   <produkt>
      <nazev>kamera</nazev>
      <mnozstvi>12</mnozstvi>
      <cena_ks>1200</cena_ks>
      <popis>Velmi kvalitni kamera</popis>
   </produkt>
   <produkt>
      <nazev>lampicka</nazev>
      <mnozstvi>200</mnozstvi>
      <cena_ks>15</cena_ks>
      <popis>Lampa co sviti</popis>
   </produkt>
   <produkt>
      <nazev>monitor</nazev>
      <mnozstvi>3</mnozstvi>
      <cena_ks>800</cena_ks>
      <popis>Velky monitor</popis>
   </produkt>
   <produkt>
      <nazev>nanuk</nazev>
      <mnozstvi>50000</mnozstvi>
      <cena_ks>3</cena_ks>
      <popis>Vysoce kvalitni zmrzlina</popis>
   </produkt>
   <produkt>
      <nazev>notebook</nazev>
      <mnozstvi>2</mnozstvi>
      <cena_ks>12000</cena_ks>
      <popis>Nekvalitni notebook</popis>
   </produkt>
   <produkt>
      <nazev>pantofle</nazev>
      <mnozstvi>125000</mnozstvi>
      <cena_ks>5</cena_ks>
      <popis>Boty co nic nevydrzi</popis>
   </produkt>
   <produkt>
      <nazev>sampon</nazev>
      <mnozstvi>2</mnozstvi>
      <cena_ks>5000</cena_ks>
      <popis>Sampon proti lupum</popis>
   </produkt>
   <produkt>
      <nazev>smartphone</nazev>
      <mnozstvi>200</mnozstvi>
      <cena_ks>755</cena_ks>
      <popis>Smartphone s androidem</popis>
   </produkt>
   <produkt>
      <nazev>tiskarna</nazev>
      <mnozstvi>1</mnozstvi>
      <cena_ks>990515</cena_ks>
      <popis>Tiskarna s nejdrazsim tonerem</popis>
   </produkt>
</produkty>