<html>
   <head>
      <meta http-equiv="Content-Type" content="text/html; charset=UTF-8">
      <title>Titulek</title>
   </head>
   <body>
      <h1>Info o zakaznikovi</h1>
      <table>
         <tr>
            <td>Jmeno</td>
            <td>Pepa</td>
         </tr>
         <tr>
            <td>Prijmeni</td>
            <td>Novak</td>
         </tr>
         <tr>
            <td>Mail</td>
            <td>pepa@seznam.cz</td>
         </tr>
         <tr>
            <td>Telefon</td>
            <td>5465478944</td>
         </tr>
      </table>
   </body>
</html>