<?xml version="1.0" encoding="UTF-8"?>
<concert xmlns:xsi="http://www.w3.org/2001/XMLSchema-instance" id="concert_1"
         isFestival="no">
			<title>Horkye Slize &amp; Chiki liki</title> 
   <!-- entity usage -->
			
		 	<artist_list>
				  <artist_ref a_id="artist_1">Horkyze Slize</artist_ref>
				  <artist_ref a_id="artist_2">Chiki liki tu-a</artist_ref>
			</artist_list>
			<ratings>
				  <rating>9</rating>
				  <rating>7</rating>
			</ratings>
			<venue>
				  <name>Lucerna Music Bar</name>
				  <address>
					    <street/>
					    <city>Prague</city>
				  </address>
			</venue>
			<price>200</price>
			<annotation>
				Artists is performing for the first time in Prague.
			</annotation>
			<description>
				
					this takes place in lucerna
					a longer description
					a longer description part 2

				
				
			
			</description>
		</concert>
<concert xmlns:xsi="http://www.w3.org/2001/XMLSchema-instance" id="concert_4"
         isFestival="yes">
			<title>Another Festival</title>
			<artist_list>
				  <artist_ref a_id="artist_4"/>
				  <artist_ref a_id="artist_6"/>
				  <artist_ref a_id="artist_9"/>
			</artist_list>
			<subconcerts>
				  <concert isFestival="no">
					    <title>Subconcert A1</title>
				  </concert>
				  <concert isFestival="no">
					    <title>Subconcert A2</title>
				  </concert>

			</subconcerts>
			<ratings>
				  <rating>8</rating>
				  <rating>7</rating>
			</ratings>
			<venue>
				  <name>Letisko</name>
				  <address>
					    <street/>
					    <city>Prague</city>
				  </address>
			</venue>
			<annotation>
				A great festival 3.
			</annotation>
			<description>
				
					a longer description
					a longer description part 2
					...
				
			
			</description>
			<price>400</price>
		</concert>