<?xml version="1.0" encoding="UTF-8"?>
<table>
   <tr>
      <td>Event title</td>
      <td>Place</td>
      <td>Price</td>
   </tr>
   <tr>
      <td>Subconcert A1</td>
      <td/>
      <td/>
   </tr>
   <tr>
      <td>Subconcert A2</td>
      <td/>
      <td/>
   </tr>
   <tr>
      <td>Subconcert 1</td>
      <td/>
      <td/>
   </tr>
   <tr>
      <td>Subconcert 2</td>
      <td/>
      <td/>
   </tr>
   <tr>
      <td>Polemic</td>
      <td>XT3</td>
      <td/>
   </tr>
   <tr>
      <td>Horkye Slize &amp; Chiki liki</td>
      <td>Lucerna Music Bar</td>
      <td>200</td>
   </tr>
   <tr>
      <td>Another Festival</td>
      <td>Letisko</td>
      <td>400</td>
   </tr>
   <tr>
      <td>Summer Festival</td>
      <td>Vypich</td>
      <td>700</td>
   </tr>
</table>