<html>
   <head>
      <meta http-equiv="Content-Type" content="text/html; charset=UTF-8">
      <title>Sady k odberu</title>
   </head>
   <body>
      <h1>Dostupnost:</h1>
      <ul>
         <li>305/45 VR22 TL      AURORA RH08 XL - <b>na objednavku</b></li>
         <li>255/55 VR18 TL      AURORA RH08 XL - <b>na objednavku</b></li>
         <li>285/35 VR22 TL      AURORA RH08 XL - <b>na objednavku</b></li>
         <li>215/55ZR16 97W Barum Bravuris 2 - <b>na objednavku</b></li>
         <li>255/40ZR19 100Y XL Barum Bravuris 2 - <b>skladem</b></li>
         <li>165/70 R15 83T Barum Pol2 - <b>na objednavku</b></li>
         <li>215/65  R16 TL      BR RD410 E - <b>na objednavku</b></li>
         <li>225/50 HR17 TL      BR LM-22 RUNFLAT - <b>skladem</b></li>
         <li>205/55 WR16 TL 91W  CO CSC 2 MO E - <b>na objednavku</b></li>
         <li>165/70 TR14 TL 81T  CO ECO CONTACT 3 EU - <b>na objednavku</b></li>
         <li>215/55 HR16 TL 93H  CO PROCONTACT - <b>na objednavku</b></li>
         <li>215/55 HR16 TL 93H  CO PREMIUM CONT 2 - <b>na objednavku</b></li>
         <li>225/60 VR16 TL 98V  CO PREMIUM CONT 2 - <b>na objednavku</b></li>
         <li>215/45 WR17 TL 87W  CO CSC EU - <b>na objednavku</b></li>
         <li>165/70 SR14 TL 85S  CO ECO EP EU RFD - <b>na objednavku</b></li>
         <li>165/70 TR14 TL 81T  CO ECO CONTACT 3 EU - <b>na objednavku</b></li>
      </ul>
   </body>
</html>