<?xml version="1.0" encoding="UTF-8"?>
<predci>
   <zanr name="Musique Concrete">
      <ancestor>
         <name>Minimalism</name>
         <ancestor>
            <name>Ambient</name>
            <ancestor>
               <name>Ambient House</name>
               <ancestor>
                  <name>Ambient Breaks</name>
                  <ancestor>
                     <name>Acid Jazz</name>
                     <ancestor>
                        <name>Downbeat</name>
                     </ancestor>
                     <ancestor>
                        <name>Illbient</name>
                        <ancestor>
                           <name>Nu Jazz</name>
                        </ancestor>
                     </ancestor>
                     <ancestor>
                        <name>Nu Jazz</name>
                     </ancestor>
                  </ancestor>
                  <ancestor>
                     <name>Trip Hop</name>
                     <ancestor>
                        <name>Downbeat</name>
                     </ancestor>
                  </ancestor>
                  <ancestor>
                     <name>Illbient</name>
                     <ancestor>
                        <name>Nu Jazz</name>
                     </ancestor>
                  </ancestor>
               </ancestor>
            </ancestor>
         </ancestor>
         <ancestor>
            <name>Classical</name>
            <ancestor>
               <name>Psychedelia</name>
               <ancestor>
                  <name>Ambient</name>
                  <ancestor>
                     <name>Ambient House</name>
                     <ancestor>
                        <name>Ambient Breaks</name>
                        <ancestor>
                           <name>Acid Jazz</name>
                           <ancestor>
                              <name>Downbeat</name>
                           </ancestor>
                           <ancestor>
                              <name>Illbient</name>
                              <ancestor>
                                 <name>Nu Jazz</name>
                              </ancestor>
                           </ancestor>
                           <ancestor>
                              <name>Nu Jazz</name>
                           </ancestor>
                        </ancestor>
                        <ancestor>
                           <name>Trip Hop</name>
                           <ancestor>
                              <name>Downbeat</name>
                           </ancestor>
                        </ancestor>
                        <ancestor>
                           <name>Illbient</name>
                           <ancestor>
                              <name>Nu Jazz</name>
                           </ancestor>
                        </ancestor>
                     </ancestor>
                  </ancestor>
               </ancestor>
            </ancestor>
         </ancestor>
      </ancestor>
   </zanr>
</predci>