<?xml version="1.0" encoding="UTF-8"?>
<pneumatiky>
   <vyrobce nazev="Matador">
      <letni kategorie="osobni">
         <pneumatika id="n01" sirka="155" rozmer="R13" profil="75">
            <nazev>Matador MP12 R13 155/75</nazev>
            <dezen>MP12</dezen>
            <cena>599</cena>
         </pneumatika>
         <pneumatika id="n02" sirka="145" rozmer="R13" profil="70">
            <nazev>Matador MP15-STELLA R13 145/70</nazev>
            <dezen>MP15-STELLA</dezen>
            <cena>699</cena>
         </pneumatika>
      </letni>
   </vyrobce>
   <vyrobce nazev="Barum">
      <letni kategorie="osobni">
         <pneumatika id="p4" sirka="215" profil="55" rozmer="R16" rychlostni_index="V">
            <nazev>215/55ZR16 97W Barum Bravuris 2</nazev>
            <dezen>Bravuris 2</dezen>
            <cena>3006</cena>
         </pneumatika>
         <pneumatika id="p5" sirka="255" profil="40" rozmer="R19" rychlostni_index="Y">
            <nazev>255/40ZR19 100Y XL Barum Bravuris 2</nazev>
            <dezen>Bravuris 2</dezen>
            <cena>5570</cena>
            <nosnost>100</nosnost>
            <zeme_puvodu>D</zeme_puvodu>
            <skladem>4</skladem>
         </pneumatika>
      </letni>
   </vyrobce>
   <vyrobce nazev="Continental">
      <letni kategorie="osobni">
         <pneumatika id="p9" sirka="205" profil="55" rozmer="R16" rychlostni_index="V">
            <nazev>205/55 WR16 TL 91W  CO CSC 2 MO E</nazev>
            <dezen>CSC2MOE</dezen>
            <cena>2400</cena>
         </pneumatika>
         <pneumatika id="p10" sirka="165" profil="70" rozmer="R14" rychlostni_index="V">
            <nazev>165/70 TR14 TL 81T  CO ECO CONTACT 3 EU</nazev>
            <dezen>ECO3EU</dezen>
            <cena>1322</cena>
         </pneumatika>
         <pneumatika id="p11" sirka="215" profil="55" rozmer="R16" rychlostni_index="V">
            <nazev>215/55 HR16 TL 93H  CO PROCONTACT</nazev>
            <dezen>PROCON</dezen>
            <cena>2735</cena>
         </pneumatika>
         <pneumatika id="p12" sirka="215" profil="55" rozmer="R16" rychlostni_index="V">
            <nazev>215/55 HR16 TL 93H  CO PREMIUM CONT 2</nazev>
            <dezen>PRECON2</dezen>
            <cena>3396</cena>
         </pneumatika>
         <pneumatika id="p13" sirka="225" profil="60" rozmer="R16" rychlostni_index="V">
            <nazev>225/60 VR16 TL 98V  CO PREMIUM CONT 2</nazev>
            <dezen>PRECON2</dezen>
            <cena>3398</cena>
         </pneumatika>
         <pneumatika id="p14" sirka="215" profil="45" rozmer="R17" rychlostni_index="V">
            <nazev>215/45 WR17 TL 87W  CO CSC EU</nazev>
            <dezen>CSCEU</dezen>
            <cena>3043</cena>
         </pneumatika>
         <pneumatika id="p15" sirka="165" profil="70" rozmer="R14" rychlostni_index="V">
            <nazev>165/70 SR14 TL 85S  CO ECO EP EU RFD</nazev>
            <dezen>ECOEPREU</dezen>
            <cena>1472</cena>
         </pneumatika>
         <pneumatika id="p16" sirka="215" profil="55" rozmer="R16" rychlostni_index="V">
            <doporuceni id_ref="p4"/>
         </pneumatika>
         <pneumatika id="p17" sirka="255" profil="40" rozmer="R19" rychlostni_index="Y">
            <doporuceni id_ref="p5"/>
            <poznamka>Pokud vlastnite off-road, doporucujeme 
							<doporuceni id_ref="p2">pneu Aurora</doporuceni>. Další doporučení naleznete v našem katalogu
					 alert("test"); 
					<?php echo("Produkt ukoncen dne ". getProductDeceaseDate("p17")); ?>
				</poznamka>
         </pneumatika>
         <pneumatika id="p18" sirka="165" profil="70" rozmer="R14" rychlostni_index="T">
            <nazev>165/70 TR14 TL 81T  CO ECO CONTACT 3 EU</nazev>
            <dezen>ECO3EU</dezen>
            <cena>1220</cena>
         </pneumatika>
      </letni>
   </vyrobce>
</pneumatiky>