<?xml version="1.0" encoding="UTF-8" standalone="no"?><Softwares>
	<ProgJazyk idJ="idJ_1">
		<nazevJazyka>Java</nazevJazyka>
		<miraAbstrakce ma="vyssi"/>
	</ProgJazyk>
	<ProgJazyk idJ="idJ_2">
		<nazevJazyka>C++</nazevJazyka>
		<miraAbstrakce ma="vyssi"/>
	</ProgJazyk>
	<ProgJazyk idJ="idJ_3">
		<nazevJazyka>C#</nazevJazyka>
		<miraAbstrakce ma="vyssi"/>
	</ProgJazyk>
	<ProgJazyk idJ="idJ_4">
		<nazevJazyka>NASM</nazevJazyka>
		<miraAbstrakce ma="nizsi"/>
	</ProgJazyk>
	<ProgJazyk idJ="idJ_5">
		<nazevJazyka>Python</nazevJazyka>
		<miraAbstrakce ma="vyssi"/>
	</ProgJazyk>
	
	<AktualniDatum>2005-07-05</AktualniDatum>
	
	<Software Nazev="Spy Emergency 1" idS="idS_1"> <!-- jednoznacny identifikator softwaru -->
		<printNazev><![CDATA[
				document.writeln("Toto je nazev programu</br>");]]>
		</printNazev>
		
		<Popis>Toto je spy</Popis>
		<Vyrobce idV="idV_1" jmenoSpolecnosti="Accenture" sidlo="Praha 6" spolecnost="s.r.o"/> <!-- prazdn? elemnt, urceni pouze pres atributy-->
		<Licence druh="placena"/>
		<Developer idD="idD_1">  <!-- identifikator urcuje jednosznacne kazdeho vyvoajre, dale jsou podelemnty k jeho urceni -->
			<Jmeno>Josef</Jmeno>
			<Prijmeni>Novak</Prijmeni>
			<Titul>ING</Titul>
			<Jazyk>C++, C#</Jazyk>
			<Adresa>
				<Mesto>Praha 6</Mesto>
				<Ulice>
					<NazevUlice>Vanickova</NazevUlice>
					<cp>19000</cp>
				</Ulice>
				<PSC>54983</PSC>
			</Adresa>
		</Developer>
		<Developer idD="idD_2">
			<Jmeno>David</Jmeno>
			<Prijmeni>Obrsal</Prijmeni>
			<Titul>Bc</Titul>
			<Jazyk>C#, Java</Jazyk>
			<Adresa>
				<Mesto>Praha 5</Mesto>
				<Ulice>
					<NazevUlice>Jiraskova</NazevUlice>
					<cp>18065</cp>
				</Ulice>
				<PSC>54963</PSC>
			</Adresa>
		</Developer>
		<InLaguage>
				<ref id="idJ_1"/>
		</InLaguage>
		<Velikost>
			<prvni>41</prvni>
			<prvni>12</prvni>
		</Velikost>
		
		<DatumVydani>17.2.2012</DatumVydani>
	</Software>
	
	<Software Nazev="GIMP" idS="idS_2">
		<printNazev><![CDATA[
				document.writeln("Toto je nazev programu</br>");]]>
		</printNazev>
		<Nazev value="5.3">Room Arranger</Nazev>
		<Popis>toto je room arr</Popis>
		<Vyrobce idV="idV_2" jmenoSpolecnosti="SimpleWay" sidlo="Praha 6" spolecnost="a.s"/>
		<Licence druh="placena"/>
		<Developer idD="idD_3">
			<Jmeno>Roman</Jmeno>
			<Prijmeni>Fridrich</Prijmeni>
			<Titul>Mgr</Titul>
			<Jazyk>Java, C#, Delphi</Jazyk>
			<Adresa>
				<Mesto>Jihlava</Mesto>
				<Ulice>
					<NazevUlice>Vltavska</NazevUlice>
					<cp>564</cp>
				</Ulice>
				<PSC>54986</PSC>
			</Adresa>
			
		</Developer>
		<Developer idD="idD_4">
			<Jmeno>Martin</Jmeno>
			<Prijmeni>Hajek</Prijmeni>
			<Titul>ING</Titul>
			<Jazyk>C++, Java, C#</Jazyk>
			<Adresa>
				<Mesto>Praha 10</Mesto>
				<Ulice>
					<NazevUlice>K Verneraku</NazevUlice>
					<cp>18000</cp>
				</Ulice>
				<PSC>89563</PSC>
			</Adresa>
		</Developer>
		<InLaguage>
			<ref id="idJ_3"/>
		</InLaguage>
		<Velikost>
			<prvni>45</prvni>
			<prvni>12</prvni>
		</Velikost>
		
		<DatumVydani>10.10.2011</DatumVydani>
	</Software>
	<Software Nazev="Office" idS="idS_3">
		<printNazev><![CDATA[
				document.writeln("Toto je nazev programu</br>");]]>
		</printNazev>
		
		<Popis>toto je gimp</Popis>
		<Vyrobce idV="idV_3" jmenoSpolecnosti="NetDirect" sidlo="Brno"/>
		<Licence druh="freeware"/>
		<Developer idD="idD_5">
			<Jmeno>Josef</Jmeno>
			<Prijmeni>Navratil</Prijmeni>
			<Titul>ING</Titul>
			<Jazyk>Java, C++, C#</Jazyk>
			<Adresa>
				<Mesto>Brno</Mesto>
				<Ulice>
					<NazevUlice>Brneska</NazevUlice>
					<cp>568</cp>
				</Ulice>
				<PSC>86952</PSC>
			</Adresa>
		</Developer>
		<InLaguage>
			<ref id="idJ_3"/>
		</InLaguage>
		<Velikost>
			<prvni>10</prvni>
			<prvni>15</prvni>
		</Velikost>
		<!--<Verze>2.6</Verze>-->
		<DatumVydani>7.2.2011</DatumVydani>
		
	</Software>
	
  
  <Software idS="idS_1"> <!-- jednoznacny identifikator softwaru -->
		<printNazev><![CDATA[
				document.writeln("Toto je nazev programu</br>");]]>
		</printNazev>
		<Nazev value="5.3">Spy Emergency</Nazev>
		<Popis>Toto je spy</Popis>
		<Vyrobce idV="idV_1" jmenoSpolecnosti="Accenture" sidlo="Praha 6" spolecnost="s.r.o"/> <!-- prazdn? elemnt, urceni pouze pres atributy-->
		<Licence druh="freeware"/>
		<Developer idD="idD_1">  <!-- identifikator urcuje jednosznacne kazdeho vyvoajre, dale jsou podelemnty k jeho urceni -->
			<Jmeno>Josef</Jmeno>
			<Prijmeni>Novak</Prijmeni>
			<Titul>ING</Titul>
			<Jazyk>C++, C#</Jazyk>
			<Adresa>
				<Mesto>Praha 6</Mesto>
				<Ulice>
					<NazevUlice>Vanickova</NazevUlice>
					<cp>19000</cp>
				</Ulice>
				<PSC>54983</PSC>
			</Adresa>
		</Developer>
		<Developer idD="idD_2">
			<Jmeno>David</Jmeno>
			<Prijmeni>Obrsal</Prijmeni>
			<Titul>Bc</Titul>
			<Jazyk>C#, Java</Jazyk>
			<Adresa>
				<Mesto>Praha 5</Mesto>
				<Ulice>
					<NazevUlice>Jiraskova</NazevUlice>
					<cp>18065</cp>
				</Ulice>
				<PSC>54963</PSC>
			</Adresa>
		</Developer>
		<InLaguage>
				<ref id="idJ_1"/>
		</InLaguage>
		<Velikost>
			<prvni>41</prvni>
			<prvni>12</prvni>
		</Velikost>
		
		<DatumVydani>17.2.2012</DatumVydani>
	</Software>
<Software idS="idS_6"><Popis>Zakladni kancelarsky balik</Popis><Vyrobce idV="idV_4" jmenoSpolecnosti="Acenture" sidlo="Beroun"/><Licence druh="freeware"/></Software></Softwares>