<html>
   <head>
      <meta http-equiv="Content-Type" content="text/html; charset=UTF-8">
      <title>Joined people</title>
   </head>
   <body>
      <table>
         <tr>
            <th>Name</th>
         </tr>
         <tr>
            <td>Arthur Taylor</td>
         </tr>
         <tr>
            <td>E T</td>
         </tr>
         <tr>
            <td>Jo Sh</td>
         </tr>
         <tr>
            <td>John Smith</td>
         </tr>
         <tr>
            <td>Kate Stone</td>
         </tr>
         <tr>
            <td>Martin Owen</td>
         </tr>
         <tr>
            <td>Martin Smith</td>
         </tr>
         <tr>
            <td>Peter Brown</td>
         </tr>
         <tr>
            <td>R2 D2</td>
         </tr>
      </table>
   </body>
</html>