<?xml version="1.0" encoding="UTF-8"?>
<depEmplCount>
   <dep name="Production">
      <count>2</count>
      <name>John Smith</name>
      <name>Jo Sh</name>
   </dep>
   <dep name="Development">
      <count>3</count>
      <name>Martin Smith</name>
      <name>R2 D2</name>
      <name>E T</name>
   </dep>
   <dep name="Engineering">
      <count>1</count>
      <name>Arthur Taylor</name>
   </dep>
   <dep name="Accounting">
      <count>1</count>
      <name>Peter Brown</name>
   </dep>
</depEmplCount>