<html>
   <body>
      <table>
         <tr>
            <td>ID</td>
            <td>Nazev</td>
            <td>IČ</td>
            <td>Adresa</td>
         </tr>
         <tr>
            <td>1</td>
            <td>UNI TECHNO</td>
            <td>63887227</td>
            <td>Vrbensk? 6, ?esk? Bud?jovice</td>
         </tr>
         <tr>
            <td>2</td>
            <td>MEDICA - Dr. Fichtl</td>
            <td>46887881</td>
            <td>Tylova 39, Plze?</td>
         </tr>
         <tr>
            <td>3</td>
            <td>Du?an N?mec - J+D</td>
            <td>16583175</td>
            <td>Vracovice 59, Vla?im</td>
         </tr>
      </table>
   </body>
</html>