<?xml version="1.0" encoding="UTF-8" standalone="no"?><autoskola>
	<studenti>
		
		<student login="filip" opravneni="C" poznamka="bez spetky humoru" skolitel="pepa">
			<jizdy>
				<jednotliva_jizda kde="cviciste">
					<kdy>
						<den>1.3.2012</den>
						<cas>9:00</cas>
					</kdy>
					<delka hodin="1"/>
				</jednotliva_jizda>
				<jednotliva_jizda kde="cviciste">
					<kdy>
						<den>10.3.2012</den>
						<cas>9:00</cas>
					</kdy>
					<delka hodin="1"/>
				</jednotliva_jizda>
				<jednotliva_jizda kde="cviciste">
					<kdy>
						<den>17.3.2012</den>
						<cas>9:00</cas>
					</kdy>
					<delka hodin="1"/>
				</jednotliva_jizda>
			</jizdy>
		</student>
		<student login="karel" opravneni="B" skolitel="default">
			<komentar>
				Kdy budu mit realneho skolitele?
			</komentar>
		</student>
		<student login="honza" opravneni="T" skolitel="pavel">
		</student>
		<student login="martin" opravneni="D" skolitel="pavel">
			<komentar>
				Mohu zacit s jizdami az pristi tyden
			</komentar>
		</student>
	</studenti>
	
	<skolitele>
		<skolitel login="vytasilj" poznamka="cholerik">
			<!-- jednoduche informace o tom, ktere studenty uci -->
			<opravneni>
				<typ pismeno="B"/>
				<typ pismeno="C"/>
				<typ pismeno="A"/>
			</opravneni>
			<uci student="jirka"/>
			<uci student="filip"/>
			<komentar>
				<![CDATA[
					Na prvni jizde <ref id="jirka"/> znicil vse na co prisel.
					100 000 < odhadovana skoda < 500 000
				]]>
				S <ref id="filip"/> zaciname az 21.3.2012
			</komentar>
		</skolitel>
		<skolitel login="default" poznamka="defaultni skolitel">
			<!-- toto je virtualni skolitel pro ty, kteri jeste nejsou prideleni ostatnim skolitelum -->
			<uci student="karel"/>
		</skolitel>
		<skolitel login="pepa">
			<opravneni>
				<typ pismeno="B"/>
			</opravneni>
		</skolitel>
		<skolitel login="pavel">
		<opravneni>
			<typ pismeno="T"/>
			<typ pismeno="D"/>
		</opravneni>
		<uci student="honza"/>
		<uci student="martin"/>
	</skolitel>
	</skolitele>
	
</autoskola>