<?xml version="1.0" encoding="UTF-8"?>
<zakazky_provedene_nebo_prijate_invalidou>
   <zakazka zak_id="z2" klient="venous" prijal="sef" provedl="starej" typ="stk">
		    <zadani>
			      <datum>
				        <rok>2013</rok>
				        <mesic>4</mesic>
				        <den>21</den>
			      </datum>
		    </zadani>
		    <vyhotoveni>
			      <datum>
				        <rok>2010</rok>
				        <mesic>4</mesic>
				        <den>24</den>
			      </datum>
		    </vyhotoveni>
		    <pouzity_dil mnozstvi="1" dil="halo"/>
		    <platba>
			      <cena>1100</cena>
			      <kartou>
				        <karta>641456464514</karta>
				        <datum>
					          <rok>2010</rok>
					          <mesic>4</mesic>
					          <den>24</den>
				        </datum>
			      </kartou>
			      <zaplaceno/>
		    </platba>
		    <poznamka>STK, bezne ukony. vymena leve potkavaci<ref id="halo">zarovky</ref>.</poznamka>
	  </zakazka>
   <zakazka zak_id="z3" klient="venous" prijal="starej" provedl="starej" typ="stk">
		    <zadani>
			      <datum>
				        <rok>2012</rok>
				        <mesic>4</mesic>
				        <den>21</den>
			      </datum>
		    </zadani>
		    <vyhotoveni>
			      <datum>
				        <rok>2012</rok>
				        <mesic>4</mesic>
				        <den>24</den>
			      </datum>
		    </vyhotoveni>
		    <pouzity_dil mnozstvi="4" dil="svicka"/>
		    <platba>
			      <cena>5100</cena>
			      <hotove/>
		    </platba>
		    <poznamka>STK, bezne ukony. vymena <ref id="svicka">svicek</ref> a oleje, kontrola geometrie kol.</poznamka>
	  </zakazka>
</zakazky_provedene_nebo_prijate_invalidou>