<html>
   <head>
      <meta http-equiv="Content-Type" content="text/html; charset=UTF-8">
      <title>Tabulka nehotovych zakazek</title>
   </head>
   <body>
      <table>
         <tr>
            <td>Antonin..Rozbil</td>
            <td>0</td>
         </tr>
         <tr>
            <td>Ctirad..Nespravil</td>
            <td>0</td>
         </tr>
         <tr>
            <td>Magdalena..Hraskova</td>
            <td>0</td>
         </tr>
         <tr>
            <td>Jindrich..Hlavacek</td>
            <td>1</td>
         </tr>
      </table>
   </body>
</html>