<?xml version="1.0" encoding="UTF-8" standalone="no"?><?xml-stylesheet type="text/xsl" href="data.xslt"?>
<faculty xmlns:xsi="http://www.w3.org/2001/XMLSchema-instance" name="Matematicko-fyzik?ln? fakulta">
	<!-- List of all people in faculty -->
	<people>		 	
		<student id="123">
			<name>Jan</name>
			<surname>Nov?k</surname>
		</student>
		<student id="124">
			<name>Josef</name>
			<surname>Novotn?</surname>
		</student>
		<student id="128">
			<name>Ji??</name>
			<surname>Huben?</surname>
		</student>
		<student id="127">
			<name>Karel</name>
			<surname>Velk?</surname>
		</student>
		<teacher id="125">
			<name>J?ra</name>
			<surname>Cimrman</surname>
			<bio authorized="false">P?edn? ?esk? <b>vyn?lezce</b>, v?ce info na <a href="http://www.jarmara.at">www.jarmara.at</a>.</bio>
		</teacher>
		<teacher id="126">
			<name>Petr</name>
			<surname>Kratochv?l</surname>
		</teacher>
		<teacher id="129">
			<name>Petr</name>
			<surname>Kratochv?l</surname>
		</teacher>
		<teacher id="130">
			<name>Pavel</name>
			<surname>Mal?</surname>
			<bio authorized="true">Tady m??e b?t t?eba <i>form?tovan?</i> text</bio>
		</teacher>
		<teacher id="131">
			<name>Marek</name>
			<surname>?ech</surname>
		</teacher>
		<teacher id="132" phone="26546465">
			<name>Vojt?ch</name>
			<surname>Tlust?</surname>
			<bio authorized="false">Dnes je
			</bio>
		</teacher>
	</people>
	<departments>
		<department name="KSI">
			<!-- List of department members -->
			<teachers>
				<person>Marek ?ech</person>
				<person>Vojt?ch Tlust?</person>
			</teachers>
			<subjects>
				<subject mandatory="false" name="XML Technologies">
					<lecture place="S3" teacher="129">
						<time>
							<dayOfWeek>1</dayOfWeek>
							<startHours>9</startHours>
							<startMinutes>0</startMinutes>
						</time>
						<students>
							<person>Ji?? Huben?</person>
							<person>Karel Velk?</person>
						</students>
					</lecture>
					<practices>
						<practice place="SW2" teacher="129">
							<time>
								<dayOfWeek>5</dayOfWeek>
								<startHours>9</startHours>
								<startMinutes>0</startMinutes>
							</time>
							<students>
								<person>Jan Nov?k</person>
								<person>Ji?? Huben?</person>
							</students>
						</practice>
						<practice place="SW1" teacher="130">
							<time>
								<dayOfWeek>3</dayOfWeek>
								<startHours>17</startHours>
								<startMinutes>20</startMinutes>
							</time>
							<students>
								<person>Josef Novotn?</person>
								<person>Ji?? Huben?</person>
							</students>
						</practice>
					</practices>
				</subject>
				<subject mandatory="true" name="Software Engineering">
					<lecture place="S5">
						<time>
							<dayOfWeek>1</dayOfWeek>
							<startHours>15</startHours>
							<startMinutes>40</startMinutes>
						</time>
						<students>
							<person>Karel Velk?</person>
							<person>Ji?? Huben?</person>
						</students>
					</lecture>
					<practices>
						<practice place="SW1">
							<time>
								<dayOfWeek>2</dayOfWeek>
								<startHours>14</startHours>
								<startMinutes>0</startMinutes>
							</time>
							<students>
								<person>Jan Nov?k</person>
								<person>Josef Novotn?</person>
							</students>
						</practice>
					</practices>
				</subject>
				<subject mandatory="true" name="Java">
					<lecture place="S8" teacher="130">
						<time>
							<dayOfWeek>3</dayOfWeek>
							<startHours>12</startHours>
							<startMinutes>10</startMinutes>
						</time>
						<students>
							<person>Karel Velk?</person>
							<person>Ji?? Huben?</person>
						</students>
					</lecture>
					<practices>
						<practice place="SU1">
							<time>
								<dayOfWeek>2</dayOfWeek>
								<startHours>17</startHours>
								<startMinutes>10</startMinutes>
							</time>
							<students>
								<person>Josef Novotn?</person>
								<person>Ji?? Huben?</person>
							</students>
						</practice>
					</practices>
				</subject>
			</subjects>
		</department>
		<department name="KSVI">
			<teachers>				
				<person>Marek ?ech</person>
				<person>Vojt?ch Tlust?</person>		
			</teachers>
			<subjects>
				<subject mandatory="false" name="Neprocedur?ln? programov?n?"/>
			</subjects>
		</department>
	</departments>
</faculty>