<?xml version="1.0" encoding="UTF-8"?>
<Department name="Administration">
   <pocet>0</pocet>
   <Subdepartment/>
</Department>
<Department name="Marketing">
   <pocet>0</pocet>
   <Subdepartment/>
</Department>
<Department name="Technical Support">
   <pocet>2</pocet>
   <Subdepartment>
      <Department name="Design">
         <pocet>0</pocet>
         <Subdepartment/>
      </Department>
      <Department name="Web">
         <pocet>0</pocet>
         <Subdepartment/>
      </Department>
   </Subdepartment>
</Department>