<?xml version="1.0" encoding="UTF-8"?>
<dochucovadla xmlns:xsi="http://www.w3.org/2001/XMLSchema-instance"
              xsi:noNamespaceSchemaLocation="data.xsd">
   <dochucovadlo>cukor kryštálový</dochucovadlo>
   <dochucovadlo>soľ</dochucovadlo>
   <dochucovadlo>korenie</dochucovadlo>
   <dochucovadlo>kari korenie</dochucovadlo>
   <dochucovadlo>sójová omáčka</dochucovadlo>
   <dochucovadlo>cukor práškový</dochucovadlo>
   <dochucovadlo>pizza korenie</dochucovadlo>
   <dochucovadlo>med</dochucovadlo>
   <dochucovadlo>cibuľa</dochucovadlo>
   <dochucovadlo>cesnak</dochucovadlo>
</dochucovadla>