<?xml version="1.0" encoding="UTF-8"?>
<table>
   <tr>
      <td>
				Kuřecí maso se smetanou a kari
			</td>
      <td>
         <span>
				Na oleji osmahneme na kostičky nakrájenou cibulku, nakrájené kuřecí maso společně s trochou soli a kari kořením.
				 </span>
         <span>
				Po změknutí masa zalijeme smetanou na vaření a ještě chvíli povaříme.
				 </span>
         <span>
				Jídlo se dá obměnit i přidáním hub nebo kukuřice. Jako příloha ke kuřecímu masu na kari se hodí rýže.
				 </span>
      </td>
   </tr>
   <tr>
      <td>
				Cestoviny so syrovou omáčkou
			</td>
      <td>
         <span>
				Cestoviny připravíme podle návodu.
				 </span>
         <span>
				Do malého kastrůlku si dáme máslo a až se rozpustí, přidáme nastrouhanou nivu.
				 </span>
         <span>
				Když se niva "táhne", zalijeme ji smetanou a krátce povaříme. 
				 </span>
         <span>
				Omáčkou polijeme cestoviny a podáváme. (k tomuhle receptu doporučuju mašličky Panzani)
				 </span>
      </td>
   </tr>
</table>