<?xml version="1.0" encoding="UTF-8"?>
<zlozenia>
   <recept>
      <nazev>
				Kuřecí maso se smetanou a kari
			</nazev>
      <zlozeni>
         <potravina>500 g kuracie mäso</potravina>
         <potravina>2 ks cibuľa</potravina>
      </zlozeni>
   </recept>
   <recept>
      <nazev>
				Cestoviny so syrovou omáčkou
			</nazev>
      <zlozeni>
         <potravina>400 g cestoviny</potravina>
         <potravina>1 ks niva</potravina>
         <potravina>1 lz maslo</potravina>
      </zlozeni>
   </recept>
   <recept>
      <nazev>
				Cestoviny so syrovou omáčkou 2 sposob
			</nazev>
      <zlozeni>
         <potravina>400 g cestoviny</potravina>
         <potravina>1 k smotana na varenie</potravina>
         <potravina>1 ks niva</potravina>
         <potravina>1 lz maslo</potravina>
      </zlozeni>
   </recept>
   <recept>
      <nazev>
				Cestoviny so syrovou omáčkou 3 sposob
			</nazev>
      <zlozeni>
         <potravina>400 g cestoviny</potravina>
         <potravina>1 k cestoviny</potravina>
         <potravina>1 ks niva</potravina>
         <potravina>1 lz maslo</potravina>
      </zlozeni>
   </recept>
</zlozenia>