<?xml version="1.0" encoding="utf-8" standalone="no"?><Generic>
  
<vypujcky>
    
  <vypujcka ctenar="c2" signatura="t1k1" stav="pujceno">
    <poznamka>.
      <ctenar cislo="c2"><cislo>c2</cislo></ctenar> ?ten??em <titul kod="t1"><kod>t1</kod></titul> titulu <exemplar signatura="t1k1"><signatura>t1k1</signatura></exemplar>
        Zap?j?ena kniha </poznamka>
      <pujceno>2012-03-01</pujceno>
      <ctenar>c2</ctenar><signatura>t1k1</signatura><stav>pujceno</stav></vypujcka>
    
    <vypujcka ctenar="c1" signatura="t3k4" stav="vraceno">
    <vraceno>2012-03-05</vraceno>
      <pujceno>2012-03-01</pujceno>
      <ctenar>c1</ctenar><signatura>t3k4</signatura><stav>vraceno</stav></vypujcka>
    
    <vypujcka ctenar="c2" signatura="t4c1" stav="pujceno">
    <poznamka>.
      <ctenar cislo="c2"><cislo>c2</cislo></ctenar> ?ten??em <titul kod="t4"><kod>t4</kod></titul> titulu <exemplar signatura="t4c1"><signatura>t4c1</signatura></exemplar>
        Zap?j?eno CD </poznamka>
      <pujceno>2012-02-11</pujceno>
      <ctenar>c2</ctenar><signatura>t4c1</signatura><stav>pujceno</stav></vypujcka>
    
    <vypujcka ctenar="c2" signatura="t1k1" stav="vraceno">
    <vraceno>2012-02-27</vraceno>
      <pujceno>2012-01-07</pujceno>
      <ctenar>c2</ctenar><signatura>t1k1</signatura><stav>vraceno</stav></vypujcka>
    
    <vypujcka ctenar="c2" signatura="t3k4" stav="vraceno">
    <vraceno>2012-02-29</vraceno>
      <pujceno>2012-01-07</pujceno>
      <ctenar>c2</ctenar><signatura>t3k4</signatura><stav>vraceno</stav></vypujcka>

    <vypujcka ctenar="c1" signatura="t1k1" stav="vraceno">
    <poznamka>.
      <ctenar cislo="c1"><cislo>c1</cislo></ctenar> ?ten??em <titul kod="t1"><kod>t1</kod></titul> titulu <exemplar signatura="t1k1"><signatura>t1k1</signatura></exemplar>
        Zap?j?ena kniha </poznamka>
      <vraceno>2011-08-10</vraceno>
      <pujceno>2011-08-15</pujceno>
      <ctenar>c1</ctenar><signatura>t1k1</signatura><stav>vraceno</stav></vypujcka>

    </vypujcky>
  
  <ctenari>
    
  <ctenar cislo="c3">
    <telefon>251314728</telefon>
      <email>lukas@email.cz</email>
      <rc>900909/2233</rc>
      <bydliste>
      <psc>14000</psc>
        <obec>Praha</obec>
        <cp>1024</cp>
        <ulice>V?t?zn?</ulice>
        </bydliste>
      <prijmeni>Vn?mav?</prijmeni>
      <jmeno>Luk??</jmeno>
      <cislo>c3</cislo></ctenar>

    <ctenar cislo="c2">
    <telefon>800123456</telefon>
      <email>v.ctiva@email.cz</email>
      <email>veronika@email.cz</email>
      <rc>955501/4321</rc>
      <bydliste>
      <cp>1</cp>
        <ulice>Hlavn?</ulice>
        <psc>12116</psc>
        <obec>Praha</obec>
        </bydliste>
      <prijmeni>?tiv?</prijmeni>
      <jmeno>Veronika</jmeno>
      <cislo>c2</cislo></ctenar>

    <ctenar cislo="c1">
    <mobil>723123456</mobil>
      <email>karel88@email.cz</email>
      <rc>881122/1234</rc>
      <bydliste>
      <psc>18000</psc>
        <obec>Praha</obec>
        <cp>15</cp>
        <ulice>?ten??sk?</ulice>
        </bydliste>
      <prijmeni>Zv?dav?</prijmeni>
      <jmeno>Karel</jmeno>
      <cislo>c1</cislo></ctenar>
    
    </ctenari>
  
  <tituly>
    
  <titul jazyk="en" kod="t4" zanry="kucha?ka u?ebnice">
    <exemplare>
      <cd signatura="t4c2"><delka>45</delka><signatura>t4c2</signatura></cd>
        <cd signatura="t4c1"><delka>45</delka><signatura>t4c1</signatura></cd>
        </exemplare>
      <rok>2010</rok>
      <nazev>Interactive Cooking</nazev>
      <jazyk>en</jazyk><kod>t4</kod><zanry>kucha?ka u?ebnice</zanry></titul>

    <titul jazyk="cs" kod="t3" zanry="u?ebnice">
    <exemplare>
      <kniha signatura="t3k4"><stran>50</stran><signatura>t3k4</signatura></kniha>
        <kniha signatura="t3k3"><stran>50</stran><signatura>t3k3</signatura></kniha>
        <kniha signatura="t3k2"><stran>75</stran><signatura>t3k2</signatura></kniha>
        <kniha signatura="t3k1"><stran>75</stran><signatura>t3k1</signatura></kniha>
        </exemplare>
      <autor><prijmeni>Hodn?</prijmeni><jmeno>Jan</jmeno></autor>
      <autor><prijmeni>Pe?liv?</prijmeni><jmeno>Alena</jmeno></autor>
      <rok>1999</rok>
      <nazev>Moje ??tanka</nazev>
      <jazyk>cs</jazyk><kod>t3</kod><zanry>u?ebnice</zanry></titul>

    <titul jazyk="cs" kod="t2" zanry="kucha?ka">
    <exemplare>
      </exemplare>
      <autor><prijmeni>Soute?iv?</prijmeni><jmeno>Petra</jmeno></autor>
      <rok>2005</rok>
      <nazev>Nejlep?? recepty</nazev>
      <jazyk>cs</jazyk><kod>t2</kod><zanry>kucha?ka</zanry></titul>

    <titul jazyk="en" kod="t1" zanry="detektivka">
    <exemplare>
      <kniha signatura="t1k2"><stran>150</stran><signatura>t1k2</signatura></kniha>
        <cd signatura="t1c1"><delka>90</delka><signatura>t1c1</signatura></cd>
        <kniha signatura="t1k1"><stran>150</stran><signatura>t1k1</signatura></kniha>
        </exemplare>
      <upoutavka/>
      <autor><prijmeni>Funny</prijmeni><jmeno>Peter</jmeno></autor>
      <autor><prijmeni>Strange</prijmeni><jmeno>John</jmeno></autor>
      <rok>1990</rok>
      <nazev>Dramatic Story</nazev>
      <jazyk>en</jazyk><kod>t1</kod><zanry>detektivka</zanry></titul>
    
    </tituly>
  
  </Generic>