<?xml version="1.0" encoding="UTF-8"?>
<vypis>
   <element>PlayerName</element>
   <element>RodneCislo</element>
   <element>MTGDeck<element>deckName</element>
      <element>Maindeck<element>MTGCard<element>type</element>
            <element>manacost</element>
            <element>flavor_text</element>
         </element>
         <element>MTGCard<element>type</element>
            <element>manacost</element>
            <element>flavor_text</element>
         </element>
         <element>MTGCard<element>type</element>
            <element>manacost</element>
            <element>flavor_text</element>
         </element>
      </element>
      <element>Sideboard<element>MTGCard<element>type</element>
            <element>manacost</element>
            <element>flavor_text</element>
         </element>
      </element>
   </element>
   <element>Height</element>
   <element>Weight</element>
   <element>Sex</element>
   <element>Idnum</element>
   <element>Favourite_color</element>
   <element>Favourite_deck</element>
   <element>Favourite_card</element>
   <element>Phone</element>
   <element>PlayerName</element>
   <element>RodneCislo</element>
   <element>MTGDeck<element>deckName</element>
      <element>Maindeck<element>MTGCard<element>type</element>
            <element>manacost</element>
            <element>flavor_text</element>
         </element>
         <element>MTGCard<element>type</element>
            <element>manacost</element>
            <element>flavor_text</element>
         </element>
         <element>MTGCard<element>type</element>
            <element>manacost</element>
            <element>flavor_text</element>
         </element>
      </element>
      <element>Sideboard<element>MTGCard<element>type</element>
            <element>manacost</element>
            <element>flavor_text</element>
         </element>
      </element>
   </element>
   <element>Height</element>
   <element>Weight</element>
   <element>Sex</element>
   <element>Idnum</element>
   <element>Favourite_color</element>
   <element>Favourite_deck</element>
   <element>Favourite_card</element>
   <element>Phone</element>
   <element>
      <type>land</type>
      <card cardName="Forest"/>
      <card cardName="Naturalize"/>
      <card cardName="Mountain"/>
   </element>
   <element>
      <type>creature</type>
      <card cardName="Leatherback baloth"/>
      <card cardName="Ball Lightning"/>
   </element>
   <element>
      <type>instant</type>
      <card cardName="Giant Growth"/>
      <card cardName="Lightning bolt"/>
      <card cardName="Smash To Smithereens"/>
   </element>
</vypis>