<?xml version="1.0" encoding="UTF-8"?>
<employees>
   <employee>
      <firstName>John</firstName>
      <lastName>Smith</lastName>
   </employee>
   <employee>
      <firstName>Peter</firstName>
      <lastName>Brown</lastName>
   </employee>
   <employee>
      <firstName>Arthur</firstName>
      <lastName>Taylor</lastName>
   </employee>
   <employee>
      <firstName>Martin</firstName>
      <lastName>Smith</lastName>
   </employee>
   <employee>
      <name>Martin Owen</name>
   </employee>
   <employee>
      <name>Kate Stone</name>
   </employee>
   <employee>
      <name>Carl Banks</name>
   </employee>
   <employee>
      <name>Philip Stein</name>
   </employee>
   <Statistics_of_first_group>
      <Count>0</Count>
      <Average/>
      <Min/>
      <Max/>
   </Statistics_of_first_group>
</employees>