<?xml version="1.0" encoding="UTF-8"?>
<xhtml>
   <table>
      <thead>
         <tr>
            <th> Nazov jedla </th>
            <th> Skratka alergenu </th>
            <th> Nazov alergenu </th>
         </tr>
      </thead>
      <tbody>
         <tr>
            <td>Pstruh na ro?te s bylinkov?m maslom</td>
            <td>a4</td>
            <td>Arasidy</td>
         </tr>
         <tr>
            <td>Pstruh na mlynarsky sposob</td>
            <td>a5</td>
            <td>Ryby</td>
         </tr>
         <tr>
            <td>Losos steak na grile s bylinkami</td>
            <td>a5</td>
            <td>Ryby</td>
         </tr>
      </tbody>
   </table>
</xhtml>