<?xml version="1.0" encoding="utf-8" standalone="no"?><programatorske-ulohy cesta="ulohy">

	
	
	
<skupina cesta="ch24" nazev="Challenge 24">
		
	<skupina cesta="2012" nazev="2012">
			
			
		<skupina cesta="ec" nazev="EC">
				
				
			<uloha nazev="Bombs">
					
					
					
					
					<!-- Deset testovacich vstupu -->
					
					
					
					
					
					
					
					
					
					
				<beh id="1"><vystup soubor="B1.out"/><vstup soubor="inputs/B/1.in"/></beh><beh id="10"><vystup soubor="B10.out"/><vstup soubor="inputs/B/10.in"/></beh><beh id="2"><vystup soubor="B2.out"/><vstup soubor="inputs/B/2.in"/></beh><beh id="3"><vystup soubor="B3.out"/><vstup soubor="inputs/B/3.in"/></beh><beh id="4"><vystup soubor="B4.out"/><vstup soubor="inputs/B/4.in"/></beh><beh id="5"><vystup soubor="B5.out"/><vstup soubor="inputs/B/5.in"/></beh><beh id="6"><vystup soubor="B6.out"/><vstup soubor="inputs/B/6.in"/></beh><beh id="7"><vystup soubor="B7.out"/><vstup soubor="inputs/B/7.in"/></beh><beh id="8"><vystup soubor="B8.out"/><vstup soubor="inputs/B/8.in"/></beh><beh id="9"><vystup soubor="B9.out"/><vstup soubor="inputs/B/9.in"/></beh><hodnoceni prikaz="diff"/><klicove-slovo>geometrie</klicove-slovo><klicove-slovo>silne souvisle komponenty</klicove-slovo><reseni program="B.exe"/></uloha><uloha nazev="Echo">
					
					
					
					
					
					
					
					
					
					
					
					
					
					
				<beh id="1"><vstup soubor="inputs/E/1.wav"/></beh><beh id="10"><vstup soubor="inputs/E/10.wav"/></beh><beh id="2"><vstup soubor="inputs/E/2.wav"/></beh><beh id="3"><vstup soubor="inputs/E/3.wav"/></beh><beh id="4"><vstup soubor="inputs/E/4.wav"/></beh><beh id="5"><vstup soubor="inputs/E/5.wav"/></beh><beh id="6"><vstup soubor="inputs/E/6.wav"/></beh><beh id="7"><vstup soubor="inputs/E/7.wav"/></beh><beh id="8"><vstup soubor="inputs/E/8.wav"/></beh><beh id="9"><vstup soubor="inputs/E/9.wav"/></beh><hodnoceni cil="minimum" hodnota="vystup" prikaz="cut -f 3"/><klicove-slovo>zvuk</klicove-slovo><klicove-slovo>Fourierova transformace</klicove-slovo><reseni program="E.exe"/></uloha></skupina><skupina cesta="preec" nazev="Pre-EC">
				
				
				
			<uloha id="squares" nazev="Squares">
					
					<!-- Dve ruzna reseni -->
					
					
					<!-- Ukolem je minimalizovat velikost vystupu a projit programem check -->
					
					
					
					
					
					
					
					
					
					
					
					
				<beh id="1"><vstup soubor="inputs/R/1.png"/></beh><beh id="10"><vstup soubor="inputs/R/10.png"/></beh><beh id="2"><vstup soubor="inputs/R/2.png"/></beh><beh id="3"><vstup soubor="inputs/R/3.png"/></beh><beh id="4"><vstup soubor="inputs/R/4.png"/></beh><beh id="5"><vstup soubor="inputs/R/5.png"/></beh><beh id="6"><vstup soubor="inputs/R/6.png"/></beh><beh id="7"><vstup soubor="inputs/R/7.png"/></beh><beh id="8"><vstup soubor="inputs/R/8.png"/></beh><beh id="9"><vstup soubor="inputs/R/9.png"/></beh><hodnoceni cil="minimum" hodnota="vystup" prikaz="wc -b"/><hodnoceni prikaz="./check"/><klicove-slovo>grafika</klicove-slovo><reseni program="R1.exe"/><reseni program="R2.exe"/></uloha><uloha nazev="Independent">
					
					
				<hodnoceni prikaz="diff"/><klicove-slovo>DFS</klicove-slovo></uloha><uloha nazev="Soundplot">
					
					
					
				<hodnoceni prikaz="diff"/><klicove-slovo>Fourierova transformace</klicove-slovo><klicove-slovo>grafika</klicove-slovo></uloha></skupina></skupina></skupina><skupina cesta="codeforces" nazev="Codeforces">
	</skupina><skupina cesta="spoj" nazev="SPOJ">
		
		
	<uloha id="bishops" nazev="Bishops">
			
			
			<!-- Reseni v jazyce C++ -->
			
			<!-- Reseni v jazyce C# -->
			
			<!-- Reseni v jazyce Java -->
			
			
			<!-- Kontrolni vstupy -->
			
			<!-- Kontrolni vstupy pro zadani -->
			
			<!-- Generovani kontrolnich vstupu -->
			
		<beh id="1" limit-cas="1s">
				
				
			<vstup soubor="bishops.in"/><vystup soubor="bishops.out"/></beh><beh id="2">
				
				
			<vstup id="bishops-ex-in">
<![CDATA[
2
3
]]>
				</vstup><vystup id="bishops-ex-out">
<![CDATA[
2
4
]]>
				</vystup></beh><beh id="3">
				
				
			<vstup>
<?php for($i=2;$i<30000;++$i)
	echo $i, '\n';
?>
				</vstup><vystup>
<?php for($i=2;$i<30000;++$i)
	echo 2*$i-2, '\n';
?>
				</vystup></beh><hodnoceni prikaz="diff"/><klicove-slovo>dlouha cisla</klicove-slovo><reseni>
				
			<kod soubor="bishops.cpp"/></reseni><reseni>
				
			<kod soubor="bishops.cs"/></reseni><reseni>
				
			<kod soubor="bishops.java"/></reseni><zadani>
<![CDATA[
Yesterday was Sam's birthday. The most interesting gift was definitely the chessboard. Sam quickly learned the rules of chess and defeated his father, all his friends, his little sister, and now no one wants to play with him any more.

So he decided to play with another birthday gift - a Book of Math Problems for Young Mathematicians. He opened the book somewhere in the middle and read the following problem: "How many knights can be placed on a chessboard without threatening each other?" After a while he realized that this was trivial and moved on to the next problem: "How many bishops can be placed on a chessboard without threatening each other?". Sam is in trouble here. He is not able to solve this problem and needs your help.

Sam's chessboard has size ]]><![CDATA[. A bishop can move to any distance in any of the four diagonal directions. A bishop threatens another bishop if it can move to the other bishop's position. Your task is to compute the maximum number of bishops that can be placed on a chessboard in such a way that no two bishops threaten each other. 
]]>
				
The input file consists of several lines. The line number i contains a single number N representing the size of the i-th chessboard. 
				
The output file should contain the same number of lines as the input file. The i-th line should contain one number - the maximum number of bishops that can be placed on i-th chessboard without threatening each other.
				
							
							
			<nadpis>Input</nadpis><nadpis>Output</nadpis><nadpis>Example</nadpis><vzorec><![CDATA[N <= 10^100]]></vzorec><vzorec style="color:blue">N x N</vzorec><vzorovy-vstup id="bishops-ex-in"/><vzorovy-vystup id="bishops-ex-out"/></zadani></uloha><uloha id="keytask" nazev="Key Task">
			
			
			
			
		<beh id="1">
				
				
			<vstup id="cerc07k-ex-in">
<![CDATA[
1 10
*........X

1 3
*#X

3 20
####################
#XY.gBr.*.Rb.G.GG.y#
####################

0 0
]]>
				</vstup><vystup>
<![CDATA[
Escape possible in 9 steps.
The poor student is trapped!
Escape possible in 45 steps.
]]>
				</vystup></beh><hodnoceni prikaz="diff"/><klicove-slovo>pruchod do sirky</klicove-slovo><zadani>
<![CDATA[
The Czech Technical University is rather old - you already know that it celebrates 300 years of its existence in 2007. Some of the university buildings are old as well. And the navigation in old buildings can sometimes be a little bit tricky, because of strange long corridors that fork and join at absolutely unexpected places.

The result is that some first-graders have often difficulties finding the right way to their classes. Therefore, the Student Union has developed a computer game to help the students to practice their orientation skills. The goal of the game is to find the way out of a labyrinth. Your task is to write a verification software that solves this game.

The labyrinth is a 2-dimensional grid of squares, each square is either free or filled with a wall. Some of the free squares may contain doors or keys. There are four different types of keys and doors: blue, yellow, red, and green. Each key can open only doors of the same color. You can move between adjacent free squares vertically or horizontally, diagonal movement is not allowed. You may not go across walls and you cannot leave the labyrinth area. If a square contains a door, you may go there only if you have stepped on a square with an appropriate key before. 
]]>
				
<![CDATA[
The input consists of several maps. Each map begins with a line containing two integer numbers R and C (1 <= R, C <= 100) specifying the map size. Then there are R lines each containing C characters. Each character is one of the following:
Hash mark '#' Wall
Dot '.' Free square
Asterisk '*' Your position
Uppercase letter 'B','Y','R','G' Blue, yellow, red or green door
Uppercase X 'X' Exit

Note that it is allowed to have * more than one exit,
* no exit at all,
* more doors and/or keys of the same color, and
* keys without corresponding doors and vice versa.

You may assume that the marker of your position ("*") will appear exactly once in every map. There is one blank line after each map. The input is terminated by two zeros in place of the map size. 
]]>
				
<![CDATA[
For each map, print one line containing the sentence "Escape possible in S steps.", where S is the smallest possible number of step to reach any of the exits. If no exit can be reached, output the string "The poor student is trapped!" instead. One step is defined as a movement between two adjacent cells. Grabbing a key or unlocking a door does not count as a step. 
]]>
			<nadpis style="color:green;">Input</nadpis><nadpis style="color:red;">Output</nadpis></zadani></uloha></skupina></programatorske-ulohy>