<?xml version="1.0" encoding="UTF-8" standalone="no"?><drahy>
	<stanice>
		<nadrazi>
			<nazev>Praha - Sm?chov</nazev>
			<poloha>
				<zemepisna_delka>
					<hodiny>14</hodiny>
					<minuty>24</minuty>
				</zemepisna_delka>
				<zemepisna_sirka>
					<hodiny>50</hodiny>
					<minuty>3</minuty>
				</zemepisna_sirka>
			</poloha>
			<nastupiste>
				<delka>10</delka>
			<nastupiste_id>n1n1</nastupiste_id></nastupiste>
			<nastupiste>
				<delka>10</delka>
			<nastupiste_id>n1n2</nastupiste_id></nastupiste>
			<nastupiste>
				<delka>8</delka>
			<nastupiste_id>n1n3</nastupiste_id></nastupiste>
			<nastupiste>
				<delka>8</delka>
			<nastupiste_id>n1n4</nastupiste_id></nastupiste>
		<nadrazi_id>n1</nadrazi_id></nadrazi>
		<nadrazi>
			<nazev>Wilsonovo - hlavn? n?dra??</nazev>
			<poloha>
				<zemepisna_delka>
					<hodiny>14</hodiny>
					<minuty>26</minuty>
					<sekundy>3</sekundy>
				</zemepisna_delka>
				<zemepisna_sirka>
					<hodiny>50</hodiny>
					<minuty>5</minuty>
					<sekundy>16</sekundy>
				</zemepisna_sirka>
			</poloha>
			<nastupiste>
				<delka>9</delka>
			<nastupiste_id>n2n1</nastupiste_id></nastupiste>
			<nastupiste>
				<delka>9</delka>
			<nastupiste_id>n2n2</nastupiste_id></nastupiste>
			<nastupiste>
				<delka>9</delka>
			<nastupiste_id>n2n3</nastupiste_id></nastupiste>
			<nastupiste>
				<delka>9</delka>
			<nastupiste_id>n2n4</nastupiste_id></nastupiste>
			<nastupiste>
				<delka>9</delka>
			<nastupiste_id>n2n5</nastupiste_id></nastupiste>
			<nastupiste>
				<delka>9</delka>
			<nastupiste_id>n2n6</nastupiste_id></nastupiste>
			<nastupiste>
				<delka>9</delka>
			<nastupiste_id>n2n7</nastupiste_id></nastupiste>
		<nadrazi_id>n2</nadrazi_id></nadrazi>
		<nadrazi>
			<nazev>Beroun</nazev>
			<poloha>
				<zemepisna_delka>
					<hodiny>14</hodiny>
					<minuty>4</minuty>
				</zemepisna_delka>
				<zemepisna_sirka>
					<hodiny>49</hodiny>
					<minuty>57</minuty>
				</zemepisna_sirka>
			</poloha>
			<nastupiste>
				<delka>8</delka>
			<nastupiste_id>n3n1</nastupiste_id></nastupiste>
			<nastupiste>
				<delka>8</delka>
			<nastupiste_id>n3n2</nastupiste_id></nastupiste>
		<nadrazi_id>n3</nadrazi_id></nadrazi>
		<nadrazi>
			<nazev>Plze? hlavn? n?dra??</nazev>
			<poloha>
				<zemepisna_delka>
					<hodiny>13</hodiny>
					<minuty>23</minuty>
				</zemepisna_delka>
				<zemepisna_sirka>
					<hodiny>49</hodiny>
					<minuty>44</minuty>
				</zemepisna_sirka>
			</poloha>
			<nastupiste>
				<delka>10</delka>
			<nastupiste_id>n4n1</nastupiste_id></nastupiste>
			<nastupiste>
				<delka>10</delka>
			<nastupiste_id>n4n2</nastupiste_id></nastupiste>
			<nastupiste>
				<delka>10</delka>
			<nastupiste_id>n4n3</nastupiste_id></nastupiste>
			<nastupiste>
				<delka>10</delka>
			<nastupiste_id>n4n4</nastupiste_id></nastupiste>
			<nastupiste>
				<delka>10</delka>
			<nastupiste_id>n4n5</nastupiste_id></nastupiste>
			<nastupiste>
				<delka>10</delka>
			<nastupiste_id>n4n6</nastupiste_id></nastupiste>
		<nadrazi_id>n4</nadrazi_id></nadrazi>
		<nadrazi>
			<nazev>Ostrava hlavn? n?dra??</nazev>
			<poloha>
				<zemepisna_delka>
					<hodiny>18</hodiny>
					<minuty>16</minuty>
				</zemepisna_delka>
				<zemepisna_sirka>
					<hodiny>49</hodiny>
					<minuty>51</minuty>
				</zemepisna_sirka>
			</poloha>
			<nastupiste>
				<delka>10</delka>
			<nastupiste_id>n5n1</nastupiste_id></nastupiste>
			<nastupiste>
				<delka>10</delka>
			<nastupiste_id>n5n2</nastupiste_id></nastupiste>
			<nastupiste>
				<delka>10</delka>
			<nastupiste_id>n5n3</nastupiste_id></nastupiste>
			<nastupiste>
				<delka>10</delka>
			<nastupiste_id>n5n4</nastupiste_id></nastupiste>
			<nastupiste>
				<delka>5</delka>
			<nastupiste_id>n5n5</nastupiste_id></nastupiste>			
		<nadrazi_id>n5</nadrazi_id></nadrazi>
	</stanice>
	<stavby>
		<most>
				<nazev>?elezni?n? most</nazev>
				<poloha>
					<zemepisna_delka>
						<hodiny>14</hodiny>
						<minuty>24</minuty>
					</zemepisna_delka>
					<zemepisna_sirka>
						<hodiny>50</hodiny>
						<minuty>4</minuty>
					</zemepisna_sirka>
				</poloha>
		<most_id>most1</most_id></most>
		<tunel>
			<nazev>Vinohradsk? tunel</nazev>
			<poloha>
				<zemepisna_delka>
					<hodiny>14</hodiny>
					<minuty>26</minuty>
				</zemepisna_delka>
				<zemepisna_sirka>
					<hodiny>50</hodiny>
					<minuty>4</minuty>
				</zemepisna_sirka>
			</poloha>
		<tunel_id>tunel1</tunel_id></tunel>
	</stavby>
	<trate>
		<trat>
			<trat_stanice><stanice_ref>n1</stanice_ref></trat_stanice>
			<trat_stanice><stanice_ref>n2</stanice_ref></trat_stanice>
			<trat_stavba><stavba_ref>tunel1</stavba_ref></trat_stavba>
			<trat_stavba><stavba_ref>most1</stavba_ref></trat_stavba>
			<elektrifikovano/>
			<rychlost>80<jednotka>kmh</jednotka></rychlost>
		<trat_id>t1</trat_id></trat>
		<trat>
			<trat_stanice><stanice_ref>n1</stanice_ref></trat_stanice>
			<trat_stanice><stanice_ref>n3</stanice_ref></trat_stanice>
			<trat_stanice><stanice_ref>n4</stanice_ref></trat_stanice>
			<elektrifikovano/>
			<rychlost>100</rychlost>
		<trat_id>t2</trat_id></trat>
	</trate>
	<vozy>
		<lokomotiva pohon="elektricky">
			<rychlost>120<jednotka>kmh</jednotka></rychlost>
			<hmotnost>84<jednotka>t</jednotka></hmotnost>
			<vykon>3000<jednotka>kW</jednotka></vykon>
		<lokomotiva_id>l1</lokomotiva_id></lokomotiva>
		<lokomotiva pohon="elektricky">
			<rychlost>140<jednotka>kmh</jednotka></rychlost>
			<hmotnost>155<jednotka>t</jednotka></hmotnost>
			<vykon>2000<jednotka>kW</jednotka></vykon>
			<naklad><cestujici/></naklad>
			<kapacita><jednotka>osoby</jednotka></kapacita>
		<lokomotiva_id>l2</lokomotiva_id></lokomotiva>
		<lokomotiva pohon="elektricky">
			<rychlost>230<jednotka>kmh</jednotka></rychlost>
			<hmotnost>385<jednotka>t</jednotka></hmotnost>
			<vykon>4000<jednotka>kW</jednotka></vykon>
			<naklad><cestujici/></naklad>
			<kapacita>135<jednotka>osoby</jednotka></kapacita>
		<lokomotiva_id>l3</lokomotiva_id></lokomotiva>
		<vagon>
			<rychlost>140<jednotka>kmh</jednotka></rychlost>
			<naklad><cestujici/></naklad>
			<kapacita>54<jednotka>osoby</jednotka></kapacita>
			<hmotnost>12<jednotka>t</jednotka></hmotnost>
		<vagon_id>v1</vagon_id></vagon>
		<vagon>
			<rychlost>140<jednotka>kmh</jednotka></rychlost>
			<naklad><cestujici/></naklad>
			<kapacita>54<jednotka>osoby</jednotka></kapacita>
			<hmotnost>12<jednotka>t</jednotka></hmotnost>
		<vagon_id>v2</vagon_id></vagon>
		<vagon>
			<rychlost>140<jednotka>kmh</jednotka></rychlost>
			<naklad><cestujici/></naklad>
			<kapacita>54<jednotka>osoby</jednotka></kapacita>
			<hmotnost>12<jednotka>t</jednotka></hmotnost>
		<vagon_id>v3</vagon_id></vagon>
		<vagon>
			<rychlost>140<jednotka>kmh</jednotka></rychlost>
			<naklad><cestujici/></naklad>
			<kapacita>54<jednotka>osoby</jednotka></kapacita>
			<hmotnost>12<jednotka>t</jednotka></hmotnost>
		<vagon_id>v4</vagon_id></vagon>
		<vagon>
			<rychlost>140<jednotka>kmh</jednotka></rychlost>
			<naklad><cestujici/></naklad>
			<kapacita>54<jednotka>osoby</jednotka></kapacita>
			<hmotnost>12<jednotka>t</jednotka></hmotnost>
		<vagon_id>v5</vagon_id></vagon>
			<vagon>
			<rychlost>230<jednotka>kmh</jednotka></rychlost>
			<naklad><cestujici/></naklad>
			<kapacita>70<jednotka>osoby</jednotka></kapacita>
			<hmotnost>25<jednotka>t</jednotka></hmotnost>
		<vagon_id>v6</vagon_id></vagon>	
			<vagon>
			<rychlost>230<jednotka>kmh</jednotka></rychlost>
			<naklad><cestujici/></naklad>
			<kapacita>70<jednotka>osoby</jednotka></kapacita>
			<hmotnost>25<jednotka>t</jednotka></hmotnost>
		<vagon_id>v7</vagon_id></vagon>	
			<vagon>
			<rychlost>230<jednotka>kmh</jednotka></rychlost>
			<naklad><cestujici/></naklad>
			<kapacita>70<jednotka>osoby</jednotka></kapacita>
			<hmotnost>25<jednotka>t</jednotka></hmotnost>
		<vagon_id>v8</vagon_id></vagon>
		<vagon>
			<rychlost>110<jednotka>kmh</jednotka></rychlost>
			<naklad><posta/><zavazadla/></naklad>
			<kapacita>50<jednotka>m3</jednotka></kapacita>
			<hmotnost>15</hmotnost>
		<vagon_id>v9</vagon_id></vagon>
	</vozy>
	<vlaky>
		<vlak>
			<vlak_lokomotiva poradi="1"><lokomotiva_ref>l1</lokomotiva_ref></vlak_lokomotiva>
			<vlak_vagon vagon_ref="v1"><poradi>2</poradi></vlak_vagon>
			<vlak_vagon vagon_ref="v2"><poradi>3</poradi></vlak_vagon>
			<vlak_vagon vagon_ref="v3"><poradi>4</poradi></vlak_vagon>
			<vlak_vagon vagon_ref="v4"><poradi>5</poradi></vlak_vagon>
			<vlak_vagon vagon_ref="v5"><poradi>6</poradi></vlak_vagon>
			<vlak_vagon vagon_ref="v9"><poradi>7</poradi></vlak_vagon>
		<vlak_id>vlak1</vlak_id></vlak>
		<vlak>
			<vlak_lokomotiva poradi="1"><lokomotiva_ref>l2</lokomotiva_ref></vlak_lokomotiva>
			<vlak_lokomotiva poradi="2"><lokomotiva_ref>l2</lokomotiva_ref></vlak_lokomotiva>
			<vlak_lokomotiva poradi="3"><lokomotiva_ref>l2</lokomotiva_ref></vlak_lokomotiva>
		<vlak_id>vlak2</vlak_id></vlak>
		<vlak>
			<vlak_lokomotiva poradi="1"><lokomotiva_ref>l3</lokomotiva_ref></vlak_lokomotiva>
			<vlak_lokomotiva poradi="3"><lokomotiva_ref>l3</lokomotiva_ref></vlak_lokomotiva>
			<vlak_lokomotiva poradi="5"><lokomotiva_ref>l3</lokomotiva_ref></vlak_lokomotiva>
			<vlak_lokomotiva poradi="7"><lokomotiva_ref>l3</lokomotiva_ref></vlak_lokomotiva>
			<vlak_vagon vagon_ref="v6"><poradi>2</poradi></vlak_vagon>
			<vlak_vagon vagon_ref="v7"><poradi>4</poradi></vlak_vagon>
			<vlak_vagon vagon_ref="v8"><poradi>6</poradi></vlak_vagon>
		<vlak_id>vlak3</vlak_id></vlak>
	</vlaky>
	<spoje>
			<spoj spoj_id="s1">
				<bod>
					<odjezd>23:40</odjezd>
				<bod_ref>n2n5</bod_ref></bod>
				<bod>
					<prijezd>23:47</prijezd>
					<odjezd>23:48</odjezd>
				<bod_ref>n1n2</bod_ref></bod>
				<bod>
					<prijezd>00:16</prijezd>
					<odjezd>00:17</odjezd>
				<bod_ref>n3n1</bod_ref></bod>
				<bod>
					<prijezd>01:20</prijezd>
				<bod_ref>n4n3</bod_ref></bod>
			<frekvence>den</frekvence><vlak_ref>vlak1</vlak_ref></spoj>
			<spoj spoj_id="s2">
				<bod>
					<odjezd>23:15</odjezd>
				<bod_ref>n2n1</bod_ref></bod>
				<bod>
					<prijezd>23:22</prijezd>
					<odjezd>23:23</odjezd>
				<bod_ref>n1n1</bod_ref></bod>
				<bod>
					<prijezd>00:04</prijezd>
				<bod_ref>n3n2</bod_ref></bod>
			<frekvence>den</frekvence><vlak_ref>vlak2</vlak_ref></spoj>
			<spoj spoj_id="s3">
				<bod>
					<odjezd>05:29</odjezd>
				<bod_ref>n3n2</bod_ref></bod>
				<bod>
					<prijezd>06:11</prijezd>
					<odjezd>06:12</odjezd>
				<bod_ref>n1n1</bod_ref></bod>
				<bod>
					<prijezd>06:19</prijezd>
				<bod_ref>n2n2</bod_ref></bod>
			<frekvence>den</frekvence><vlak_ref>vlak2</vlak_ref></spoj>
			<spoj spoj_id="s4">
				<bod>
					<odjezd>04:10</odjezd>
				<bod_ref>n4n1</bod_ref></bod>
				<bod>
					<prijezd>05:15</prijezd>
					<odjezd>05:17</odjezd>
				<bod_ref>n3n1</bod_ref></bod>
				<bod>
					<prijezd>05:46</prijezd>
					<odjezd>05:46</odjezd>
				<bod_ref>n1n2</bod_ref></bod>
				<bod>
					<prijezd>05:54</prijezd>
				<bod_ref>n2n4</bod_ref></bod>
			<frekvence>den</frekvence><vlak_ref>vlak1</vlak_ref></spoj>
			<spoj spoj_id="s5">
				<bod>
					<odjezd>05:13</odjezd>
				<bod_ref>n2n1</bod_ref></bod>
				<bod>
					<prijezd>08:18</prijezd>
				<bod_ref>n5n2</bod_ref></bod>
			<frekvence>den</frekvence><vlak_ref>vlak3</vlak_ref></spoj>
 </spoje>
</drahy>