<?xml version="1.0" encoding="utf-8" standalone="no"?><broker xmlns:xsi="http://www.w3.org/2001/XMLSchema-instance">
  <clients>
    <client id="c_9102111183">
      <name>
        <first>Josef</first>
        <last>Vyskocil</last>
      </name>
      <adress>
        <state>Czech Republic</state>
        <city>Prague</city>
        <street>Vodickova</street>
        <landRegistryNumber>15</landRegistryNumber>
        <postalCode>12000</postalCode>        
      </adress>
      <email>j.vyskocil@hotmail.com</email>
      <phone>777 531 441</phone>
      <accounts>
        <account cislo="a_9102111183_1" currency="EUR">
          <balance>0</balance> 
          <transactions>
            <transaction accId="a_9102111183_1" id="t_9102111183_1" type="deposit">
              <market>EUR</market>
              <units>100000</units>
              <price>0</price>
              <datetime>
                <date date="1.1.2010"/>
                <time time="0:0:0"/>
              </datetime>
              <balance>100000</balance>
            </transaction>
            <transaction accId="a_9102111183_1" id="t_9102111183_2" type="sell">
              <market>EUR/USD</market>
              <units>100000</units>
              <price>1.3243</price>
              <datetime>
                <date date="2.1.2010"/>
                <time time="9:0:0"/>
              </datetime>
              <balance>100000</balance>
            </transaction>
            <transaction accId="a_9102111183_1" id="t_9102111183_3" transId="t_9102111183_2" type="close">
              <market>EUR/USD</market>
              <units>100000</units>
              <price>1.3250</price>
              <datetime>
                <date date="2.1.2010"/>
                <time time="9:8:41"/>
              </datetime>              
              <balance>100035</balance>              
            </transaction>
            <transaction accId="a_9102111183_1" id="t_9102111183_4" type="buy">
              <market>EUR/USD</market>
              <units>100000</units>
              <price>1.3421</price>
              <datetime>
                <date date="3.1.2010"/>
                <time time="9:10:10"/>
              </datetime>
              <balance>100035</balance>
            </transaction>
            <transaction accId="a_9102111183_1" id="t_9102111183_5" transId="t_9102111183_4" type="close">
              <market>EUR/USD</market>
              <units>100000</units>
              <price>1.3471</price>
              <datetime>
                <date date="3.1.2010"/>
                <time time="9:55:1"/>
              </datetime>
              <balance>100385</balance>
            </transaction>
            <transaction accId="a_9102111183_1" id="t_9102111183_6" type="deposit">
              <market>EUR</market>
              <units>500</units>
              <price/>
              <datetime>
                <date date="1.2.2010"/>
                <time time="0:0:0"/>
              </datetime>
              <balance>100885</balance>
            </transaction>
            <transaction accId="a_9102111183_1" id="t_9102111183_7" type="withdraw">
              <market>EUR</market>
              <units>100000</units>
              <price/>
              <datetime>
                <date date="15.3.2010"/>
                <time time="0:0:0"/>
              </datetime>
              <balance>885</balance>
            </transaction>
            <transaction accId="a_9102111183_1" id="t_9102111183_8" type="sell">
              <market>EUR/USD</market>
              <units>10000</units>
              <price>1.4521</price>
              <datetime>
                <date date="14.8.2010"/>
                <time time="16:29:33"/>
              </datetime>
              <balance>885</balance>
            </transaction>
            <transaction accId="a_9102111183_1" id="t_9102111183_9" type="close">
              <market>EUR/USD</market>
              <units>10000</units>
              <price>1.4500</price>
              <datetime>
                <date date="14.8.2010"/>
                <time time="16:30:25"/>
              </datetime>
              <balance>875</balance>
            </transaction>
            <transaction accId="a_9102111183_1" id="t_9102111183_10" type="withdraw">
              <market>EUR</market>
              <units>875</units>
              <price/>
              <datetime>
                <date date="15.12.2010"/>
                <time time="0:0:0"/>
              </datetime>
              <balance>0</balance>
            </transaction>            
          </transactions>
        </account>
      </accounts>
      <note ps="Chuck Norris" pss="Round House KICK">This is test account</note>
    </client>    
  </clients>
</broker>