<?xml version="1.0" encoding="utf-8" standalone="no"?><world>
  <!-- zahlavi pro generovani html -->
  <html_header>
    <head>
      <title>V?pis sv?ta</title>
    </head>
  </html_header>

  <!-- seznam sektoru sveta -->
  <sectors>
    <sector id="S1">
      <!-- seznam rodist daneho sektoru -->
      <local_birthplaces>
        <birthplace_ref id="B1"/>
      </local_birthplaces>
      <!-- seznam portalu daneho sektoru -->
      <local_portals>
        <portal_ref id="P1"/>
      </local_portals>
      <!-- seznam agentu v danem sektoru -->
      <local_agents>
        <agent_ref id="A1"/>
      </local_agents>
      <!-- sit dlazdic sektoru -->
      <grid>
        <tile x="1" y="1"/>
        <tile x="1" y="2"/>
        <tile x="1" y="3"/>
        <tile x="1" y="4">
          <agent_ref id="A1"/>
        </tile>
        <tile x="2" y="1"/>
        <tile x="2" y="2"/>
        <tile x="2" y="3"/>
        <tile x="2" y="4"/>
        <tile x="3" y="1"/>
        <tile x="3" y="2"/>
        <tile x="3" y="3"/>
        <tile x="3" y="4"/>
      </grid>
      <!-- kod pro vykresleni sektoru -->
      <draw>
        <![CDATA[
          for(i = 0; i != this->grid.width; i++)
          {
            for(j = 0; j != this->grid.height; j++)
            {
              grid.draw(i,j);
            }
          }
        ]]>
      </draw>
    </sector>
    <sector id="S2">
      <!-- seznam rodist daneho sektoru -->
      <local_birthplaces>
        <birthplace_ref id="B2"/>
        <birthplace_ref id="B7"/>
      </local_birthplaces>
      <!-- seznam portalu daneho sektoru -->
      <local_portals>
        <portal_ref id="P1"/>
        <portal_ref id="P2"/>
      </local_portals>
      <!-- seznam agentu v danem sektoru -->
      <local_agents>
        <agent_ref id="A3"/>
        <agent_ref id="A4"/>
      </local_agents>
      <!-- sit dlazdic sektoru -->
      <grid>
        <tile x="1" y="1"/>
        <tile x="1" y="2"/>
        <tile x="1" y="3"/>
        <tile x="1" y="4">
          <agent_ref id="A3"/>
        </tile>
        <tile x="2" y="1"/>
        <tile x="2" y="2"/>
        <tile x="2" y="3"/>
        <tile x="2" y="4">
          <agent_ref id="A4"/>
        </tile>
        <tile x="3" y="1"/>
        <tile x="3" y="2"/>
        <tile x="3" y="3"/>
        <tile x="3" y="4"/>
        <tile x="4" y="1"/>
        <tile x="4" y="2"/>
        <tile x="4" y="3"/>
        <tile x="4" y="4"/>
      </grid>
    </sector>
    <sector id="S3">
      <!-- seznam rodist daneho sektoru -->
      <local_birthplaces>
        <birthplace_ref id="B3"/>
        <birthplace_ref id="B4"/>
        <birthplace_ref id="B5"/>
        <birthplace_ref id="B6"/>
        <birthplace_ref id="B8"/>
      </local_birthplaces>
      <!-- seznam portalu daneho sektoru -->
      <local_portals>
        <portal_ref id="P2"/>
      </local_portals>
      <!-- seznam agentu v danem sektoru -->
      <local_agents>
        
      <!-- zde byl odebran odkaz na agenta --></local_agents>
      <!-- sit dlazdic sektoru -->
      <grid>
        <tile x="1" y="1"/>
        <tile x="1" y="2"/>
        <tile x="1" y="3"/>
        <tile x="2" y="1"/>
        <tile x="2" y="2">
          
        <!-- zde byl odebran odkaz na agenta --></tile>
        <tile x="2" y="3"/>
        <tile x="3" y="1"/>
        <tile x="3" y="2"/>
        <tile x="3" y="3"/>
      </grid>
    </sector>
    <sector id="S4">
      <!-- seznam rodist daneho sektoru -->
      <local_birthplaces>
      </local_birthplaces>
      <!-- seznam portalu daneho sektoru -->
      <local_portals>
      </local_portals>
      <!-- seznam agentu v danem sektoru -->
      <local_agents>
      </local_agents>
      <!-- sit dlazdic sektoru -->
      <grid>
        <tile x="1" y="1"/>
        <tile x="1" y="2"/>
        <tile x="2" y="1"/>
        <tile x="2" y="2"/>
      </grid>
    </sector>
  <!-- sektor vytvoreny pomoci DOM rozhrani --><sector id="S5"><!-- seznam rodist daneho sektoru --><local_birthplaces/><!-- seznam portalu daneho sektoru --><local_portals/><!-- seznam agentu v danem sektoru --><local_agents/><!-- sit dlazdic sektoru --><grid><tile x="1" y="1"/><tile x="1" y="2"/><tile x="1" y="3"/><tile x="1" y="4"/><tile x="1" y="5"/></grid></sector></sectors>

  <!-- seznam rodist sveta, kde se rodi agenti -->
  <birthplaces>
    <birthplace id="B1">
    </birthplace>
    <birthplace id="B2">
    </birthplace>
    <birthplace id="B3">
    </birthplace>
    <birthplace id="B4">
    </birthplace>
    <birthplace id="B5">
    </birthplace>
    <birthplace id="B6">
    </birthplace>
    <birthplace id="B7">
    </birthplace>
    <birthplace id="B8">
    </birthplace>
  </birthplaces>

  <!-- seznam portalu sveta, kterymi agenti mohou prechazet mezi sektory -->
  <portals>
    <portal id="P1">
    </portal>
    <portal id="P2">
    </portal>
  </portals>

  <!-- seznam agentu -->
  <agents>
    <agent gender="muz" id="A1">
      <name>"Pepan"</name>
    </agent>
    <agent id="A2">
      <name>"Fanou?"</name>
    </agent>
    <agent gender="zena" id="A3">
      <name>"M??a"</name>
    </agent>
    <agent gender="muz" id="A4">
      <name>"Jarda"</name>
    </agent>
  </agents>

  <!-- instrukce pro vypsani sveta -->
  <to_string>
    <?php $xml=simplexml_load_file($root."data.xml");

        foreach($xml->sector as $sector){
          echo $sector.id
          echo "<br/>"
        }
        ?>
  </to_string>
</world>