<?xml version="1.0" encoding="UTF-8"?>
<table>
   <tr>
      <td>Jan Hork?</td>
      <td>Neni aktivni</td>
   </tr>
   <tr>
      <td>Irena Mal?</td>
      <td>Je aktivni</td>
   </tr>
   <tr>
      <td>Kv?toslav Sal?t</td>
      <td>Je aktivni</td>
   </tr>
   <tr>
      <td>Viktor Ryt??</td>
      <td>Neni aktivni</td>
   </tr>
   <tr>
      <td>Tom?? N?hodn?</td>
      <td>Je aktivni</td>
   </tr>
   <tr>
      <td>Jan P?ebyte?n?</td>
      <td>Je aktivni</td>
   </tr>
   <tr>
      <td>James Blond</td>
      <td>Je aktivni</td>
   </tr>
   <tr>
      <td>Ji?? U?m?nenapad?dal??jm?no</td>
      <td>Je aktivni</td>
   </tr>
</table>