<html>
   <head>
      <meta http-equiv="Content-Type" content="text/html; charset=UTF-8">
   </head>
   <body>
      <table>
         <thead>
            <tr>
               <th>Jmeno</th>
               <th>Pocet rezervaci</th>
            </tr>
         </thead>
         <tbody>
            <tr>
               <td>
                  <name>Irena Mal?</name>
               </td>
               <td>4</td>
            </tr>
            <tr>
               <td>
                  <name>Kv?toslav Sal?t</name>
               </td>
               <td>1</td>
            </tr>
            <tr>
               <td>
                  <name>Tom?? N?hodn?</name>
               </td>
               <td>1</td>
            </tr>
            <tr>
               <td>
                  <name>Jan P?ebyte?n?</name>
               </td>
               <td>1</td>
            </tr>
            <tr>
               <td>
                  <name>James Blond</name>
               </td>
               <td>1</td>
            </tr>
            <tr>
               <td>
                  <name>Ji?? U?m?nenapad?dal??jm?no</name>
               </td>
               <td>1</td>
            </tr>
            <tr>
               <td>
                  <name>Jan Hork?</name>
               </td>
               <td>0</td>
            </tr>
            <tr>
               <td>
                  <name>Viktor Ryt??</name>
               </td>
               <td>0</td>
            </tr>
         </tbody>
      </table>
   </body>
</html>