<?xml version="1.0" encoding="UTF-8"?>
<kurzy>
   <kurz id="ID_22">
	     <jazyk>aj</jazyk>
	     <uroven>zacatecnik</uroven>	
	     <ucebna>3</ucebna>
	     <budova>L</budova>		
	     <cas>15:00</cas>
	     <den>pondeli</den>	
	     <cena>1499</cena>
	  </kurz>
</kurzy>
<kurzy>
   <kurz id="ID_23">
	     <jazyk>aj</jazyk>
	     <uroven>pokrocily</uroven>	
	     <ucebna>3</ucebna>
	     <budova>L</budova>		
	     <cas>16:00</cas>
	     <den>ctvrtek</den>
	     <cena>1799</cena>	
	  </kurz>
</kurzy>
<kurzy>
   <kurz id="ID_43">
	     <jazyk>nj</jazyk>
	     <uroven>pokrocily</uroven>	
	     <ucebna>3</ucebna>
	     <budova>L</budova>		
	     <cas>17:00</cas>
	     <den>ctvrtek</den>
	     <cena>1799</cena>	
	  </kurz>
</kurzy>