<html>
   <head>
      <meta http-equiv="Content-Type" content="text/html; charset=UTF-8">
      <title>Tabulka autoru - del - exemplaru</title>
   </head>
   <body>
      <table border="1">
         <tr>
            <th>Author</th>
            <th>Book</th>
            <th>Exemplars</th>
         </tr>
         <tr>
            <td rowspan="1">Čapek Karel</td>
            <td>Krakatit</td>
            <td>C.1.1 C.1.2 C.1.3</td>
         </tr>
         <tr>
            <td rowspan="5">Brown Dan</td>
            <td>Digital Fortress</td>
            <td>B.1.1</td>
         </tr>
         <tr>
            <td>Angels and Demons</td>
            <td>B.2.1 B.2.2</td>
         </tr>
         <tr>
            <td>Deception Point</td>
            <td>B.3.1</td>
         </tr>
         <tr>
            <td>The Da Vinci Code</td>
            <td>B.4.1 B.4.2 B.4.3</td>
         </tr>
         <tr>
            <td>The Lost Symbol</td>
            <td>B.5.1</td>
         </tr>
         <tr>
            <td rowspan="2">Rilke Rainer</td>
            <td>Die Aufzeichnungen des Malte Laurids Brigge</td>
            <td>R.1.1</td>
         </tr>
         <tr>
            <td>Das Buch Der Bilder</td>
            <td>R.2.1</td>
         </tr>
      </table>
   </body>
</html>