<?xml version="1.0" encoding="UTF-8"?>
<authors>
   <author>
      <name xmlns:xsi="http://www.w3.org/2001/XMLSchema-instance">
                <firstName>Dan</firstName>
                <surName>Brown</surName>
            </name>
      <count>5</count>
   </author>
   <author>
      <name xmlns:xsi="http://www.w3.org/2001/XMLSchema-instance">
                <firstName>Rainer</firstName>
                <middleName>Maria</middleName>
                <surName>Rilke</surName>
            </name>
      <count>2</count>
   </author>
   <author>
      <name xmlns:xsi="http://www.w3.org/2001/XMLSchema-instance">
                <firstName>Karel</firstName>
                <surName>Čapek</surName>
            </name>
      <count>1</count>
   </author>
</authors>