<?xml version="1.0" encoding="UTF-8"?>
<library>
   <authors>
      <author authorID="AUTHOR_1">
         <biography>Český spisovatel, intelektuál, novinář, dramatik, překladatel a fotograf.</biography>
         <born>1890</born>
         <died>1938</died>
         <name>
            <firstName>Karel</firstName>
            <surName>Čapek</surName>
         </name>
      </author>
      <author authorID="AUTHOR_2">
         <born>1964</born>
         <name>
            <firstName>Dan</firstName>
            <surName>Brown</surName>
         </name>
      </author>
      <author authorID="AUTHOR_3">
         <biography>Rilke (celým jménem &lt;em&gt;René Karl Wilhelm Johann Josef Maria Rilke&lt;/em&gt;) byl jeden z nejvýznamnějších německy píšících lyriků přelomu 19. a 20. století. Napsal také jeden román a několik povídek.</biography>
         <born>1875</born>
         <died>1926</died>
         <name>
            <firstName>Rainer</firstName>
            <middleName>Maria</middleName>
            <surName>Rilke</surName>
         </name>
      </author>
   </authors>
   <bookitems>
      <bookitem book="BOOK_1" bookitemID="BOOKITEM_1" number="C.1.1"/>
      <bookitem book="BOOK_1" bookitemID="BOOKITEM_2" number="C.1.2"/>
      <bookitem book="BOOK_1" bookitemID="BOOKITEM_3" number="C.1.3"/>
      <bookitem book="BOOK_2" bookitemID="BOOKITEM_4" number="B.1.1"/>
      <bookitem book="BOOK_3" bookitemID="BOOKITEM_5" number="B.2.1"/>
      <bookitem book="BOOK_3" bookitemID="BOOKITEM_6" number="B.2.2"/>
      <bookitem book="BOOK_4" bookitemID="BOOKITEM_7" number="B.3.1"/>
      <bookitem book="BOOK_5" bookitemID="BOOKITEM_8" number="B.4.1"/>
      <bookitem book="BOOK_5" bookitemID="BOOKITEM_9" number="B.4.2"/>
      <bookitem book="BOOK_5" bookitemID="BOOKITEM_10" number="B.4.3"/>
      <bookitem book="BOOK_6" bookitemID="BOOKITEM_11" number="B.5.1"/>
      <bookitem book="BOOK_7" bookitemID="BOOKITEM_12" number="R.1.1"/>
      <bookitem book="BOOK_8" bookitemID="BOOKITEM_13" number="R.2.1"/>
   </bookitems>
   <books>
      <book author="AUTHOR_1" bookID="BOOK_1" language="CZ" type="sci-fi">
         <ISBN>9788071973560</ISBN>
         <description>Kniha Karla Čapka Krakatit z roku 1922 (vyšlo 1924) je román na téma nebezpečí zneužití vědy, pokud ovládne přírodní síly. 
                         Čapek román napsal za svého pobytu v Jindřichově Hradci ve výletní restauraci Rudolfův dvůr. </description>
         <edition>1.</edition>
         <imprint>Talpress</imprint>
         <pageCount>52</pageCount>
         <title>Krakatit</title>
         <year>2009</year>
      </book>
      <book author="AUTHOR_2" bookID="BOOK_2" language="EN" type="roman">
         <ISBN>978-0312335168</ISBN>
         <description>
            <authorRef authorID="AUTHOR_2"/>
         </description>
         <edition>Revised</edition>
         <imprint>Thomas Dunne Books</imprint>
         <pageCount>384</pageCount>
         <title>Digital Fortress</title>
         <year>2004</year>
      </book>
      <book author="AUTHOR_2" bookID="BOOK_3" language="EN" type="roman">
         <ISBN>978-0743486224</ISBN>
         <description>
            <authorRef authorID="AUTHOR_2"/>
         </description>
         <edition>1.</edition>
         <imprint>Atria Books</imprint>
         <pageCount>572</pageCount>
         <title>Angels and Demons</title>
         <year>2000</year>
      </book>
      <book author="AUTHOR_2" bookID="BOOK_4" language="EN" type="roman">
         <ISBN>0743490304</ISBN>
         <description>
            <authorRef authorID="AUTHOR_2"/>
         </description>
         <edition>1.</edition>
         <imprint>Atria Books</imprint>
         <pageCount>576</pageCount>
         <title>Deception Point</title>
         <year>2003</year>
      </book>
      <book author="AUTHOR_2" bookID="BOOK_5" language="EN" type="roman">
         <ISBN>978-0385504201</ISBN>
         <description>
            <authorRef authorID="AUTHOR_2"/>
         </description>
         <edition>1.</edition>
         <imprint>Doubleday</imprint>
         <pageCount>454</pageCount>
         <title>The Da Vinci Code</title>
         <year>2003</year>
      </book>
      <book author="AUTHOR_2" bookID="BOOK_6" language="EN" type="roman">
         <ISBN>978-0385504225</ISBN>
         <description>
            <authorRef authorID="AUTHOR_2"/>
         </description>
         <edition>1.</edition>
         <imprint>Doubleday</imprint>
         <pageCount>528</pageCount>
         <title language="EN">The Lost Symbol</title>
         <year>2012</year>
      </book>
      <book author="AUTHOR_3" bookID="BOOK_7" language="DE" type="roman">
         <ISBN>3-15-009626-X</ISBN>
         <description>
            <authorRef authorID="AUTHOR_3"/>
            <bookRef bookID="BOOK_7"/>
         </description>
         <edition>2.</edition>
         <imprint>Philipp Reclam</imprint>
         <pageCount>358</pageCount>
         <subtitle>Kommentierte Ausgabe</subtitle>
         <title>Die Aufzeichnungen des Malte Laurids Brigge</title>
         <year>1997</year>
      </book>
      <book author="AUTHOR_3" bookID="BOOK_8" language="EN" type="poetry">
         <ISBN>978-1467900973</ISBN>
         <description>This anthology is a thorough introduction to classic literature for those who have not yet experienced these literary masterworks. 
                         For those who have known and loved these works in the past, this is an invitation to reunite with old friends in a fresh new format. 
                         From Shakespeare’s finesse to Oscar Wilde’s wit, this unique collection brings together works as diverse and influential as The Pilgrim’s Progress and Othello. 
                         As an anthology that invites readers to immerse themselves in the masterpieces of the literary giants, it is must-have addition to any library.</description>
         <edition>1.</edition>
         <imprint>CreateSpace </imprint>
         <pageCount>102</pageCount>
         <title>Das Buch Der Bilder</title>
         <year>2011</year>
      </book>
   </books>
   <loans>
      <loan bookItem="BOOKITEM_1" user="USER_1">
         <from>2012-03-06</from>
         <to>2012-06-06</to>
      </loan>
      <loan bookItem="BOOKITEM_12" user="USER_1">
         <from>2009-08-01</from>
         <to>2014-03-01</to>
      </loan>
      <loan bookItem="BOOKITEM_8" user="USER_2">
         <from>2012-01-01</from>
         <to>2012-03-01</to>
      </loan>
   </loans>
   <users>
      <user userID="USER_1">
         <address>
            <city>Praha</city>
            <country>Česká Republika</country>
            <number>40</number>
            <postalCode>10100</postalCode>
            <street>Kodaňská</street>
         </address>
         <email>jiri.daniel@yahoo.de</email>
         <name>
            <firstName>Jiří</firstName>
            <surName>Daniel</surName>
         </name>
         <phone>+420728409266</phone>
      </user>
      <user userID="USER_2">
         <address>
            <city>Praha</city>
            <country>Česká Republika</country>
            <number>1</number>
            <postalCode>11000</postalCode>
            <street>Nová</street>
         </address>
         <email>abnovak@seznam.cz</email>
         <email>albert.novak@zamestnavatel.cz</email>
         <name>
            <firstName>Albert</firstName>
            <middleName>Thomas</middleName>
            <surName>Novák</surName>
         </name>
      </user>
      <user userID="USER_3">
         <address>
            <city>Havlíčkova Borová</city>
            <country>Česká Republika</country>
            <number>8</number>
            <postalCode>58223</postalCode>
            <street>Náměstí</street>
         </address>
         <email>khb@gmail.com</email>
         <name>
            <firstName>Karel</firstName>
            <middleName>Havlíček</middleName>
            <surName>Borovský</surName>
         </name>
      </user>
   </users>
</library>