<?xml version="1.0" encoding="UTF-8"?>
<vsichni_manageri>
   <manager>
      <jmeno>Jan</jmeno>
      <prijmeni>Strašil</prijmeni>
      <pocet_nadrizenych>0</pocet_nadrizenych>
   </manager>
   <manager>
      <jmeno>Jana</jmeno>
      <prijmeni>Tichá</prijmeni>
      <pocet_nadrizenych>1</pocet_nadrizenych>
   </manager>
   <manager>
      <jmeno>Josef</jmeno>
      <prijmeni>Nový</prijmeni>
      <pocet_nadrizenych>1</pocet_nadrizenych>
   </manager>
   <manager>
      <jmeno>Bohumil</jmeno>
      <prijmeni>Stejskal</prijmeni>
      <pocet_nadrizenych>0</pocet_nadrizenych>
   </manager>
</vsichni_manageri>