<?xml version="1.0" encoding="UTF-8"?>
<actor_list>
   <actor>
      <name>Emma Watson</name>
      <gender>F</gender>
   </actor>
   <actor>
      <name>Daniel Radcliffe</name>
      <gender>M</gender>
   </actor>
   <actor>
      <name>Vladimir Putin</name>
      <gender>M</gender>
   </actor>
   <actor>
      <name>Matt Smith</name>
      <gender>M</gender>
   </actor>
   <actor>
      <name>Leonardo Dicaprio</name>
      <gender>M</gender>
   </actor>
   <actor>
      <name>Emma Stone</name>
      <gender>M</gender>
   </actor>
   <actor>
      <name>Ryan Gosling</name>
      <gender>M</gender>
   </actor>
</actor_list>