<html>
   <body>
      <table cellpadding="10" border="1">
         <tr>
            <th colspan="2" bgcolor="#00A3CC">Harry Potter and the Deathly Hallows, Part 1</th>
         </tr>
         <tr>
            <th>Actor</th>
            <th>Role</th>
         </tr>
         <tr>
            <td>Emma Watson</td>
            <td>Hermione Granger</td>
         </tr>
         <tr>
            <td>Daniel Radcliffe</td>
            <td>Harry Potter</td>
         </tr>
      </table>
      <table cellpadding="10" border="1">
         <tr>
            <th colspan="2" bgcolor="#00A3CC">Harry Potter and the Deathly Hallows, Part 2</th>
         </tr>
         <tr>
            <th>Actor</th>
            <th>Role</th>
         </tr>
         <tr>
            <td>Emma Watson</td>
            <td>Hermione Granger</td>
         </tr>
         <tr>
            <td>Daniel Radcliffe</td>
            <td>Harry Potter</td>
         </tr>
         <tr>
            <td>Vladimir Putin</td>
            <td>Russian guy in a pub</td>
         </tr>
      </table>
   </body>
</html>