<?xml version="1.0" encoding="UTF-8"?>
<Champions>
   <Champion>
      <Name>Aatrox</Name>
      <Description>the Darkin Blade</Description>
      <Abilities>
         <Passive>Blood Well</Passive>
         <First>Dark Flight</First>
         <Second>Blood Thirst</Second>
         <Third>Blades of Torment</Third>
         <Ultimate>Massacre</Ultimate>
      </Abilities>
   </Champion>
   <Champion>
      <Name>Anivia</Name>
      <Description>The Cryophoenix</Description>
      <Abilities>
         <Passive>Rebirth</Passive>
         <First>Flash Frost</First>
         <Second>Crystallize</Second>
         <Third>Frostbite</Third>
         <Ultimate>Glacial Storm</Ultimate>
      </Abilities>
   </Champion>
   <Champion>
      <Name>Cassiopeia</Name>
      <Description>the Serpent's Embrace</Description>
      <Abilities>
         <Passive>Deadly Cadence</Passive>
         <First>Noxious Blast</First>
         <Second>Miasma</Second>
         <Third>Twin Fang</Third>
         <Ultimate>Petrifying Gaze</Ultimate>
      </Abilities>
   </Champion>
   <Champion>
			   <Name>Jinx</Name>
			   <Description>the Loose Cannon</Description>
			   <MainRole>Marksman</MainRole>
			   <Abilities>
				     <Passive>Get Excited!</Passive>
				     <First>Switcheroo!</First>
				     <Second>Zap!</Second>
				     <Third>Flame Chompers!</Third>
				     <Ultimate>Flame Chompers!</Ultimate>
			   </Abilities>
		</Champion>
   <Champion>
      <Name>Karthus</Name>
      <Description>the Deathsinger</Description>
      <Abilities>
         <Passive>Death Defied</Passive>
         <First>Lay Waste</First>
         <Second>Wall of Pain</Second>
         <Third>Defile</Third>
         <Ultimate>Requiem</Ultimate>
      </Abilities>
   </Champion>
   <Champion>
			   <Name>Kha'Zix</Name>
			   <Description>the Voidreaver</Description>
			   <MainRole>Assassin</MainRole>
			   <Abilities>
				     <Passive>Unseen Threat</Passive>
				     <First>Taste Their Fear</First>
				     <Second>Void Spike</Second>
				     <Third>Leap</Third>
				     <Ultimate>Void Assault</Ultimate>
			   </Abilities>
		</Champion>
   <Champion>
			   <Name>Nocturne</Name>
			   <Description>the Eternal Nightmare</Description>
			   <MainRole>Assassin</MainRole>
			   <Abilities>
				     <Passive>Umbra Blades</Passive>
				     <First>Duskbringer</First>
				     <Second>Shroud of Darkness</Second>
				     <Third>Unspeakable Horror</Third>
				     <Ultimate>Paranoia</Ultimate>
			   </Abilities>
		</Champion>
   <Champion>
			   <Name>Orianna</Name>
			   <Description>the Lady of Clockwork</Description>
			   <MainRole>Mage</MainRole>
			   <Abilities>
				     <Passive>Clockwork Windup</Passive>
				     <First>Command: Attack</First>
				     <Second>Command: Dissonance</Second>
				     <Third>Command: Protect</Third>
				     <Ultimate>Command: Shockwave</Ultimate>
			   </Abilities>
		</Champion>
   <Champion>
			   <Name>Syndra</Name>
			   <Description>the Dark Sovereign</Description>
			   <MainRole>Mage</MainRole>
			   <Abilities>
				     <Passive>Transcendent</Passive>
				     <First>Dark Sphere</First>
				     <Second>Force of Will</Second>
				     <Third>Scatter the Weak</Third>
				     <Ultimate>Unleashed Power</Ultimate>
			   </Abilities>
		</Champion>
   <Champion>
      <Name>Vayne</Name>
      <Description>the Night Hunter</Description>
      <Abilities>
         <Passive>Night Hunter</Passive>
         <First>Tumble</First>
         <Second>Silver Bolts</Second>
         <Third>Condemn</Third>
         <Ultimate>Final Hour</Ultimate>
      </Abilities>
   </Champion>
   <Champion>
			   <Name>Zed</Name>
			   <Description>the Master of Shadows</Description>
			   <MainRole>Assassin</MainRole>
			   <Abilities>
				     <Passive>Contempt for the Weak</Passive>
				     <First>Razor Shuriken</First>
				     <Second>Living Shadow</Second>
				     <Third>Shadow Slash</Third>
				     <Ultimate>Death Mark</Ultimate>
			   </Abilities>
		</Champion>
   <Champion>
			   <Name>Ziggs</Name>
			   <Description>the Hexplosives Expert</Description>
			   <MainRole>Mage</MainRole>
			   <Abilities>
				     <Passive>Short Fuse</Passive>
				     <First>Bouncing Bomb</First>
				     <Second>Satchel Charge</Second>
				     <Third>Hexplosive Minefield</Third>
				     <Ultimate>Mega Inferno Bomb</Ultimate>
			   </Abilities>
		</Champion>
</Champions>