<?xml version="1.0" encoding="UTF-8"?>
<ChampionPatches>
   <ChampionPatch>
      <Name>Vayne, the Night Hunter</Name>
      <Description>Tumble cooldown increased to 3.</Description>
      <Date>April 25, 2009</Date>
   </ChampionPatch>
   <ChampionPatch>
      <Name>Syndra, the Dark Sovereign</Name>
      <Description>Scatter the Weak missile speed increased to 2500.</Description>
      <Date>December 14, 2010</Date>
   </ChampionPatch>
   <ChampionPatch>
      <Name>Cassiopeia, the Serpent's Embrace</Name>
      <Description>Added champion Cassiopeia.</Description>
      <Date>December 14, 2010</Date>
   </ChampionPatch>
   <ChampionPatch>
      <Name>Vayne, the Night Hunter</Name>
      <Description>Tumble cooldown decreased to 2.</Description>
      <Date>October 29, 2013</Date>
   </ChampionPatch>
   <ChampionPatch>
      <Name>Aatrox, the Darkin Blade</Name>
      <Description>Passive attack speed changed to 55% from 50% flat.</Description>
      <Date>October 29, 2013</Date>
   </ChampionPatch>
   <ChampionPatch>
      <Name>Cassiopeia, the Serpent's Embrace</Name>
      <Description>Deadly Cadence now stacks up to 5 times.</Description>
      <Date>October 29, 2013</Date>
   </ChampionPatch>
   <ChampionPatch>
      <Name>Nocturne, the Eternal Nightmare</Name>
      <Description>Paranoia range reduced to 3500.</Description>
      <Date>January 13, 2014</Date>
   </ChampionPatch>
   <ChampionPatch>
      <Name>Syndra, the Dark Sovereign</Name>
      <Description>Unleashed Power damage per sphere increased to 180.</Description>
      <Date>January 13, 2014</Date>
   </ChampionPatch>
</ChampionPatches>