<html>
   <head>
      <meta http-equiv="Content-Type" content="text/html; charset=UTF-8">
      <title>Champions</title>
   </head>
   <body>
      <p>
         <table>
            <tr>
               <td>Champion</td>
               <td>Syndra</td>
            </tr>
            <tr>
               <td>Passive ability</td>
               <td>Transcendent</td>
            </tr>
            <tr>
               <td>Ability 1</td>
               <td>Dark Sphere</td>
            </tr>
            <tr>
               <td>Ability 2</td>
               <td>Force of Will</td>
            </tr>
            <tr>
               <td>Ability 3</td>
               <td>Scatter the Weak</td>
            </tr>
            <tr>
               <td>Ultimate ability</td>
               <td>Unleashed Power</td>
            </tr>
         </table>
      </p>
      <p>
         <table>
            <tr>
               <td>Champion</td>
               <td>Orianna</td>
            </tr>
            <tr>
               <td>Passive ability</td>
               <td>Clockwork Windup</td>
            </tr>
            <tr>
               <td>Ability 1</td>
               <td>Command: Attack</td>
            </tr>
            <tr>
               <td>Ability 2</td>
               <td>Command: Dissonance</td>
            </tr>
            <tr>
               <td>Ability 3</td>
               <td>Command: Protect</td>
            </tr>
            <tr>
               <td>Ultimate ability</td>
               <td>Command: Shockwave</td>
            </tr>
         </table>
      </p>
      <p>
         <table>
            <tr>
               <td>Champion</td>
               <td>Kha'Zix</td>
            </tr>
            <tr>
               <td>Passive ability</td>
               <td>Unseen Threat</td>
            </tr>
            <tr>
               <td>Ability 1</td>
               <td>Taste Their Fear</td>
            </tr>
            <tr>
               <td>Ability 2</td>
               <td>Void Spike</td>
            </tr>
            <tr>
               <td>Ability 3</td>
               <td>Leap</td>
            </tr>
            <tr>
               <td>Ultimate ability</td>
               <td>Void Assault</td>
            </tr>
         </table>
      </p>
      <p>
         <table>
            <tr>
               <td>Champion</td>
               <td>Zed</td>
            </tr>
            <tr>
               <td>Passive ability</td>
               <td>Contempt for the Weak</td>
            </tr>
            <tr>
               <td>Ability 1</td>
               <td>Razor Shuriken</td>
            </tr>
            <tr>
               <td>Ability 2</td>
               <td>Living Shadow</td>
            </tr>
            <tr>
               <td>Ability 3</td>
               <td>Shadow Slash</td>
            </tr>
            <tr>
               <td>Ultimate ability</td>
               <td>Death Mark</td>
            </tr>
         </table>
      </p>
      <p>
         <table>
            <tr>
               <td>Champion</td>
               <td>Ziggs</td>
            </tr>
            <tr>
               <td>Passive ability</td>
               <td>Short Fuse</td>
            </tr>
            <tr>
               <td>Ability 1</td>
               <td>Bouncing Bomb</td>
            </tr>
            <tr>
               <td>Ability 2</td>
               <td>Satchel Charge</td>
            </tr>
            <tr>
               <td>Ability 3</td>
               <td>Hexplosive Minefield</td>
            </tr>
            <tr>
               <td>Ultimate ability</td>
               <td>Mega Inferno Bomb</td>
            </tr>
         </table>
      </p>
   </body>
</html>