<?xml version="1.0" encoding="UTF-8"?>
<categorySummary>
   <categoryNumber>
      <categoryName name="fruit"/>
      <numberItem>6</numberItem>
      <avgPriority>3.1666666666666665</avgPriority>
      <sub>
         <categoryNumber>
            <categoryName name="small_fruit"/>
            <numberItem>3</numberItem>
            <avgPriority>3.3333333333333335</avgPriority>
            <sub/>
         </categoryNumber>
      </sub>
   </categoryNumber>
   <categoryNumber>
      <categoryName name="vegetable"/>
      <numberItem>6</numberItem>
      <avgPriority>2.8333333333333335</avgPriority>
      <sub>
         <categoryNumber>
            <categoryName name="root_vegetables"/>
            <numberItem>4</numberItem>
            <avgPriority>3.5</avgPriority>
            <sub/>
         </categoryNumber>
      </sub>
   </categoryNumber>
</categorySummary>