<html>
   <head>
      <meta http-equiv="Content-Type" content="text/html; charset=UTF-8">
      <title>User projects</title>
   </head>
   <body>
      <table>
         <thead>
            <tr>
               <th>User</th>
               <th>Projects</th>
            </tr>
         </thead>
         <tbody>
            <tr>
               <td>Nováková</td>
               <td>
                  <ul>
                     <li>Projekt DTOZE</li>
                     <li>Web KRUF</li>
                  </ul>
               </td>
            </tr>
            <tr>
               <td>Slabý</td>
               <td>
                  <ul>
                     <li>Web KRUF</li>
                  </ul>
               </td>
            </tr>
            <tr>
               <td>Novák</td>
               <td>
                  <ul>
                     <li>Kniha XML</li>
                  </ul>
               </td>
            </tr>
            <tr>
               <td>Sličná</td>
               <td>
                  <ul>
                     <li>Projekt DTOZE</li>
                  </ul>
               </td>
            </tr>
         </tbody>
      </table>
   </body>
</html>