<?xml version="1.0" encoding="UTF-8"?>
<table_of_notebooks>
   <table>
      <tr>
         <th>"Notebook"</th>
         <th>"Price"</th>
         <th>"Release date"</th>
      </tr>
      <tr>
         <td>MSI Gamin Notebook 100</td>
         <td>20000</td>
         <td>04.06.2011</td>
      </tr>
      <tr>
         <td>MSI Gamin Notebook 300</td>
         <td>30000</td>
         <td>04.08.2011</td>
      </tr>
      <tr>
         <td>ASUS Zenbook 01</td>
         <td>26000</td>
         <td>09.12.2011</td>
      </tr>
      <tr>
         <td>ASUS Zenbook 01</td>
         <td>34000</td>
         <td>09.12.2011</td>
      </tr>
      <tr>
         <td>Apple iPad 2</td>
         <td>16000</td>
         <td>01.03.2011</td>
      </tr>
      <tr>
         <td>ASUS Eee Pad Transformer</td>
         <td>12500</td>
         <td>01.02.2011</td>
      </tr>
   </table>
</table_of_notebooks>