<?xml version="1.0" encoding="UTF-8"?>
<notebooks>
   <notebook>
      <name>MSI Gamin Notebook 100</name>
      <sold_amount>0</sold_amount>
   </notebook>
   <notebook>
      <name>MSI Gamin Notebook 300</name>
      <sold_amount>0</sold_amount>
   </notebook>
   <notebook>
      <name>ASUS Zenbook 01</name>
      <sold_amount>3</sold_amount>
   </notebook>
   <notebook>
      <name>ASUS Zenbook 01</name>
      <sold_amount>1</sold_amount>
   </notebook>
   <notebook>
      <name>Apple iPad 2</name>
      <sold_amount>3</sold_amount>
   </notebook>
   <notebook>
      <name>ASUS Eee Pad Transformer</name>
      <sold_amount>1</sold_amount>
   </notebook>
</notebooks>