<?xml version="1.0" encoding="UTF-8" standalone="no"?><Receptar xmlns:xsi="http://www.w3.org/2001/XMLSchema-instance" version="1.0" xsi:noNamespaceSchemaLocation="data.xsd">						<!--Data serverov na ktorych su recepty-->
	<server dlzka_behu="185 h" id="_s1" name="www.recepty.sk" running="true" state="SR">
		<slovnik>
			<druh name="Maso">
				<poddruh name="Hovadzie">
					<zlozka name="./">
						<recept cena="100 eur" id="_s1_1" name="Kozmick? Curry s ry?ou">
							<autor_receptu id="_s1_a1"/>
							<suroviny>
								<surovina>
									<druh_suroviny number="423">																													
										<energia>
											<prvok id="id_3">
											</prvok>
										</energia>
									<meno_suroviny>Ryza</meno_suroviny></druh_suroviny>
								</surovina>
							</suroviny>
							<cas_pripravy>20 m</cas_pripravy>
							<text font="Arial">
							V hrnci zohrejeme olej a opra??me cesnak a cibu?u do m?kka. Prid?me z?zvor a zvy?n? korenia a var?me 1 min?tu.
							Prid?me m?so a var?me do hneda. Potom prid?me v?var a ?erven? papriku privedieme do varu a var?me na n?zkej 
							teplote asi 50 min?t alebo pokia? sa m?so neuvar?. Pod?a chuti osol?me a okoren?me. 
 							Ry?u uvar?me pod?a n?vodu na obale, prid?me kurkumu-korenie aby n?m ry?u zafarbilo do ?lta.
  							Ry?u naserv?rujeme na taniere na to d?me m?sov? curry a posypeme koriandrom. Dobr? chu?.
							<![CDATA[<Viac inform?ci? n?jdete na http://http://www.receptar.sk/]]>				
							</text>
							<energeticka_hodnota typ="J">200</energeticka_hodnota>
							<typ_receptu>polievka</typ_receptu>
							<teplota_podavaneho_receptu>25</teplota_podavaneho_receptu>
							<narocnost>Stredne obtia?ne</narocnost>
							<obrazky_receptu><img src="http://www.xx.yy/img_i1"/></obrazky_receptu>
							<datum_pridania>2011-09-09</datum_pridania>
							<komentare>
								<komentar deprecated="true">
									<autor_komentara>"JOZO"</autor_komentara>
									<datum_pridania>2011-09-11</datum_pridania>
									<text_komentara font="Arial">Prosim o ziadost</text_komentara>
								</komentar>
								<komentar deprecated="false">
									<autor_komentara>"Lukas"</autor_komentara>
									<datum_pridania>2011-09-11</datum_pridania>
									<text_komentara font="Arial">First</text_komentara>
								</komentar>
								<komentar deprecated="false">
									<autor_komentara>"Peter"</autor_komentara>
									<datum_pridania>2011-09-12</datum_pridania>
									<text_komentara font="Arial">Do not tell me</text_komentara>
								</komentar>
							</komentare>
						</recept>						
					</zlozka>
					<zlozka cena="20 eur" name="P" pocet_receptov="1">
						<recept cena="10 eur" id="_s1_2" name="Pra?enica">
							<autor_receptu id="_s1_ax"/>
							<suroviny>
								<surovina>
									<druh_suroviny number="106">									
										<energia>
											<prvok id="id_1">
												<davka>
													<dnova>
														<doporucena> <?php echo ($id_1); ?> </doporucena>
													</dnova>
													<aktualna typ="mg">10</aktualna>
												</davka>
											</prvok>
										</energia>
									<meno_suroviny>vajcia</meno_suroviny></druh_suroviny>
								</surovina>
							</suroviny>
							<cas_pripravy>100 m</cas_pripravy>
							<text font="Arial">
							Na panvicu dame vajcia :)						
							</text>
							<energeticka_hodnota typ="J">200</energeticka_hodnota>
							<typ_receptu>Quick lunch</typ_receptu>	
							<teplota_podavaneho_receptu>-2</teplota_podavaneho_receptu>			
							<datum_pridania>2011-09-09</datum_pridania>
							<komentare>
								<komentar deprecated="false">
									<autor_komentara>"JOZO"</autor_komentara>
									<datum_pridania>2011-09-10</datum_pridania>
									<text_komentara font="Arial">First</text_komentara>
								</komentar>
							</komentare>
						</recept>
					</zlozka>
				</poddruh>
				<poddruh name="Bravcove">
					<zlozka name="H">
						<recept cena="20 eur" id="_s1_4" name="Hurky">
						</recept>
						<recept cena="3 eur" id="_s1_5" name="Horehronsky rezen">
						</recept>
					</zlozka>
				</poddruh>
			</druh>
			<druh name="Dezerty">
				<poddruh name="Vodove">
					<zlozka name="Z">
						<recept cena="0.50 eur" id="_s1_4" name="Zmrzlinovy pohar extra">
							<autor_receptu id="_s1_a1"/>
							<suroviny>
								<surovina>
									<druh_suroviny number="55">
										<energia>
										</energia>
									<meno_suroviny>Lad</meno_suroviny></druh_suroviny>
								</surovina>
							</suroviny>
							<cas_pripravy>5 m</cas_pripravy>
							<text font="Arial">
							Vsetko nasypeme do mechu :)
							<![CDATA[<Viac inform?ci? n?jdete na http://http://www.receptar.sk/]]>				
							</text>
							<energeticka_hodnota typ="J">2.2</energeticka_hodnota>
							<typ_receptu>polievka</typ_receptu>
							<teplota_podavaneho_receptu>25</teplota_podavaneho_receptu>
							<narocnost>Stredne obtia?ne</narocnost>
							<obrazky_receptu><img src="http://www.xx.yy/img_i1"/></obrazky_receptu>
							<datum_pridania>2011-09-09</datum_pridania>
							<komentare>
								<komentar deprecated="true">
									<autor_komentara>"Peter"</autor_komentara>
									<datum_pridania>2011-09-11</datum_pridania>
									<text_komentara font="Arial">Prosim o ziadost</text_komentara>
								</komentar>
							</komentare>
						</recept>						
					</zlozka>					
				</poddruh>
			</druh>
		</slovnik>
		<autory>
			<registrovany>
				<autor id="_s1_a1">
					<meno>"JOZO"</meno>
					<kontakt typ="email">jozo@seznam.cz</kontakt>
					<datum_pridania>1999-01-20</datum_pridania>			
					<pocet_receptov>2</pocet_receptov>
				<pocet_komentarov>2</pocet_komentarov></autor>
				
				<autor id="_s1_a2">
					<meno>"Peter"</meno>
					<kontakt typ="mob">908653257</kontakt>
					<datum_pridania>1999-01-22</datum_pridania>			
					<pocet_receptov>2</pocet_receptov>
				<pocet_komentarov>2</pocet_komentarov></autor>
				
				<autor id="_s1_a3">
					<meno>"Lukas"</meno>
					<kontakt typ="tel">7896916</kontakt>
					<datum_pridania>1999-02-20</datum_pridania>			
					<pocet_receptov>2</pocet_receptov>
				<pocet_komentarov>1</pocet_komentarov></autor>
			</registrovany>
			<neregistrovany>
				<autor id="_s1_ax">
					<meno>"anonym"</meno>
					<pocet_duplikatov>100</pocet_duplikatov>				
				<pocet_komentarov>0</pocet_komentarov></autor>
			</neregistrovany>
		</autory>
		<dnesny_datum>2012-03-10</dnesny_datum>
		<products>
			<product>
				<number>423</number>
				<name>Ryza</name>
				<stav>Dlhozrnn?</stav>
				<price>1</price>
			</product>
			<product>
				<number>106</number>
				<name>vajcia</name>
				<stav>?erstv?</stav>
				<price>0.40</price>
			</product>
			<product>
				<number>55</number>
				<name>Lad</name>
				<stav>zmrazeny</stav>
				<price>0.20</price>
			</product>
		</products>
	</server>
	<server dlzka_behu="250 h" id="_s2" name="www.recepty.cz" running="true" state="CZ">
		<slovnik>
			<druh name="Maso">
				<poddruh name="Uzeniny">
					<zlozka name="/.">
						<recept cena="250 Kc" id="_s2_1" name="Tul?cky gul??">
							<autor_receptu id="_s1_a1"/>
							<suroviny>
								<surovina>
									<druh_suroviny number="100">										
										<energia>
											<prvok id="id_5">
												<davka>
													<dnova>
														<doporucena> <?php echo ($id_1); ?> </doporucena>
													</dnova>
													<aktualna typ="mg">10</aktualna>
												</davka>
											</prvok>
											<prvok id="id_2">
												<davka>
													<dnova>
														<doporucena> <?php echo ($id_2); ?> </doporucena>
													</dnova>
													<aktualna typ="mg">6</aktualna>
												</davka>
											</prvok>
											<prvok id="id_3">
											</prvok>
										</energia>
									<meno_suroviny>Klob?sa</meno_suroviny></druh_suroviny>
								</surovina>
								<surovina>
									<druh_suroviny number="102">
										<energia>
											<prvok id="id_2">
												<davka>
													<dnova>
														<doporucena> <?php echo ($id_2); ?> </doporucena>
													</dnova>
													<aktualna typ="mg">6</aktualna>
												</davka>
											</prvok>
											<prvok id="id_3">
											</prvok>
										</energia>
									<meno_suroviny>vajce</meno_suroviny></druh_suroviny>
								</surovina>
							</suroviny>
							<cas_pripravy>200 s</cas_pripravy>
														<text font="Arial">
Do n?doby s v????m mno?stvom oleja d?me na kocky pokr?jan? cibu?u, zemiaky, bakla??n, cuketu,
							tekvicu a podus?me. Prid?me bobkov? list, podlejeme v?nom, hydinov?m v?varom a ?alej dus?me.
							Prid?me raj?inov? pr?rodn? pretlak, so?, mlet? ?ierne korenie, bobkov? list.
							<![CDATA[<Viac inform?ci? n?jdete na http://http://www.receptar.sk/]]>				
							</text>
							<energeticka_hodnota typ="J">200</energeticka_hodnota>
							<typ_receptu>polievka</typ_receptu>
							<narocnost>?ahk?</narocnost>
							<obrazky_receptu><img src="http://www.xx.yy/img_i1"/></obrazky_receptu>
							<datum_pridania>2011-09-09</datum_pridania>
							<komentare>
								<komentar deprecated="false">
									<autor_komentara>"recepty73"</autor_komentara>
									<datum_pridania>2011-10-11</datum_pridania>
									<text_komentara font="Arial">Skvely recept</text_komentara>
								</komentar>
								<komentar deprecated="false">
									<autor_komentara>"Zdenek"</autor_komentara>
									<datum_pridania>2011-10-12</datum_pridania>
									<text_komentara font="Arial">Hodnotte!!!</text_komentara>
								</komentar>
							</komentare>
						</recept>
						<recept cena="60 Kc" id="_s2_2" name="Pra?enica">
							<autor_receptu id="_s1_ax"/>
							<suroviny>
								<surovina>
									<druh_suroviny number="106">
										<energia>
											<prvok id="id_1">
												<davka>
													<dnova>
														<doporucena> <?php echo ($id_1); ?> </doporucena>
													</dnova>
													<aktualna typ="mg">10</aktualna>
												</davka>
											</prvok>
										</energia>
									<meno_suroviny>Cibule</meno_suroviny></druh_suroviny>

								</surovina>
							</suroviny>
							<cas_pripravy>100 m</cas_pripravy>
							<text font="Arial">
							Na panvicu dame rozslahane vajcia :)					
							</text>
							<energeticka_hodnota typ="J">200</energeticka_hodnota>
							<typ_receptu>Quick lunch</typ_receptu>
							<obrazky_receptu><img src="http://www.xx.yy/img_i2"/></obrazky_receptu>
							<datum_pridania>2011-09-09</datum_pridania>
							<komentare>
							</komentare>
						</recept>
					</zlozka>
				</poddruh>
			</druh>
		</slovnik>
		<autory>
			<registrovany>
				<autor id="_s2_a1">
					<meno>"recepty73"</meno>
					<kontakt typ="email">maria@seznam.cz</kontakt>
					<datum_pridania>1999-01-20</datum_pridania>			
					<pocet_receptov>4</pocet_receptov>
				<pocet_komentarov>1</pocet_komentarov></autor>
				<autor id="_s2_a2">
					<meno>"Zdenek"</meno>
					<kontakt typ="email">zdenek@seznam.cz</kontakt>
					<datum_pridania>1999-01-20</datum_pridania>			
					<pocet_receptov>3</pocet_receptov>
				<pocet_komentarov>1</pocet_komentarov></autor>
				<autor id="_s2_a3">
					<meno>"Varic12"</meno>
					<kontakt typ="tel">7896916</kontakt>
					<datum_pridania>1999-01-20</datum_pridania>			
					<pocet_receptov>1</pocet_receptov>
				<pocet_komentarov>0</pocet_komentarov></autor>
			</registrovany>
			<neregistrovany>
				<autor id="_s2_ax">
					<meno>"anonym"</meno>
				<pocet_komentarov>0</pocet_komentarov></autor>
			</neregistrovany>
		</autory>
		<dnesny_datum>2012-03-14</dnesny_datum>
		<products>
			<product>
				<number>100</number>
				<name>Klob?sa</name>
				<stav>Dle chuti: ostravk?,ma?arsk?</stav>
				<price>218</price>
			</product>
			<product>
				<number>106</number>
				<name>Cibule</name>
				<stav>cerstvi</stav>
				<price>5</price>
			</product>
			<product>
				<number>102</number>
				<name>vajce</name>
				<stav>cerstvi stredne</stav>
				<price>7</price>
			</product>			
		</products>
	</server>
</Receptar>