<?xml version="1.0" encoding="UTF-8" standalone="no"?><databaze>
	<filmy>
		<film>
			<jmeno>Schindler's List</jmeno>
			<rok>1993</rok>
			<delka>195</delka>
		<herci>Neeson Kingsley</herci><reziser>Spielberg</reziser></film>
		<film>
			<jmeno>War of the Worlds</jmeno>
			<rok>2005</rok>
		<herci>Cruise</herci><reziser>Spielberg</reziser></film>
		<film>
			<jmeno>Se7en</jmeno>
			<rok>1995</rok>
			<delka>127</delka>
		<herci>Pitt Freeman Paltrow</herci><reziser>Fincher</reziser></film>
		<film>
			<jmeno>Iron Man</jmeno>
			<rok>2008</rok>
		<herci>Downey Paltrow</herci><reziser>Favreau</reziser></film>
		<film>
			<jmeno>Fight Club</jmeno>
			<rok>1999</rok>
		<herci>Norton Pitt Bonham_Carter</herci><reziser>Fincher</reziser></film>
		<film>
			<jmeno>The Social Network</jmeno>
			<rok>2010</rok>
		<herci>Eisenberg</herci><reziser>Fincher</reziser></film>
		<film>
			<jmeno>Inception</jmeno>
			<rok>2010</rok>
		<herci>DiCaprio Page</herci><reziser>Nolan</reziser></film>
		<film>
			<jmeno>The Dark Knight</jmeno>
			<rok>2008</rok>
		<herci>Bale</herci><reziser>Nolan</reziser></film>
		<film>
			<jmeno>The Prestige</jmeno>
			<rok>2006</rok>
		<herci>Jackman Bale</herci><reziser>Nolan</reziser></film>
		<film>
			<jmeno>The Godfather</jmeno>
			<rok>1972</rok>
			<delka>169</delka>
		<herci>Brando</herci><reziser>Coppola</reziser></film>
		
	</filmy>
	<lide>
		<reziseri>
			<reziser>
				<jmeno>Steven <druhe_jmeno>Alan</druhe_jmeno> Spielberg</jmeno>
			<id>Spielberg</id></reziser>
			<reziser>
				<jmeno>David Fincher</jmeno>
			<id>Fincher</id></reziser>
			<reziser>
				<jmeno>Jon Favreau</jmeno>
			<id>Favreau</id></reziser>
			<reziser>
				<jmeno>Christopher Nolan</jmeno>
			<id>Nolan</id></reziser>
			<reziser>
				<jmeno>Francis <druhe_jmeno>Ford</druhe_jmeno> Coppola</jmeno>
			<id>Coppola</id></reziser>
			<reziser>
				<jmeno>Darren Aronofsky</jmeno>
			<id>Aronofsky</id></reziser>
		</reziseri>
		<herci>
			<herec><id>Neeson</id><jmeno>Liam Neeson</jmeno><pohlavi>m</pohlavi></herec>
			<herec><id>Paltrow</id><jmeno>Gwyneth Paltrow</jmeno><pohlavi>f</pohlavi></herec>
			<herec><id>Kingsley</id><jmeno>Ben Kingsley</jmeno><pohlavi>m</pohlavi></herec>
			<herec><id>Cruise</id><jmeno>Tom Cruise</jmeno><pohlavi>m</pohlavi></herec>
			<herec><id>Pitt</id><jmeno>Brad Pitt</jmeno><pohlavi>m</pohlavi></herec>
			<herec><id>Knightley</id><jmeno>Keira Knightley</jmeno><pohlavi>f</pohlavi></herec>
			<herec><id>Freeman</id><jmeno>Morgan Freeman</jmeno><pohlavi>m</pohlavi></herec>
			<herec><id>Downey</id><jmeno>Robert Downey</jmeno><pohlavi>m</pohlavi></herec>
			<herec><id>Norton</id><jmeno>Edward Norton</jmeno><pohlavi>m</pohlavi></herec>
			<herec><id>Bonham_Carter</id><jmeno>Helena Bonham Carter</jmeno><pohlavi>f</pohlavi></herec>
			<herec><id>DiCaprio</id><jmeno>Leonardo DiCaprio</jmeno><pohlavi>m</pohlavi></herec>
			<herec><id>Page</id><jmeno>Ellen Page</jmeno><pohlavi>f</pohlavi></herec>
			<herec><id>Bale</id><jmeno>Christian Bale</jmeno><pohlavi>m</pohlavi></herec>
			<herec><id>Jackman</id><jmeno>Hugh Jackman</jmeno></herec>
			<herec><id>Portman</id><jmeno>Natalie Portman</jmeno><pohlavi>f</pohlavi></herec>
			<herec><id>Eisenberg</id><jmeno>Jesse Eisenberg</jmeno><pohlavi>m</pohlavi></herec>
			<herec><id>Brando</id><jmeno>Marlon Brando</jmeno><pohlavi>m</pohlavi></herec>
		</herci>
	</lide>
<xmlns:xsi>http://www.w3.org/2001/XMLSchema-instance</xmlns:xsi><xsi:noNamespaceSchemaLocation>data.xsd</xsi:noNamespaceSchemaLocation></databaze>