<?xml version="1.0" encoding="UTF-8"?>
<databazaFilmov>
   <film>
      <nazov>Monty Python and the Holy Grail</nazov>
      <reziser>Terry Gilliam</reziser>
      <rating>PG</rating>
   </film>
   <film>
      <nazov>Inglourious Basterds</nazov>
      <reziser>Quentin Tarantino</reziser>
      <rating>R</rating>
   </film>
   <film>
      <nazov>The Shawshank Redemption</nazov>
      <reziser>Frank Darabont</reziser>
      <rating>R</rating>
   </film>
   <film>
      <nazov>2001: A Space Odyssey</nazov>
      <reziser>Stanley Kubrick</reziser>
      <rating>G</rating>
   </film>
   <film>
      <nazov>Forrest Gump</nazov>
      <reziser>Robert Zemeckis</reziser>
      <rating>PG-13</rating>
   </film>
   <film>
      <nazov>Pulp Fiction</nazov>
      <reziser>Quentin Tarantino</reziser>
      <rating>R</rating>
   </film>
   <film>
      <nazov>One Flew Over the Cuckoo's Nest</nazov>
      <reziser>Milos Forman</reziser>
      <rating>R</rating>
   </film>
   <film>
      <nazov>Tonari no Totoro</nazov>
      <reziser>Hayao Miyazaki</reziser>
      <rating>G</rating>
   </film>
   <film>
      <nazov>Fight Club</nazov>
      <reziser>David Fincher</reziser>
      <rating>R</rating>
   </film>
   <film>
      <nazov>Fast &amp; Furious</nazov>
      <reziser>John Singleton</reziser>
      <rating>PG-13</rating>
   </film>
</databazaFilmov>