<?xml version="1.0" encoding="UTF-8" standalone="no"?><!-- Language School --><school>
	<classrooms>
		<classroom capacity="16" number="classroom1"/>
		<classroom capacity="16" number="classroom2"/>
		<classroom capacity="10" number="classroom3"/>
	</classrooms>
	<people>
		
		
		
		
		
		
		
		
		
		
		
		
		
		
	<teacher id="t001" language="english">Dagmar P?skov?</teacher><teacher id="t012" language="english">Elena Pl??kov?</teacher><teacher id="t023" language="english">Eva Dvo??kov?</teacher><student email="krali@seznam.cz" id="s0001">Igor Kr?l</student><student email="hubicka@gmail.com" id="s0045">Jan Hubi?ka</student><student email="rychvajan@seznam.cz" id="s0078">Jan Rychvalsk?</student><student email="jama@gmail.com" id="s0023">Jana Mal?</student><student email="smrckakarel@seznam.cz" id="s0089">Karel Smr?ka</student><student email="katerinachladkova@seznam.cz" id="s0100">Kate?ina Chl?dkov?</student><student email="marie.velka@gmail.com" id="s0034">Marie Velk?</student><student email="martinnovo@seznam.cz" id="s0056">Martin Novotn?</student><student email="kovac34@seznam.cz" id="s0067">Michal Kov??</student><student email="petrcerny@centrum.cz" id="s0012">Petr ?ern?</student><teacher id="t034" language="german">Petr Rychl?</teacher></people>
<courses>
	<course classroom="classroom1" language="english" level="A2" teacher="t001">
		<info>English course level
				<b>A2</b><![CDATA[<<20% discount>>]]>
			</info>
		<enrolled id="s0001">
			<detail payed="yes">
				<note>will start 2 weeks later</note>
			</detail>
		</enrolled>
		<enrolled id="s0012">
			<detail/>
		</enrolled>
		<enrolled id="s0023">
			<detail payed="yes">
				<note>Asked for a dictionary - should receive on the first lesson</note>
			</detail>
		</enrolled>
		<enrolled id="s0034">
			<detail payed="no"/>
		</enrolled>
		<enrolled id="s0045">
			<detail payed="yes"/>
		</enrolled>
		<enrolled id="s0056">
			<detail payed="no"/>
		</enrolled>
	</course>
	<course classroom="classroom1" language="english" level="B2" teacher="t001">
		<enrolled id="s0100">
			<detail payed="no"/>
		</enrolled>
		<enrolled id="s0056">
			<detail payed="no"/>
		</enrolled>
	</course>
	<course classroom="classroom3" language="german" level="B1" teacher="t034">
		<info>German course level
				<b>B1</b>
		</info>
		<enrolled id="s0067">
			<detail payed="yes"/>
		</enrolled>
		<enrolled id="s0100">
			<detail payed="no"/>
		</enrolled>
	</course>
	<course classroom="classroom2" language="german" level="B2" teacher="t034"/>
</courses>
	<note>
		<?php $created=mktime(0,0,0,3,11,2012);

		$now=time();

		$days=floor(($now-$created)/(60*60*24));

		echo "This document is $days old";

	?>
	</note>
</school>