<?xml version="1.0" encoding="UTF-8"?>
<skolitele>
   <virtualni_skolitel>
      <info>
         <login>default</login>
         <studenti>
            <student>
               <login>karel</login>
               <opravneni>B</opravneni>
            </student>
         </studenti>
      </info>
   </virtualni_skolitel>
   <skolitel>
      <info>
         <login>pavel</login>
         <studenti>
            <student>
               <login>honza</login>
               <opravneni>T</opravneni>
            </student>
            <student>
               <login>martin</login>
               <opravneni>D</opravneni>
            </student>
         </studenti>
      </info>
   </skolitel>
   <skolitel>
      <info>
         <login>pepa</login>
         <studenti/>
      </info>
   </skolitel>
   <skolitel>
      <info>
         <login>vytasilj</login>
         <studenti>
            <student>
               <login>jirka</login>
               <opravneni>B</opravneni>
            </student>
            <student>
               <login>filip</login>
               <opravneni>C</opravneni>
            </student>
         </studenti>
      </info>
   </skolitel>
</skolitele>