<?xml version="1.0" encoding="UTF-8"?>
<lee-related>
   <relative>
      <prijmeni>Hanks</prijmeni>
      <jmeno>Tom</jmeno>
   </relative>
   <relative>
      <prijmeni>Zeta-Jones</prijmeni>
      <jmeno>Catherine</jmeno>
   </relative>
   <relative>
      <prijmeni>DiCaprio</prijmeni>
      <jmeno>Leonardo</jmeno>
   </relative>
   <relative>
      <prijmeni>Walken</prijmeni>
      <jmeno>Christopher</jmeno>
   </relative>
   <relative>
      <prijmeni>Lee</prijmeni>
      <jmeno>Christopher</jmeno>
   </relative>
</lee-related>