<?xml version="1.0" encoding="UTF-8"?><html xmlns="http://www.w3.org/1999/xhtml" xml:lang="en" lang="en">
   <head>
      <meta http-equiv="Content-Type" content="text/html; charset=UTF-8" />
      <title>Úplný přehled udělených cen</title>
   </head>
   <body>
      <table>
         <tr>
            <th rowspan="2">ID ceny</th>
            <th rowspan="2">Cena</th>
            <th colspan="2">Oceněný</th>
         </tr>
         <tr>
            <th>Jméno</th>
            <th>Příjmení</th>
         </tr>
         <tr>
            <td>N/A</td>
            <td>OSCAR - nejlepší herec v hlavní roli</td>
            <td>Tom</td>
            <td>Hanks</td>
         </tr>
         <tr>
            <td>N/A</td>
            <td>OSCAR - nejlepší herec v hlavní roli</td>
            <td>Tom</td>
            <td>Hanks</td>
         </tr>
         <tr>
            <td>N/A</td>
            <td>OSCAR - nejlepší herec ve vedlejší roli</td>
            <td>Christopher</td>
            <td>Walken</td>
         </tr>
         <tr>
            <td>N/A</td>
            <td>OSCAR - nejlepší herečka ve vedlejší roli</td>
            <td>Catherine</td>
            <td>Zeta-Jones</td>
         </tr>
         <tr>
            <td>N/A</td>
            <td>OSCAR - nejlepší původní hudba k filmu</td>
            <td>Hans</td>
            <td>Zimmer</td>
         </tr>
         <tr>
            <td>N/A</td>
            <td>OSCAR - nejlepší herec ve vedlejší roli</td>
            <td>Morgan</td>
            <td>Freemen</td>
         </tr>
         <tr>
            <td>N/A</td>
            <td>OSCAR - nejlepší původní scénář</td>
            <td>Phillip</td>
            <td>Kaufmann</td>
         </tr>
         <tr>
            <td>N/A</td>
            <td>OSCAR - nejlepší původní píseň k filmu</td>
            <td>Randy</td>
            <td>Newman</td>
         </tr>
         <tr>
            <td>N/A</td>
            <td>OSCAR - nejlepší herec v hlavní roli</td>
            <td>Colin</td>
            <td>Firth</td>
         </tr>
         <tr>
            <td>Y563</td>
            <td>Zlatý globus - nejlepší herec ve filmovém dramatu</td>
            <td>Leonardo</td>
            <td>DiCaprio</td>
         </tr>
         <tr>
            <td>Y786</td>
            <td>OSCAR - režie</td>
            <td>Steven</td>
            <td>Spielberg</td>
         </tr>
         <tr>
            <td>Y799</td>
            <td>OSCAR - režie</td>
            <td>Steven</td>
            <td>Spielberg</td>
         </tr>
         <tr>
            <td>Y213</td>
            <td>Saturn Award - nejlepší režisér</td>
            <td>Zack</td>
            <td>Snyder</td>
         </tr>
      </table>
   </body>
</html>