<?xml version="1.0" encoding="UTF-8"?>
<prehled-predanych-cen>
   <polozka>OSCAR - nejlepší herec v hlavní roli<pocet-predanych>3</pocet-predanych>
   </polozka>
   <polozka>OSCAR - nejlepší herec ve vedlejší roli<pocet-predanych>2</pocet-predanych>
   </polozka>
   <polozka>OSCAR - nejlepší herečka ve vedlejší roli<pocet-predanych>1</pocet-predanych>
   </polozka>
   <polozka>OSCAR - nejlepší původní hudba k filmu<pocet-predanych>1</pocet-predanych>
   </polozka>
   <polozka>OSCAR - nejlepší původní scénář<pocet-predanych>1</pocet-predanych>
   </polozka>
   <polozka>OSCAR - nejlepší původní píseň k filmu<pocet-predanych>1</pocet-predanych>
   </polozka>
</prehled-predanych-cen>