<?xml version="1.0" encoding="UTF-8"?>
<firearms>
   <gun id="gB92-1">
      <name>Beretta 92</name>
      <ammo>9x19 mm Parabellum</ammo>
      <year>1975</year>
      <category>Pistols</category>
   </gun>
   <gun id="gG18-1">
      <name>Glock 18</name>
      <ammo>9x19 mm Parabellum</ammo>
      <year>1982</year>
      <category>Pistols</category>
   </gun>
   <gun id="gSMA1-1">
      <name>Steyr M40-A1</name>
      <ammo>.40 S&amp;W</ammo>
      <year>1999</year>
      <category>Pistols</category>
   </gun>
   <gun id="gAR15-1">
      <name>AR-15</name>
      <ammo>5.56x45 mm NATO</ammo>
      <year>1957</year>
      <category>Rifles</category>
   </gun>
   <gun id="gSaiga-1">
      <name>Saiga</name>
      <ammo>.308 Winchester</ammo>
      <year>1990</year>
      <category>Rifles</category>
   </gun>
   <gun id="gSVD-1">
      <name>Snayperskaya Vintovka Dragunova</name>
      <ammo>7.62x54 mm R</ammo>
      <year>1963</year>
      <category>Sniper rifles</category>
   </gun>
   <gun id="gCZ75-2">
      <name>CZ 75</name>
      <ammo>9x19 mm Parabellum</ammo>
      <year>1975</year>
      <category>Pistols</category>
   </gun>
   <gun id="gGPK100-2">
      <name>Grand Power K100</name>
      <ammo>9x19 mm Parabellum</ammo>
      <year>1994</year>
      <category>Pistols</category>
   </gun>
   <gun id="gSMPi-2">
      <name>Steyr MPi 69</name>
      <ammo>9x19 mm Parabellum</ammo>
      <year>1960</year>
      <category>Submachine guns</category>
   </gun>
   <gun id="gGSG5-2">
      <name>GSG-5</name>
      <ammo>.22 Long Rifle</ammo>
      <year>2007</year>
      <category>Rifles</category>
   </gun>
</firearms>