<?xml version="1.0" encoding="UTF-8"?>
<ammunition>
   <related name="5.56x45 mm NATO">
      <name>.25 ACP</name>
      <name>.308 Winchester</name>
      <name>7.62x54 mm R</name>
      <name>9x19 mm Parabellum</name>
      <name>.40 S&amp;W</name>
      <name>.22 Long Rifle</name>
   </related>
   <related name=".25 ACP">
      <name>.308 Winchester</name>
      <name>9x19 mm Parabellum</name>
      <name>.40 S&amp;W</name>
      <name>.22 Long Rifle</name>
   </related>
   <related name="7.62x54 mm R">
      <name>.25 ACP</name>
      <name>.308 Winchester</name>
      <name>9x19 mm Parabellum</name>
      <name>.40 S&amp;W</name>
      <name>.22 Long Rifle</name>
   </related>
   <related name=".40 S&amp;W">
      <name>.308 Winchester</name>
      <name>9x19 mm Parabellum</name>
      <name>.22 Long Rifle</name>
   </related>
   <related name=".45 ACP">
      <name>.223 Remington</name>
      <name>.25 ACP</name>
      <name>.308 Winchester</name>
      <name>7.62x51 mm NATO</name>
      <name>7.62x54 mm R</name>
      <name>9x19 mm Parabellum</name>
      <name>.40 S&amp;W</name>
      <name>.22 Long Rifle</name>
   </related>
   <related name=".22 Long Rifle">
      <name>.308 Winchester</name>
      <name>9x19 mm Parabellum</name>
   </related>
</ammunition>