<html>
   <head>
      <meta http-equiv="Content-Type" content="text/html; charset=UTF-8">
      <title>Armory statistics</title>
   </head>
   <body>
      <h1>Armory statistics</h1>
      <h2>Gun length</h2>
      <div>
         <p>Minimum: 110 mm (CZ DUO)</p>
         <p>Maximum: 1225 mm (Snayperskaya Vintovka Dragunova)</p>
         <p>Average: 566.21875 mm</p>
         <p>Median: 465 mm (Steyr MPi 69)</p>
      </div>
      <h2>Gun weight</h2>
      <div>
         <p>Minimum: 399 g (CZ DUO)</p>
         <p>Maximum: 64300 g (Pulemyot Maxima M1910)</p>
         <p>Average: 6077 g</p>
         <p>Median: 2750 g (Norinco JW 21)</p>
      </div>
      <h2>Bullet diameter</h2>
      <div>
         <p>Minimum: 5.7 mm (5.56x45 mm NATO,  .223 Remington, .22 Long Rifle)</p>
         <p>Maximum: 11.5 mm (.45 ACP, .45 Colt)</p>
         <p>Average: 8.113636363636363 mm</p>
         <p>Median: 7.8 mm (7.62x51 mm NATO)</p>
      </div>
      <h2>Case neck diameter</h2>
      <div>
         <p>Minimum: 5.7 mm (.22 Long Rifle)</p>
         <p>Maximum: 12.2 mm (.45 Colt)</p>
         <p>Average: 8.734545454545454 mm</p>
         <p>Median: 8.72 mm (.308 Winchester)</p>
      </div>
      <h2>Case length</h2>
      <div>
         <p>Minimum: 15 mm (.22 Long Rifle)</p>
         <p>Maximum: 53.72 mm (7.62x54 mm R)</p>
         <p>Average: 33.83909090909091 mm</p>
         <p>Median: 32.6 mm (.45 Colt)</p>
      </div>
   </body>
</html>