<?xml version="1.0" encoding="UTF-8"?>
<firearms>
   <ammo name=".22 Long Rifle">
      <revolver>Alfa-Proj Holek 361</revolver>
      <rifle>GSG-5</rifle>
      <rifle>Norinco JW 21</rifle>
   </ammo>
   <ammo name="5.56x45 mm NATO">
      <rifle>AR-15</rifle>
   </ammo>
   <ammo name=".25 ACP">
      <pistol>CZ DUO</pistol>
   </ammo>
   <ammo name=".308 Winchester">
      <rifle>Saiga</rifle>
   </ammo>
   <ammo name="7.62x54 mm R">
      <sniper_rifle>Snayperskaya Vintovka Dragunova</sniper_rifle>
      <machine_gun>Pulemyot Maxima M1910</machine_gun>
   </ammo>
   <ammo name="9x19 mm Parabellum">
      <pistol>Beretta 92</pistol>
      <pistol>CZ 75</pistol>
      <pistol>Grand Power K100</pistol>
      <pistol>Glock 18</pistol>
      <sub_machine_gun>Steyr MPi 69</sub_machine_gun>
   </ammo>
   <ammo name=".40 S&amp;W">
      <pistol>Steyr M40-A1</pistol>
   </ammo>
   <ammo name=".45 ACP">
      <pistol>Armscor 1911A1</pistol>
      <sub_machine_gun>Thompson M1928A1</sub_machine_gun>
   </ammo>
   <ammo name=".45 Colt">
      <rifle>Henry 1860</rifle>
   </ammo>
</firearms>