<?xml version="1.0" encoding="UTF-8"?>
<ammunition>
   <pistols>
      <ammo name=".25 ACP"/>
      <ammo name="9x19 mm Parabellum"/>
      <ammo name=".40 S&amp;W"/>
      <ammo name=".45 ACP"/>
   </pistols>
   <revolvers>
      <ammo name=".22 Long Rifle"/>
   </revolvers>
   <sub_machine_guns>
      <ammo name="9x19 mm Parabellum"/>
      <ammo name=".45 ACP"/>
   </sub_machine_guns>
   <rifles>
      <ammo name="5.56x45 mm NATO"/>
      <ammo name=".22 Long Rifle"/>
      <ammo name=".308 Winchester"/>
      <ammo name=".45 Colt"/>
   </rifles>
   <assault_rifles/>
   <sniper_rifles>
      <ammo name="7.62x54 mm R"/>
   </sniper_rifles>
   <machine_guns>
      <ammo name="7.62x54 mm R"/>
   </machine_guns>
</ammunition>