<html>
   <head>
      <meta http-equiv="Content-Type" content="text/html; charset=UTF-8">
      <title>Pekari</title>
   </head>
   <body>
      <table>
         <tr>
            <td>Z_ID_Z1</td>
            <td>Jan Surový</td>
         </tr>
         <tr>
            <td>Z_ID_Z3</td>
            <td>Zuzana Slana</td>
         </tr>
         <tr>
            <td>Z_ID_Z4</td>
            <td>Alojz Lenivy</td>
         </tr>
         <tr>
            <td>S_ID_Z1</td>
            <td>Juraj Bochnik</td>
         </tr>
         <tr>
            <td>S_ID_Z3</td>
            <td>Zuzana Slana</td>
         </tr>
      </table>
   </body>
</html>