<html>
   <head>
      <meta http-equiv="Content-Type" content="text/html; charset=UTF-8">
      <title>Peknárne v nájdete v týchto mestách!</title>
   </head>
   <body>
      <table>
         <tr>
            <td>Honrá dolná</td>
         </tr>
         <tr>
            <td>Brno</td>
         </tr>
         <tr>
            <td>Poprad</td>
         </tr>
         <tr>
            <td>Zakysane mlieko</td>
         </tr>
         <tr>
            <td>Praha</td>
         </tr>
      </table>
   </body>
</html>