<html>
   <head>
      <meta http-equiv="Content-Type" content="text/html; charset=UTF-8">
   </head>
   <body>
      <table>
         <tr>
            <th> Full name</th>
            <th>Email</th>
            <th> Department</th>
         </tr>
         <tr>
            <td>John Smith</td>
            <td>smith@co.org</td>
            <td>Production</td>
         </tr>
         <tr>
            <td>Peter Brown</td>
            <td>brown@co.org</td>
            <td>Accounting</td>
         </tr>
         <tr>
            <td><b>Arthur Taylor</b></td>
            <td>taylor@co.org</td>
            <td>Engineering</td>
         </tr>
         <tr>
            <td><b>Martin Smith</b></td>
            <td>smith.m@co.org</td>
            <td>Development</td>
         </tr>
      </table>
   </body>
</html>