<?xml version="1.0" encoding="UTF-8" standalone="no"?><!-- obsahuje tymy NHL a zapasy techto tymu --><NHL>
	<teams>
		<conference name="Eastern">
			<division name="Atlantic">
				<team id="ea1" name="New Jersey Devils">
					<state name="NJ">
						<city>Newark</city>
					</state>
					<stadium name="Prudential Center">
						<capacity>17625</capacity>
					</stadium>
				</team>
				<team id="ea2" name="New York Islanders">
					<state name="NY">
						<city>Uniondale</city>
					</state>
					<stadium name="Nassau Veterans Memorial Coliseum">
						<capacity>16170</capacity>
					</stadium>
				</team>
				<team id="ea3" name="New York Rangers">
					<state name="NY">
						<city>New York City</city>
					</state>
					<stadium name="Madison Square Garden">
						<capacity>17200</capacity>
					</stadium>
				</team>
				<team id="ea4" name="Philadelphia Flyers">
					<state name="PA">
						<city>Philadelphia</city>
					</state>
					<stadium name="Wells Fargo Center">
						<capacity>19537</capacity>
					</stadium>
				</team>
				<team id="ea5" name="Pittsburgh Penguins">
					<state name="PA">
						<city>Pittsburgh</city>
					</state>
					<stadium name="Consol Energy Center">
						<capacity>18387</capacity>
					</stadium>
				</team>
			</division>
			<division name="Northeast">
    </division>
			<division name="Southeast">
    </division>
		</conference>
		<conference name="Western">
  </conference>
	</teams>
	
	<![CDATA[
document.writeln("Tato databaze je aktualni k:");
}
]]>
<?php echo Date("d.m.Y")?>
<matches><match date="7.3.2013" id="m10">
			<homeTeam ref="ea5">
				<goals>4</goals>
			</homeTeam>
			<awayTeam ref="ea4">
				<goals>1</goals>
			</awayTeam>
			<end type="REG"/>
		</match><match date="19.03.2013" id="m11"><homeTeam ref="ea2"><goals>5</goals></homeTeam><awayTeam ref="ea1"><goals>4</goals></awayTeam><end type="OT"/></match></matches></NHL>