<?xml version="1.0" encoding="UTF-8" standalone="no"?><tovarna xmlns:xsi="http://www.w3.org/2001/XMLSchema-instance" xsi:noNamespaceSchemaLocation="data.xsd">

  <!--Zeme ve ktere se auta vyrabi-->
  <zeme>?esk? repubkika</zeme>
  
  <!--url s dal??mi informacemi-->
  <info>
  Bli??? informace zde:
  </info>
  
    <!--Typy aut, ktere se v tovarne vyrabi-->
  <typy>
      <typ id="osobni">
        <nazev>Osobn?</nazev>
        <pocet>548754</pocet>
      </typ>
      <typ id="nakladni">
        <nazev>N?kladn?</nazev>
        <pocet>4855</pocet>
      </typ>
      <typ id="sportovni">
        <nazev>Sportovn?</nazev>
        <pocet>487</pocet>
      </typ>
  </typy>
  
    <!--seznam vyrobenych aut a informace o aute-->
  <auta>
    <auto id="O123C">
        <typAuta>osobni</typAuta>
        <rokVyroby>2012</rokVyroby>
        <datumVyroby>24.2</datumVyroby>
        <vybava>
          <polozka>ABS <i>Anti-lock Brake System</i></polozka>
          <polozka>ESP <i>Electronic Stability Program</i></polozka>
          <polozka>AWD <i>All-wheel drive</i></polozka>
          <polozka>Ko?en? seda?ky</polozka>
          <polozka>Navigace</polozka>
        </vybava>
        <motor>
          <palivo>Benz?n</palivo>
          <obsah>2.5</obsah>
          <pocetValcu>4</pocetValcu>
          <vykon jednotky="hp">230</vykon>
        </motor>
        <barva>st??brn?</barva>
        <objemKufru>435</objemKufru>
        <pneumatiky>195/65R15, 15 x 6"</pneumatiky>
        <prevodovka>manu?ln?</prevodovka>
        <spotreba>
          <mesto>11.4</mesto>
          <mimoMesto>9.2</mimoMesto>
          <kombinovana>10.0</kombinovana>
        </spotreba>
        <vProdeji>true</vProdeji>
    </auto>
    
    <auto id="S764K">
        <typAuta>sportovni</typAuta>
        <rokVyroby>2012</rokVyroby>
        <datumVyroby>28.12</datumVyroby>
        <vybava>
          <polozka>ABS <i>Anti-lock Brake System</i></polozka>
          <polozka>ESP <i>Electronic Stability Program</i></polozka>
          <polozka>AWD <i>All-wheel drive</i></polozka>
          <polozka>Ko?en? seda?ky</polozka>
          <polozka>Ko?en? volant</polozka>
          <polozka>Sportovn? koncovka v?fuku</polozka>
          <polozka>Navigace</polozka>
        </vybava>
        <motor>
          <palivo>Benz?n</palivo>
          <obsah>3.6</obsah>
          <pocetValcu>8</pocetValcu>
          <vykon>500</vykon>
        </motor>
        <barva>modr?</barva>
        <pneumatiky>195/75R19, 19 x 6"</pneumatiky>
        <prevodovka>automatick?</prevodovka>
        <spotreba>
          <mesto>20.1</mesto>
          <mimoMesto>14.2</mimoMesto>
          <kombinovana>16.6</kombinovana>
        </spotreba>
        <vProdeji>true</vProdeji>
    </auto>
    
    <auto id="O328D">
        <typAuta>osobni</typAuta>
        <rokVyroby>2011</rokVyroby>
        <datumVyroby>1.2</datumVyroby>
        <vybava>
          <polozka>ABS <i>Anti-lock Brake System</i></polozka>
          <polozka>ESP <i>Electronic Stability Program</i></polozka>
          <polozka>Vyh??van? seda?ky</polozka>
          <polozka>Navigace</polozka>
        </vybava>
        <motor>
          <palivo>Nafta</palivo>
          <obsah>2.0</obsah>
          <pocetValcu>4</pocetValcu>
          <vykon>180</vykon>
        </motor>
        <barva>?ern?</barva>
        <objemKufru>365</objemKufru>
        <pneumatiky>195/65R16, 16 x 6"</pneumatiky>
        <prevodovka>automatick?</prevodovka>
        <spotreba>
          <mesto>10.2</mesto>
          <mimoMesto>8.1</mimoMesto>
          <kombinovana>9.6</kombinovana>
        </spotreba>
        <vProdeji>true</vProdeji>
    </auto>
    
    <auto id="N223T">
        <typAuta>nakladni</typAuta>
        <rokVyroby>2012</rokVyroby>
        <datumVyroby>16.9</datumVyroby>
        <vybava>
          <polozka>ABS <i>Anti-lock Brake System</i></polozka>
        </vybava>
        <motor>
          <palivo>Nafta</palivo>
          <obsah>2.5</obsah>
          <pocetValcu>4</pocetValcu>
          <vykon>350</vykon>
        </motor>
        <pneumatiky>195/65R15, 15 x 6"</pneumatiky>
        <prevodovka>automatick?</prevodovka>
        <spotreba>
          <mesto>24.0</mesto>
          <mimoMesto>18.1</mimoMesto>
          <kombinovana>20.0</kombinovana>
        </spotreba>
        <vProdeji>true</vProdeji>
    </auto>  
  </auta>
</tovarna>