<?xml version="1.0" encoding="UTF-8" standalone="no"?><database>



<result verze="11">
  
  <formatted_address>Machkova 2127/3, 149 00 Praha 4-Chodov, ?esk? republika</formatted_address>
  
  
  
  
  
  
  
  
  
  
  
  <geometry>
   <location>
    <lat>50.0333005</lat>
    <lng>14.5122734</lng>
   </location>
   <location_type>ROOFTOP</location_type>
   <viewport>
    <southwest>
     <lat>50.0319515</lat>
     <lng>14.5109244</lng>
    </southwest>
    <northeast>
     <lat>50.0346495</lat>
     <lng>14.5136224</lng>
    </northeast>
   </viewport>
  </geometry>
 <inf>3</inf><inf>2127</inf><inf>Machkova</inf><inf>Chodov</inf><inf>Praha 4</inf><inf>Praha</inf><inf>Hlavn? m?sto Praha</inf><inf>Hlavn? m?sto Praha</inf><inf>?esk? republika</inf><inf>149 00</inf><inf>Praha 415</inf><cas>20.5.2012</cas></result><result verze="11">
  
  
  <formatted_address>Chodov, Praha 4, ?esk? republika</formatted_address>
  
  
  
  
  
  
  <geometry>
   <location>
    <lat>50.0328897</lat>
    <lng>14.5006477</lng>
   </location>
   <location_type>APPROXIMATE</location_type>
   <viewport>
    <southwest>
     <lat>50.0185529</lat>
     <lng>14.4686329</lng>
    </southwest>
    <northeast>
     <lat>50.0472222</lat>
     <lng>14.5326625</lng>
    </northeast>
   </viewport>
   <bounds>
    <southwest>
     <lat>50.0212951</lat>
     <lng>14.4694783</lng>
    </southwest>
    <northeast>
     <lat>50.0444843</lat>
     <lng>14.5318171</lng>
    </northeast>
   </bounds>
  </geometry>
 <inf>Chodov</inf><inf>Praha 4</inf><inf>Praha</inf><inf>Hlavn? m?sto Praha</inf><inf>Hlavn? m?sto Praha</inf><inf>?esk? republika</inf><cas>20.5.2012</cas></result><result verze="11">
  
  <formatted_address>1600 Amphitheatre Pkwy, Mountain View, Kalifornie 94043, Spojen? st?ty americk?</formatted_address>
  
  
  
  
  
  
  
  <geometry>
   <location>
    <lat>37.4221656</lat>
    <lng>-122.0830063</lng>
   </location>
   <location_type>ROOFTOP</location_type>
   <viewport>
    <southwest>
     <lat>37.4208166</lat>
     <lng>-122.0843553</lng>
    </southwest>
    <northeast>
     <lat>37.4235146</lat>
     <lng>-122.0816573</lng>
    </northeast>
   </viewport>
  </geometry>
 <inf>1600</inf><inf>Amphitheatre Pkwy</inf><inf>Mountain View</inf><inf>Santa Clara County</inf><inf>Kalifornie</inf><inf>Spojen? st?ty americk?</inf><inf>94043</inf><cas>20.5.2012</cas></result></database>