<html>
   <table>
      <tr>
         <th>Stadium name</th>
         <th>City</th>
         <th>Street name</th>
      </tr>
      <tr>
         <td>HC Kobra</td>
         <td>Prague</td>
         <td>Mikuleckeho</td>
      </tr>
      <tr>
         <td>HC Kobra</td>
         <td>Prague</td>
         <td>Mikuleckeho</td>
      </tr>
      <tr>
         <td>HC Letnany</td>
         <td>Prague</td>
         <td>Tupolevova</td>
      </tr>
      <tr>
         <td>Stadion Strahov</td>
         <td>Prague</td>
         <td>U stadionu</td>
      </tr>
      <tr>
         <td>O2 Arena</td>
         <td>Prague</td>
         <td>U arene</td>
      </tr>
      <tr>
         <td>HC Kobra</td>
         <td>Prague</td>
         <td>Mikuleckeho</td>
      </tr>
      <tr>
         <td>HC Kobra</td>
         <td>Prague</td>
         <td>Mikuleckeho</td>
      </tr>
      <tr>
         <td>HC Letnany</td>
         <td>Prague</td>
         <td>Tupolevova</td>
      </tr>
      <tr>
         <td>Stadion Strahov</td>
         <td>Prague</td>
         <td>U stadionu</td>
      </tr>
      <tr>
         <td>O2 Arena</td>
         <td>Prague</td>
         <td>U arene</td>
      </tr>
   </table>
</html>