<?xml version="1.0" encoding="UTF-8"?>
<result>
   <video>
      <nazevPuvod>Eagle Eye</nazevPuvod>
      <rezie>D.J. Caruso</rezie>
   </video>
   <video>
      <nazevPuvod>Transformers</nazevPuvod>
      <rezie>Michael Bay</rezie>
   </video>
   <video>
      <nazevPuvod>Pirates of the Caribbean: The Curse of the Black Pearl</nazevPuvod>
      <rezie>Gore Verbinski</rezie>
   </video>
   <video>
      <nazevPuvod>Ice Age</nazevPuvod>
      <rezie>Carlos Saldanha</rezie>
      <dalsiReziser/>
   </video>
   <video>
      <nazevPuvod>Pirates of the Caribbean: On Stranger Tides</nazevPuvod>
      <rezie>Rob Marshall</rezie>
   </video>
</result>