<html>
   <head>
      <meta http-equiv="Content-Type" content="text/html; charset=UTF-8">
   </head>
   <body>
      <h1>Obsah</h1><span>
         <!-- span - je třeba uzavrit return do jednoho atributu -->
         <h2>Uvod</h2>
         <h3>Kapitolka</h3></span><span>
         <!-- span - je třeba uzavrit return do jednoho atributu -->
         <h2>Myšlenka</h2></span><span>
         <!-- span - je třeba uzavrit return do jednoho atributu -->
         <h2>Dodatky</h2>
         <h3>Seznam vzorcu</h3>
         <h3>Seznam konstant</h3></span></body>
</html>