<html>
   <head>
      <meta http-equiv="Content-Type" content="text/html; charset=UTF-8">
      <title>Odpracovane dny marshallu </title>
   </head>
   <body>
      <h2>Odpracovane dny marshallu</h2>
      <table>
         <tr>
            <td>Prijmeni</td>
            <td>Jmeno</td>
            <td>Odpracovane dny</td>
         </tr>
         <tr>
            <td>Marny</td>
            <td>Tomas</td>
            <td>2</td>
         </tr>
         <tr>
            <td>Vesely</td>
            <td>Jiri</td>
            <td>2</td>
         </tr>
         <tr>
            <td>Vomacka</td>
            <td>Jiri</td>
            <td>1</td>
         </tr>
      </table>
   </body>
</html>