<?xml version="1.0" encoding="UTF-8"?>
<Zamestnanci datum="20.3.2011">
   <Zamestnanec id="idZam3">
      <Jmeno>Karel</Jmeno>
      <Prijmeni>Stastny</Prijmeni>
      <Hodnoceni>
							Dobre
						</Hodnoceni>
   </Zamestnanec>
   <Zamestnanec id="idZam5">
      <Jmeno>Karel</Jmeno>
      <Prijmeni>Novotny</Prijmeni>
      <Hodnoceni>
							Prumerne
						</Hodnoceni>
   </Zamestnanec>
   <Zamestnanec id="idZam1">
      <Jmeno>Tomas</Jmeno>
      <Prijmeni>Marny</Prijmeni>
      <Hodnoceni>
						Dobre
					</Hodnoceni>
   </Zamestnanec>
   <Zamestnanec id="idZam2">
      <Jmeno>Jan</Jmeno>
      <Prijmeni>Smutny</Prijmeni>
      <Hodnoceni>Nevyplneno</Hodnoceni>
   </Zamestnanec>
   <Zamestnanec id="idZam4">
      <Jmeno>Jiri</Jmeno>
      <Prijmeni>Vesely</Prijmeni>
      <Hodnoceni>
						Dobre
					</Hodnoceni>
   </Zamestnanec>
   <Zamestnanec id="idZam6">
      <Jmeno>Jiri</Jmeno>
      <Prijmeni>Vomacka</Prijmeni>
      <Hodnoceni>
						Prumerne
					</Hodnoceni>
   </Zamestnanec>
</Zamestnanci>