<?xml version="1.0" encoding="UTF-8" standalone="no"?><servis xmlns:xsi="http://www.w3.org/2001/XMLSchema-instance"><xsi:noNamespaceSchemaLocation>data.xsd</xsi:noNamespaceSchemaLocation>

<!-- Seznam automechaniku -->
<mechanici>

	<mechanik><specializace>elektrikar</specializace><id>M1</id>
		<jmeno>
			<krestni>Karel</krestni>
			<prijmeni>Novak</prijmeni>
		</jmeno>
		<narozen>
			<den>5</den>
			<mesic>9</mesic>
			<rok>1976</rok>
		</narozen>
		<adresa>
			<ulice>
				<nazevulice>U pruhonu</nazevulice>
				<cp>45</cp>
			</ulice>
			<mesto>Prachatice</mesto>
			<psc>54623</psc>
		</adresa>
		<kontakt>
			<email>karel@seznam.cz</email>
			<telefon>659856325</telefon>
		</kontakt>
	</mechanik>
	
		<mechanik><id>M2</id>
		<jmeno>
			<krestni>Pepa</krestni>
			<prijmeni>Novotny</prijmeni>
		</jmeno>
		<narozen>
			<den>15</den>
			<mesic>6</mesic>
			<rok>1967</rok>
		</narozen>
		<adresa>
			<ulice>
				<nazevulice>Presovska</nazevulice>
				<cp>456</cp>
			</ulice>
			<mesto>Kosice</mesto>
			<psc>54623</psc>
			<stat>Slovensko</stat>
		</adresa>
		<kontakt>
			<telefon>456789123</telefon>
			<telefon>465976431</telefon>
			<telefon>454564564</telefon>
			<telefon>454545454</telefon>
			<telefon>457896452</telefon>
			<telefon>794652546</telefon>
			<telefon>497643167</telefon>
			<telefon>497643165</telefon>
			<telefon>851264975</telefon>
			<telefon>123467951</telefon>
			<telefon>976431649</telefon>
			<telefon>794631675</telefon>
		</kontakt>
	</mechanik>
	
		<mechanik><specializace>motorar</specializace><id>M3</id>
		<jmeno>
			<krestni>Martin</krestni>
			<prijmeni>Kulin</prijmeni>
		</jmeno>
		<narozen>
			<den>7</den>
			<mesic>2</mesic>
			<rok>1980</rok>
		</narozen>
		<adresa>
			<ulice>
				<nazevulice>Motolska</nazevulice>
				<cp>5</cp>
			</ulice>
			<mesto>Praha</mesto>
			<psc>25469</psc>
		</adresa>
		<kontakt>
			<email>kulin@gmail.com</email>
		</kontakt>
	</mechanik>

</mechanici>


<!-- Seznam automobilu k oprave -->
<automobily>

	<automobil><vin>FJ564654645354345343</vin>
		<znacka>Citroen</znacka>
		<model>C5</model>
		<datumvyroby>
			<den>4</den>
			<mesic>6</mesic>
			<rok>1990</rok>
		</datumvyroby>
		<zavada>Nestartuje</zavada>
		<odpovidajicimechanik><id>M3</id></odpovidajicimechanik>
		<servisujicimechanici><ids>M1 M3</ids></servisujicimechanici>
	</automobil>
	
	<automobil><vin>FJ578956416541541416416146</vin>
		<znacka>Peugeot</znacka>
		<model>406</model>
		<datumvyroby>
			<den>14</den>
			<mesic>9</mesic>
			<rok>1998</rok>
		</datumvyroby>
		<datumprodeje>
			<den>28</den>
			<mesic>10</mesic>
			<rok>1998</rok>
		</datumprodeje>
		<zavada>
			Nesviti prave zadni svetlo
			<![CDATA[
				document.writeln("Nejaka sekce CDATA");
			]]>
			<?php echo "A instrukce ke zpracovani, co vypise tohle"?>
		</zavada>
		<poznamka>Zarovnkou to neni rika <odkaznamechanika><id>M2</id>Pepa</odkaznamechanika>.</poznamka>
		<odpovidajicimechanik><id>M1</id></odpovidajicimechanik>
		<servisujicimechanici><ids>M1 M2</ids></servisujicimechanici>
	</automobil>
	
	<automobil><vin>DSDFS122422415656456456</vin>
		<znacka>Renault</znacka>
		<model>Megane</model>
		<datumvyroby>
			<den>7</den>
			<mesic>7</mesic>
			<rok>2010</rok>
		</datumvyroby>
		<datumprodeje>
			<den>8</den>
			<mesic>8</mesic>
			<rok>2010</rok>
		</datumprodeje>
		<zarucnioprava/>
		<zavada>Nefunguje radio</zavada>
		<odpovidajicimechanik><id>M1</id></odpovidajicimechanik>
		<servisujicimechanici><ids>M1</ids></servisujicimechanici>
	</automobil>

</automobily>

</servis>