<?xml version="1.0" encoding="UTF-8"?>
<opozidili-ctenari>
   <ctenar>
      <jmeno>
         <krestni>Petra</krestni>
         <prijmeni>Kratochvílová</prijmeni>
      </jmeno>
      <id>098218</id>
      <nevraceno-v-cas isbn-code="978-80-7332-098-0">
         <jmeno>Američtí bohové</jmeno>
         <vypujcni-lhuta day="12" month="4" year="2011"/>
      </nevraceno-v-cas>
   </ctenar>
   <ctenar>
      <jmeno>
         <krestni>Libor</krestni>
         <prijmeni>Korouhvička</prijmeni>
      </jmeno>
      <id>0912622</id>
      <nevraceno-v-cas isbn-code="80-86815-25-0">
         <jmeno>C# a WinForms - programování formulářů Windows</jmeno>
         <vypujcni-lhuta day="1" month="3" year="2011"/>
      </nevraceno-v-cas>
   </ctenar>
</opozidili-ctenari>