<?xml version="1.0" encoding="UTF-8"?>
<knihy>
   <kniha>
      <isbn code="80-86732-57-6"/>
      <vypujcenych>1</vypujcenych>
      <vypujcka>
         <den day="2"/>
         <mesic month="5"/>
         <rok year="2011"/>
      </vypujcka>
   </kniha>
   <kniha>
      <isbn code="978-0-755-3415-5"/>
      <vypujcenych>1</vypujcenych>
      <vypujcka>
         <den day="23"/>
         <mesic month="4"/>
         <rok year="2011"/>
      </vypujcka>
   </kniha>
   <kniha>
      <isbn code="978-80-7332-098-0"/>
      <vypujcenych>1</vypujcenych>
      <vypujcka>
         <den day="12"/>
         <mesic month="4"/>
         <rok year="2011"/>
      </vypujcka>
   </kniha>
   <kniha>
      <isbn code="80-7196-195-7"/>
      <vypujcenych>2</vypujcenych>
      <vypujcka>
         <den day="2"/>
         <mesic month="5"/>
         <rok year="2011"/>
      </vypujcka>
      <vypujcka>
         <den day="6"/>
         <mesic month="6"/>
         <rok year="2011"/>
      </vypujcka>
   </kniha>
   <kniha>
      <isbn code="80-86815-25-0"/>
      <vypujcenych>1</vypujcenych>
      <vypujcka>
         <den day="1"/>
         <mesic month="3"/>
         <rok year="2011"/>
      </vypujcka>
   </kniha>
</knihy>