<?xml version="1.0" encoding="UTF-8"?>
<knihy-s-vytisky-v-knihovne>
   <kniha>
      <jmeno>
         <name>Američtí bohové</name>
      </jmeno>
      <isbn/>
      <vraceni>
         <borrowed day="12" month="4" year="2011"/>
      </vraceni>
   </kniha>
   <kniha>
      <jmeno>
         <name>C# a WinForms - programování formulářů Windows</name>
      </jmeno>
      <isbn/>
      <vraceni>
         <borrowed day="1" month="3" year="2011"/>
      </vraceni>
   </kniha>
</knihy-s-vytisky-v-knihovne>