<?xml version="1.0" encoding="UTF-8"?>
<komentare-s-odkazy>
   <kniha>
      <hlavicka>
			komentář v knize Fragile Things Short Fictions and Wonders odkazuje na knihy
		</hlavicka>
      <ref>
         <name>Fragile Things Short Fictions and Wonders</name>
         <ISBN-commentary>A format</ISBN-commentary>
      </ref>
      <ref>
         <name>Fragile Things Short Fictions and Wonders</name>
         <ISBN-commentary>B format</ISBN-commentary>
      </ref>
   </kniha>
</komentare-s-odkazy>