<?xml version="1.0" encoding="utf-8" standalone="no"?><app-cestovni-prikazy>
  <klienti>
    <klient id="o0001">
      <osobni-informace>
        <jmeno krestni="Martin" prijmeni="Lacina"/>
      </osobni-informace>
      <kontaktni-informace>
        <adresy>
          <adresa cp="334" mesto="Chotebuz" psc="34762" stat="??esk?? republika" ulice="Hromadova"/>
        </adresy>
        <telefony>
          <telefon linka="33" mezinarodni-predvolba="+420" telefonni-cislo="444555666"/>
        </telefony>
      </kontaktni-informace>
      <ostatni-informace>
        <poznamka>
          <important>Autor aplikace</important>.
        </poznamka>
      </ostatni-informace>
    </klient>
    <klient id="o0002">
      <osobni-informace>
        <jmeno krestni="Karel" krestni2="Adam" prijmeni="Burke" titul-pred-jmenem="ing." titul-uprostred="kardin?l" titul-za-jmenem="CSc."/>
      </osobni-informace>
      <kontaktni-informace>
        <adresy>
          <adresa cp="112/3" mesto="Brno" psc="11000" stat="??esk?? republika" ulice="Kolbenova"/>
          <adresa cp="43" mesto="Kot?h?lky" psc="46722" stat="??esk?? republika" ulice="Pinkasova"/>
        </adresy>
      </kontaktni-informace>
      <ostatni-informace/>
    </klient>
    <klient id="o0003">
      <osobni-informace>
        <jmeno krestni="Michal" prijmeni="Moucka" titul-pred-jmenem="Bc."/>
      </osobni-informace>
      <kontaktni-informace>
        <adresy>
          <adresa cp="342" mesto="Bramb?rkov" psc="66833" stat="??esk?? republika" ulice="U Branky"/>
        </adresy>
        <telefony>
          <telefon linka="33" mezinarodni-predvolba="" telefonni-cislo="885520347"/>
        </telefony>
      </kontaktni-informace>
      <ostatni-informace>
        <cisla-uctu>
          <cislo-uctu kod-banky="3342" prefix="22394" ucet="9391201273456"/>
        </cisla-uctu>
        <pracovni-doba>
          <od>
            <time>08:30:00</time>
          </od>
          <do>
            <time>15:30:00</time>
          </do>
        </pracovni-doba>
        <poznamka>
          Neschovava si uctenky! Pokud nedolozi uctenku, nic neproplacet! <important>MUSI</important> je <important>VZDY</important> dolozit <important> OKAMZITE</important>!!!
        </poznamka>
      </ostatni-informace>
    </klient>
  <klient id="o0004"><osobni-informace><jmeno jmeno="" krestni="" krestni2="" prijmeni="" titul-pred-jmenem="" titul-uprostred="" titul-za-jmenem=""/></osobni-informace><kontaktni-informace><adresy><adresa adresa="" cp="" psc="" stat="" ulice=""/></adresy><telefony><telefon linka="" mezinarodni-predvolba="" telefonni-cislo=""/></telefony></kontaktni-informace><ostatni-informace><cisla-uctu><cislo-uctu kod-banky="" ucet=""/></cisla-uctu><pracovni-doba><od><time> </time></od><od><time> </time></od></pracovni-doba><poznamka> </poznamka></ostatni-informace></klient></klienti>
  <pohonne-hmoty>
    <pohonna-hmota id="p0001">
      <nazev-phm>Natural 95</nazev-phm>
      <rocni-vyhlaska>
        <platnost-od>
          <date>2011-01-01</date>
        </platnost-od>
        <platnost-do>
          <date>2011-12-31</date>
        </platnost-do>
        <jednotkova-cena>25.7</jednotkova-cena>
      </rocni-vyhlaska>
      <rocni-vyhlaska>
        <platnost-od>
          <date>2012-01-01</date>
        </platnost-od>
        <platnost-do>
          <date>2012-12-31</date>
        </platnost-do>
        <jednotkova-cena>26.3</jednotkova-cena>
      </rocni-vyhlaska>
    </pohonna-hmota>
    <pohonna-hmota id="p0002">
      <nazev-phm>Natural 98</nazev-phm>
      <rocni-vyhlaska>
        <platnost-od>
          <date>2011-01-01</date>
        </platnost-od>
        <platnost-do>
          <date>2011-12-31</date>
        </platnost-do>
        <jednotkova-cena>27.3</jednotkova-cena>
      </rocni-vyhlaska>
      <rocni-vyhlaska>
        <platnost-od>
          <date>2012-01-01</date>
        </platnost-od>
        <platnost-do>
          <date>2012-12-31</date>
        </platnost-do>
        <jednotkova-cena>26.3</jednotkova-cena>
      </rocni-vyhlaska>
    </pohonna-hmota>
    <pohonna-hmota id="p0003">
      <nazev-phm>LPG</nazev-phm>
      <rocni-vyhlaska>
        <platnost-od>
          <date>2011-01-01</date>
        </platnost-od>
        <platnost-do>
          <date>2011-12-31</date>
        </platnost-do>
        <jednotkova-cena>17.9</jednotkova-cena>
      </rocni-vyhlaska>
      <rocni-vyhlaska>
        <platnost-od>
          <date>2012-01-01</date>
        </platnost-od>
        <platnost-do>
          <date>2012-12-31</date>
        </platnost-do>
        <jednotkova-cena>18.3</jednotkova-cena>
      </rocni-vyhlaska>
    </pohonna-hmota>
    <pohonna-hmota id="p0004">
    	<nazev-phm>Super 95</nazev-phm>
    	<rocni-vyhlaska>
        <platnost-od>
          <date>2012-01-01</date>
        </platnost-od>
        <platnost-do>
          <date>2012-12-31</date>
        </platnost-do>
        <jednotkova-cena>28.3</jednotkova-cena>
    </rocni-vyhlaska>
    </pohonna-hmota>
  <pohonna-hmota id="p0005"><nazev-phm> </nazev-phm><rocni-vyhlaska><platnost-od><date> </date></platnost-od><platnost-do><date> </date></platnost-do><jednotkova-cena> </jednotkova-cena></rocni-vyhlaska></pohonna-hmota></pohonne-hmoty>
  <vozidla>
    <vozidlo id="v0001" typ-phm="p0001">
      <spz>4D5 66-77</spz>
      <typ>?koda 130 L</typ>
      <cislo-tp>12345567890</cislo-tp>
      <majitel>
        <odkaz-do-adresare osoba="o0001"/>
      </majitel>
      <prumerna-spotreba>5.3</prumerna-spotreba>
    </vozidlo>
    <vozidlo id="v0002" typ-phm="p0001">
      <spz>HB 12-73</spz>
      <typ>?koda Octavia</typ>
      <cislo-tp>44223408832002</cislo-tp>
      <majitel>
        <odkaz-do-adresare osoba="o0002"/>
      </majitel>
      <prumerna-spotreba>8.3</prumerna-spotreba>
    </vozidlo>
    <vozidlo id="v0003" typ-phm="p0003">
      <spz>EFK 55-29</spz>
      <typ>Peugeot 305 Combi</typ>
      <cislo-tp>213e4232323232d2cf</cislo-tp>
      <majitel>
        <text>Petra Novakova, Kamenice u Humpolce 332, kraj Vyso?ina</text>
      </majitel>
      <prumerna-spotreba>5.3</prumerna-spotreba>
    </vozidlo>
  <vozidlo id="v0004" typ-phm="p0000"><typ> </typ><typ> </typ><cislo-tp> </cislo-tp><majitel><text> </text></majitel><prumernaSpotreba> </prumernaSpotreba><poznamka> </poznamka></vozidlo></vozidla>
  <cestovni-prikazy>
    <cestovni-prikaz id="cp0001" klient="o0001">
      <prikaz>
        <datum-vytvoreni-prikazu>
          <datetime>
            <date>2012-02-23</date>
            <time>21:32:00</time>
          </datetime>
        </datum-vytvoreni-prikazu>
        <datum-souhlasu-zamestnance-s-cestou>
          <date>2012-02-24</date>
        </datum-souhlasu-zamestnance-s-cestou>
        <urceny-dopravni-prostredek>
          <typ_AUV vozidlo="v0001"/>
        </urceny-dopravni-prostredek>
        <datum-povoleni-cesty>
          <date>2012-02-25</date>
        </datum-povoleni-cesty>
        <povolil>
          <odkaz-do-adresare osoba="o0001"/>
        </povolil>
        <predepsane-cesty>
          <predepsana-cesta>
            <pocatek-cesty>
              <misto>Chotebuz</misto>
              <date>2012-02-26</date>
            </pocatek-cesty>
            <misto-jednani>Praha</misto-jednani>
            <ucel-cesty>Montaz gastro vybaveni v Menze UK &amp; Oprava konvektomatu v menze CVUT.</ucel-cesty>
          </predepsana-cesta>
        </predepsane-cesty>
      </prikaz>

      <vyuctovani bezplatne-stravovani="ne" bezplatne-ubytovani="ne" odlucne="ne" volna-zlevnena-jizdenka="ne">
        <uctovane-cesty>
          <uctovana-cesta>
            <datum-cesty>
              <date>2012-02-26</date>
            </datum-cesty>
            <odjezd-z>
              <misto>Chotebuz</misto>
            </odjezd-z>
            <prijezd-do>
              <misto>Praha</misto>
            </prijezd-do>
            <odjezd-z-hod>
              <time>05:32:00</time>
            </odjezd-z-hod>
            <prijezd-do-hod>
              <time>08:00:00</time>
            </prijezd-do-hod>
            <urceny-dopravni-prostredek>
              <typ_R/>
            </urceny-dopravni-prostredek>
            <vzdalenost>
              156
            </vzdalenost>
            <jizdne>
              106
            </jizdne>
            <stravne>
              80
            </stravne>
            <noclezne>
              0
            </noclezne>
            <vedlejsi-vydaje>
              0
            </vedlejsi-vydaje>
          </uctovana-cesta>
        </uctovane-cesty>
      </vyuctovani>
    </cestovni-prikaz>
    <cestovni-prikaz id="cp0002" klient="o0003">
      <prikaz>
        <datum-vytvoreni-prikazu>
          <datetime>
            <date>2012-03-09</date>
            <time>20:32:00</time>
          </datetime>
        </datum-vytvoreni-prikazu>
        <urceny-dopravni-prostredek>
          <typ_A/>
        </urceny-dopravni-prostredek>
        <predepsane-cesty>
          <predepsana-cesta>
            <pocatek-cesty>
              <misto>Krucemburk</misto>
              <date>2012-03-13</date>
            </pocatek-cesty>
            <misto-jednani>Praha</misto-jednani>
            <ucel-cesty>Pruvodce FS CCE Krucemburk po Praze</ucel-cesty>
          </predepsana-cesta>
          <predepsana-cesta>
            <pocatek-cesty>
              <misto>Praha</misto>
              <date>2012-03-13</date>
            </pocatek-cesty>
            <misto-jednani>Bryndoninov</misto-jednani>
            <ucel-cesty>Predani korunovacnich klenotu zakaznikovi D.</ucel-cesty>
          </predepsana-cesta>
        </predepsane-cesty>
      </prikaz>
      <poznamka>
        <![CDATA[
        =========================================================
        =====>>>>|||||||||||||||||||||||||||||||||||||||<<<<=====
        =====>>>> Bezpecnostni status: Prisne tajne     <<<<=====
        =====>>>>|||||||||||||||||||||||||||||||||||||||<<<<=====
        ========================================================z        
        ]]>
      </poznamka>
    </cestovni-prikaz>
    <cestovni-prikaz id="cp0003" klient="o0001">
      <prikaz>
        <datum-vytvoreni-prikazu>
          <datetime>
            <date>2012-03-12</date>
            <time>10:23:00</time>
          </datetime>
        </datum-vytvoreni-prikazu>
        <datum-souhlasu-zamestnance-s-cestou>
          <date>2012-03-12</date>
        </datum-souhlasu-zamestnance-s-cestou>
        <urceny-dopravni-prostredek>
          <typ_R/>
        </urceny-dopravni-prostredek>
        <predpokladana-castka-vydaju>500</predpokladana-castka-vydaju>
        <zaloha>
          <datum-vydani-zalohy>
            <date>2012-03-12</date>
          </datum-vydani-zalohy>
          <obnos>200</obnos>
          <cislo-pokladniho-dokladu>201003123</cislo-pokladniho-dokladu>
        </zaloha>
        <datum-povoleni-cesty>
          <date>2012-03-12</date>
        </datum-povoleni-cesty>
        <povolil>
          <odkaz-do-adresare osoba="o0001"/>
        </povolil>
        <predepsane-cesty>
          <predepsana-cesta>
            <pocatek-cesty>
              <misto>Chot?bo?</misto>
              <date>2012-03-13</date>
              <time>08:30:00</time>
            </pocatek-cesty>
            <misto-jednani>Pra?sk? hrad, Praha</misto-jednani>
            <ucel-cesty>N?v?t?va v?stavy "Um?n? ?esk? reformace"</ucel-cesty>
            <konec-cesty>
              <misto>Chot?bo?</misto>
              <date>2012-03-13</date>
            </konec-cesty>            
          </predepsana-cesta>
        </predepsane-cesty>
      </prikaz>
      <vyuctovani bezplatne-stravovani="ne" bezplatne-ubytovani="ne" odlucne="ne" volna-zlevnena-jizdenka="ne">
        <uctovane-cesty>
          <uctovana-cesta>
            <datum-cesty>
              <date>2012-03-13</date>
            </datum-cesty>
            <odjezd-z>
              <misto>Chot?bo?</misto>
            </odjezd-z>
            <prijezd-do>
              <misto>Praha</misto>
            </prijezd-do>
            <odjezd-z-hod>
              <time>08:30:00</time>
            </odjezd-z-hod>
            <prijezd-do-hod>
              <time>11:00:00</time>
            </prijezd-do-hod>
            <urceny-dopravni-prostredek>
              <typ_R/>
            </urceny-dopravni-prostredek>
            <vzdalenost>153</vzdalenost>
            <jizdne>194</jizdne>
            <stravne>0</stravne>
            <noclezne>0</noclezne>
            <vedlejsi-vydaje>0</vedlejsi-vydaje>
          </uctovana-cesta>
          <uctovana-cesta>
            <datum-cesty>
              <date>2012-03-13</date>
            </datum-cesty>
            <odjezd-z>
              <misto>Praha</misto>
            </odjezd-z>
            <prijezd-do>
              <misto>Chot?bo?</misto>
            </prijezd-do>
            <odjezd-z-hod>
              <time>16:00:00</time>
            </odjezd-z-hod>
            <prijezd-do-hod>
              <time>18:30:00</time>
            </prijezd-do-hod>
            <urceny-dopravni-prostredek>
              <typ_R/>
            </urceny-dopravni-prostredek>
            <vzdalenost>153</vzdalenost>
            <jizdne>194</jizdne>
            <stravne>100</stravne>
            <noclezne>0</noclezne>
            <vedlejsi-vydaje>0</vedlejsi-vydaje>
          </uctovana-cesta>
          <uctovana-cesta>
            <datum-cesty>
              <date>2012-03-13</date>
            </datum-cesty>
            <odjezd-z>
              <misto>Praha</misto>
            </odjezd-z>
            <prijezd-do>
              <misto>Chot?bo?</misto>
            </prijezd-do>
            <odjezd-z-hod>
              <time>16:00:00</time>
            </odjezd-z-hod>
            <prijezd-do-hod>
              <time>18:30:00</time>
            </prijezd-do-hod>
            <urceny-dopravni-prostredek>
              <typ_R/>
            </urceny-dopravni-prostredek>
            <vzdalenost>153</vzdalenost>
            <jizdne>194</jizdne>
            <stravne>100</stravne>
            <noclezne>0</noclezne>
            <vedlejsi-vydaje>0</vedlejsi-vydaje>
          </uctovana-cesta>
          <uctovana-cesta>
            <datum-cesty>
              <date>2012-03-13</date>
            </datum-cesty>
            <odjezd-z>
              <misto>Praha</misto>
            </odjezd-z>
            <prijezd-do>
              <misto>Chot?bo?</misto>
            </prijezd-do>
            <odjezd-z-hod>
              <time>16:00:00</time>
            </odjezd-z-hod>
            <prijezd-do-hod>
              <time>18:30:00</time>
            </prijezd-do-hod>
            <urceny-dopravni-prostredek>
              <typ_R/>
            </urceny-dopravni-prostredek>
            <vzdalenost>153</vzdalenost>
            <jizdne>194</jizdne>
            <stravne>100</stravne>
            <noclezne>0</noclezne>
            <vedlejsi-vydaje>0</vedlejsi-vydaje>
          </uctovana-cesta>
          <uctovana-cesta>
            <datum-cesty>
              <date>2012-03-13</date>
            </datum-cesty>
            <odjezd-z>
              <misto>Praha</misto>
            </odjezd-z>
            <prijezd-do>
              <misto>Chot?bo?</misto>
            </prijezd-do>
            <odjezd-z-hod>
              <time>16:00:00</time>
            </odjezd-z-hod>
            <prijezd-do-hod>
              <time>18:30:00</time>
            </prijezd-do-hod>
            <urceny-dopravni-prostredek>
              <typ_R/>
            </urceny-dopravni-prostredek>
            <vzdalenost>153</vzdalenost>
            <jizdne>194</jizdne>
            <stravne>100</stravne>
            <noclezne>0</noclezne>
            <vedlejsi-vydaje>0</vedlejsi-vydaje>
          </uctovana-cesta>
          <uctovana-cesta>
            <datum-cesty>
              <date>2012-03-13</date>
            </datum-cesty>
            <odjezd-z>
              <misto>Praha</misto>
            </odjezd-z>
            <prijezd-do>
              <misto>Chot?bo?</misto>
            </prijezd-do>
            <odjezd-z-hod>
              <time>16:00:00</time>
            </odjezd-z-hod>
            <prijezd-do-hod>
              <time>18:30:00</time>
            </prijezd-do-hod>
            <urceny-dopravni-prostredek>
              <typ_R/>
            </urceny-dopravni-prostredek>
            <vzdalenost>153</vzdalenost>
            <jizdne>194</jizdne>
            <stravne>100</stravne>
            <noclezne>0</noclezne>
            <vedlejsi-vydaje>0</vedlejsi-vydaje>
          </uctovana-cesta>
          <uctovana-cesta>
            <datum-cesty>
              <date>2012-03-13</date>
            </datum-cesty>
            <odjezd-z>
              <misto>Praha</misto>
            </odjezd-z>
            <prijezd-do>
              <misto>Chot?bo?</misto>
            </prijezd-do>
            <odjezd-z-hod>
              <time>16:00:00</time>
            </odjezd-z-hod>
            <prijezd-do-hod>
              <time>18:30:00</time>
            </prijezd-do-hod>
            <urceny-dopravni-prostredek>
              <typ_R/>
            </urceny-dopravni-prostredek>
            <vzdalenost>153</vzdalenost>
            <jizdne>194</jizdne>
            <stravne>100</stravne>
            <noclezne>0</noclezne>
            <vedlejsi-vydaje>0</vedlejsi-vydaje>
          </uctovana-cesta>
          <uctovana-cesta>
            <datum-cesty>
              <date>2012-03-13</date>
            </datum-cesty>
            <odjezd-z>
              <misto>Praha</misto>
            </odjezd-z>
            <prijezd-do>
              <misto>Chot?bo?</misto>
            </prijezd-do>
            <odjezd-z-hod>
              <time>16:00:00</time>
            </odjezd-z-hod>
            <prijezd-do-hod>
              <time>18:30:00</time>
            </prijezd-do-hod>
            <urceny-dopravni-prostredek>
              <typ_R/>
            </urceny-dopravni-prostredek>
            <vzdalenost>153</vzdalenost>
            <jizdne>194</jizdne>
            <stravne>100</stravne>
            <noclezne>0</noclezne>
            <vedlejsi-vydaje>0</vedlejsi-vydaje>
          </uctovana-cesta>
          <uctovana-cesta>
            <datum-cesty>
              <date>2012-03-13</date>
            </datum-cesty>
            <odjezd-z>
              <misto>Praha</misto>
            </odjezd-z>
            <prijezd-do>
              <misto>Chot?bo?</misto>
            </prijezd-do>
            <odjezd-z-hod>
              <time>16:00:00</time>
            </odjezd-z-hod>
            <prijezd-do-hod>
              <time>18:30:00</time>
            </prijezd-do-hod>
            <urceny-dopravni-prostredek>
              <typ_R/>
            </urceny-dopravni-prostredek>
            <vzdalenost>153</vzdalenost>
            <jizdne>194</jizdne>
            <stravne>100</stravne>
            <noclezne>0</noclezne>
            <vedlejsi-vydaje>0</vedlejsi-vydaje>
          </uctovana-cesta>
          <uctovana-cesta>
            <datum-cesty>
              <date>2012-03-13</date>
            </datum-cesty>
            <odjezd-z>
              <misto>Praha</misto>
            </odjezd-z>
            <prijezd-do>
              <misto>Chot?bo?</misto>
            </prijezd-do>
            <odjezd-z-hod>
              <time>16:00:00</time>
            </odjezd-z-hod>
            <prijezd-do-hod>
              <time>18:30:00</time>
            </prijezd-do-hod>
            <urceny-dopravni-prostredek>
              <typ_R/>
            </urceny-dopravni-prostredek>
            <vzdalenost>153</vzdalenost>
            <jizdne>194</jizdne>
            <stravne>100</stravne>
            <noclezne>0</noclezne>
            <vedlejsi-vydaje>0</vedlejsi-vydaje>
          </uctovana-cesta>
          <uctovana-cesta>
            <datum-cesty>
              <date>2012-03-13</date>
            </datum-cesty>
            <odjezd-z>
              <misto>Praha</misto>
            </odjezd-z>
            <prijezd-do>
              <misto>Chot?bo?</misto>
            </prijezd-do>
            <odjezd-z-hod>
              <time>16:00:00</time>
            </odjezd-z-hod>
            <prijezd-do-hod>
              <time>18:30:00</time>
            </prijezd-do-hod>
            <urceny-dopravni-prostredek>
              <typ_R/>
            </urceny-dopravni-prostredek>
            <vzdalenost>153</vzdalenost>
            <jizdne>194</jizdne>
            <stravne>100</stravne>
            <noclezne>0</noclezne>
            <vedlejsi-vydaje>0</vedlejsi-vydaje>
          </uctovana-cesta>
          <uctovana-cesta>
            <datum-cesty>
              <date>2012-03-13</date>
            </datum-cesty>
            <odjezd-z>
              <misto>Praha</misto>
            </odjezd-z>
            <prijezd-do>
              <misto>Chot?bo?</misto>
            </prijezd-do>
            <odjezd-z-hod>
              <time>16:00:00</time>
            </odjezd-z-hod>
            <prijezd-do-hod>
              <time>18:30:00</time>
            </prijezd-do-hod>
            <urceny-dopravni-prostredek>
              <typ_R/>
            </urceny-dopravni-prostredek>
            <vzdalenost>153</vzdalenost>
            <jizdne>194</jizdne>
            <stravne>100</stravne>
            <noclezne>0</noclezne>
            <vedlejsi-vydaje>0</vedlejsi-vydaje>
          </uctovana-cesta>
          <uctovana-cesta>
            <datum-cesty>
              <date>2012-03-13</date>
            </datum-cesty>
            <odjezd-z>
              <misto>Praha</misto>
            </odjezd-z>
            <prijezd-do>
              <misto>Chot?bo?</misto>
            </prijezd-do>
            <odjezd-z-hod>
              <time>16:00:00</time>
            </odjezd-z-hod>
            <prijezd-do-hod>
              <time>18:30:00</time>
            </prijezd-do-hod>
            <urceny-dopravni-prostredek>
              <typ_R/>
            </urceny-dopravni-prostredek>
            <vzdalenost>153</vzdalenost>
            <jizdne>194</jizdne>
            <stravne>100</stravne>
            <noclezne>0</noclezne>
            <vedlejsi-vydaje>0</vedlejsi-vydaje>
          </uctovana-cesta>
          <uctovana-cesta>
            <datum-cesty>
              <date>2012-03-13</date>
            </datum-cesty>
            <odjezd-z>
              <misto>Praha</misto>
            </odjezd-z>
            <prijezd-do>
              <misto>Chot?bo?</misto>
            </prijezd-do>
            <odjezd-z-hod>
              <time>16:00:00</time>
            </odjezd-z-hod>
            <prijezd-do-hod>
              <time>18:30:00</time>
            </prijezd-do-hod>
            <urceny-dopravni-prostredek>
              <typ_R/>
            </urceny-dopravni-prostredek>
            <vzdalenost>153</vzdalenost>
            <jizdne>194</jizdne>
            <stravne>100</stravne>
            <noclezne>0</noclezne>
            <vedlejsi-vydaje>0</vedlejsi-vydaje>
          </uctovana-cesta>
          <uctovana-cesta>
            <datum-cesty>
              <date>2012-03-13</date>
            </datum-cesty>
            <odjezd-z>
              <misto>Praha</misto>
            </odjezd-z>
            <prijezd-do>
              <misto>Chot?bo?</misto>
            </prijezd-do>
            <odjezd-z-hod>
              <time>16:00:00</time>
            </odjezd-z-hod>
            <prijezd-do-hod>
              <time>18:30:00</time>
            </prijezd-do-hod>
            <urceny-dopravni-prostredek>
              <typ_R/>
            </urceny-dopravni-prostredek>
            <vzdalenost>153</vzdalenost>
            <jizdne>194</jizdne>
            <stravne>100</stravne>
            <noclezne>0</noclezne>
            <vedlejsi-vydaje>0</vedlejsi-vydaje>
          </uctovana-cesta>
          <uctovana-cesta>
            <datum-cesty>
              <date>2012-03-13</date>
            </datum-cesty>
            <odjezd-z>
              <misto>Praha</misto>
            </odjezd-z>
            <prijezd-do>
              <misto>Chot?bo?</misto>
            </prijezd-do>
            <odjezd-z-hod>
              <time>16:00:00</time>
            </odjezd-z-hod>
            <prijezd-do-hod>
              <time>18:30:00</time>
            </prijezd-do-hod>
            <urceny-dopravni-prostredek>
              <typ_R/>
            </urceny-dopravni-prostredek>
            <vzdalenost>153</vzdalenost>
            <jizdne>194</jizdne>
            <stravne>100</stravne>
            <noclezne>0</noclezne>
            <vedlejsi-vydaje>0</vedlejsi-vydaje>
          </uctovana-cesta>
          <uctovana-cesta>
            <datum-cesty>
              <date>2012-03-13</date>
            </datum-cesty>
            <odjezd-z>
              <misto>Praha</misto>
            </odjezd-z>
            <prijezd-do>
              <misto>Chot?bo?</misto>
            </prijezd-do>
            <odjezd-z-hod>
              <time>16:00:00</time>
            </odjezd-z-hod>
            <prijezd-do-hod>
              <time>18:30:00</time>
            </prijezd-do-hod>
            <urceny-dopravni-prostredek>
              <typ_R/>
            </urceny-dopravni-prostredek>
            <vzdalenost>153</vzdalenost>
            <jizdne>194</jizdne>
            <stravne>100</stravne>
            <noclezne>0</noclezne>
            <vedlejsi-vydaje>0</vedlejsi-vydaje>
          </uctovana-cesta>
          <uctovana-cesta>
            <datum-cesty>
              <date>2012-03-13</date>
            </datum-cesty>
            <odjezd-z>
              <misto>Praha</misto>
            </odjezd-z>
            <prijezd-do>
              <misto>Chot?bo?</misto>
            </prijezd-do>
            <odjezd-z-hod>
              <time>16:00:00</time>
            </odjezd-z-hod>
            <prijezd-do-hod>
              <time>18:30:00</time>
            </prijezd-do-hod>
            <urceny-dopravni-prostredek>
              <typ_R/>
            </urceny-dopravni-prostredek>
            <vzdalenost>153</vzdalenost>
            <jizdne>194</jizdne>
            <stravne>100</stravne>
            <noclezne>0</noclezne>
            <vedlejsi-vydaje>0</vedlejsi-vydaje>
          </uctovana-cesta>
          <uctovana-cesta>
            <datum-cesty>
              <date>2012-03-13</date>
            </datum-cesty>
            <odjezd-z>
              <misto>Praha</misto>
            </odjezd-z>
            <prijezd-do>
              <misto>Chot?bo?</misto>
            </prijezd-do>
            <odjezd-z-hod>
              <time>16:00:00</time>
            </odjezd-z-hod>
            <prijezd-do-hod>
              <time>18:30:00</time>
            </prijezd-do-hod>
            <urceny-dopravni-prostredek>
              <typ_R/>
            </urceny-dopravni-prostredek>
            <vzdalenost>153</vzdalenost>
            <jizdne>194</jizdne>
            <stravne>100</stravne>
            <noclezne>0</noclezne>
            <vedlejsi-vydaje>0</vedlejsi-vydaje>
          </uctovana-cesta>
          <uctovana-cesta>
            <datum-cesty>
              <date>2012-03-13</date>
            </datum-cesty>
            <odjezd-z>
              <misto>Praha</misto>
            </odjezd-z>
            <prijezd-do>
              <misto>Chot?bo?</misto>
            </prijezd-do>
            <odjezd-z-hod>
              <time>16:00:00</time>
            </odjezd-z-hod>
            <prijezd-do-hod>
              <time>18:30:00</time>
            </prijezd-do-hod>
            <urceny-dopravni-prostredek>
              <typ_R/>
            </urceny-dopravni-prostredek>
            <vzdalenost>153</vzdalenost>
            <jizdne>194</jizdne>
            <stravne>100</stravne>
            <noclezne>0</noclezne>
            <vedlejsi-vydaje>0</vedlejsi-vydaje>
          </uctovana-cesta>
          <uctovana-cesta>
            <datum-cesty>
              <date>2012-03-13</date>
            </datum-cesty>
            <odjezd-z>
              <misto>Praha</misto>
            </odjezd-z>
            <prijezd-do>
              <misto>Chot?bo?</misto>
            </prijezd-do>
            <odjezd-z-hod>
              <time>16:00:00</time>
            </odjezd-z-hod>
            <prijezd-do-hod>
              <time>18:30:00</time>
            </prijezd-do-hod>
            <urceny-dopravni-prostredek>
              <typ_R/>
            </urceny-dopravni-prostredek>
            <vzdalenost>153</vzdalenost>
            <jizdne>194</jizdne>
            <stravne>100</stravne>
            <noclezne>0</noclezne>
            <vedlejsi-vydaje>0</vedlejsi-vydaje>
          </uctovana-cesta>
          <uctovana-cesta>
            <datum-cesty>
              <date>2012-03-13</date>
            </datum-cesty>
            <odjezd-z>
              <misto>Praha</misto>
            </odjezd-z>
            <prijezd-do>
              <misto>Chot?bo?</misto>
            </prijezd-do>
            <odjezd-z-hod>
              <time>16:00:00</time>
            </odjezd-z-hod>
            <prijezd-do-hod>
              <time>18:30:00</time>
            </prijezd-do-hod>
            <urceny-dopravni-prostredek>
              <typ_R/>
            </urceny-dopravni-prostredek>
            <vzdalenost>153</vzdalenost>
            <jizdne>194</jizdne>
            <stravne>100</stravne>
            <noclezne>0</noclezne>
            <vedlejsi-vydaje>0</vedlejsi-vydaje>
          </uctovana-cesta>
          <uctovana-cesta>
            <datum-cesty>
              <date>2012-03-13</date>
            </datum-cesty>
            <odjezd-z>
              <misto>Praha</misto>
            </odjezd-z>
            <prijezd-do>
              <misto>Chot?bo?</misto>
            </prijezd-do>
            <odjezd-z-hod>
              <time>16:00:00</time>
            </odjezd-z-hod>
            <prijezd-do-hod>
              <time>18:30:00</time>
            </prijezd-do-hod>
            <urceny-dopravni-prostredek>
              <typ_R/>
            </urceny-dopravni-prostredek>
            <vzdalenost>153</vzdalenost>
            <jizdne>194</jizdne>
            <stravne>100</stravne>
            <noclezne>0</noclezne>
            <vedlejsi-vydaje>0</vedlejsi-vydaje>
          </uctovana-cesta>
          <uctovana-cesta>
            <datum-cesty>
              <date>2012-03-13</date>
            </datum-cesty>
            <odjezd-z>
              <misto>Praha</misto>
            </odjezd-z>
            <prijezd-do>
              <misto>Chot?bo?</misto>
            </prijezd-do>
            <odjezd-z-hod>
              <time>16:00:00</time>
            </odjezd-z-hod>
            <prijezd-do-hod>
              <time>18:30:00</time>
            </prijezd-do-hod>
            <urceny-dopravni-prostredek>
              <typ_R/>
            </urceny-dopravni-prostredek>
            <vzdalenost>153</vzdalenost>
            <jizdne>194</jizdne>
            <stravne>100</stravne>
            <noclezne>0</noclezne>
            <vedlejsi-vydaje>0</vedlejsi-vydaje>
          </uctovana-cesta>
          <uctovana-cesta>
            <datum-cesty>
              <date>2012-03-13</date>
            </datum-cesty>
            <odjezd-z>
              <misto>Praha</misto>
            </odjezd-z>
            <prijezd-do>
              <misto>Chot?bo?</misto>
            </prijezd-do>
            <odjezd-z-hod>
              <time>16:00:00</time>
            </odjezd-z-hod>
            <prijezd-do-hod>
              <time>18:30:00</time>
            </prijezd-do-hod>
            <urceny-dopravni-prostredek>
              <typ_R/>
            </urceny-dopravni-prostredek>
            <vzdalenost>153</vzdalenost>
            <jizdne>194</jizdne>
            <stravne>100</stravne>
            <noclezne>0</noclezne>
            <vedlejsi-vydaje>0</vedlejsi-vydaje>
          </uctovana-cesta>
          <uctovana-cesta>
            <datum-cesty>
              <date>2012-03-13</date>
            </datum-cesty>
            <odjezd-z>
              <misto>Praha</misto>
            </odjezd-z>
            <prijezd-do>
              <misto>Chot?bo?</misto>
            </prijezd-do>
            <odjezd-z-hod>
              <time>16:00:00</time>
            </odjezd-z-hod>
            <prijezd-do-hod>
              <time>18:30:00</time>
            </prijezd-do-hod>
            <urceny-dopravni-prostredek>
              <typ_R/>
            </urceny-dopravni-prostredek>
            <vzdalenost>153</vzdalenost>
            <jizdne>194</jizdne>
            <stravne>100</stravne>
            <noclezne>0</noclezne>
            <vedlejsi-vydaje>0</vedlejsi-vydaje>
          </uctovana-cesta>
          <uctovana-cesta>
            <datum-cesty>
              <date>2012-03-13</date>
            </datum-cesty>
            <odjezd-z>
              <misto>Praha</misto>
            </odjezd-z>
            <prijezd-do>
              <misto>Chot?bo?</misto>
            </prijezd-do>
            <odjezd-z-hod>
              <time>16:00:00</time>
            </odjezd-z-hod>
            <prijezd-do-hod>
              <time>18:30:00</time>
            </prijezd-do-hod>
            <urceny-dopravni-prostredek>
              <typ_R/>
            </urceny-dopravni-prostredek>
            <vzdalenost>153</vzdalenost>
            <jizdne>194</jizdne>
            <stravne>100</stravne>
            <noclezne>0</noclezne>
            <vedlejsi-vydaje>0</vedlejsi-vydaje>
          </uctovana-cesta>
          <uctovana-cesta>
            <datum-cesty>
              <date>2012-03-13</date>
            </datum-cesty>
            <odjezd-z>
              <misto>Praha</misto>
            </odjezd-z>
            <prijezd-do>
              <misto>Chot?bo?</misto>
            </prijezd-do>
            <odjezd-z-hod>
              <time>16:00:00</time>
            </odjezd-z-hod>
            <prijezd-do-hod>
              <time>18:30:00</time>
            </prijezd-do-hod>
            <urceny-dopravni-prostredek>
              <typ_R/>
            </urceny-dopravni-prostredek>
            <vzdalenost>153</vzdalenost>
            <jizdne>194</jizdne>
            <stravne>100</stravne>
            <noclezne>0</noclezne>
            <vedlejsi-vydaje>0</vedlejsi-vydaje>
          </uctovana-cesta>
          <uctovana-cesta>
            <datum-cesty>
              <date>2012-03-13</date>
            </datum-cesty>
            <odjezd-z>
              <misto>Praha</misto>
            </odjezd-z>
            <prijezd-do>
              <misto>Chot?bo?</misto>
            </prijezd-do>
            <odjezd-z-hod>
              <time>16:00:00</time>
            </odjezd-z-hod>
            <prijezd-do-hod>
              <time>18:30:00</time>
            </prijezd-do-hod>
            <urceny-dopravni-prostredek>
              <typ_R/>
            </urceny-dopravni-prostredek>
            <vzdalenost>153</vzdalenost>
            <jizdne>194</jizdne>
            <stravne>100</stravne>
            <noclezne>0</noclezne>
            <vedlejsi-vydaje>0</vedlejsi-vydaje>
          </uctovana-cesta>
          <uctovana-cesta>
            <datum-cesty>
              <date>2012-03-13</date>
            </datum-cesty>
            <odjezd-z>
              <misto>Praha</misto>
            </odjezd-z>
            <prijezd-do>
              <misto>Chot?bo?</misto>
            </prijezd-do>
            <odjezd-z-hod>
              <time>16:00:00</time>
            </odjezd-z-hod>
            <prijezd-do-hod>
              <time>18:30:00</time>
            </prijezd-do-hod>
            <urceny-dopravni-prostredek>
              <typ_R/>
            </urceny-dopravni-prostredek>
            <vzdalenost>153</vzdalenost>
            <jizdne>194</jizdne>
            <stravne>100</stravne>
            <noclezne>0</noclezne>
            <vedlejsi-vydaje>0</vedlejsi-vydaje>
          </uctovana-cesta>
          <uctovana-cesta>
            <datum-cesty>
              <date>2012-03-13</date>
            </datum-cesty>
            <odjezd-z>
              <misto>Praha</misto>
            </odjezd-z>
            <prijezd-do>
              <misto>Chot?bo?</misto>
            </prijezd-do>
            <odjezd-z-hod>
              <time>16:00:00</time>
            </odjezd-z-hod>
            <prijezd-do-hod>
              <time>18:30:00</time>
            </prijezd-do-hod>
            <urceny-dopravni-prostredek>
              <typ_R/>
            </urceny-dopravni-prostredek>
            <vzdalenost>153</vzdalenost>
            <jizdne>194</jizdne>
            <stravne>100</stravne>
            <noclezne>0</noclezne>
            <vedlejsi-vydaje>0</vedlejsi-vydaje>
          </uctovana-cesta>
          <uctovana-cesta>
            <datum-cesty>
              <date>2012-03-13</date>
            </datum-cesty>
            <odjezd-z>
              <misto>Praha</misto>
            </odjezd-z>
            <prijezd-do>
              <misto>Chot?bo?</misto>
            </prijezd-do>
            <odjezd-z-hod>
              <time>16:00:00</time>
            </odjezd-z-hod>
            <prijezd-do-hod>
              <time>18:30:00</time>
            </prijezd-do-hod>
            <urceny-dopravni-prostredek>
              <typ_R/>
            </urceny-dopravni-prostredek>
            <vzdalenost>153</vzdalenost>
            <jizdne>194</jizdne>
            <stravne>100</stravne>
            <noclezne>0</noclezne>
            <vedlejsi-vydaje>0</vedlejsi-vydaje>
          </uctovana-cesta>
          <uctovana-cesta>
            <datum-cesty>
              <date>2012-03-13</date>
            </datum-cesty>
            <odjezd-z>
              <misto>Praha</misto>
            </odjezd-z>
            <prijezd-do>
              <misto>Chot?bo?</misto>
            </prijezd-do>
            <odjezd-z-hod>
              <time>16:00:00</time>
            </odjezd-z-hod>
            <prijezd-do-hod>
              <time>18:30:00</time>
            </prijezd-do-hod>
            <urceny-dopravni-prostredek>
              <typ_R/>
            </urceny-dopravni-prostredek>
            <vzdalenost>153</vzdalenost>
            <jizdne>194</jizdne>
            <stravne>100</stravne>
            <noclezne>0</noclezne>
            <vedlejsi-vydaje>0</vedlejsi-vydaje>
          </uctovana-cesta>
          <uctovana-cesta>
            <datum-cesty>
              <date>2012-03-13</date>
            </datum-cesty>
            <odjezd-z>
              <misto>Praha</misto>
            </odjezd-z>
            <prijezd-do>
              <misto>Chot?bo?</misto>
            </prijezd-do>
            <odjezd-z-hod>
              <time>16:00:00</time>
            </odjezd-z-hod>
            <prijezd-do-hod>
              <time>18:30:00</time>
            </prijezd-do-hod>
            <urceny-dopravni-prostredek>
              <typ_R/>
            </urceny-dopravni-prostredek>
            <vzdalenost>153</vzdalenost>
            <jizdne>194</jizdne>
            <stravne>100</stravne>
            <noclezne>0</noclezne>
            <vedlejsi-vydaje>0</vedlejsi-vydaje>
          </uctovana-cesta>
          <uctovana-cesta>
            <datum-cesty>
              <date>2012-03-13</date>
            </datum-cesty>
            <odjezd-z>
              <misto>Praha</misto>
            </odjezd-z>
            <prijezd-do>
              <misto>Chot?bo?</misto>
            </prijezd-do>
            <odjezd-z-hod>
              <time>16:00:00</time>
            </odjezd-z-hod>
            <prijezd-do-hod>
              <time>18:30:00</time>
            </prijezd-do-hod>
            <urceny-dopravni-prostredek>
              <typ_R/>
            </urceny-dopravni-prostredek>
            <vzdalenost>153</vzdalenost>
            <jizdne>194</jizdne>
            <stravne>100</stravne>
            <noclezne>0</noclezne>
            <vedlejsi-vydaje>0</vedlejsi-vydaje>
          </uctovana-cesta>
          <uctovana-cesta>
            <datum-cesty>
              <date>2012-03-13</date>
            </datum-cesty>
            <odjezd-z>
              <misto>Praha</misto>
            </odjezd-z>
            <prijezd-do>
              <misto>Chot?bo?</misto>
            </prijezd-do>
            <odjezd-z-hod>
              <time>16:00:00</time>
            </odjezd-z-hod>
            <prijezd-do-hod>
              <time>18:30:00</time>
            </prijezd-do-hod>
            <urceny-dopravni-prostredek>
              <typ_R/>
            </urceny-dopravni-prostredek>
            <vzdalenost>153</vzdalenost>
            <jizdne>194</jizdne>
            <stravne>100</stravne>
            <noclezne>0</noclezne>
            <vedlejsi-vydaje>0</vedlejsi-vydaje>
          </uctovana-cesta>
          <uctovana-cesta>
            <datum-cesty>
              <date>2012-03-13</date>
            </datum-cesty>
            <odjezd-z>
              <misto>Praha</misto>
            </odjezd-z>
            <prijezd-do>
              <misto>Chot?bo?</misto>
            </prijezd-do>
            <odjezd-z-hod>
              <time>16:00:00</time>
            </odjezd-z-hod>
            <prijezd-do-hod>
              <time>18:30:00</time>
            </prijezd-do-hod>
            <urceny-dopravni-prostredek>
              <typ_R/>
            </urceny-dopravni-prostredek>
            <vzdalenost>153</vzdalenost>
            <jizdne>194</jizdne>
            <stravne>100</stravne>
            <noclezne>0</noclezne>
            <vedlejsi-vydaje>0</vedlejsi-vydaje>
          </uctovana-cesta>
          <uctovana-cesta>
            <datum-cesty>
              <date>2012-03-13</date>
            </datum-cesty>
            <odjezd-z>
              <misto>Praha</misto>
            </odjezd-z>
            <prijezd-do>
              <misto>Chot?bo?</misto>
            </prijezd-do>
            <odjezd-z-hod>
              <time>16:00:00</time>
            </odjezd-z-hod>
            <prijezd-do-hod>
              <time>18:30:00</time>
            </prijezd-do-hod>
            <urceny-dopravni-prostredek>
              <typ_R/>
            </urceny-dopravni-prostredek>
            <vzdalenost>153</vzdalenost>
            <jizdne>194</jizdne>
            <stravne>100</stravne>
            <noclezne>0</noclezne>
            <vedlejsi-vydaje>0</vedlejsi-vydaje>
          </uctovana-cesta>
          <uctovana-cesta>
            <datum-cesty>
              <date>2012-03-13</date>
            </datum-cesty>
            <odjezd-z>
              <misto>Praha</misto>
            </odjezd-z>
            <prijezd-do>
              <misto>Chot?bo?</misto>
            </prijezd-do>
            <odjezd-z-hod>
              <time>16:00:00</time>
            </odjezd-z-hod>
            <prijezd-do-hod>
              <time>18:30:00</time>
            </prijezd-do-hod>
            <urceny-dopravni-prostredek>
              <typ_R/>
            </urceny-dopravni-prostredek>
            <vzdalenost>153</vzdalenost>
            <jizdne>194</jizdne>
            <stravne>100</stravne>
            <noclezne>0</noclezne>
            <vedlejsi-vydaje>0</vedlejsi-vydaje>
          </uctovana-cesta>
          <uctovana-cesta>
            <datum-cesty>
              <date>2012-03-13</date>
            </datum-cesty>
            <odjezd-z>
              <misto>Praha</misto>
            </odjezd-z>
            <prijezd-do>
              <misto>Chot?bo?</misto>
            </prijezd-do>
            <odjezd-z-hod>
              <time>16:00:00</time>
            </odjezd-z-hod>
            <prijezd-do-hod>
              <time>18:30:00</time>
            </prijezd-do-hod>
            <urceny-dopravni-prostredek>
              <typ_R/>
            </urceny-dopravni-prostredek>
            <vzdalenost>153</vzdalenost>
            <jizdne>194</jizdne>
            <stravne>100</stravne>
            <noclezne>0</noclezne>
            <vedlejsi-vydaje>0</vedlejsi-vydaje>
          </uctovana-cesta>
          <uctovana-cesta>
            <datum-cesty>
              <date>2012-03-13</date>
            </datum-cesty>
            <odjezd-z>
              <misto>Praha</misto>
            </odjezd-z>
            <prijezd-do>
              <misto>Chot?bo?</misto>
            </prijezd-do>
            <odjezd-z-hod>
              <time>16:00:00</time>
            </odjezd-z-hod>
            <prijezd-do-hod>
              <time>18:30:00</time>
            </prijezd-do-hod>
            <urceny-dopravni-prostredek>
              <typ_R/>
            </urceny-dopravni-prostredek>
            <vzdalenost>153</vzdalenost>
            <jizdne>194</jizdne>
            <stravne>100</stravne>
            <noclezne>0</noclezne>
            <vedlejsi-vydaje>0</vedlejsi-vydaje>
          </uctovana-cesta>
          <uctovana-cesta>
            <datum-cesty>
              <date>2012-03-13</date>
            </datum-cesty>
            <odjezd-z>
              <misto>Praha</misto>
            </odjezd-z>
            <prijezd-do>
              <misto>Chot?bo?</misto>
            </prijezd-do>
            <odjezd-z-hod>
              <time>16:00:00</time>
            </odjezd-z-hod>
            <prijezd-do-hod>
              <time>18:30:00</time>
            </prijezd-do-hod>
            <urceny-dopravni-prostredek>
              <typ_R/>
            </urceny-dopravni-prostredek>
            <vzdalenost>153</vzdalenost>
            <jizdne>194</jizdne>
            <stravne>100</stravne>
            <noclezne>0</noclezne>
            <vedlejsi-vydaje>0</vedlejsi-vydaje>
          </uctovana-cesta>
          <uctovana-cesta>
            <datum-cesty>
              <date>2012-03-13</date>
            </datum-cesty>
            <odjezd-z>
              <misto>Praha</misto>
            </odjezd-z>
            <prijezd-do>
              <misto>Chot?bo?</misto>
            </prijezd-do>
            <odjezd-z-hod>
              <time>16:00:00</time>
            </odjezd-z-hod>
            <prijezd-do-hod>
              <time>18:30:00</time>
            </prijezd-do-hod>
            <urceny-dopravni-prostredek>
              <typ_R/>
            </urceny-dopravni-prostredek>
            <vzdalenost>153</vzdalenost>
            <jizdne>194</jizdne>
            <stravne>100</stravne>
            <noclezne>0</noclezne>
            <vedlejsi-vydaje>0</vedlejsi-vydaje>
          </uctovana-cesta>
          <uctovana-cesta>
            <datum-cesty>
              <date>2012-03-13</date>
            </datum-cesty>
            <odjezd-z>
              <misto>Praha</misto>
            </odjezd-z>
            <prijezd-do>
              <misto>Chot?bo?</misto>
            </prijezd-do>
            <odjezd-z-hod>
              <time>16:00:00</time>
            </odjezd-z-hod>
            <prijezd-do-hod>
              <time>18:30:00</time>
            </prijezd-do-hod>
            <urceny-dopravni-prostredek>
              <typ_R/>
            </urceny-dopravni-prostredek>
            <vzdalenost>153</vzdalenost>
            <jizdne>194</jizdne>
            <stravne>100</stravne>
            <noclezne>0</noclezne>
            <vedlejsi-vydaje>0</vedlejsi-vydaje>
          </uctovana-cesta>
          <uctovana-cesta>
            <datum-cesty>
              <date>2012-03-13</date>
            </datum-cesty>
            <odjezd-z>
              <misto>Praha</misto>
            </odjezd-z>
            <prijezd-do>
              <misto>Chot?bo?</misto>
            </prijezd-do>
            <odjezd-z-hod>
              <time>16:00:00</time>
            </odjezd-z-hod>
            <prijezd-do-hod>
              <time>18:30:00</time>
            </prijezd-do-hod>
            <urceny-dopravni-prostredek>
              <typ_R/>
            </urceny-dopravni-prostredek>
            <vzdalenost>153</vzdalenost>
            <jizdne>194</jizdne>
            <stravne>100</stravne>
            <noclezne>0</noclezne>
            <vedlejsi-vydaje>0</vedlejsi-vydaje>
          </uctovana-cesta>
          <uctovana-cesta>
            <datum-cesty>
              <date>2012-03-13</date>
            </datum-cesty>
            <odjezd-z>
              <misto>Praha</misto>
            </odjezd-z>
            <prijezd-do>
              <misto>Chot?bo?</misto>
            </prijezd-do>
            <odjezd-z-hod>
              <time>16:00:00</time>
            </odjezd-z-hod>
            <prijezd-do-hod>
              <time>18:30:00</time>
            </prijezd-do-hod>
            <urceny-dopravni-prostredek>
              <typ_R/>
            </urceny-dopravni-prostredek>
            <vzdalenost>153</vzdalenost>
            <jizdne>194</jizdne>
            <stravne>100</stravne>
            <noclezne>0</noclezne>
            <vedlejsi-vydaje>0</vedlejsi-vydaje>
          </uctovana-cesta>
          <uctovana-cesta>
            <datum-cesty>
              <date>2012-03-13</date>
            </datum-cesty>
            <odjezd-z>
              <misto>Praha</misto>
            </odjezd-z>
            <prijezd-do>
              <misto>Chot?bo?</misto>
            </prijezd-do>
            <odjezd-z-hod>
              <time>16:00:00</time>
            </odjezd-z-hod>
            <prijezd-do-hod>
              <time>18:30:00</time>
            </prijezd-do-hod>
            <urceny-dopravni-prostredek>
              <typ_R/>
            </urceny-dopravni-prostredek>
            <vzdalenost>153</vzdalenost>
            <jizdne>194</jizdne>
            <stravne>100</stravne>
            <noclezne>0</noclezne>
            <vedlejsi-vydaje>0</vedlejsi-vydaje>
          </uctovana-cesta>
          <uctovana-cesta>
            <datum-cesty>
              <date>2012-03-13</date>
            </datum-cesty>
            <odjezd-z>
              <misto>Praha</misto>
            </odjezd-z>
            <prijezd-do>
              <misto>Chot?bo?</misto>
            </prijezd-do>
            <odjezd-z-hod>
              <time>16:00:00</time>
            </odjezd-z-hod>
            <prijezd-do-hod>
              <time>18:30:00</time>
            </prijezd-do-hod>
            <urceny-dopravni-prostredek>
              <typ_R/>
            </urceny-dopravni-prostredek>
            <vzdalenost>153</vzdalenost>
            <jizdne>194</jizdne>
            <stravne>100</stravne>
            <noclezne>0</noclezne>
            <vedlejsi-vydaje>0</vedlejsi-vydaje>
          </uctovana-cesta>
          <uctovana-cesta>
            <datum-cesty>
              <date>2012-03-13</date>
            </datum-cesty>
            <odjezd-z>
              <misto>Praha</misto>
            </odjezd-z>
            <prijezd-do>
              <misto>Chot?bo?</misto>
            </prijezd-do>
            <odjezd-z-hod>
              <time>16:00:00</time>
            </odjezd-z-hod>
            <prijezd-do-hod>
              <time>18:30:00</time>
            </prijezd-do-hod>
            <urceny-dopravni-prostredek>
              <typ_R/>
            </urceny-dopravni-prostredek>
            <vzdalenost>153</vzdalenost>
            <jizdne>194</jizdne>
            <stravne>100</stravne>
            <noclezne>0</noclezne>
            <vedlejsi-vydaje>0</vedlejsi-vydaje>
          </uctovana-cesta>
          <uctovana-cesta>
            <datum-cesty>
              <date>2012-03-13</date>
            </datum-cesty>
            <odjezd-z>
              <misto>Praha</misto>
            </odjezd-z>
            <prijezd-do>
              <misto>Chot?bo?</misto>
            </prijezd-do>
            <odjezd-z-hod>
              <time>16:00:00</time>
            </odjezd-z-hod>
            <prijezd-do-hod>
              <time>18:30:00</time>
            </prijezd-do-hod>
            <urceny-dopravni-prostredek>
              <typ_R/>
            </urceny-dopravni-prostredek>
            <vzdalenost>153</vzdalenost>
            <jizdne>194</jizdne>
            <stravne>100</stravne>
            <noclezne>0</noclezne>
            <vedlejsi-vydaje>0</vedlejsi-vydaje>
          </uctovana-cesta>
          <uctovana-cesta>
            <datum-cesty>
              <date>2012-03-13</date>
            </datum-cesty>
            <odjezd-z>
              <misto>Praha</misto>
            </odjezd-z>
            <prijezd-do>
              <misto>Chot?bo?</misto>
            </prijezd-do>
            <odjezd-z-hod>
              <time>16:00:00</time>
            </odjezd-z-hod>
            <prijezd-do-hod>
              <time>18:30:00</time>
            </prijezd-do-hod>
            <urceny-dopravni-prostredek>
              <typ_R/>
            </urceny-dopravni-prostredek>
            <vzdalenost>153</vzdalenost>
            <jizdne>194</jizdne>
            <stravne>100</stravne>
            <noclezne>0</noclezne>
            <vedlejsi-vydaje>0</vedlejsi-vydaje>
          </uctovana-cesta>
          <uctovana-cesta>
            <datum-cesty>
              <date>2012-03-13</date>
            </datum-cesty>
            <odjezd-z>
              <misto>Praha</misto>
            </odjezd-z>
            <prijezd-do>
              <misto>Chot?bo?</misto>
            </prijezd-do>
            <odjezd-z-hod>
              <time>16:00:00</time>
            </odjezd-z-hod>
            <prijezd-do-hod>
              <time>18:30:00</time>
            </prijezd-do-hod>
            <urceny-dopravni-prostredek>
              <typ_R/>
            </urceny-dopravni-prostredek>
            <vzdalenost>153</vzdalenost>
            <jizdne>194</jizdne>
            <stravne>100</stravne>
            <noclezne>0</noclezne>
            <vedlejsi-vydaje>0</vedlejsi-vydaje>
          </uctovana-cesta>
          <uctovana-cesta>
            <datum-cesty>
              <date>2012-03-13</date>
            </datum-cesty>
            <odjezd-z>
              <misto>Praha</misto>
            </odjezd-z>
            <prijezd-do>
              <misto>Chot?bo?</misto>
            </prijezd-do>
            <odjezd-z-hod>
              <time>16:00:00</time>
            </odjezd-z-hod>
            <prijezd-do-hod>
              <time>18:30:00</time>
            </prijezd-do-hod>
            <urceny-dopravni-prostredek>
              <typ_R/>
            </urceny-dopravni-prostredek>
            <vzdalenost>153</vzdalenost>
            <jizdne>194</jizdne>
            <stravne>100</stravne>
            <noclezne>0</noclezne>
            <vedlejsi-vydaje>0</vedlejsi-vydaje>
          </uctovana-cesta>
          <uctovana-cesta>
            <datum-cesty>
              <date>2012-03-13</date>
            </datum-cesty>
            <odjezd-z>
              <misto>Praha</misto>
            </odjezd-z>
            <prijezd-do>
              <misto>Chot?bo?</misto>
            </prijezd-do>
            <odjezd-z-hod>
              <time>16:00:00</time>
            </odjezd-z-hod>
            <prijezd-do-hod>
              <time>18:30:00</time>
            </prijezd-do-hod>
            <urceny-dopravni-prostredek>
              <typ_R/>
            </urceny-dopravni-prostredek>
            <vzdalenost>153</vzdalenost>
            <jizdne>194</jizdne>
            <stravne>100</stravne>
            <noclezne>0</noclezne>
            <vedlejsi-vydaje>0</vedlejsi-vydaje>
          </uctovana-cesta>
          <uctovana-cesta>
            <datum-cesty>
              <date>2012-03-13</date>
            </datum-cesty>
            <odjezd-z>
              <misto>Praha</misto>
            </odjezd-z>
            <prijezd-do>
              <misto>Chot?bo?</misto>
            </prijezd-do>
            <odjezd-z-hod>
              <time>16:00:00</time>
            </odjezd-z-hod>
            <prijezd-do-hod>
              <time>18:30:00</time>
            </prijezd-do-hod>
            <urceny-dopravni-prostredek>
              <typ_R/>
            </urceny-dopravni-prostredek>
            <vzdalenost>153</vzdalenost>
            <jizdne>194</jizdne>
            <stravne>100</stravne>
            <noclezne>0</noclezne>
            <vedlejsi-vydaje>0</vedlejsi-vydaje>
          </uctovana-cesta>
          <uctovana-cesta>
            <datum-cesty>
              <date>2012-03-13</date>
            </datum-cesty>
            <odjezd-z>
              <misto>Praha</misto>
            </odjezd-z>
            <prijezd-do>
              <misto>Chot?bo?</misto>
            </prijezd-do>
            <odjezd-z-hod>
              <time>16:00:00</time>
            </odjezd-z-hod>
            <prijezd-do-hod>
              <time>18:30:00</time>
            </prijezd-do-hod>
            <urceny-dopravni-prostredek>
              <typ_R/>
            </urceny-dopravni-prostredek>
            <vzdalenost>153</vzdalenost>
            <jizdne>194</jizdne>
            <stravne>100</stravne>
            <noclezne>0</noclezne>
            <vedlejsi-vydaje>0</vedlejsi-vydaje>
          </uctovana-cesta>
          <uctovana-cesta>
            <datum-cesty>
              <date>2012-03-13</date>
            </datum-cesty>
            <odjezd-z>
              <misto>Praha</misto>
            </odjezd-z>
            <prijezd-do>
              <misto>Chot?bo?</misto>
            </prijezd-do>
            <odjezd-z-hod>
              <time>16:00:00</time>
            </odjezd-z-hod>
            <prijezd-do-hod>
              <time>18:30:00</time>
            </prijezd-do-hod>
            <urceny-dopravni-prostredek>
              <typ_R/>
            </urceny-dopravni-prostredek>
            <vzdalenost>153</vzdalenost>
            <jizdne>194</jizdne>
            <stravne>100</stravne>
            <noclezne>0</noclezne>
            <vedlejsi-vydaje>0</vedlejsi-vydaje>
          </uctovana-cesta>
          <uctovana-cesta>
            <datum-cesty>
              <date>2012-03-13</date>
            </datum-cesty>
            <odjezd-z>
              <misto>Praha</misto>
            </odjezd-z>
            <prijezd-do>
              <misto>Chot?bo?</misto>
            </prijezd-do>
            <odjezd-z-hod>
              <time>16:00:00</time>
            </odjezd-z-hod>
            <prijezd-do-hod>
              <time>18:30:00</time>
            </prijezd-do-hod>
            <urceny-dopravni-prostredek>
              <typ_R/>
            </urceny-dopravni-prostredek>
            <vzdalenost>153</vzdalenost>
            <jizdne>194</jizdne>
            <stravne>100</stravne>
            <noclezne>0</noclezne>
            <vedlejsi-vydaje>0</vedlejsi-vydaje>
          </uctovana-cesta>
          <uctovana-cesta>
            <datum-cesty>
              <date>2012-03-13</date>
            </datum-cesty>
            <odjezd-z>
              <misto>Praha</misto>
            </odjezd-z>
            <prijezd-do>
              <misto>Chot?bo?</misto>
            </prijezd-do>
            <odjezd-z-hod>
              <time>16:00:00</time>
            </odjezd-z-hod>
            <prijezd-do-hod>
              <time>18:30:00</time>
            </prijezd-do-hod>
            <urceny-dopravni-prostredek>
              <typ_R/>
            </urceny-dopravni-prostredek>
            <vzdalenost>153</vzdalenost>
            <jizdne>194</jizdne>
            <stravne>100</stravne>
            <noclezne>0</noclezne>
            <vedlejsi-vydaje>0</vedlejsi-vydaje>
          </uctovana-cesta>
          <uctovana-cesta>
            <datum-cesty>
              <date>2012-03-13</date>
            </datum-cesty>
            <odjezd-z>
              <misto>Praha</misto>
            </odjezd-z>
            <prijezd-do>
              <misto>Chot?bo?</misto>
            </prijezd-do>
            <odjezd-z-hod>
              <time>16:00:00</time>
            </odjezd-z-hod>
            <prijezd-do-hod>
              <time>18:30:00</time>
            </prijezd-do-hod>
            <urceny-dopravni-prostredek>
              <typ_R/>
            </urceny-dopravni-prostredek>
            <vzdalenost>153</vzdalenost>
            <jizdne>194</jizdne>
            <stravne>100</stravne>
            <noclezne>0</noclezne>
            <vedlejsi-vydaje>0</vedlejsi-vydaje>
          </uctovana-cesta>
          <uctovana-cesta>
            <datum-cesty>
              <date>2012-03-13</date>
            </datum-cesty>
            <odjezd-z>
              <misto>Praha</misto>
            </odjezd-z>
            <prijezd-do>
              <misto>Chot?bo?</misto>
            </prijezd-do>
            <odjezd-z-hod>
              <time>16:00:00</time>
            </odjezd-z-hod>
            <prijezd-do-hod>
              <time>18:30:00</time>
            </prijezd-do-hod>
            <urceny-dopravni-prostredek>
              <typ_R/>
            </urceny-dopravni-prostredek>
            <vzdalenost>153</vzdalenost>
            <jizdne>194</jizdne>
            <stravne>100</stravne>
            <noclezne>0</noclezne>
            <vedlejsi-vydaje>0</vedlejsi-vydaje>
          </uctovana-cesta>
          <uctovana-cesta>
            <datum-cesty>
              <date>2012-03-13</date>
            </datum-cesty>
            <odjezd-z>
              <misto>Praha</misto>
            </odjezd-z>
            <prijezd-do>
              <misto>Chot?bo?</misto>
            </prijezd-do>
            <odjezd-z-hod>
              <time>16:00:00</time>
            </odjezd-z-hod>
            <prijezd-do-hod>
              <time>18:30:00</time>
            </prijezd-do-hod>
            <urceny-dopravni-prostredek>
              <typ_R/>
            </urceny-dopravni-prostredek>
            <vzdalenost>153</vzdalenost>
            <jizdne>194</jizdne>
            <stravne>100</stravne>
            <noclezne>0</noclezne>
            <vedlejsi-vydaje>0</vedlejsi-vydaje>
          </uctovana-cesta>
          <uctovana-cesta>
            <datum-cesty>
              <date>2012-03-13</date>
            </datum-cesty>
            <odjezd-z>
              <misto>Praha</misto>
            </odjezd-z>
            <prijezd-do>
              <misto>Chot?bo?</misto>
            </prijezd-do>
            <odjezd-z-hod>
              <time>16:00:00</time>
            </odjezd-z-hod>
            <prijezd-do-hod>
              <time>18:30:00</time>
            </prijezd-do-hod>
            <urceny-dopravni-prostredek>
              <typ_R/>
            </urceny-dopravni-prostredek>
            <vzdalenost>153</vzdalenost>
            <jizdne>194</jizdne>
            <stravne>100</stravne>
            <noclezne>0</noclezne>
            <vedlejsi-vydaje>0</vedlejsi-vydaje>
          </uctovana-cesta>
          <uctovana-cesta>
            <datum-cesty>
              <date>2012-03-13</date>
            </datum-cesty>
            <odjezd-z>
              <misto>Praha</misto>
            </odjezd-z>
            <prijezd-do>
              <misto>Chot?bo?</misto>
            </prijezd-do>
            <odjezd-z-hod>
              <time>16:00:00</time>
            </odjezd-z-hod>
            <prijezd-do-hod>
              <time>18:30:00</time>
            </prijezd-do-hod>
            <urceny-dopravni-prostredek>
              <typ_R/>
            </urceny-dopravni-prostredek>
            <vzdalenost>153</vzdalenost>
            <jizdne>194</jizdne>
            <stravne>100</stravne>
            <noclezne>0</noclezne>
            <vedlejsi-vydaje>0</vedlejsi-vydaje>
          </uctovana-cesta>
          <uctovana-cesta>
            <datum-cesty>
              <date>2012-03-13</date>
            </datum-cesty>
            <odjezd-z>
              <misto>Praha</misto>
            </odjezd-z>
            <prijezd-do>
              <misto>Chot?bo?</misto>
            </prijezd-do>
            <odjezd-z-hod>
              <time>16:00:00</time>
            </odjezd-z-hod>
            <prijezd-do-hod>
              <time>18:30:00</time>
            </prijezd-do-hod>
            <urceny-dopravni-prostredek>
              <typ_R/>
            </urceny-dopravni-prostredek>
            <vzdalenost>153</vzdalenost>
            <jizdne>194</jizdne>
            <stravne>100</stravne>
            <noclezne>0</noclezne>
            <vedlejsi-vydaje>0</vedlejsi-vydaje>
          </uctovana-cesta>
          <uctovana-cesta>
            <datum-cesty>
              <date>2012-03-13</date>
            </datum-cesty>
            <odjezd-z>
              <misto>Praha</misto>
            </odjezd-z>
            <prijezd-do>
              <misto>Chot?bo?</misto>
            </prijezd-do>
            <odjezd-z-hod>
              <time>16:00:00</time>
            </odjezd-z-hod>
            <prijezd-do-hod>
              <time>18:30:00</time>
            </prijezd-do-hod>
            <urceny-dopravni-prostredek>
              <typ_R/>
            </urceny-dopravni-prostredek>
            <vzdalenost>153</vzdalenost>
            <jizdne>194</jizdne>
            <stravne>100</stravne>
            <noclezne>0</noclezne>
            <vedlejsi-vydaje>0</vedlejsi-vydaje>
          </uctovana-cesta>
          <uctovana-cesta>
            <datum-cesty>
              <date>2012-03-13</date>
            </datum-cesty>
            <odjezd-z>
              <misto>Praha</misto>
            </odjezd-z>
            <prijezd-do>
              <misto>Chot?bo?</misto>
            </prijezd-do>
            <odjezd-z-hod>
              <time>16:00:00</time>
            </odjezd-z-hod>
            <prijezd-do-hod>
              <time>18:30:00</time>
            </prijezd-do-hod>
            <urceny-dopravni-prostredek>
              <typ_R/>
            </urceny-dopravni-prostredek>
            <vzdalenost>153</vzdalenost>
            <jizdne>194</jizdne>
            <stravne>100</stravne>
            <noclezne>0</noclezne>
            <vedlejsi-vydaje>0</vedlejsi-vydaje>
          </uctovana-cesta>
          <uctovana-cesta>
            <datum-cesty>
              <date>2012-03-13</date>
            </datum-cesty>
            <odjezd-z>
              <misto>Praha</misto>
            </odjezd-z>
            <prijezd-do>
              <misto>Chot?bo?</misto>
            </prijezd-do>
            <odjezd-z-hod>
              <time>16:00:00</time>
            </odjezd-z-hod>
            <prijezd-do-hod>
              <time>18:30:00</time>
            </prijezd-do-hod>
            <urceny-dopravni-prostredek>
              <typ_R/>
            </urceny-dopravni-prostredek>
            <vzdalenost>153</vzdalenost>
            <jizdne>194</jizdne>
            <stravne>100</stravne>
            <noclezne>0</noclezne>
            <vedlejsi-vydaje>0</vedlejsi-vydaje>
          </uctovana-cesta>
          <uctovana-cesta>
            <datum-cesty>
              <date>2012-03-13</date>
            </datum-cesty>
            <odjezd-z>
              <misto>Praha</misto>
            </odjezd-z>
            <prijezd-do>
              <misto>Chot?bo?</misto>
            </prijezd-do>
            <odjezd-z-hod>
              <time>16:00:00</time>
            </odjezd-z-hod>
            <prijezd-do-hod>
              <time>18:30:00</time>
            </prijezd-do-hod>
            <urceny-dopravni-prostredek>
              <typ_R/>
            </urceny-dopravni-prostredek>
            <vzdalenost>153</vzdalenost>
            <jizdne>194</jizdne>
            <stravne>100</stravne>
            <noclezne>0</noclezne>
            <vedlejsi-vydaje>0</vedlejsi-vydaje>
          </uctovana-cesta>
          <uctovana-cesta>
            <datum-cesty>
              <date>2012-03-13</date>
            </datum-cesty>
            <odjezd-z>
              <misto>Praha</misto>
            </odjezd-z>
            <prijezd-do>
              <misto>Chot?bo?</misto>
            </prijezd-do>
            <odjezd-z-hod>
              <time>16:00:00</time>
            </odjezd-z-hod>
            <prijezd-do-hod>
              <time>18:30:00</time>
            </prijezd-do-hod>
            <urceny-dopravni-prostredek>
              <typ_R/>
            </urceny-dopravni-prostredek>
            <vzdalenost>153</vzdalenost>
            <jizdne>194</jizdne>
            <stravne>100</stravne>
            <noclezne>0</noclezne>
            <vedlejsi-vydaje>0</vedlejsi-vydaje>
          </uctovana-cesta>
          <uctovana-cesta>
            <datum-cesty>
              <date>2012-03-13</date>
            </datum-cesty>
            <odjezd-z>
              <misto>Praha</misto>
            </odjezd-z>
            <prijezd-do>
              <misto>Chot?bo?</misto>
            </prijezd-do>
            <odjezd-z-hod>
              <time>16:00:00</time>
            </odjezd-z-hod>
            <prijezd-do-hod>
              <time>18:30:00</time>
            </prijezd-do-hod>
            <urceny-dopravni-prostredek>
              <typ_R/>
            </urceny-dopravni-prostredek>
            <vzdalenost>153</vzdalenost>
            <jizdne>194</jizdne>
            <stravne>100</stravne>
            <noclezne>0</noclezne>
            <vedlejsi-vydaje>0</vedlejsi-vydaje>
          </uctovana-cesta>
        </uctovane-cesty>
      </vyuctovani>
    </cestovni-prikaz>
  <cestovni-prikaz id="cp0004" klient="o0000"><prikaz><datum-vytvoreni-prikazu><datetime><date> </date><time> </time></datetime></datum-vytvoreni-prikazu><datum-souhlasu-zamestnance-s-cestou><date> </date></datum-souhlasu-zamestnance-s-cestou><urceny-dopravni-prostredek><typ_A/></urceny-dopravni-prostredek><predpokladana-castka-vydaju> </predpokladana-castka-vydaju><zaloha><datum-vydani-zalohy><date> </date></datum-vydani-zalohy><obnos> </obnos><cislo-pokladniho-dokladu> </cislo-pokladniho-dokladu></zaloha><datum-povoleni-cesty><date> </date></datum-povoleni-cesty><povolil><text> </text></povolil><predepsane-cesty><predepsana-cesta><pocatek-cesty><misto> </misto><date> </date><time> </time></pocatek-cesty><misto-jednani> </misto-jednani><ucel-cesty> </ucel-cesty><doba-trvani> </doba-trvani><konec-cesty><misto> </misto><date> </date></konec-cesty></predepsana-cesta></predepsane-cesty></prikaz><vyuctovani bezplatne-stravovani="ne" bezplatne-ubytovani="ne" odlucne="ne" volna-zlevnena-jizdenka="ne"><datum-podani-vyuctovani><date> </date></datum-podani-vyuctovani><uctovane-cesty><uctovana-cesta><datum-cesty><date> </date></datum-cesty><odjezd-z><misto> </misto></odjezd-z><prijezd-do><misto> </misto></prijezd-do><odjezd-z-hod><time> </time></odjezd-z-hod><prijezd-do-hod><time> </time></prijezd-do-hod><urceny-dopravni-prostredek><typ_A/></urceny-dopravni-prostredek><vzdalenost> </vzdalenost><jizdne> </jizdne><stravne> </stravne><noclezne> </noclezne><vedlejsi-vydaje> </vedlejsi-vydaje><poznamka> </poznamka></uctovana-cesta></uctovane-cesty></vyuctovani><poznamka> </poznamka></cestovni-prikaz></cestovni-prikazy>
  <instrukce>
    <?php echo 'Data published date and time '.date() ?>
    <?esss if (requested-modules: esss_core-1.0.0.3:esss_update-1.0.0.0:esss_cn_ext-1.0.0.0)
        esss_cn_ext(update-db);
    ?>
    <?esss #added by daemon malstrom...
      if (requested-modules: esss_core-1.0.0.0:esss_administration-0.0.0.1:mutipla_hack-0.0.0.1)
         mutipla_hack(admin format -all);
    ?>
  </instrukce>
<intrukce/></app-cestovni-prikazy>