<html>
   <head>
      <meta http-equiv="Content-Type" content="text/html; charset=UTF-8">
      <title>Kategorie a jejich vyrobky</title>
   </head>
   <body>
      <ul><b>kobliha</b><li>Ovocna kobliha</li>
         <li>Cokoladova kobliha</li>
      </ul>
      <ul><b>rohlik</b><li>Rohlik tukovy</li>
         <li>Celozrnny rohlik</li>
         <li>Makovy rohlik</li>
         <li>Slany rohlik</li>
      </ul>
      <ul><b>chleba</b><li>Chleb Sumava</li>
         <li>Kovarky chleb</li>
         <li>Slunecnicovy chleb</li>
      </ul>
   </body>
</html>