<?xml version="1.0" encoding="UTF-8"?>
<odberatele>
   <odberatel>
      <nazev>Pecivo na rohu</nazev>
      <odber>12800</odber>
   </odberatel>
   <odberatel>
      <nazev>Pecivo na rohu - Prodejna 1</nazev>
      <odber>2300</odber>
   </odberatel>
   <odberatel>
      <nazev>Pecivo na rohu - Prodejna 1.1</nazev>
      <odber>300</odber>
   </odberatel>
   <odberatel>
      <nazev>Pecivo na rohu - Prodejna 1.2</nazev>
      <odber>1000</odber>
   </odberatel>
   <odberatel>
      <nazev>Pecivo na rohu - Prodejna 2</nazev>
      <odber>500</odber>
   </odberatel>
   <odberatel>
      <nazev>Hociktere pecivo</nazev>
      <odber>2000</odber>
   </odberatel>
   <odberatel>
      <nazev>Varmuzova pekarna</nazev>
      <odber>8000</odber>
   </odberatel>
</odberatele>