<?xml version="1.0" encoding="UTF-8"?>
<recepty>
   <recept>
      Suroviny smichame dohromady, dame napln a smazime pet minut po obou stranach
    <vyrobek>Cokoladova kobliha</vyrobek>
      <vyrobek>Ovocna kobliha</vyrobek>
   </recept>
   <recept>
      Suroviny smichame dohromady, nechame vykynout a peceme 20 minut pri 200 stupnich.
    <vyrobek>Celozrnny rohlik</vyrobek>
      <vyrobek>Makovy rohlik</vyrobek>
      <vyrobek>Rohlik tukovy</vyrobek>
      <vyrobek>Slany rohlik</vyrobek>
   </recept>
   <recept>
      Suroviny smichame dohromady, nechame vykynout a peceme 30 minut pri 200 stupnich.
    <vyrobek>Chleb Sumava</vyrobek>
      <vyrobek>Kovarky chleb</vyrobek>
      <vyrobek>Slunecnicovy chleb</vyrobek>
   </recept>
   <recept>
      Suroviny smichame dohromady, nechame vykynout, rozdelime na dily, zapleteme je do sebe a peceme 30 minut pri 220 stupnich.
    <vyrobek>Vanocka</vyrobek>
   </recept>
</recepty>