<?xml version="1.0" encoding="UTF-8" standalone="no"?><?xml-stylesheet type="text/xsl" href="data2html.xsl"?>
<!--<!DOCTYPE databaze_serialu SYSTEM "data.dtd">--><!-- datab?ze aktu?ln? vys?lan?ch seri?l? s div?ky a jejich obl?ben?mi ser?ly --><databaze_serialu>
	<!-- div?k reprezentuje jednoho ?lov?ka, kter? sleduje seri?ly -->
	<divaci>
		<divak>
			<!-- div?kovy osobn? ?daje -->
			<osobni_udaje>
				<jmeno>Franta</jmeno>
				<prijmeni>Vom??ka</prijmeni>
				<vek>25</vek>
				<vzdelani>st?edo?kolsk? s maturitou</vzdelani>
				<mesto>Praha</mesto>
			</osobni_udaje>
			<!-- zde jsou div?kovy obl?ben? seri?lky v?etn? referenc? na jejich ID -->
			<oblibene_serialy>
				<oblib_serial>Big Bang Theory
					<hodnoceni>9/10</hodnoceni>
				<misto_sledovani>po??ta?</misto_sledovani><ref_id>s_id1</ref_id></oblib_serial>
				<oblib_serial>IT Crowd
					<hodnoceni>9/10</hodnoceni>
				<misto_sledovani>po??ta?</misto_sledovani><ref_id>s_id8</ref_id></oblib_serial>
				<oblib_serial>Futurama
					<hodnoceni>8/10</hodnoceni>
				<misto_sledovani>televize</misto_sledovani><ref_id>s_id9</ref_id></oblib_serial>
				<oblib_serial>Simpsonovi
					<hodnoceni>10/10</hodnoceni>
				<misto_sledovani>televize</misto_sledovani><ref_id>s_id10</ref_id></oblib_serial>
				<oblib_serial>Dr. House
					<hodnoceni>10/10</hodnoceni>
				<misto_sledovani>po??ta?</misto_sledovani><ref_id>s_id5</ref_id></oblib_serial>
			</oblibene_serialy>
		<datum_registrace>2001-02-11</datum_registrace><id>d_id1</id></divak>
		<divak>
			<osobni_udaje>
				<jmeno>Pepa</jmeno>
				<prijmeni>Sko?dopole</prijmeni>
				<vek>30</vek>
				<vzdelani>vysoko?kolsk?</vzdelani>
				<mesto>Praha</mesto>
				<telefon>650121232</telefon>
			</osobni_udaje>
			<oblibene_serialy>
				<oblib_serial>Dexter
					<hodnoceni>10/10</hodnoceni>
				<misto_sledovani>po??ta?</misto_sledovani><ref_id>s_id4</ref_id></oblib_serial>
				<oblib_serial>Dr. House
					<hodnoceni>10/10</hodnoceni>
				<misto_sledovani>po??ta?</misto_sledovani><ref_id>s_id5</ref_id></oblib_serial>
				<oblib_serial>Chuck
					<hodnoceni>9/10</hodnoceni>
				<misto_sledovani>po??ta?</misto_sledovani><ref_id>s_id7</ref_id></oblib_serial>
			</oblibene_serialy>
		<datum_registrace>2011-03-10</datum_registrace><id>d_id2</id></divak>
		<divak>
			<osobni_udaje>
				<jmeno>Tereza</jmeno>
				<prijmeni>Nov?kov?</prijmeni>
				<vek>26</vek>
				<vzdelani>vysoko?kolsk?</vzdelani>
				<mesto>Brno</mesto>
			</osobni_udaje>
			<oblibene_serialy>
				<oblib_serial>Dexter
					<hodnoceni>9/10</hodnoceni>
				<misto_sledovani>po??ta?</misto_sledovani><ref_id>s_id4</ref_id></oblib_serial>
				<oblib_serial>Big Bang Theory
					<hodnoceni>10/10</hodnoceni>
				<misto_sledovani>po??ta?</misto_sledovani><ref_id>s_id1</ref_id></oblib_serial>
				<oblib_serial>Futurama
					<hodnoceni>9/10</hodnoceni>
				<misto_sledovani>po??ta?</misto_sledovani><ref_id>s_id9</ref_id></oblib_serial>
				<oblib_serial>IT Crowd
					<hodnoceni>6/10</hodnoceni>
				<misto_sledovani>po??ta?</misto_sledovani><ref_id>s_id8</ref_id></oblib_serial>
			</oblibene_serialy>
		<datum_registrace>2011-03-20</datum_registrace><id>d_id3</id></divak>
	</divaci>
	<!-- seznam seri?l? -->
	<serialy>
		<serial>
			<nazev>Big Bang Theory</nazev>
			<zanr>komedie</zanr>
			<technicke_parametry>
				<zacatek_vysilani>2007</zacatek_vysilani>
				<konec_vysilani/>
				<delka_epizody>20 minut</delka_epizody>
			</technicke_parametry>
			<hlavni_postavy>
				<postava>
					<jmeno>Shledon</jmeno>
					<herec>Jim Parsons</herec>
				</postava>
				<postava>
					<jmeno>Leonard Hofstadter</jmeno>
					<herec>Johnny Galecki</herec>
				</postava>
				<postava>
					<jmeno>Penny</jmeno>
					<herecka>Kaley Cuoco</herecka>
				</postava>
				<postava>
					<jmeno>Howard Wolowitz</jmeno>
					<herec>Simon Helberg</herec>
				</postava>
				<postava>
					<jmeno>Raj Koothrappali</jmeno>
					<herec>Kunal Nayyar</herec>
				</postava>
			</hlavni_postavy>
		<id>s_id1</id><hodnoceni>9/10</hodnoceni><hodnoceni>10/10</hodnoceni></serial>
		<serial>
			<nazev>Breaking Bad</nazev>
			<zanr>krimi</zanr>
			<zanr>drama</zanr>
			<technicke_parametry>
				<zacatek_vysilani>2008</zacatek_vysilani>
				<konec_vysilani/>
				<delka_epizody>45 minut</delka_epizody>
			</technicke_parametry>
			<hlavni_postavy>
				<postava>
					<jmeno>Walter White</jmeno>
					<herec>Bryan Cranston</herec>
				</postava>
				<postava>
					<jmeno>Skyler White</jmeno>
					<herecka>Anna Gunn</herecka>
				</postava>
				<postava>
					<jmeno>Jesse Pinkman</jmeno>
					<herec>Aaron Paul</herec>
				</postava>
				<postava>
					<jmeno>Hank Schrader</jmeno>
					<herec>Dean Norris</herec>
				</postava>
				<postava>
					<jmeno>Marie Schrader</jmeno>
					<herecka>Betsy Brandt</herecka>
				</postava>
				<postava>
					<jmeno>Walter White Jr.</jmeno>
					<herec>RJ Mitte</herec>
				</postava>
			</hlavni_postavy>
		<id>s_id2</id></serial>
		<serial>
			<nazev>Californication</nazev>
			<zanr>komedie</zanr>
			<zanr>drama</zanr>
			<technicke_parametry>
				<zacatek_vysilani>2007</zacatek_vysilani>
				<konec_vysilani/>
				<delka_epizody>30 minut</delka_epizody>
			</technicke_parametry>
			<hlavni_postavy>
				<postava>
					<jmeno>Hank Moody</jmeno>
					<herec>David Duchovny</herec>
				</postava>
				<postava>
					<jmeno>Karen</jmeno>
					<herecka>Natascha McElhone</herecka>
				</postava>
				<postava>
					<jmeno>Becca Moody</jmeno>
					<herecka>Madeleine Martin</herecka>
				</postava>
				<postava>
					<jmeno>Charlie Runkle</jmeno>
					<herec>Evan Handler</herec>
				</postava>
				<postava>
					<jmeno>Marcy Runkle</jmeno>
					<herecka>Pamela Adlon</herecka>
				</postava>
			</hlavni_postavy>
		<id>s_id3</id></serial>
		<serial>
			<nazev>Dexter</nazev>
			<zanr>krimi</zanr>
			<zanr>drama</zanr>
			<zanr>thriller</zanr>
			<technicke_parametry>
				<zacatek_vysilani>2006</zacatek_vysilani>
				<konec_vysilani/>
				<delka_epizody>60 minut</delka_epizody>
			</technicke_parametry>
			<hlavni_postavy>
				<postava>
					<jmeno>Dexter Morgan</jmeno>
					<herec>Michael C. Hall</herec>
				</postava>
				<postava>
					<jmeno>Debra Morgan</jmeno>
					<herecka>Jennifer Carpenter</herecka>
				</postava>
				<postava>
					<jmeno>Lt. Maria Laguerta</jmeno>
					<herecka>Lauren V?lez</herecka>
				</postava>
				<postava>
					<jmeno>Sgt. Angel Batista</jmeno>
					<herec>David Zayas</herec>
				</postava>
			</hlavni_postavy>
		<id>s_id4</id><hodnoceni>10/10</hodnoceni><hodnoceni>9/10</hodnoceni></serial>
		<serial>
			<nazev>House MD</nazev>
			<zanr>drama</zanr>
			<technicke_parametry>
				<zacatek_vysilani>2004</zacatek_vysilani>
				<konec_vysilani/>
				<delka_epizody>45 minut</delka_epizody>
			</technicke_parametry>
			<hlavni_postavy>
				<postava>
					<jmeno>Dr. Gregory House</jmeno>
					<herec>Hugh Laurie</herec>
				</postava>
				<postava>
					<jmeno>Dr. James Wilson</jmeno>
					<herec>Robert Sean Leonard</herec>
				</postava>
				<postava>
					<jmeno>Dr. Lisa Cuddy</jmeno>
					<herecka>Lisa Edelstein</herecka>
				</postava>
				<postava>
					<jmeno>Dr. Eric Foreman</jmeno>
					<herec>Omar Epps</herec>
				</postava>
				<postava>
					<jmeno>Dr. Robert Chase</jmeno>
					<herec>Jesse Spencer</herec>
				</postava>
			</hlavni_postavy>
		<id>s_id5</id><hodnoceni>10/10</hodnoceni><hodnoceni>10/10</hodnoceni></serial>
		<serial>
			<nazev>How I Met Your Mother</nazev>
			<zanr>komedie</zanr>
			<technicke_parametry>
				<zacatek_vysilani>2005</zacatek_vysilani>
				<konec_vysilani/>
				<delka_epizody>20 minut</delka_epizody>
			</technicke_parametry>
			<hlavni_postavy>
				<postava>
					<jmeno>Ted Mosby</jmeno>
					<herec>Josh Radnor</herec>
				</postava>
				<postava>
					<jmeno>Marshall Eriksen</jmeno>
					<herec>Jason Segel</herec>
				</postava>
				<postava>
					<jmeno>Robin Scherbatsky</jmeno>
					<herecka>Cobie Smulders</herecka>
				</postava>
				<postava>
					<jmeno>Barney Stinson</jmeno>
					<herec>Neil Patrick Harris</herec>
				</postava>
				<postava>
					<jmeno>Lily Aldrin</jmeno>
					<herecka>Alyson Hannigan</herecka>
				</postava>
			</hlavni_postavy>
		<id>s_id6</id></serial>
		<serial>
			<nazev>Chuck</nazev>
			<zanr>ak?n?</zanr>
			<zanr>komedie</zanr>
			<zanr>drama</zanr>
			<technicke_parametry>
				<zacatek_vysilani>2007</zacatek_vysilani>
				<konec_vysilani/>
				<delka_epizody>45 minut</delka_epizody>
			</technicke_parametry>
			<hlavni_postavy>
				<postava>
					<jmeno>Chuck Bartowski</jmeno>
					<herec>Zachary Levi</herec>
				</postava>
				<postava>
					<jmeno>Sarah Walker</jmeno>
					<herecka>Yvonne Strahovski</herecka>
				</postava>
				<postava>
					<jmeno>Ellie Bartowski</jmeno>
					<herecka>Sarah Lancaster</herecka>
				</postava>
				<postava>
					<jmeno>John Casey</jmeno>
					<herec>Adam Baldwin</herec>
				</postava>
				<postava>
					<jmeno>Devon 'Captain Awesome' Woodcomb</jmeno>
					<herec>Ryan McPartlin</herec>
				</postava>
				<postava>
					<jmeno>Morgan Grimes</jmeno>
					<herec>Joshua Gomez</herec>
				</postava>
				<postava>
					<jmeno>Lester Patel</jmeno>
					<herec>Vik Sahay</herec>
				</postava>
				<postava>
					<jmeno>Jeff Barnes</jmeno>
					<herec>Scott Krinsky</herec>
				</postava>
			</hlavni_postavy>
		<id>s_id7</id><hodnoceni>9/10</hodnoceni></serial>
		<serial>
			<nazev>IT Crowd</nazev>
			<zanr>komedie</zanr>
			<technicke_parametry>
				<zacatek_vysilani>2006</zacatek_vysilani>
				<konec_vysilani/>
				<delka_epizody>20 minut</delka_epizody>
			</technicke_parametry>
			<hlavni_postavy>
				<postava>
					<jmeno>Roy</jmeno>
					<herec>Chris O'Dowd</herec>
				</postava>
				<postava>
					<jmeno>Moss</jmeno>
					<herec>Richard Ayoade</herec>
				</postava>
				<postava>
					<jmeno>Jen</jmeno>
					<herecka>Katherine Parkinson</herecka>
				</postava>
			</hlavni_postavy>
		<id>s_id8</id><hodnoceni>9/10</hodnoceni><hodnoceni>6/10</hodnoceni></serial>
		<serial>
			<nazev>Futurama </nazev>
			<zanr>komedie</zanr>
			<zanr>animovan?</zanr>
			<zanr>sci-fi</zanr>
			<technicke_parametry>
				<zacatek_vysilani>1999</zacatek_vysilani>
				<konec_vysilani/>
				<delka_epizody>30 minut</delka_epizody>
			</technicke_parametry>
			<hlavni_postavy>
				<postava>
					<jmeno>Philip J. Fry</jmeno>
					<herec>Billy West</herec>
				</postava>
				<postava>
					<jmeno>Turanga Leela</jmeno>
					<herecka>Katey Sagal</herecka>
				</postava>
				<postava>
					<jmeno>Bender</jmeno>
					<herec>John Di Maggio</herec>
				</postava>
				<postava>
					<jmeno>Linda</jmeno>
					<herecka>Tress MacNeille</herecka>
				</postava>
			</hlavni_postavy>
		<id>s_id9</id><hodnoceni>8/10</hodnoceni><hodnoceni>9/10</hodnoceni></serial>
		<serial>
			<nazev>The Simpsons</nazev>
			<zanr>komedie</zanr>
			<zanr>animovan?</zanr>
			<technicke_parametry>
				<zacatek_vysilani>1989</zacatek_vysilani>
				<konec_vysilani/>
				<delka_epizody>22 minut</delka_epizody>
			</technicke_parametry>
			<hlavni_postavy>
				<postava>
					<jmeno>Homer Simpson</jmeno>
					<herec>Dan Castellaneta</herec>
				</postava>
				<postava>
					<jmeno>Marge Simpson</jmeno>
					<herecka>Julie Kavner</herecka>
				</postava>
				<postava>
					<jmeno>Bart Simpson</jmeno>
					<herecka>Nancy Cartwright</herecka>
				</postava>
				<postava>
					<jmeno>Lisa Simpson</jmeno>
					<herecka>Yeardley Smith</herecka>
				</postava>
			</hlavni_postavy>
		<id>s_id10</id><hodnoceni>10/10</hodnoceni></serial>
	</serialy>
	<!--informace-->
	<info>
		<?php echo "V t?to datab?zi jsou 2 div?ci a 10 seri?l?."?><![CDATA[http://www.imdb.com]]></info>
<xmlns:xsi>http://www.w3.org/2001/XMLSchema-instance</xmlns:xsi><xsi:noNamespaceSchemaLocation>data.xsd</xsi:noNamespaceSchemaLocation></databaze_serialu>