<?xml version="1.0" encoding="windows-1250" standalone="no"?><IMHistory xmlns:xsi="http://www.w3.org/2001/XMLSchema-instance" xsi:noNamespaceSchemaLocation="data.xsd">
	<Printline><![CDATA[
			document.writeln("Historie Vavat s Mamat")
		]]><?php echo Date("d.m.Y")?>
	</Printline>
	<Udalost idU="idU_1">
		<Kontakt>Mamat</Kontakt>
		<Od>Vavat</Od>
		<Cas>14:56:36</Cas>
		<Datum>
			<Den>
				<Pisemne>
					<Normal>Pond?l?</Normal>
					<Zkratka>Po</Zkratka>
				</Pisemne>
				<Ciselne>6</Ciselne>
			</Den>
			<Mesic>
				<Pisemne>
					<Normal>?nor</Normal>
					<Zkratka>Feb</Zkratka>
				</Pisemne>
				<Ciselne>2</Ciselne>
			</Mesic>
			<Rok>2012</Rok>
		</Datum>
		<Protokol>ICQ</Protokol>
		<ID>263563010</ID>
		<Zprava sifrovani="false">Ahoj</Zprava>
		<SMTP/>
	</Udalost>
	<Udalost idU="idU_2">
		<Kontakt>Mamat</Kontakt>
		<Od>Mamat</Od>
		<Cas>14:57:30</Cas>
		<Datum>
			<Den>
				<Pisemne>
					<Normal>Pond?l?</Normal>
					<Zkratka>Po</Zkratka>
				</Pisemne>
				<Ciselne>6</Ciselne>
			</Den>
			<Mesic>
				<Pisemne>
					<Normal>?nor</Normal>
					<Zkratka>Feb</Zkratka>
				</Pisemne>
				<Ciselne>2</Ciselne>
			</Mesic>
			<Rok>2012</Rok>
		</Datum>
		<Protokol>ICQ</Protokol>
		<ID>124578963</ID>
		<Zprava sifrovani="false">Cus</Zprava>
		<SMTP/>
	</Udalost>
	<Udalost idU="idU_3">
		<Kontakt>Mamat</Kontakt>
		<Od>Vavat</Od>
		<Cas>14:58:15</Cas>
		<Datum>
			<Den>
				<Pisemne>
					<Normal>Pond?l?</Normal>
					<Zkratka>Po</Zkratka>
				</Pisemne>
				<Ciselne>6</Ciselne>
			</Den>
			<Mesic>
				<Pisemne>
					<Normal>?nor</Normal>
					<Zkratka>Feb</Zkratka>
				</Pisemne>
				<Ciselne>2</Ciselne>
			</Mesic>
			<Rok>2012</Rok>
		</Datum>
		<Protokol>ICQ</Protokol>
		<ID>263563010</ID>
		<Zprava sifrovani="true">Koukni na tohle videjko <URL>http://www.youtube.com/watch?v=QH2-TGUlwu4</URL> XD</Zprava>
		<SMTP/>
	</Udalost>
	<Udalost idU="idU_4">
		<Kontakt>Mamat</Kontakt>
		<Od>Mamat</Od>
		<Cas>15:00:45</Cas>
		<Datum>
			<Den>
				<Pisemne>
					<Normal>Pond?l?</Normal>
					<Zkratka>Po</Zkratka>
				</Pisemne>
				<Ciselne>6</Ciselne>
			</Den>
			<Mesic>
				<Pisemne>
					<Normal>?nor</Normal>
					<Zkratka>Feb</Zkratka>
				</Pisemne>
				<Ciselne>2</Ciselne>
			</Mesic>
			<Rok>2012</Rok>
		</Datum>
		<Protokol>ICQ</Protokol>
		<ID>124578963</ID>
		<Zprava sifrovani="false">Omg :D</Zprava>
		<SMTP/>
	</Udalost>
	<Udalost idU="idU_5">
		<Kontakt>Mamat</Kontakt>
		<Od>Vavat</Od>
		<Cas>15:01:13</Cas>
		<Datum>
			<Den>
				<Pisemne>
					<Normal>Pond?l?</Normal>
					<Zkratka>Po</Zkratka>
				</Pisemne>
				<Ciselne>6</Ciselne>
			</Den>
			<Mesic>
				<Pisemne>
					<Normal>?nor</Normal>
					<Zkratka>Feb</Zkratka>
				</Pisemne>
				<Ciselne>2</Ciselne>
			</Mesic>
			<Rok>2012</Rok>
		</Datum>
		<Protokol>ICQ</Protokol>
		<ID>263563010</ID>
		<Zprava sifrovani="false">XD</Zprava>
		<SMTP/>
	</Udalost>
	<Udalost idU="idU_6">
		<Kontakt>Mamat</Kontakt>
		<Od>Mamat</Od>
		<Cas>15:02:02</Cas>
		<Datum>
			<Den>
				<Pisemne>
					<Normal>Pond?l?</Normal>
					<Zkratka>Po</Zkratka>
				</Pisemne>
				<Ciselne>6</Ciselne>
			</Den>
			<Mesic>
				<Pisemne>
					<Normal>?nor</Normal>
					<Zkratka>Feb</Zkratka>
				</Pisemne>
				<Ciselne>2</Ciselne>
			</Mesic>
			<Rok>2012</Rok>
		</Datum>
		<Protokol>ICQ</Protokol>
		<ID>124578963</ID>
		<Zprava sifrovani="false">Dobrej vymaz mozku</Zprava>
		<SMTP/>
	</Udalost>
	<Udalost idU="idU_7">
		<Kontakt>Mamat</Kontakt>
		<Od>Vavat</Od>
		<Cas>16:02:30</Cas>
		<Datum>
			<Den>
				<Pisemne>
					<Normal>Pond?l?</Normal>
					<Zkratka>Po</Zkratka>
				</Pisemne>
				<Ciselne>6</Ciselne>
			</Den>
			<Mesic>
				<Pisemne>
					<Normal>?nor</Normal>
					<Zkratka>Feb</Zkratka>
				</Pisemne>
				<Ciselne>2</Ciselne>
			</Mesic>
			<Rok>2012</Rok>
		</Datum>
		<Protokol>ICQ</Protokol>
		<ID>263563010</ID>
		<Zprava sifrovani="false">hh</Zprava>
		<SMTP/>
	</Udalost>
	<Udalost idU="idU_8">
		<Kontakt>Mamat</Kontakt>
		<Od>Mamat</Od>
		<Cas>16:06:13</Cas>
		<Datum>
			<Den>
				<Pisemne>
					<Normal>Pond?l?</Normal>
					<Zkratka>Po</Zkratka>
				</Pisemne>
				<Ciselne>6</Ciselne>
			</Den>
			<Mesic>
				<Pisemne>
					<Normal>?nor</Normal>
					<Zkratka>Feb</Zkratka>
				</Pisemne>
				<Ciselne>2</Ciselne>
			</Mesic>
			<Rok>2012</Rok>
		</Datum>
		<Protokol>ICQ</Protokol>
		<ID>124578963</ID>
		<Zprava sifrovani="false">??</Zprava>
		<SMTP/>
	</Udalost>
	<Udalost idU="idU_9">
		<Kontakt>Mamat</Kontakt>
		<Od>Vavat</Od>
		<Cas>16:07:10</Cas>
		<Datum>
			<Den>
				<Pisemne>
					<Normal>Pond?l?</Normal>
					<Zkratka>Po</Zkratka>
				</Pisemne>
				<Ciselne>6</Ciselne>
			</Den>
			<Mesic>
				<Pisemne>
					<Normal>?nor</Normal>
					<Zkratka>Feb</Zkratka>
				</Pisemne>
				<Ciselne>2</Ciselne>
			</Mesic>
			<Rok>2012</Rok>
		</Datum>
		<Protokol>ICQ</Protokol>
		<ID>263563010</ID>
		<Zprava sifrovani="false">Odpov?d?m na <ref rID="idU_6">toto</ref>
		</Zprava>
		<SMTP/>
	</Udalost>
	<Udalost idU="idU_10">
		<Kontakt>Mamat</Kontakt>
		<Od>Mamat</Od>
		<Cas>16:07:33</Cas>
		<Datum>
			<Den>
				<Pisemne>
					<Normal>Pond?l?</Normal>
					<Zkratka>Po</Zkratka>
				</Pisemne>
				<Ciselne>6</Ciselne>
			</Den>
			<Mesic>
				<Pisemne>
					<Normal>?nor</Normal>
					<Zkratka>Feb</Zkratka>
				</Pisemne>
				<Ciselne>2</Ciselne>
			</Mesic>
			<Rok>2012</Rok>
		</Datum>
		<Protokol>ICQ</Protokol>
		<ID>124578963</ID>
		<Transfer cesta="C:\Users\Mamat\Pictures\obr1.jpg" jmeno="obr1.jpg"/>
		<Zprava sifrovani="true"/>
		<SMTP/>
	</Udalost>
	<Udalost idU="idU_11">
		<Kontakt>Mamat</Kontakt>
		<Od>Vavat</Od>
		<Cas>16:08:29</Cas>
		<Datum>
			<Den>
				<Pisemne>
					<Normal>Pond?l?</Normal>
					<Zkratka>Po</Zkratka>
				</Pisemne>
				<Ciselne>6</Ciselne>
			</Den>
			<Mesic>
				<Pisemne>
					<Normal>?nor</Normal>
					<Zkratka>Feb</Zkratka>
				</Pisemne>
				<Ciselne>2</Ciselne>
			</Mesic>
			<Rok>2012</Rok>
		</Datum>
		<Protokol>ICQ</Protokol>
		<ID>263563010</ID>
		<Zprava sifrovani="false">Co to je?</Zprava>
		<SMTP/>
	</Udalost>
</IMHistory>