<?xml version="1.0" encoding="UTF-8" standalone="no"?><objednavky>
	<objednavka>
		<kupujici>
			<jmeno>Pepa</jmeno>
			<prijmeni>Novak</prijmeni>
			<adresa>
				<mesto>Praha</mesto>
				<ulice>Dlouha</ulice>
				<cp>21</cp>
				<psc>15266</psc>
				<byt>
					<patro>15</patro>
					<bydlici>Pepicek</bydlici>
				</byt>
			</adresa>
			<mail>pepa@seznam.cz</mail>
			<telefon>5465478944</telefon>
		</kupujici>
		<produkty>
			
			
			
			<produkt id="mntr1">
				<nazev>monitor</nazev>
				<mnozstvi>3</mnozstvi>
				<cena_ks>800</cena_ks>
			</produkt>
			<produkt id="hd1">
				<nazev>harddisk</nazev>
				<mnozstvi>50</mnozstvi>
				<cena_ks>120</cena_ks>
			</produkt>
			<produkt id="htc237">
				<nazev>smartphone</nazev>
				<mnozstvi>200</mnozstvi>
				<cena_ks>755</cena_ks>
			</produkt>
			<produkt id="lamp12">
				<nazev>lampicka</nazev>
				<mnozstvi>200</mnozstvi>
				<cena_ks>15</cena_ks>
			</produkt>
			
			<produkt id="botky22">
				<nazev>pantofle</nazev>
				<mnozstvi>125000</mnozstvi>
				<cena_ks>5</cena_ks>
			</produkt>
			
			<produkt id="cuc15">
				<nazev>nanuk</nazev>
				<mnozstvi>50000</mnozstvi>
				<cena_ks>3</cena_ks>
			</produkt>
		<produkt id="evo3d"><nazev>Mobilni telefon HTC EVO 3D</nazev><mnozstvi>1</mnozstvi><cena_ks>999</cena_ks></produkt></produkty>
		<detaily darek="ano" popisek="askdpoaksd">
			<doruceni>ceska posta</doruceni>
			<platba>dobirkou</platba>
			<datum>28.2.2013</datum>
			<cena>15165464</cena>
			<komentar>prosim jahodove<id_zbozi idRef="cuc15"/></komentar>
			<!-- Naselduje skript pro zpracovani -->
			<zpracovani><![CDATA[Mam rad gulas]]> texticek <?php echo "cus pepiku"?></zpracovani>
		</detaily>
	</objednavka>
</objednavky>