<?xml version="1.0" encoding="UTF-8"?>
<table>
   <tr>
      <th>Name</th>
      <th>Title</th>
      <th>Email</th>
   </tr>
   <tr>
      <td>Alex Fisher</td>
      <td>IT Manager</td>
      <td>fisher@nanonull.com</td>
   </tr>
   <tr>
      <td>David Sved</td>
      <td>Accounts Receivable</td>
      <td>svedd@risingStar.com</td>
   </tr>
   <tr>
      <td>Lenka Androva</td>
      <td>Web Developer</td>
      <td>androva@nanonull.com</td>
   </tr>
   <tr>
      <td>Linda Serakova</td>
      <td>Accounting Manager</td>
      <td>serak@risingStar.com</td>
   </tr>
   <tr>
      <td>Marina Salakova</td>
      <td>Marketing Manager </td>
      <td>salak@nanonull.com</td>
   </tr>
   <tr>
      <td>Martin Pokorny</td>
      <td>Art Director</td>
      <td>pokorny@nanonull.com</td>
   </tr>
   <tr>
      <td>Petr Novak</td>
      <td>Office Manager</td>
      <td>novakp@risingStar.com</td>
   </tr>
</table>