<?xml version="1.0" encoding="UTF-8"?>
<accesibility>
   <sector id="S1">
      <portal id="P1">
         <sector id="S2">
            <portal id="P1">
               <sector id="S1">
                  <portal id="P1">
                     <sector id="S2"/>
                  </portal>
               </sector>
            </portal>
            <portal id="P2">
               <sector id="S3">
                  <portal id="P2">
                     <sector id="S2"/>
                  </portal>
               </sector>
            </portal>
            <portal id="P3">
               <sector id="S4">
                  <portal id="P3">
                     <sector id="S2"/>
                  </portal>
               </sector>
            </portal>
         </sector>
      </portal>
   </sector>
</accesibility>