<?xml version="1.0" encoding="UTF-8" standalone="no"?><project program_version="0.1a">
    <project_info>
        <project_name>Untitled song</project_name>
        <project_license>(c) <author>Unknown &amp; anonymous</author></project_license>
        <created>
            <date>2014/3/3</date>
            <time>22:44</time>
        </created>
        <modified>
            <date>2014/3/4</date>
            <time>23:59</time>
        </modified>
    </project_info>
    <instruments>
        <instrument id="GrandPiano" type="sampled">
            <samples>
                <folder>global/instruments/samples/piano/grand piano/</folder>
                <prefix>gp-</prefix>
                <extension>.wav</extension>
            </samples>
        </instrument>
        <instrument id="Recording" type="wave_instrument">
            <recordings base_path="project/recordings/">
                <recording file="752347113.wav" id="rec1"/>
                <recording file="615391374.wav" id="rec2"/>
            </recordings>
        </instrument>
        <instrument id="Synth" type="synthesiser">
            <synth_params>
                <generator volume="40">
                    <function f="sine"/>
                </generator>
                <generator volume="60">
                    <function f="saw"/>
                </generator>
            </synth_params>
            <?script <![CDATA[
                    init_generators();
                ]]>
            ?>
        </instrument>
    <instrument id="DrumKit" type="wave_instrument"><recordings base_path="global/drumkits/1"><recording file="badum-tss.wav" id="cymbals"/></recordings></instrument></instruments>
    <tracks>
        <track>
            <parameters>
                <name>Piano Main</name>
                <instrument_ref instrument_id="GrandPiano"/>
                <volume>70</volume>
            </parameters>
            <effects>
                <reverb>
                    <amount>7</amount>
                </reverb>
                <echo>
                    <amount>12</amount>
                    <delay unit="measures">1/32</delay>
                </echo>
            </effects>
            <notes>
                <!-- May not be accurate, but hopefully it is :D -->
                <note length="0.5" start="0" tone="C1"/>
                <note length="0.5" start="0.5" tone="D1"/>
                <note length="0.5" start="1" tone="E1"/>
                
                <note length="0.5" start="2" tone="G1"/>
                <note length="0.5" start="3" tone="G1"/>
                
                <note length="0.5" start="4" tone="A1"/>
                <note length="0.5" start="5" tone="A1"/>
                <note length="0.5" start="6" tone="G1"/>
                
                <note length="0.5" start="8" tone="A1"/>
                <note length="0.5" start="9" tone="A1"/>
                <note length="0.5" start="10" tone="G1"/>
                
                
                
                
                
                <note length="0.5" start="14" tone="E1"/>
                <note length="0.5" start="15" tone="E1"/>
                <note length="0.5" start="16" tone="D1"/>
                <note length="0.5" start="17" tone="D1"/>
                <note length="1" start="18" tone="G1"/>
                
                
                
                
                
                <note length="0.5" start="21" tone="E1"/>
                <note length="0.5" start="22" tone="E1"/>
                <note length="0.5" start="23" tone="D1"/>
                <note length="0.5" start="24" tone="D1"/>
                <note length="1" start="25" tone="C1"/>
            </notes>
        </track>
        <track>
            <parameters>
                <name>Solo</name>
                <instrument_ref instrument_id="Recording"/>
                <volume>25</volume>
            </parameters>
            <effects>
                <reverb>
                    <amount>7</amount>
                </reverb>
            </effects>
            <recording_regions>
                <recording_region length="10.5" recording_ref="rec1" start="0"/>
                <recording_region length="14" recording_ref="rec2" start="12"/>
            </recording_regions>
        </track>
        <track>
            <parameters>
                <name>Synth pad</name>
                <instrument_ref instrument_id="Synth"/>
                <volume>5</volume>
            </parameters>
            <effects>
                <reverb>
                    <amount>50</amount>
                </reverb>
            </effects>
            <notes>
                <note length="4.5" start="1" tone="C-1"/>
                <note length="2.5" start="4" tone="F-1"/>
                <note length="2.5" start="6" tone="C-1"/>
                <note length="2.5" start="8" tone="F-1"/>
                <note length="4.5" start="10" tone="C-1"/>
                
                <note length="1.5" start="14" tone="D-1"/>
                <note length="1.5" start="15" tone="C-1"/>
                <note length="2.5" start="16" tone="G-1"/>
                
                <note length="1.5" start="19" tone="D-1"/>
                <note length="1.5" start="21" tone="C-1"/>
                <note length="1.5" start="23" tone="G-1"/>
                <note length="1.5" start="25" tone="C-1"/>
            </notes>
        </track>
    <track><parameters><name>Cymbals</name><instrument_ref instrument_id="DrumKit"/><volume>50</volume></parameters><recording_regions><recording_region length="2" recording_ref="cymbals" start="26"/></recording_regions></track></tracks>
</project>