<?xml version="1.0" encoding="UTF-8"?>
<autobusovy_prepravca><!-- Údaje o spoločnosti --><spolocnost>
      <nazov>Turancar</nazov>
      <logo cesta="logo.gif"/>
      <adresa>
         <ulica>Partizánska</ulica>
         <pc>97</pc>
         <psc>974 01</psc>
         <mesto>Banská Bystrica</mesto>
      </adresa>
      <tel>+421 48 4144 216</tel>
      <fax>+421 48 4144 215</fax>
      <email>infolines@turancar.sk</email>
      <ico>22 679 057</ico>
      <dic>12 65 897</dic>
      <facebook>http://www.facebook.com/TurancarCK</facebook>
      <www>http://www.turancar.sk</www>
   </spolocnost>
   <!-- Údaje o miestenkách --><miestenka id="a1">
      <cestujuci clovek="ano">
         <osobne_udaje>
            <meno_a_priezvisko>
					Adam Prvý
				</meno_a_priezvisko>
            <cislo_op>123456/1234</cislo_op>
         </osobne_udaje>
      </cestujuci>
      <spojenie>
         <odkial>Prievidza</odkial>
         <kam>Praha</kam>
         <datum_a_cas_odchodu>06.03.2011 22:50</datum_a_cas_odchodu>
         <datum_a_cas_prichodu>07.03.2011 05:40</datum_a_cas_prichodu>
         <linka>1234</linka>
      </spojenie>
      <tarif typ_tarifu="junior">
         <cena>325</cena>
      </tarif>
   </miestenka>
   <miestenka id="a2">
      <cestujuci clovek="ano">
         <osobne_udaje>
            <meno_a_priezvisko>
					Baltazár Druhý
				</meno_a_priezvisko>
            <cislo_op>123456/1234</cislo_op>
         </osobne_udaje>
      </cestujuci>
      <spojenie>
         <odkial>Banská Bystrica</odkial>
         <kam>Praha</kam>
         <datum_a_cas_odchodu>06.03.2011 22:50</datum_a_cas_odchodu>
         <datum_a_cas_prichodu>07.03.2011 05:40</datum_a_cas_prichodu>
         <linka>1234</linka>
      </spojenie>
      <tarif typ_tarifu="normal">
         <cena>370</cena>
      </tarif>
   </miestenka>
   <miestenka id="a3">
      <cestujuci clovek="ano">
         <osobne_udaje>
            <meno_a_priezvisko>
					Cyril Tretí
				</meno_a_priezvisko>
            <cislo_op>123456/1234</cislo_op>
         </osobne_udaje>
      </cestujuci>
      <spojenie>
         <odkial>Partizánske</odkial>
         <kam>Praha</kam>
         <datum_a_cas_odchodu>06.03.2011 22:50</datum_a_cas_odchodu>
         <datum_a_cas_prichodu>07.03.2011 05:40</datum_a_cas_prichodu>
         <linka>1234</linka>
      </spojenie>
      <tarif typ_tarifu="normal">
         <cena>370</cena>
      </tarif>
   </miestenka>
   <!-- Správy --><sprava dolezitost="1" datum="02.03.2011">Spoločnosť Turancar - Váš najlepší prepravca!</sprava>
   <sprava dolezitost="1" datum="">...<nazov_spolocnosti>Turancar</nazov_spolocnosti>...</sprava>
   <sprava dolezitost="1" datum="">
		document.writeln("&lt;p&gt;copyright 2011&lt;/p&gt;");
		</sprava>
   <sprava dolezitost="1" datum="">Miestenka <ref id="a1">1</ref>
	  </sprava>
   <sprava dolezitost="1" datum="">&lt;&gt;</sprava>
   <datum>
		<?php echo Date("d.m.Y")?>
	</datum>
</autobusovy_prepravca>