<?xml version="1.0" encoding="utf-8" standalone="no"?><evidence>
    <!-- Seznam automobilu -->
    <automobily>
        <automobil majitel="R1" spz="1AX 2310" vin="TMBEFF414S1000537">
            <druh>osobn?</druh>
            <typ model="Octavia" verze="Tour" znacka="?koda"/>
            <barva>modr? metal?za</barva>
        </automobil>

        <automobil majitel="R2" spz="2B3 1256" vin="WVWZZZ1KZ5W783096">
            <druh>n?kladn?</druh>
            <typ model="Transporter" znacka="Volkswagen"/>
            <barva>b?l?</barva>
        </automobil>
    </automobily>

    <!-- Seznam ridicu -->
    <ridici>
        <ridic body="9" id="R1" vlastnikRP="ano">
            <jmeno>
                <krestni>Jan</krestni>
                <prijmeni>Novotny</prijmeni>
            </jmeno>

            <vlastnik>
                <!-- Vlastni Oct?vku -->
                <ref>?koda Octavia <vinref vin="TMBEFF414S1000537"/></ref>
            </vlastnik>

            <prestupky>
                
            <prestupek body="3" datum="12-10-2010">
                    Dr?en? telefonn?ho p??stroje nebo jin?ho hovorov?ho nebo
                    z?znamov?ho za??zen? v ruce nebo jin?m zp?sobem p?i ??zen?
                    vozidla
                </prestupek></prestupky>
        </ridic>

        <!-- M? 0 bod?, tedy mu byl sebr?n ?idi?sk? pr?kaz -->
        <ridic body="0" id="R2" vlastnikRP="ne">
            <jmeno>
                <krestni>Josef</krestni>
                <prijmeni>Probl?mov?</prijmeni>
            </jmeno>
            <vlastnik>
                <ref><vinref vin="WVWZZZ1KZ5W783096"/></ref>
            </vlastnik>
            <prestupky>
                
                
                
                
                
                
                
                
                
            <prestupek datum="20-1-1995">
                    P??ekro??en?? nejvy?????? dovolen?? rychlosti stanoven?? z??konem nebo dopravn?? zna??kou o 20 km/h a v??ce v obci nebo o 30 km/h a v??ce mimo obec
                </prestupek><prestupek datum="12-5-1996">
                    P??ekro??en?? nejvy?????? dovolen?? rychlosti stanoven?? z??konem nebo dopravn?? zna??kou o 40 km/h a v??ce v obci nebo o 50 km/h a v??ce mimo obec
                </prestupek><prestupek datum="5-3-1998">
                    Ned??n?? p??ednosti v j??zd?? v p????padech, ve kter??ch je ??idi?? povinen d??t p??ednost v j??zd??
                </prestupek><prestupek datum="12-10-2000">
                    P??ekro??en?? nejvy?????? dovolen?? rychlosti stanoven?? z??konem nebo dopravn?? zna??kou o 20 km/h a v??ce v obci nebo o 30 km/h a v??ce mimo obec
                </prestupek><prestupek datum="12-9-2008">
                    ????zen?? motorov??ho vozidla bez dr??en?? p????slu??n?? skupiny nebo podskupiny ??idi??sk??ho opr??vn??n??
                </prestupek><prestupek body="2" datum="12-11-2005">
                    P??ekro??en?? nejvy?????? dovolen?? rychlosti stanoven?? z??konem nebo dopravn?? zna??kou o 20 km/h a v??ce v obci nebo o 30 km/h a v??ce mimo obec
                </prestupek><prestupek body="2" datum="4-5-2006">
                    P??ekro??en?? nejvy?????? dovolen?? rychlosti stanoven?? z??konem nebo dopravn?? zna??kou o 20 km/h a v??ce v obci nebo o 30 km/h a v??ce mimo obec
                </prestupek><prestupek body="5" datum="2-7-2008">
                    P??ekro??en?? nejvy?????? dovolen?? rychlosti stanoven?? z??konem nebo dopravn?? zna??kou o 40 km/h a v??ce v obci nebo o 50 km/h a v??ce mimo obec
                </prestupek><prestupek body="6" datum="23-2-2007">
                    P??edj????d??n?? vozidla v p????padech, ve kter??ch je to z??konem zak??z??no
                </prestupek></prestupky>
        </ridic>
    </ridici>
</evidence>