<?xml version="1.0" encoding="UTF-8" standalone="no"?><!-- vrs= Video Rental Service --><vrs>

	<movies>
		
		<movie count="5" id="m001" rating="PG-13">
			<title>Gravity</title>
			<director>Alfonso Cuar?n</director>
			<length>91</length>
		</movie>
		
		
		
		<movie count="0" id="m003" rating="PG-13">
			<title>Captain Philips</title>
			<director>Paul Greengrass</director>
			<length>134</length>
		</movie>
		
		
		
		
						
		
		
		
		
		<movie count="2" id="m008" rating="PG-13">
			<title>The Hobbit: The Desolation of Smaug</title>
			<director>Peter Jackson</director>
			<length>161</length>
		</movie>
		
		<movie count="6" id="m009" rating="PG-13">
			<title>The Great Gatsby</title>
			<director>Baz Luhrmann</director>
			<length>105</length>
		</movie>
		
		<movie count="10" id="m010" rating="PG-13">
			<title>Star Trek: Into Darkness</title>
			<director>J. J. Abrams</director>
			<length>133</length>
		</movie>
		
		
		
	</movies>
	
	<customers>
		
		<customer id="c001">
			<name>John Smith</name>
			<rentals>
				
				<rental id="m001">
					<dateFrom>28.2.2014</dateFrom>
					<dateTo>3.3.2014</dateTo>
				</rental>
				
				<rental id="m010">
					<dateFrom>21.2.2014</dateFrom>
					<dateTo>24.2.2014</dateTo>					
				</rental>
				
			</rentals>
		</customer>
		
		<customer id="c001">
			<name>Jane Smith</name>
			<rentals>
				
				<rental id="m003">
					<dateFrom>7.3.2014</dateFrom>
					<dateTo>10.7.2014</dateTo>
				</rental>
				
				<rental id="m007">
					<dateFrom>14.7.2014</dateFrom>
					<dateTo>17.7.2014</dateTo>					
				</rental>
				
			</rentals>
		</customer>
		
	</customers>
	
	<modified>Valid up to date <?php echo Date("d.m.Y")?></modified>
	
	<author>Samuel Bartos</author>
</vrs>