<?xml version="1.0" encoding="UTF-8"?><html xmlns="http://www.w3.org/1999/xhtml" xml:lang="en">
   <head>
      <meta http-equiv="Content-Type" content="text/html; charset=UTF-8" />
      <title>Tabulka</title>
   </head>
   <body>
      <table>
         <tr>
            <th>Nazov</th>
            <th>Cena</th>
            <th>Pocet nakupov</th>
         </tr>
         <tr>
            <td>Staropramen světlý</td>
            <td>10.90</td>
            <td>2</td>
         </tr>
         <tr>
            <td>Staropramen Černý</td>
            <td>15.90</td>
            <td>3</td>
         </tr>
         <tr>
            <td>Heineken</td>
            <td>20.90</td>
            <td>2</td>
         </tr>
         <tr>
            <td>Heineken plech.</td>
            <td>15.50</td>
            <td>2</td>
         </tr>
         <tr>
            <td>Château Valtice Dornfelder</td>
            <td>205.00</td>
            <td>3</td>
         </tr>
         <tr>
            <td>Château Valtice Frankovka</td>
            <td>87.90</td>
            <td>0</td>
         </tr>
         <tr>
            <td>Božkov Original tuzemský</td>
            <td>139.90</td>
            <td>3</td>
         </tr>
         <tr>
            <td>Bacardi Black Rum</td>
            <td>399.00</td>
            <td>0</td>
         </tr>
         <tr>
            <td>Absolut Vodka</td>
            <td>749.00</td>
            <td>1</td>
         </tr>
         <tr>
            <td>Finlandia Vodka</td>
            <td>309.00</td>
            <td>2</td>
         </tr>
         <tr>
            <td>Spišská Borovička</td>
            <td>259.00</td>
            <td>2</td>
         </tr>
         <tr>
            <td>Ballantine's Fin. Skot. whisky</td>
            <td>375.00</td>
            <td>2</td>
         </tr>
      </table>
   </body>
</html>