<?xml version="1.0" encoding="UTF-8"?>
<zoznam>
   <doklad did="d1">
      <suma>628</suma>
   </doklad>
   <doklad did="d2">
      <suma>909</suma>
   </doklad>
   <doklad did="d3">
      <suma>688.5</suma>
   </doklad>
   <doklad did="d5">
      <suma>777</suma>
   </doklad>
   <doklad did="d6">
      <suma>601.6</suma>
   </doklad>
   <doklad did="d7">
      <suma>549.9</suma>
   </doklad>
   <doklad did="d8">
      <suma>672.4</suma>
   </doklad>
   <doklad did="d9">
      <suma>3746</suma>
   </doklad>,
<doklad did="d10">
      <suma>628</suma>
   </doklad>
   <doklad did="d12">
      <suma>1732</suma>
   </doklad>
   <doklad did="d13">
      <suma>1572.3</suma>
   </doklad>
</zoznam>