<?xml version="1.0" encoding="UTF-8"?>
<vypis>
   <pivo>
      <podkategoria>
         <svetle>
            <podkategoria>
               <sklo>
                  <podkategoria/>
                  <pocet_ks>42</pocet_ks>
               </sklo>
               <plech>
                  <podkategoria/>
                  <pocet_ks>14</pocet_ks>
               </plech>
            </podkategoria>
            <pocet_ks>56</pocet_ks>
         </svetle>
         <tmave>
            <podkategoria>
               <sklo>
                  <podkategoria/>
                  <pocet_ks>20</pocet_ks>
               </sklo>
               <plech>
                  <podkategoria/>
                  <pocet_ks>0</pocet_ks>
               </plech>
            </podkategoria>
            <pocet_ks>20</pocet_ks>
         </tmave>
      </podkategoria>
      <pocet_ks>76</pocet_ks>
   </pivo>
   <vino>
      <podkategoria>
         <biele>
            <podkategoria/>
            <pocet_ks>5</pocet_ks>
         </biele>
         <cervene>
            <podkategoria/>
            <pocet_ks>0</pocet_ks>
         </cervene>
      </podkategoria>
      <pocet_ks>5</pocet_ks>
   </vino>
   <destilat>
      <podkategoria/>
      <pocet_ks>17</pocet_ks>
   </destilat>
</vypis>