<?xml version="1.0" encoding="UTF-8"?>
<department>
   <name>Production</name>
   <info>
      <manager>
         <firstName>John</firstName>
      </manager>
      <salary>2000</salary>
   </info>
</department>
<department>
   <name>Development</name>
   <info>
      <salary>2400</salary>
   </info>
</department>
<department>
   <name>Engineering</name>
   <info>
      <manager>
         <firstName>Arthur</firstName>
      </manager>
      <salary>2500</salary>
   </info>
</department>
<department>
   <name>Accounting</name>
   <info>
      <salary>3000</salary>
   </info>
</department>