<?xml version="1.0" encoding="UTF-8" standalone="no"?><?xml-stylesheet type="text/xsl" href="data.xsl"?>
<!-- toto je koment?? vytvo?en? za ??elem napln?n? zad?n? --><root>
	<projects>
		<project id="proj_1">
			<title>Dom?c? ?kol</title>
			<description>
				Prvn? dom?c? ?kol z p?edm?tu <a href="http://is.cuni.cz/studium/">Technologie XML</a>.
			</description>
			<milestones>
				<milestone mid="ms_1">
					<title> XML soubor</title>
					<description/>
					<tasks>
						<task tid="task_1">
							<title>Napsat zna?ku z?hlav? XML</title>
							<description><![CDATA[Zna?ka se p??e <?xml (...)?>]]></description>
							<team>
								<team-member><id>staff_1</id></team-member>
							</team>
						</task>
						<task tid="task_2">
							<title>Napsat DOCTYPE</title>
							<team>
								<team-member><id>staff_1</id></team-member>
							</team>
						</task>
						<task tid="task_3">
							<title> element s hloubkou 5</title>
							<team>
								<team-member><id>staff_1</id></team-member>
							</team>
						</task>
						<task tid="task_4">
							<title> prvn? z 10 ?kol?</title>
							<team>
								<team-member><id>staff_1</id></team-member>
							</team>
						</task>
						<task tid="task_5">
							<title> druh? z 10 ?kol?</title>
							<team>
								<team-member><id>staff_1</id></team-member>
							</team>
						</task>
						<task tid="task_6">
							<title> t?et? z 10 ?kol?</title>
							<team>
								<team-member><id>staff_1</id></team-member>
							</team>
						</task>
						<task tid="task_7">
							<title> ?tvrt? z 10 ?kol?</title>
							<team>
								<team-member><id>staff_1</id></team-member>
							</team>
						</task>
						<task tid="task_8">
							<title> p?t? z 10 ?kol?</title>
							<team>
								<team-member><id>staff_1</id></team-member>
							</team>
						</task>
						<task tid="task_9">
							<title> ?est? z 10 ?kol?</title>
							<team>
								<team-member><id>staff_1</id></team-member>
							</team>
						</task>
						<task tid="task_10">
							<title> dal?? ?ty?i ?koly</title>
							<team>
								<team-member><id>staff_1</id></team-member>
								<team-member><id>staff_2</id></team-member>
							</team>
						</task>
					</tasks>
				</milestone>
				<milestone mid="ms_2">
					<title> DTD soubor</title>
					<description>Vytvo?en? souboru, proti n?mu? se bude toto XML validovat</description>
					<tasks>
						<task tid="task_11">
							<title> dal?? ?ty?i ?koly</title>
							<team>
								<team-member><id>staff_1</id></team-member>
								<team-member><id>staff_2</id></team-member>
							</team>
						</task>
					</tasks>
				</milestone>
			</milestones>
		</project>
		<project id="proj_2">
			<title>Webov? port?l</title>
			<description>
				Webov? prezentace firmy Firma.
			</description>
			<milestones>
				<milestone mid="ms_3">
					<title>Grafika</title>
					<description/>
					<tasks>
						<task tid="task_12">
							<title>Napsat zna?ku z?hlav? XML</title>
							<description><![CDATA[Zna?ka se p??e <?xml (...)?>]]></description>
							<team>
								<team-member><id>staff_5</id></team-member>
							</team>
						</task>
					</tasks>
				</milestone>
				<milestone mid="ms_4">
					<title>PHP k?d</title>
					<description>Vytvo?en? souboru, proti n?mu? se bude toto XML validovat</description>
					<tasks>
						<task tid="task_13">
							<title> dal?? ?ty?i ?koly</title>
							<team>
								<team-member><id>staff_1</id></team-member>
								<team-member><id>staff_6</id></team-member>
							</team>
						</task>
					</tasks>
				</milestone>
			</milestones>
		</project>
		<project id="proj_3">
			<title>E-shop</title>
			<description>
				E-shop firmy Akciovka
			</description>
			<milestones>
				<milestone mid="ms_5">
					<title>?ablona</title>
					<description/>
					<tasks>
						<task tid="task_14">
							<title>CSS, HTML</title>
							<description/>
							<team>
								<team-member><id>staff_2</id></team-member>
								<team-member><id>staff_3</id></team-member>
								<team-member><id>staff_5</id></team-member>
							</team>
						</task>
					</tasks>
				</milestone>
				<milestone mid="ms_6">
					<title>Administrace</title>
					<description>Spr?va e-shopu - spr?va zbo??, cen?k?, zam?stnanc?, u?ivatel?</description>
					<tasks>
						<task tid="task_15">
							<title>...</title>
							<team>
								<team-member><id>staff_1</id></team-member>
								<team-member><id>staff_6</id></team-member>
							</team>
						</task>
					</tasks>
				</milestone>
			</milestones>
		</project>
		<project id="proj_3">
			<title>E-shop</title>
			<description>
				E-shop firmy Akciovka
			</description>
			<milestones>
				<milestone mid="ms_5">
					<title>?ablona</title>
					<description/>
					<tasks>
						<task tid="task_14">
							<title>CSS, HTML</title>
							<description/>
							<team>
								<team-member><id>staff_2</id></team-member>
								<team-member><id>staff_3</id></team-member>
								<team-member><id>staff_5</id></team-member>
							</team>
						</task>
					</tasks>
				</milestone>
				<milestone mid="ms_6">
					<title>Administrace</title>
					<description>Spr?va e-shopu - spr?va zbo??, cen?k?, zam?stnanc?, u?ivatel?</description>
					<tasks>
						<task tid="task_15">
							<title>...</title>
							<team>
								<team-member><id>staff_1</id></team-member>
								<team-member><id>staff_6</id></team-member>
							</team>
						</task>
					</tasks>
				</milestone>
			</milestones>
		</project>
	</projects>
	<staff>
		<member id="staff_1">
			<name>Dominik Janata</name>
			<sislogin><value>JANATAD</value></sislogin>
		</member>
		<member id="staff_2" real="no">
			<name>U?ivatel Pokusn?</name>
		</member>
		<member id="staff_3" real="no">
			<name>U?ivatel T?et?</name>
		</member>
		<member id="staff_4" real="no">
			<name>U?ivatel ?tvrt?</name>
		</member>
		<member id="staff_5" real="no">
			<name>U?ivatel P?t?</name>
		</member>
		<member id="staff_6" real="no">
			<name>U?ivatel ?est?</name>
		</member>
	</staff>
</root>