<?xml version="1.0" encoding="UTF-8"?>
<Games>
   <Game>
      <GameName>Baldur's Gate II: Shadows of Amn</GameName>
      <Turnover>1.75E8</Turnover>
   </Game>
   <Game>
      <GameName>Counter-Strike: Source</GameName>
      <Turnover>1.2401134E8</Turnover>
   </Game>
   <Game>
      <GameName>Half-Life</GameName>
      <Turnover>1.225E8</Turnover>
   </Game>
   <Game>
      <GameName>Neverwinter Nights</GameName>
      <Turnover>1.15025E8</Turnover>
   </Game>
   <Game>
      <GameName>Star Wars: Knights of the Old Republic</GameName>
      <Turnover>1.02E8</Turnover>
   </Game>
   <Game>
      <GameName>Baldur's Gate</GameName>
      <Turnover>8.0E7</Turnover>
   </Game>
   <Game>
      <GameName>Baldur's Gate II: Throne of Bhaal</GameName>
      <Turnover>3.75E7</Turnover>
   </Game>
   <Game>
      <GameName>Half-Life: Blue Shift</GameName>
      <Turnover>3.5E7</Turnover>
   </Game>
   <Game>
      <GameName>MDK2</GameName>
      <Turnover>3.15E7</Turnover>
   </Game>
   <Game>
      <GameName>Half-Life: Opposing Force</GameName>
      <Turnover>2.25E7</Turnover>
   </Game>
   <Game>
      <GameName>Neverwinter Nights: Shadows of Undrentide</GameName>
      <Turnover>2.1E7</Turnover>
   </Game>
   <Game>
      <GameName>Baldur's Gate: Tales of the Sword Coast</GameName>
      <Turnover>2.0E7</Turnover>
   </Game>
   <Game>
      <GameName>Counter-Strike: Condition Zero</GameName>
      <Turnover>2.0E7</Turnover>
   </Game>
   <Game>
      <GameName>Neverwinter Nights: Hordes of the Underdark</GameName>
      <Turnover>1.95E7</Turnover>
   </Game>
   <Game>
      <GameName>Deathmatch Classic</GameName>
      <Turnover>1.0E7</Turnover>
   </Game>
   <Game>
      <GameName>Ricochet</GameName>
      <Turnover>5.0E6</Turnover>
   </Game>
   <Game>
      <GameName>Day of Defeat</GameName>
      <Turnover>2.85E6</Turnover>
   </Game>
   <Game>
      <GameName>Shattered Steel</GameName>
      <Turnover>1.05E6</Turnover>
   </Game>
   <Game>
      <GameName>Counter-Strike</GameName>
      <Turnover>Game was released for free.</Turnover>
   </Game>
</Games>