<html>
   <head>
      <meta http-equiv="Content-Type" content="text/html; charset=UTF-8">
      <title>Games rankings!</title>
   </head>
   <body>
      <table>
         <thead>
            <tr>
               <th>Name</th>
               <th>Average score</th>
               <th>Maximum score</th>
               <th>Minimum score</th>
            </tr>
         </thead>
         <tbody>
            <tr>
               <td>Baldur's Gate</td>
               <td>9.6</td>
               <td>IGN, LEVEL, Gamestar</td>
               <td>EDGE, Eurogamer</td>
            </tr>
            <tr>
               <td>Baldur's Gate II: Shadows of Amn</td>
               <td>9.833333333333334</td>
               <td>IGN, LEVEL, Eurogamer, Gamestar, Score</td>
               <td>EDGE</td>
            </tr>
            <tr>
               <td>Baldur's Gate II: Throne of Bhaal</td>
               <td>9</td>
               <td>Score</td>
               <td>Eurogamer</td>
            </tr>
            <tr>
               <td>Baldur's Gate: Tales of the Sword Coast</td>
               <td>8</td>
               <td>IGN, LEVEL</td>
               <td>Eurogamer, Score</td>
            </tr>
            <tr>
               <td>Counter-Strike: Source</td>
               <td>8.166666666666666</td>
               <td>Score</td>
               <td>IGN, LEVEL, EDGE, Eurogamer, Gamestar</td>
            </tr>
            <tr>
               <td>Half-Life</td>
               <td>7.833333333333333</td>
               <td>Gamestar</td>
               <td>LEVEL, Score</td>
            </tr>
            <tr>
               <td>MDK2</td>
               <td>7.833333333333333</td>
               <td>Score</td>
               <td>LEVEL, EDGE</td>
            </tr>
            <tr>
               <td>Neverwinter Nights</td>
               <td>8.166666666666666</td>
               <td>IGN, LEVEL</td>
               <td>Gamestar</td>
            </tr>
            <tr>
               <td>Star Wars: Knights of the Old Republic</td>
               <td>9.166666666666666</td>
               <td>IGN, Eurogamer</td>
               <td>Score</td>
            </tr>
         </tbody>
      </table>
   </body>
</html>