<?xml version="1.0" encoding="UTF-8"?>
<Employees>
   <Employee>
      <Name>
					    <Firstname>Ray</Firstname>
					    <Surname>Muzyka</Surname>
				  </Name>
      <WorksIn>
         <Name>Combat Group</Name>
         <Name>Exploration Group</Name>
         <Name>Marketing Group</Name>
      </WorksIn>
   </Employee>
   <Employee>
      <Name>
					    <Firstname>John</Firstname>
					    <Surname>Ohlen</Surname>
				  </Name>
      <WorksIn>
         <Name>Combat Group</Name>
      </WorksIn>
   </Employee>
   <Employee>
      <Name>
					    <Firstname>David</Firstname>
					    <Surname>Gaidier</Surname>
				  </Name>
      <WorksIn>
         <Name>Physics Group</Name>
      </WorksIn>
   </Employee>
   <Employee>
      <Name>
					    <Firstname>David</Firstname>
					    <Surname>Falkner</Surname>
				  </Name>
      <WorksIn>
         <Name>AI Group</Name>
      </WorksIn>
   </Employee>
   <Employee>
      <Name>
					    <Firstname>Mark</Firstname>
					    <Surname>Brockington</Surname>
				  </Name>
      <WorksIn>
         <Name>Graphics Group</Name>
      </WorksIn>
   </Employee>
   <Employee>
      <Name>
					    <Firstname>John</Firstname>
					    <Surname>Winsky</Surname>
				  </Name>
      <WorksIn>
         <Name>Graphics Group</Name>
      </WorksIn>
   </Employee>
   <Employee>
      <Name>
					    <Firstname>Patrick</Firstname>
					    <Surname>Winsky</Surname>
				  </Name>
      <WorksIn/>
   </Employee>
   <Employee>
      <Name>
					    <Firstname>Gabe</Firstname>
					    <Firstname>Logan</Firstname>
					    <Surname>Newell</Surname>
				  </Name>
      <WorksIn>
         <Name>Cool Ideas Group</Name>
         <Name>Artificial Intelligence</Name>
         <Name>Game Mechanics</Name>
         <Name>Level Design</Name>
      </WorksIn>
   </Employee>
   <Employee>
      <Name>
					    <Firstname>Doug</Firstname>
					    <Surname>Lombardi</Surname>
				  </Name>
      <WorksIn>
         <Name>Cool Ideas Group</Name>
         <Name>Artworks</Name>
         <Name>Game Mechanics</Name>
         <Name>Level Design</Name>
      </WorksIn>
   </Employee>
   <Employee>
      <Name>
					    <Firstname>Minh</Firstname>
					    <Surname>Le</Surname>
				  </Name>
      <WorksIn>
         <Name>Cool Ideas Group</Name>
         <Name>Artificial Intelligence</Name>
         <Name>Game Mechanics</Name>
         <Name>Level Design</Name>
      </WorksIn>
   </Employee>
</Employees>