<?xml version="1.0" encoding="UTF-8"?>
<GameStudios>
   <GameStudio>
      <NameOfTheStudio>BioWare</NameOfTheStudio>
      <WorkgroupCount>1</WorkgroupCount>
      <Workgroup>
         <Name>Main Group</Name>
         <Employees>
            <EmployeeCount>0</EmployeeCount>
         </Employees>
         <WorkgroupCount>2</WorkgroupCount>
         <Workgroup>
            <Name>Game Development Group</Name>
            <Employees>
               <EmployeeCount>0</EmployeeCount>
            </Employees>
            <WorkgroupCount>4</WorkgroupCount>
            <Workgroup>
               <Name>AI Group</Name>
               <Employees>
                  <EmployeeCount>1</EmployeeCount>
                  <Name>David Falkner</Name>
               </Employees>
               <WorkgroupCount>0</WorkgroupCount>
            </Workgroup>
            <Workgroup>
               <Name>Graphics Group</Name>
               <Employees>
                  <EmployeeCount>2</EmployeeCount>
                  <Name>Mark Brockington</Name>
                  <Name>John Winsky</Name>
               </Employees>
               <WorkgroupCount>0</WorkgroupCount>
            </Workgroup>
            <Workgroup>
               <Name>Physics Group</Name>
               <Employees>
                  <EmployeeCount>1</EmployeeCount>
                  <Name>David Gaidier</Name>
               </Employees>
               <WorkgroupCount>0</WorkgroupCount>
            </Workgroup>
            <Workgroup>
               <Name>Game Mechanics Group</Name>
               <Employees>
                  <EmployeeCount>0</EmployeeCount>
               </Employees>
               <WorkgroupCount>2</WorkgroupCount>
               <Workgroup>
                  <Name>Combat Group</Name>
                  <Employees>
                     <EmployeeCount>2</EmployeeCount>
                     <Name>John Ohlen</Name>
                     <Name>Ray Muzyka</Name>
                  </Employees>
                  <WorkgroupCount>0</WorkgroupCount>
               </Workgroup>
               <Workgroup>
                  <Name>Exploration Group</Name>
                  <Employees>
                     <EmployeeCount>1</EmployeeCount>
                     <Name>Ray Muzyka</Name>
                  </Employees>
                  <WorkgroupCount>0</WorkgroupCount>
               </Workgroup>
            </Workgroup>
         </Workgroup>
         <Workgroup>
            <Name>Marketing Group</Name>
            <Employees>
               <EmployeeCount>1</EmployeeCount>
               <Name>Ray Muzyka</Name>
            </Employees>
            <WorkgroupCount>0</WorkgroupCount>
         </Workgroup>
      </Workgroup>
   </GameStudio>
   <GameStudio>
      <NameOfTheStudio>Valve</NameOfTheStudio>
      <WorkgroupCount>1</WorkgroupCount>
      <Workgroup>
         <Name>Main Creative Group</Name>
         <Employees>
            <EmployeeCount>0</EmployeeCount>
         </Employees>
         <WorkgroupCount>4</WorkgroupCount>
         <Workgroup>
            <Name>Cool Ideas Group</Name>
            <Employees>
               <EmployeeCount>3</EmployeeCount>
               <Name>Gabe Logan Newell</Name>
               <Name>Doug Lombardi</Name>
               <Name>Minh Le</Name>
            </Employees>
            <WorkgroupCount>0</WorkgroupCount>
         </Workgroup>
         <Workgroup>
            <Name>Graphics</Name>
            <Employees>
               <EmployeeCount>0</EmployeeCount>
            </Employees>
            <WorkgroupCount>2</WorkgroupCount>
            <Workgroup>
               <Name>Artworks</Name>
               <Employees>
                  <EmployeeCount>1</EmployeeCount>
                  <Name>Doug Lombardi</Name>
               </Employees>
               <WorkgroupCount>0</WorkgroupCount>
            </Workgroup>
            <Workgroup>
               <Name>3D Graphics</Name>
               <Employees>
                  <EmployeeCount>0</EmployeeCount>
               </Employees>
               <WorkgroupCount>0</WorkgroupCount>
            </Workgroup>
         </Workgroup>
         <Workgroup>
            <Name>Artificial Intelligence</Name>
            <Employees>
               <EmployeeCount>2</EmployeeCount>
               <Name>Gabe Logan Newell</Name>
               <Name>Minh Le</Name>
            </Employees>
            <WorkgroupCount>0</WorkgroupCount>
         </Workgroup>
         <Workgroup>
            <Name>Game Design</Name>
            <Employees>
               <EmployeeCount>0</EmployeeCount>
            </Employees>
            <WorkgroupCount>2</WorkgroupCount>
            <Workgroup>
               <Name>Game Mechanics</Name>
               <Employees>
                  <EmployeeCount>3</EmployeeCount>
                  <Name>Gabe Logan Newell</Name>
                  <Name>Doug Lombardi</Name>
                  <Name>Minh Le</Name>
               </Employees>
               <WorkgroupCount>0</WorkgroupCount>
            </Workgroup>
            <Workgroup>
               <Name>Level Design</Name>
               <Employees>
                  <EmployeeCount>3</EmployeeCount>
                  <Name>Gabe Logan Newell</Name>
                  <Name>Doug Lombardi</Name>
                  <Name>Minh Le</Name>
               </Employees>
               <WorkgroupCount>0</WorkgroupCount>
            </Workgroup>
         </Workgroup>
      </Workgroup>
   </GameStudio>
</GameStudios>