<html>
   <head>
      <meta http-equiv="Content-Type" content="text/html; charset=UTF-8">
      <title>Developers and their games!</title>
   </head>
   <body>
      <h2>Developers</h2>
      <ul>
         <li>
            <h5>Ray Muzyka</h5>
            <table>
               <thead>
                  <tr>
                     <th>Name</th>
                     <th>Studio</th>
                  </tr>
               </thead>
               <tbody>
                  <tr>
                     <td>Baldur's Gate</td>
                     <td>BioWare</td>
                  </tr>
                  <tr>
                     <td>Baldur's Gate II: Shadows of Amn</td>
                     <td>BioWare</td>
                  </tr>
                  <tr>
                     <td>Baldur's Gate II: Throne of Bhaal</td>
                     <td>BioWare</td>
                  </tr>
                  <tr>
                     <td>Baldur's Gate: Tales of the Sword Coast</td>
                     <td>BioWare</td>
                  </tr>
                  <tr>
                     <td>Jade Empire</td>
                     <td>BioWare</td>
                  </tr>
                  <tr>
                     <td>Neverwinter Nights</td>
                     <td>BioWare</td>
                  </tr>
                  <tr>
                     <td>Neverwinter Nights: Hordes of the Underdark</td>
                     <td>BioWare</td>
                  </tr>
                  <tr>
                     <td>Neverwinter Nights: Shadows of Undrentide</td>
                     <td>BioWare</td>
                  </tr>
                  <tr>
                     <td>Shattered Steel</td>
                     <td>BioWare</td>
                  </tr>
               </tbody>
            </table>
         </li>
         <li>
            <h5>John Ohlen</h5>
            <table>
               <thead>
                  <tr>
                     <th>Name</th>
                     <th>Studio</th>
                  </tr>
               </thead>
               <tbody>
                  <tr>
                     <td>MDK2</td>
                     <td>BioWare</td>
                  </tr>
               </tbody>
            </table>
         </li>
         <li>
            <h5>David Gaidier</h5>
            <table>
               <thead>
                  <tr>
                     <th>Name</th>
                     <th>Studio</th>
                  </tr>
               </thead>
               <tbody>
                  <tr>
                     <td>Baldur's Gate</td>
                     <td>BioWare</td>
                  </tr>
                  <tr>
                     <td>Baldur's Gate: Tales of the Sword Coast</td>
                     <td>BioWare</td>
                  </tr>
                  <tr>
                     <td>MDK2</td>
                     <td>BioWare</td>
                  </tr>
                  <tr>
                     <td>Neverwinter Nights</td>
                     <td>BioWare</td>
                  </tr>
                  <tr>
                     <td>Neverwinter Nights: Hordes of the Underdark</td>
                     <td>BioWare</td>
                  </tr>
               </tbody>
            </table>
         </li>
         <li>
            <h5>David Falkner</h5>
            <table>
               <thead>
                  <tr>
                     <th>Name</th>
                     <th>Studio</th>
                  </tr>
               </thead>
               <tbody>
                  <tr>
                     <td>Baldur's Gate</td>
                     <td>BioWare</td>
                  </tr>
                  <tr>
                     <td>Baldur's Gate: Tales of the Sword Coast</td>
                     <td>BioWare</td>
                  </tr>
                  <tr>
                     <td>Shattered Steel</td>
                     <td>BioWare</td>
                  </tr>
               </tbody>
            </table>
         </li>
         <li>
            <h5>Mark Brockington</h5>
            <table>
               <thead>
                  <tr>
                     <th>Name</th>
                     <th>Studio</th>
                  </tr>
               </thead>
               <tbody>
                  <tr>
                     <td>Baldur's Gate II: Shadows of Amn</td>
                     <td>BioWare</td>
                  </tr>
               </tbody>
            </table>
         </li>
         <li>
            <h5>John Winsky</h5>
            <table>
               <thead>
                  <tr>
                     <th>Name</th>
                     <th>Studio</th>
                  </tr>
               </thead>
               <tbody>
                  <tr>
                     <td>Baldur's Gate</td>
                     <td>BioWare</td>
                  </tr>
                  <tr>
                     <td>Baldur's Gate II: Shadows of Amn</td>
                     <td>BioWare</td>
                  </tr>
                  <tr>
                     <td>Baldur's Gate: Tales of the Sword Coast</td>
                     <td>BioWare</td>
                  </tr>
                  <tr>
                     <td>MDK2</td>
                     <td>BioWare</td>
                  </tr>
                  <tr>
                     <td>Neverwinter Nights: Shadows of Undrentide</td>
                     <td>BioWare</td>
                  </tr>
                  <tr>
                     <td>Shattered Steel</td>
                     <td>BioWare</td>
                  </tr>
               </tbody>
            </table>
         </li>
         <li>
            <h5>Patrick Winsky</h5>
            <table>
               <thead>
                  <tr>
                     <th>Name</th>
                     <th>Studio</th>
                  </tr>
               </thead>
               <tbody></tbody>
            </table>
         </li>
         <li>
            <h5>Gabe Logan Newell</h5>
            <table>
               <thead>
                  <tr>
                     <th>Name</th>
                     <th>Studio</th>
                  </tr>
               </thead>
               <tbody>
                  <tr>
                     <td>Deathmatch Classic</td>
                     <td>Valve</td>
                  </tr>
                  <tr>
                     <td>Half-Life</td>
                     <td>Valve</td>
                  </tr>
                  <tr>
                     <td>Half-Life: Opposing Force</td>
                     <td>Valve</td>
                  </tr>
               </tbody>
            </table>
         </li>
         <li>
            <h5>Doug Lombardi</h5>
            <table>
               <thead>
                  <tr>
                     <th>Name</th>
                     <th>Studio</th>
                  </tr>
               </thead>
               <tbody>
                  <tr>
                     <td>Counter-Strike: Condition Zero</td>
                     <td>Valve</td>
                  </tr>
                  <tr>
                     <td>Counter-Strike: Source</td>
                     <td>Valve</td>
                  </tr>
                  <tr>
                     <td>Half-Life: Blue Shift</td>
                     <td>Valve</td>
                  </tr>
               </tbody>
            </table>
         </li>
         <li>
            <h5>Minh Le</h5>
            <table>
               <thead>
                  <tr>
                     <th>Name</th>
                     <th>Studio</th>
                  </tr>
               </thead>
               <tbody>
                  <tr>
                     <td>Counter-Strike</td>
                     <td>Valve</td>
                  </tr>
                  <tr>
                     <td>Counter-Strike: Condition Zero</td>
                     <td>Valve</td>
                  </tr>
                  <tr>
                     <td>Half-Life</td>
                     <td>Valve</td>
                  </tr>
                  <tr>
                     <td>Half-Life: Blue Shift</td>
                     <td>Valve</td>
                  </tr>
               </tbody>
            </table>
         </li>
      </ul>
   </body>
</html>