<html>
   <!--Vrátí objednávky za více než 2500Kč s poznámkou, zda se jedná o last-minute.-->
   <head>
      <meta http-equiv="Content-Type" content="text/html; charset=UTF-8">
      <title>Seznam objednávek nad 2500Kč</title>
   </head>
   <body>
      <ul>
         <li>
            <zakaznik>
               			
               <jmeno>Jiří</jmeno>
               			
               <prijmeni>Nevytasil</prijmeni>
               			
               <telefon>+420773172947</telefon>
               			
               <vyska>171cm</vyska>
               			
               <hmotnost>74kg</hmotnost>
               			
               <adresa>
                  				
                  <ulice>
                     					
                     <nazev>U Františka</nazev>
                     					
                     <cp>26</cp>
                     				
                  </ulice>
                  				
                  <obec>Nohelnice</obec>
                  				
                  <psc>73947</psc>
                  			
               </adresa>
               			
               <prukaz typ="OP">839485028</prukaz>	
               		
            </zakaznik>
            <cena>2900</cena>
            <p>Zadna sleva</p>
         </li>
      </ul>
   </body>
</html>