<?xml version="1.0" encoding="UTF-8"?>
<objednavky><!--Dotaz vrátí seznam zamluvených lyží, bot a hůlek s informací, kolik jich je na skladě.--><seznam typ="lyze">
      <lyze lid="l18304">
         <nazev>Speedster</nazev>
         <znacka>head</znacka>
         <pocet>2</pocet>
      </lyze>
      <lyze lid="l1635">
         <nazev>Speedster</nazev>
         <znacka>Head</znacka>
         <pocet>4</pocet>
      </lyze>
   </seznam>
   <seznam typ="boty">
      <boty bid="b6234">
         <nazev>Jumper</nazev>
         <znacka>Head</znacka>1</boty>
      <boty bid="b6243">
         <nazev>Jumper</nazev>
         <znacka>Head</znacka>3</boty>
   </seznam>
   <seznam typ="hulky">
      <hulky hid="h2730">
         <nazev>Ghost</nazev>
         <znacka>Blizzard</znacka>
         <pocet>0</pocet>
      </hulky>
      <hulky hid="h2734">
         <nazev>Night-rider</nazev>
         <znacka>Blizzard</znacka>
         <pocet>1</pocet>
      </hulky>
   </seznam>
</objednavky>