<?xml version="1.0" encoding="UTF-8" standalone="no"?><root textVal1="&#10;&#9;" textVal2="&#10;&#9;&#10;&#9;" textVal3="&#10;&#9;&#10;&#9;" textVal4="&#10;"><set name="s1" textVal1="&#10;&#9;&#9;" textVal2="&#10;&#9;&#9;" textVal3="&#10;&#9;&#9;" textVal4="&#10;&#9;"><item ID="i-001" textVal1="Item desc 1"/><item ID="i-002" textVal1="Item desc 2"/><item ID="i-003" textVal1="&#10;&#9;&#9;&#9;" textVal2="&#10;&#9;&#9;"><subitem subID="x" textVal1="SubItem desc X"/></item></set><set name="sA" textVal1="&#10;&#9;&#9;" textVal2="&#10;&#9;&#9;" textVal3="&#10;&#9;&#9;" textVal4="&#10;&#9;"><item ID="i-A" textVal1="Item desc A"/><item ID="i-B" textVal1="Item desc B"/><item ID="i-C" textVal1="Item desc C"/></set><text textVal1="&#10;&#9;" textVal2="&#10;&#9;"><i textVal1="Two"/></text></root>