<html>
   <head>
      <meta http-equiv="Content-Type" content="text/html; charset=UTF-8">
   </head>
   <body>
      <table>
         <th>
            <td>Prijmeni</td>
            <td>Jmeno</td>
            <td>Email</td>
            <td>Telefon</td>
            <td>Vypujceno?</td>
            <td>Vypujcky</td>
         </th>
         <tr>
            <td>Bilek</td>
            <td>Frantisek</td>
            <td>bilekf@doodle.com</td>
            <td>+420777882263</td>
            <td>ANO</td>
            <td>
               <p>2AU6577</p>
            </td>
         </tr>
         <tr>
            <td>Hadrbolcova</td>
            <td>Jaroslava</td>
            <td>hadrbol@ostex.cz</td>
            <td>+420437772910</td>
            <td>ANO</td>
            <td>
               <p>2AU6577</p>
               <p>2A29288</p>
               <p>4S58829</p>
            </td>
         </tr>
         <tr>
            <td>Janousek</td>
            <td>Jiri</td>
            <td>jiri.janousek@zeznam.cz</td>
            <td>+420727998263</td>
            <td>ANO</td>
            <td>
               <p>2A29288</p>
            </td>
         </tr>
      </table>
   </body>
</html>