<?xml version="1.0" encoding="UTF-8"?>
<auta>
   <auto id="auto-1">
		    <vin>128988129823</vin>
		    <spz>2A29288</spz>
		    <znacka>Skoda</znacka>
		    <typ>Superb</typ>
		    <rok-vyroby>2009</rok-vyroby>
		    <parametry>
			      <motor>
				        <spotreba>9.2</spotreba>
				        <objem>3,0</objem>
				        <maxrychlost>210kmh</maxrychlost>
			      </motor>
		    </parametry>
		    <porizovaci-cena>750000</porizovaci-cena>
		    <pujcovne>1230</pujcovne>
		    <!-- Poznamky k vozidlu + zname poruchy -->
		<poznamky>
				Potreba vymenit olej pri 20000km
				Technicke kontroly:
				
					for (i=2011; i &lt;= 2020; $++)
					{
						document.writeln(i);
					}
				<porucha vyresena="ne">
					Promackly blatnik.
				</porucha>
		    </poznamky>
	  </auto>
</auta>