<?xml version="1.0" encoding="UTF-8"?>
<vypujcky>
   <vypujcka>
      <jmeno>Jiri</jmeno>
      <prijmeni>Janousek</prijmeni>
      <znacka>Skoda</znacka>
      <typ>Superb</typ>
      <spz>2A29288</spz>
   </vypujcka>
   <vypujcka>
      <jmeno>Frantisek</jmeno>
      <prijmeni>Bilek</prijmeni>
      <znacka>Volkswagen</znacka>
      <typ>Golf</typ>
      <spz>2AU6577</spz>
   </vypujcka>
   <vypujcka>
      <jmeno>Jaroslava</jmeno>
      <prijmeni>Hadrbolcova</prijmeni>
      <znacka>Volkswagen</znacka>
      <typ>Golf</typ>
      <spz>2AU6577</spz>
   </vypujcka>
   <vypujcka>
      <jmeno>Jaroslava</jmeno>
      <prijmeni>Hadrbolcova</prijmeni>
      <znacka>Skoda</znacka>
      <typ>Superb</typ>
      <spz>2A29288</spz>
   </vypujcka>
   <vypujcka>
      <jmeno>Jaroslava</jmeno>
      <prijmeni>Hadrbolcova</prijmeni>
      <znacka>BMW</znacka>
      <typ>X6</typ>
      <spz>4S58829</spz>
   </vypujcka>
</vypujcky>