<?xml version="1.0" encoding="UTF-8" standalone="no"?><?xml-stylesheet type="text/xsl" href="data.xsl"?>
<OBzavody xmlns:xsi="http://www.w3.org/2001/XMLSchema-instance" xsi:noNamespaceSchemaLocation="data.xsd">
	<zavod typ="OZ" zid="i110326004">
		<datum><rok>2011</rok><mesic>03</mesic><den>26</den></datum>
		<misto>Prostejov</misto>
		<start>09:00:00</start>
		<poradajici_oddil zkratka="JPV">Zelezarny Prostejov</poradajici_oddil>
		<vzdalenosti>Start 1km, Cil 0,5km</vzdalenosti>
		<funkcionari>
			<reditel>ing. Pepa Novodvorsky</reditel>
			<stavitel>Tomas Raketa</stavitel>
			<rozhodci>Jozo Chlup - R2</rozhodci>
		</funkcionari>
		<delky_trati>
			<muzi>
				<kategorie kz="H14">
					<delka>2.8</delka>
					<prevyseni>90</prevyseni>
				</kategorie>
				<kategorie kz="H18">
					<delka>4.1</delka>
					<prevyseni>140</prevyseni>
				</kategorie>
				<kategorie kz="H21">
					<delka>6.2</delka>
					<prevyseni>235</prevyseni>
				</kategorie>
				<kategorie kz="H35">
					<delka>4.3</delka>
					<prevyseni>135</prevyseni>
				</kategorie>
			</muzi>
			<zeny>
				<kategorie kz="D14">
					<delka>2.1</delka>
					<prevyseni>70</prevyseni>
				</kategorie>
				<kategorie kz="D18">
					<delka>3.3</delka>
					<prevyseni>100</prevyseni>
				</kategorie>
				<kategorie kz="D21">
					<delka>4.2</delka>
					<prevyseni>155</prevyseni>
				</kategorie>
				<kategorie kz="D35">
					<delka>3.3</delka>
					<prevyseni>120</prevyseni>
				</kategorie>
			</zeny>
		</delky_trati>
		<poradatele>
			<poradatel oddil="JPV">Marek Velky</poradatel>
			<poradatel oddil="JPV">Tonda Bonda</poradatel>
			<poradatel oddil="JPV">Juraj Kukura</poradatel>
			<poradatel oddil="UOL">Jana Dlouha</poradatel>
		</poradatele>
		
		<prezentace>Bude otevrena od 7:30 do 8:30 - cerveny stanek.</prezentace>
		<mapa>Rakosnik 1:10000, stav 06/2010, e=2,5m</mapa>
		<!-- Nejaka blbost :-) -->
		<ostatni>
			<![CDATA[
				function min(a,b)
				{
					if (a < b) then
					{
					  return a;
					}
					else
					{
					  return b;
					}
				}
			]]>
		</ostatni>
	<pomocnici><pomocnik><jmeno>Luke</jmeno><prezdivka>Drsnej typan</prezdivka></pomocnik><pomocnik><jmeno>Bouraghe</jmeno><prezdivka>Parkourista</prezdivka></pomocnik><pomocnik><jmeno>Ilu5ion</jmeno><prezdivka>Hacker</prezdivka></pomocnik><pomocnik><jmeno>Josef Dobrovolny</jmeno><prezdivka>Duchodce</prezdivka></pomocnik></pomocnici></zavod>
	<zavod typ="VOZ" zid="i110327010">
		<datum><rok>2011</rok><mesic>03</mesic><den>27</den></datum>
		<misto>Boskovice</misto>
		<start>10:30:00</start>
		<poradajici_oddil zkratka="KON">Konice</poradajici_oddil>
		<vzdalenosti>Start 1,5km, Cil 0,2km</vzdalenosti>
		<funkcionari>
			<reditel>dr. Jirka Nosek</reditel>
			<stavitel>Pavel Sova</stavitel>
			<rozhodci>Roman Kloucek - R1</rozhodci>
		</funkcionari>
		<delky_trati>
			<muzi>
				<kategorie kz="H10">
					<delka>1.6</delka>
					<prevyseni>80</prevyseni>
				</kategorie>
				<kategorie kz="H12">
					<delka>3.0</delka>
					<prevyseni>100</prevyseni>
				</kategorie>
				<kategorie kz="H14">
					<delka>4.2</delka>
					<prevyseni>180</prevyseni>
				</kategorie>
				<kategorie kz="H18">
					<delka>7.8</delka>
					<prevyseni>310</prevyseni>
				</kategorie>
				<kategorie kz="H21">
					<delka>12.9</delka>
					<prevyseni>490</prevyseni>
				</kategorie>
				<kategorie kz="H35">
					<delka>9.0</delka>
					<prevyseni>340</prevyseni>
				</kategorie>
				<kategorie kz="H50">
					<delka>6.9</delka>
					<prevyseni>280</prevyseni>
				</kategorie>
			</muzi>
			<zeny>
				<kategorie kz="D12">
					<delka>1.6</delka>
					<prevyseni>80</prevyseni>
				</kategorie>
				<kategorie kz="D14">
					<delka>3.3</delka>
					<prevyseni>120</prevyseni>
				</kategorie>
				<kategorie kz="D16">
					<delka>4.0</delka>
					<prevyseni>140</prevyseni>
				</kategorie>
				<kategorie kz="D18">
					<delka>4.8</delka>
					<prevyseni>180</prevyseni>
				</kategorie>
				<kategorie kz="D20">
					<delka>6.0</delka>
					<prevyseni>200</prevyseni>
				</kategorie>
				<kategorie kz="D21">
					<delka>9.2</delka>
					<prevyseni>350</prevyseni>
				</kategorie>
				<kategorie kz="D35">
					<delka>6.9</delka>
					<prevyseni>280</prevyseni>
				</kategorie>				
			</zeny>
			<prichozi>
				<kategorie kz="P">
					<delka>5.0</delka>
					<prevyseni>200</prevyseni>
				</kategorie>
			</prichozi>
		</delky_trati>
		<poradatele>
			<poradatel oddil="KON">Igor Bednar</poradatel>
			<poradatel oddil="KON">Katka Slunecna</poradatel>
			<poradatel oddil="KON">Tomas Ruzny</poradatel>
			<poradatel oddil="KON">Jonatan Votruba</poradatel>
			<poradatel oddil="KON">Kamil Karnik</poradatel>
			<poradatel oddil="TZL">Lidie Kolomaznikova</poradatel>
			<poradatel oddil="ZPV">Leos Batalion</poradatel>
		</poradatele>
		<prezentace>V modrobilem stanu vedle parkoviste, 8:00-10:00.</prezentace>
		<mapa>Zloutenka 1:15000, stav 08/2008, e=5m</mapa>
	</zavod>
	<zavod typ="OZ" zid="i110514006">
		<datum><rok>2011</rok><mesic>05</mesic><den>14</den></datum>
		<misto>Kostelec nad Orlici</misto>
		<start>10:00:00</start>
		<poradajici_oddil zkratka="VAM">Vamberk</poradajici_oddil>
		<vzdalenosti>Start 2,1km, Cil 0,6km</vzdalenosti>
		<funkcionari>
			<reditel>ing. Jozo Kastelan</reditel>
			<stavitel>Jarda Pecena</stavitel>
			<rozhodci>Servac Kalich - R2</rozhodci>
		</funkcionari>
		<delky_trati>
			<muzi>
				<kategorie kz="H10">
					<delka>1.1</delka>
					<prevyseni>80</prevyseni>
				</kategorie>
				<kategorie kz="H12">
					<delka>2.8</delka>
					<prevyseni>120</prevyseni>
				</kategorie>
				<kategorie kz="H14">
					<delka>3.8</delka>
					<prevyseni>180</prevyseni>
				</kategorie>
				<kategorie kz="H20">
					<delka>6.5</delka>
					<prevyseni>380</prevyseni>
				</kategorie>
				<kategorie kz="H21">
					<delka>10.1</delka>
					<prevyseni>650</prevyseni>
				</kategorie>
				<kategorie kz="H35">
					<delka>7.0</delka>
					<prevyseni>410</prevyseni>
				</kategorie>
				<kategorie kz="H50">
					<delka>5.2</delka>
					<prevyseni>310</prevyseni>
				</kategorie>
			</muzi>
			<zeny>
				<kategorie kz="D12">
					<delka>1.0</delka>
					<prevyseni>70</prevyseni>
				</kategorie>
				<kategorie kz="D14">
					<delka>3.0</delka>
					<prevyseni>110</prevyseni>
				</kategorie>
				<kategorie kz="D21">
					<delka>7.1</delka>
					<prevyseni>440</prevyseni>
				</kategorie>
				<kategorie kz="D35">
					<delka>5.9</delka>
					<prevyseni>270</prevyseni>
				</kategorie>	
				<kategorie kz="D50">
					<delka>4.6</delka>
					<prevyseni>170</prevyseni>
				</kategorie>				
			</zeny>
			<prichozi>
				<kategorie kz="P">
					<delka>4.0</delka>
					<prevyseni>250</prevyseni>
				</kategorie>
			</prichozi>
		</delky_trati>
		<poradatele>
			<poradatel oddil="VAM">Jitka Posepna</poradatel>
			<poradatel oddil="VAM">Kamil Arnost</poradatel>
			<poradatel oddil="VAM">Vaclav Tarota</poradatel>
			<poradatel oddil="VAM">Alexandr Janatansky</poradatel>
		</poradatele>
		
		<prezentace>Vestibul u hospudky Na Vejminku, 8:30-10:00.</prezentace>
		<mapa>Karolinska obora 1:7500, stav 03/2010, e=5m</mapa>
	<pomocnici><pomocnik><jmeno>Lukas Machuta</jmeno><prezdivka>Student</prezdivka></pomocnik></pomocnici></zavod>
	<zavod typ="OZ" zid="i110620012">
		<datum><rok>2011</rok><mesic>06</mesic><den>20</den></datum>
		<misto>Potstejn</misto>
		<start>09:00:00</start>
		<poradajici_oddil zkratka="VAM">Vamberk</poradajici_oddil>
		<vzdalenosti>Start 1,5km, Cil 1,0km</vzdalenosti>
		<funkcionari>
			<reditel>ing. Jozo Kastelan</reditel>
			<stavitel>Tonda Bojan</stavitel>
			<rozhodci>Servac Kalich - R2</rozhodci>
		</funkcionari>
		<delky_trati>
			<muzi>
				<kategorie kz="H10">
					<delka>1.4</delka>
					<prevyseni>80</prevyseni>
				</kategorie>
				<kategorie kz="H12">
					<delka>2.6</delka>
					<prevyseni>100</prevyseni>
				</kategorie>
				<kategorie kz="H14">
					<delka>3.0</delka>
					<prevyseni>120</prevyseni>
				</kategorie>
				<kategorie kz="H16">
					<delka>4.0</delka>
					<prevyseni>150</prevyseni>
				</kategorie>
				<kategorie kz="H18">
					<delka>6.9</delka>
					<prevyseni>320</prevyseni>
				</kategorie>
				<kategorie kz="H21">
					<delka>9.9</delka>
					<prevyseni>500</prevyseni>
				</kategorie>
				<kategorie kz="H35">
					<delka>7.2</delka>
					<prevyseni>350</prevyseni>
				</kategorie>
				<kategorie kz="H50">
					<delka>5.2</delka>
					<prevyseni>310</prevyseni>
				</kategorie>
			</muzi>
			<zeny>
				<kategorie kz="D14">
					<delka>3.0</delka>
					<prevyseni>110</prevyseni>
				</kategorie>
				<kategorie kz="D20">
					<delka>5.4</delka>
					<prevyseni>250</prevyseni>
				</kategorie>
				<kategorie kz="D21">
					<delka>7.0</delka>
					<prevyseni>400</prevyseni>
				</kategorie>
				<kategorie kz="D35">
					<delka>5.9</delka>
					<prevyseni>270</prevyseni>
				</kategorie>
				<kategorie kz="D50">
					<delka>4.6</delka>
					<prevyseni>170</prevyseni>
				</kategorie>		
			</zeny>
			<prichozi>
				<kategorie kz="P">
					<delka>4.5</delka>
					<prevyseni>200</prevyseni>
				</kategorie>
			</prichozi>
		</delky_trati>
		<poradatele>
			<poradatel oddil="VAM">Jitka Posepna</poradatel>
			<poradatel oddil="VAM">Kamil Tetrev</poradatel>
			<poradatel oddil="VAM">Vaclav Tarota</poradatel>
			<poradatel oddil="SRK">Bohdan Galeon</poradatel>
			<poradatel oddil="VAM">Alexandr Janatansky</poradatel>
		</poradatele>
		<prezentace>Velky stan u cesty na hrad, 7:30-08:45.</prezentace>
		<mapa>Hrad Potstejn 1:10000, stav 03/2007, e=5m</mapa>
	</zavod>
	<nej_vysledky>
		<!-- Odkaz na id zavodu -->
		<vysledek kod="i110326004">
			<kat_H21>
				<umisteni uc="1">
					<zavodnik>
						<jmeno>Ivan Frajer</jmeno>
						<oddil>JPV</oddil>
						<reg>JPV8305</reg>
						<licence>E</licence>
					</zavodnik>
				</umisteni>
				<umisteni uc="2">
					<zavodnik>
						<jmeno>John Iron</jmeno>
						<oddil>TEP</oddil>
						<reg>TEP7710</reg>
						<licence>C</licence>
					</zavodnik>
				</umisteni>
				<umisteni uc="3">
					<zavodnik>
						<jmeno>Vladan Kanec</jmeno>
						<oddil>OTK</oddil>
						<reg>OTK6601</reg>
						<licence>C</licence>
					</zavodnik>
				</umisteni>
			</kat_H21>	
		<elita><jmeno>Ivan Frajer</jmeno></elita></vysledek>
		<!-- Odkaz na id zavodu -->
		<vysledek kod="i110327010">
			<kat_D21>
				<umisteni uc="1">
					<zavodnik>
						<jmeno>Bara Buclata</jmeno>
						<oddil>BSO</oddil>
						<reg>BSO8002</reg>
						<licence>C</licence>
					</zavodnik>
				</umisteni>
				<umisteni uc="2">
					<zavodnik>
						<jmeno>Karla Ticha</jmeno>
						<oddil>ZBM</oddil>
						<reg>ZBM8201</reg>
						<licence>R</licence>
					</zavodnik>
				</umisteni>
				<umisteni uc="3">
					<zavodnik>
						<jmeno>Valerie Burinkova</jmeno>
						<oddil>UOL</oddil>
						<reg>UOL7801</reg>
						<licence>C</licence>
					</zavodnik>
				</umisteni>
			</kat_D21>
		<elita/></vysledek>
		<vysledek kod="i110620012">
			<kat_H21>
				<umisteni uc="1">
					<zavodnik>
						<jmeno>Vaclav Vydra</jmeno>
						<oddil>TRI</oddil>
						<reg>TRI6901</reg>
						<licence>C</licence>
					</zavodnik>
				</umisteni>
				<umisteni uc="2">
					<zavodnik>
						<jmeno>Tomas Prokes</jmeno>
						<oddil>DOB</oddil>
						<reg>DOB7903</reg>
						<licence>R</licence>
					</zavodnik>
				</umisteni>
				<umisteni uc="3">
					<zavodnik>
						<jmeno>Ivan Frajer</jmeno>
						<oddil>JPV</oddil>
						<reg>JPV8305</reg>
						<licence>E</licence>
					</zavodnik>
				</umisteni>
			</kat_H21>
			<kat_D21>
				<umisteni uc="1">
					<zavodnik>
						<jmeno>Kamila Vetrna</jmeno>
						<oddil>LCE</oddil>
						<reg>LCE8501</reg>
						<licence>E</licence>
					</zavodnik>
				</umisteni>
				<umisteni uc="2">
					<zavodnik>
						<jmeno>Ludmila Skakava</jmeno>
						<oddil>EKP</oddil>
						<reg>EKP8001</reg>
						<licence>C</licence>
					</zavodnik>
				</umisteni>
				<umisteni uc="3">
					<zavodnik>
						<jmeno>Kata Sklozskova</jmeno>
						<oddil>POL</oddil>
						<reg>POL0002</reg>
						<licence>C</licence>
					</zavodnik>
				</umisteni>
			</kat_D21>
		<elita><jmeno>Ivan Frajer</jmeno><jmeno>Kamila Vetrna</jmeno></elita></vysledek>
	</nej_vysledky>
</OBzavody>