<?xml version="1.0" encoding="utf-8" standalone="no"?><configuration>
  <camera>
    <focus x="4.0" y="3.0" z="-12.5"/>
    <focal_length>6.25</focal_length>
    <view_direction x="0.0" y="0.0" z="1.0"/>
    <lens height="3" width="4"/>
    <resolution aliasing_coefficient_x="2" aliasing_coefficient_y="2">160</resolution>
    <projection_plane_orientation x="0.0" y="1.0" z="0.0"/>
  </camera>
  <scene environment="20">
    <!--Colour of following material element has been reseted to zero in some channel/s.--><material>
      <id> 20 </id>
      <diffuse b="0.0" g="0.0" r="0.0"/>
      <specular b="0.0" g="0.0" r="0.0"/>
      <transmissive b="1.0" g="1.0" r="0.0"/>
      <power> 60.0 </power>
      <index> 1.0 </index>
    </material>
    <!--************************************************************************************-->
    <!--Colour of following material element has been reseted to zero in some channel/s.--><material>
      <id> 1 </id>
      <diffuse b="0.1" g="0.5" r="0.0"/>
      <specular b="0.0" g="0.5" r="0.0"/>
      <transmissive b="0.0" g="0.0" r="0.0"/>
      <power> 60.0 </power>
      <index> 1.0 </index>
    </material>
    <square material="1">
      <transformation>
        <scale x="6.0" y="6.0" z="1.0"/>
        <rotateY angle="270.0"/>
      </transformation>
    </square>
    <!--************************************************************************************-->
    <material>
      <id> 2 </id>
      <diffuse b="0.5" g="0.1" r="0.1"/>
      <specular b="0.0" g="0.0" r="0.0"/>
      <transmissive b="0.0" g="0.0" r="0.0"/>
      <power> 60.0 </power>
      <index> 1.0 </index>
    </material>
    <square material="2">
      <transformation>
        <scale x="6.0" y="6.0" z="1.0"/>
        <rotateY angle="270.0"/>
        <translate x="8.0" y="0.0" z="0.0"/>
      </transformation>
    </square>
    <!--************************************************************************************-->
    <material>
      <id> 3 </id>
      <diffuse b="0.8" g="0.3" r="0.8"/>
      <specular b="0.0" g="0.0" r="0.0"/>
      <transmissive b="0.0" g="0.0" r="0.0"/>
      <power> 60.0 </power>
      <index> 1.0 </index>
    </material>
    <square material="3">
      <transformation>
        <scale x="8.0" y="6.0" z="1.0"/>
        <translate x="0.0" y="0.0" z="6.0"/>
      </transformation>
    </square>
    <!--************************************************************************************-->
    <material>
      <id> 4 </id>
      <diffuse b="0.0" g="0.8" r="0.8"/>
      <specular b="0.0" g="0.0" r="0.0"/>
      <transmissive b="0.0" g="0.0" r="0.0"/>
      <power> 60.0 </power>
      <index> 1.0 </index>
    </material>
    <square material="4">
      <transformation>
        <scale x="8.0" y="6.0" z="1.0"/>
        <rotateX angle="90.0"/>
      </transformation>
    </square>
    <!--************************************************************************************-->
    <material>
      <id> 5 </id>
      <diffuse b="0.5" g="0.5" r="0.5"/>
      <specular b="0.0" g="0.0" r="0.0"/>
      <transmissive b="0.0" g="0.0" r="0.0"/>
      <power> 60.0 </power>
      <index> 1.0 </index>
    </material>
    <square material="5">
      <transformation>
        <scale x="8.0" y="6.0" z="1.0"/>
        <rotateX angle="90.0"/>
        <translate x="0.0" y="6.0" z="0.0"/>
      </transformation>
    </square>
    <!--************************************************************************************-->
    <material>
      <id> 6 </id>
      <diffuse b="0.0" g="0.0" r="0.0"/>
      <specular b="0.0" g="0.0" r="0.0"/>
      <transmissive b="0.9" g="0.9" r="0.9"/>
      <power> 20.0 </power>
      <index> 1.6 </index>
    </material>
    <sphere material="6">
      <transformation>
        <scale x="1.25" y="1.25" z="1.25"/>
        <translate x="6.75" y="1.25" z="3.75"/>
      </transformation>
    </sphere>
    <!--************************************************************************************-->
    <material>
      <id> 7 </id>
      <diffuse b="0.0" g="0.0" r="0.0"/>
      <specular b="1.0" g="1.0" r="1.0"/>
      <transmissive b="0.0" g="0.0" r="0.0"/>
      <power> 60.0 </power>
      <index> 1.0 </index>
    </material>
    <cylinder material="7">
      <transformation>
        <!--<scale x="1.25" y="1.25" z="2.5"/>
        <rotateX angle="270.0"/>
        <rotate x="1.0" y="1.0" z="0.0" angle="90.0"/>
        <translate x="1.5" y="1.25" z="3.0"/>-->
        <scale x="1.25" y="1.25" z="1.5"/>
        <rotateX angle="250.0"/>
        <translate x="1.5" y="1.0" z="3.0"/>
      </transformation>
    </cylinder>
    <!--************************************************************************************-->
    <!--*************************************LIGHTS*****************************************-->
    <!--************************************************************************************-->
    <!--************************************************************************************-->
    <!--<pointLight>
      <intensity r="1.0" g="1.0" b="1.0"/>
      <number> 7.0 </number>
      <transformation>
        <translate x="2.5" y="5.875" z="3.0"/>
      </transformation>
    </pointLight>
    <pointLight>
      <intensity r="1.0" g="1.0" b="1.0"/>
      <number> 7.0 </number>
      <transformation>
        <translate x="5.5" y="5.875" z="3.0"/>
      </transformation>
    </pointLight>-->
    <squareLight>
      <emittedRadiance b="1.0" g="1.0" r="1.0"/>
      <number> 3.5 </number>
      <transformation>
        <rotateX angle="90.0"/>
        <scale x="3.0" y="1.0" z="2.0"/>
        <translate x="2.5" y="5.875" z="2.0"/>
      </transformation>
    </squareLight>
  </scene>
  <photon_mapping_config>
    <released_photons>300000</released_photons>
    <!--<released_photons>200000</released_photons>
    <capacity_distribution  global="1.2"  direct="0.5" indirect="0.3" caustic="0.1"/>
    <photons_in_estimates   global="0"    direct="300" indirect="400" caustic="40"/>
    <max_searching_distance global="0.0"  direct="0.7" indirect="0.7" caustic="0.3"/>-->
    <capacity_distribution caustic="0.1" direct="0.5" global="1.2" indirect="0.3"/>
    <photons_in_estimates caustic="300" direct="0" global="0" indirect="1050"/>
    <max_searching_distance caustic="0.2" direct="0.0" global="0.0" indirect="0.5"/>
  </photon_mapping_config>
</configuration>