<?xml version="1.0" encoding="UTF-8"?>
<account>
   <account_id>ACC_M.P.002</account_id>
   <regular_payment>A</regular_payment>
</account>
<account>
   <account_id>ACC_L.C.001</account_id>
   <regular_payment>A</regular_payment>
</account>
<account>
   <account_id>ACC_L.C.002</account_id>
   <regular_payment>N</regular_payment>
</account>
<account>
   <account_id>ACC_L.C.003</account_id>
   <regular_payment>N</regular_payment>
</account>
<account>
   <account_id>ACC_L.P.004</account_id>
   <regular_payment>A</regular_payment>
</account>