<html>
   <head>
      <meta http-equiv="Content-Type" content="text/html; charset=UTF-8">
      <title>Prehled klientu a uctu</title>
   </head>
   <body>
      <table border="2" style="table-layout: fixed; border-collapse: collapse;">
         <tr>
            <th>ID klienta</th>
            <th>ID uctu</th>
            <th>Jmeno</th>
            <th>Prijmeni</th>
            <th>IC</th>
            <th>DIC</th>
            <th>Stav financi (obrat/celkova balance)</th>
         </tr>
         <tr>
            <td><b>CL_CZ.P.001</b></td>
            <td><b>ACC_G.P.001</b></td>
            <td>Milan</td>
            <td>Kopriva</td>
            <td></td>
            <td></td>
            <td>30770 / 122382</td>
         </tr>
         <tr>
            <td><b>CL_CZ.P.001</b></td>
            <td><b>ACC_M.P.002</b></td>
            <td>Milan</td>
            <td>Kopriva</td>
            <td></td>
            <td></td>
            <td>310250 / -282930</td>
         </tr>
         <tr>
            <td><b>CL_CZ.P.004</b></td>
            <td><b>ACC_CC.P.003</b></td>
            <td>Premysl</td>
            <td>Sajdl</td>
            <td></td>
            <td></td>
            <td>-42250 / 60340</td>
         </tr>
         <tr>
            <td><b>CL_CZ.P.006</b></td>
            <td><b>ACC_L.P.004</b></td>
            <td>Tibor</td>
            <td>Klein</td>
            <td></td>
            <td></td>
            <td>242000 / -200000</td>
         </tr>
         <tr>
            <td><b>CL_CZ.C.001</b></td>
            <td><b>ACC_L.C.001</b></td>
            <td></td>
            <td></td>
            <td>00251739</td>
            <td>105-00251739</td>
            <td>168000 / -1289400</td>
         </tr>
         <tr>
            <td><b>CL_CZ.C.002</b></td>
            <td><b>ACC_L.C.003</b></td>
            <td></td>
            <td></td>
            <td>00239402</td>
            <td>053-00239402</td>
            <td>0 / -10510000</td>
         </tr>
         <tr>
            <td><b>CL_CZ.C.003</b></td>
            <td><b>ACC_L.C.002</b></td>
            <td></td>
            <td></td>
            <td>48151262</td>
            <td>223-48151262</td>
            <td>0 / -22110700</td>
         </tr>
      </table>
   </body>
</html>