<html>
   <head>
      <meta http-equiv="Content-Type" content="text/html; charset=UTF-8">
      <title>Prehled uctu a jejich dluzniku</title>
   </head>
   <body>
      <table border="2" style="table-layout: fixed; border-collapse: collapse;">
         <tr>
            <th>ID uctu</th>
            <th>Typ uctu</th>
            <th>ID klienta</th>
            <th>Typ klienta</th>
            <th>Datum zalozeni</th>
         </tr>
         <tr>
            <td><b>ACC_G.P.001</b></td>
            <td>GIRO</td>
            <td><b>CL_CZ.P.001</b></td>
            <td>PERSON</td>
            <td>2011-12-15</td>
         </tr>
         <tr>
            <td><b>ACC_G.P.001</b></td>
            <td>GIRO</td>
            <td>CL_CZ.P.006</td>
            <td>PERSON</td>
            <td>2011-12-15</td>
         </tr>
         <tr>
            <td><b>ACC_M.P.002</b></td>
            <td>MORTGAGE</td>
            <td><b>CL_CZ.P.001</b></td>
            <td>PERSON</td>
            <td>2011-10-16</td>
         </tr>
         <tr>
            <td><b>ACC_M.P.002</b></td>
            <td>MORTGAGE</td>
            <td>CL_CZ.P.005</td>
            <td>PERSON</td>
            <td>2011-10-16</td>
         </tr>
         <tr>
            <td><b>ACC_CC.P.003</b></td>
            <td>CREDIT_CARD</td>
            <td><b>CL_CZ.P.004</b></td>
            <td>PERSON</td>
            <td>2012-01-01</td>
         </tr>
         <tr>
            <td><b>ACC_L.C.001</b></td>
            <td>LOAN</td>
            <td><b>CL_CZ.C.001</b></td>
            <td>CORPORATE</td>
            <td>2011-07-05</td>
         </tr>
         <tr>
            <td><b>ACC_L.C.002</b></td>
            <td>LOAN</td>
            <td><b>CL_CZ.C.003</b></td>
            <td>CORPORATE</td>
            <td>2010-12-01</td>
         </tr>
         <tr>
            <td><b>ACC_L.C.003</b></td>
            <td>MORTGAGE</td>
            <td><b>CL_CZ.C.002</b></td>
            <td>CORPORATE</td>
            <td>2012-04-11</td>
         </tr>
         <tr>
            <td><b>ACC_L.P.004</b></td>
            <td>LOAN</td>
            <td><b>CL_CZ.P.006</b></td>
            <td>PERSON</td>
            <td>2010-07-01</td>
         </tr>
      </table>
   </body>
</html>