<?xml version="1.0" encoding="windows-1250" standalone="no"?><!--<!DOCTYPE hokej SYSTEM "data.dtd">--><!--<hokej
  xmlns:xsi="http://www.w3.org/2001/XMLSchema-instance"
  xsi:noNamespaceSchemaLocation="data.xsd">
--><hokej>
	<nazev_tymu>HC Slavia Praha</nazev_tymu>
	<stadion>

		<historie>
			<otevreno kdy="2004-03-24"/>
			<byvaly_nazev>Sazka Arena</byvaly_nazev>
		</historie>
		<vyuziti>
			<udalost akce="hokej"/>
			<udalost akce="atletika"/>
			<udalost akce="tenis"/>
			<udalost akce="koncerty"/>
		</vyuziti>
		<nazev>o2 Arena</nazev>
		<kapacita>17123</kapacita>
		<poloha>
			<adresa>
				<ulice>Ocelarska 460/2</ulice>
				<mestska_cast>Liben</mestska_cast>
				<mesto>Praha 9</mesto>
				<stat>Ceska republika</stat>
			</adresa>
			<stanice_metra>Ceskomoravska</stanice_metra>
		</poloha>
	</stadion>
	<stadion>	
		<historie>
			<otevreno kdy="1975"/>
		</historie>
		<vyuziti>
			<udalost akce="hokej"/>
		</vyuziti>
		<nazev>Zimni stadion Eden</nazev>
		<kapacita>5000</kapacita>
		<poloha>
			<adresa>
				<ulice>Vladivostocka 1460/10</ulice>
				<mestska_cast>Vrsovice</mestska_cast>
				<mesto>Praha 10</mesto>
				<stat>Ceska republika</stat>
			</adresa>
			<stanice_metra>Strasnicka</stanice_metra>
		</poloha>
	</stadion>
	<tym>
		<muzstvo soutez="a_muzstvo">
			<vedeni>
				<treneri>
					<trener pozice="hlavni">Vladimir Ruzicka</trener>
					<trener pozice="asistent">Frantisek Beranek</trener>
					<trener pozice="asistent2">Ondrej Weismann</trener>
				</treneri>
			</vedeni>
			<hraci>
				<golmani>
					
					<golman hul="leva" name="Miroslav_Kopriva"/>
					<golman hul="prava" name="Dominik_Furch"/>
					
				<golman hul="leva" name="golman_1"/></golmani>
				<obranci>
					<obrance hul="leva" name="Jan_Dresler"/>
					<obrance hul="leva" name="Petr_Kadlec"/>
					<obrance hul="leva" name="Pavel_Kolarik"/>
					<obrance hul="leva" name="Daniel_Krejci"/>
					<obrance hul="leva" name="Jakub_Krejcik"/>
					<obrance hul="prava" name="Petr_Kubos"/>
					<obrance hul="leva" name="Jakub_Sulc"/>
					<obrance hul="prava" name="Juraj_Valach"/>
				<obrance hul="leva" name="Obrance_A"/><obrance hul="prava" name="Obrance_B"/></obranci>
				<utocnici>
					<utocnik hul="leva" name="Michal_Vondrka" pozice="kridlo"/>
					<utocnik hul="leva" name="Jan_Alinc" pozice="kridlo"/>
					<utocnik hul="leva" name="Antonin_Dusek" pozice="kridlo"/>
					<utocnik hul="leva" name="Dmitrij_Jaskin" pozice="kridlo"/>
					<utocnik hul="leva" name="Vladimir_Ruzicka_ml" pozice="centr"/>
					<utocnik hul="prava" name="Tomas_Pospisil" pozice="kridlo"/>
					<utocnik hul="leva" name="Tomas_Micka" pozice="centr"/>
					<utocnik hul="leva" name="Petr_Jelinek" pozice="centr"/>
					<utocnik hul="leva" name="Jakub_Sklenar" pozice="centr"/>
					<utocnik hul="leva" name="Lukas_Krenzelok" pozice="kridlo"/>
				<utocnici hul="leva" name="Utocnik_A" pozice="kridlo"/><utocnici hul="prava" name="Utocnik_B" pozice="kridlo"/></utocnici>
				
				<kapitan name_ref="Petr_Kadlec"/>
				<asistent name_ref="Michal_Vondrka"/>
				<asistent name_ref="Tomas_Pospisil"/>
				
			</hraci>

		</muzstvo>
		
		
		
	</tym>
	
	<hist>
		<datum><?php echo Date("d.m.Y")?></datum>
		Tym <b>HC Slavia Praha</b> vznikl v roce 1900 a je nejstarsim klubem v Cesku. Za 110 let dokazal pod vedenim 
		<osoba pozice_ref="hlavni">Vladimira Ruzicky</osoba> vyhrat 2 mistrovske tituly v letech 2003, 2008.
		<!-- Sekce CDATA -->
		<![CDATA[
		Ma rozpocet v intervalu <0, 10 miliard>
		]]>
		Vygenerovano dne: 8.3.2011, dnes je <?php echo Date("d.m.Y")?>
	</hist>
</hokej>