<?xml version="1.0" encoding="UTF-8"?>
<result>
   <player>
      <name>Damián Martínez</name>
      <nation>Argentina</nation>
      <playedCount>0</playedCount>
   </player>
   <player>
      <name>Thomas Vermaelen</name>
      <nation>Belgium</nation>
      <playedCount>0</playedCount>
   </player>
   <player>
      <name>Tomáš Rosický</name>
      <nation>Czech Republic</nation>
      <playedCount>2</playedCount>
   </player>
   <player>
      <name>Carl Jenkinson</name>
      <nation>England</nation>
      <playedCount>1</playedCount>
   </player>
   <player>
      <name>Kieran Gibbs</name>
      <nation>England</nation>
      <playedCount>1</playedCount>
   </player>
   <player>
      <name>Jack Wilshere</name>
      <nation>England</nation>
      <playedCount>2</playedCount>
   </player>
   <player>
      <name>Alex Oxlade-Chaimberlain</name>
      <nation>England</nation>
      <playedCount>0</playedCount>
   </player>
   <player>
      <name>Theo Walcott</name>
      <nation>England</nation>
      <playedCount>1</playedCount>
   </player>
   <player>
      <name>Laurent Koscielny</name>
      <nation>France</nation>
      <playedCount>2</playedCount>
   </player>
   <player>
      <name>Bacary Sagna</name>
      <nation>France</nation>
      <playedCount>1</playedCount>
   </player>
   <player>
      <name>Olivier Giroud</name>
      <nation>France</nation>
      <playedCount>1</playedCount>
   </player>
   <player>
      <name>Per Mertesacker</name>
      <nation>Germany</nation>
      <playedCount>2</playedCount>
   </player>
   <player>
      <name>Serge Gnabry</name>
      <nation>Germany</nation>
      <playedCount>0</playedCount>
   </player>
   <player>
      <name>Mesut Özil</name>
      <nation>Germany</nation>
      <playedCount>2</playedCount>
   </player>
   <player>
      <name>Lukas Podolski</name>
      <nation>Germany</nation>
      <playedCount>1</playedCount>
   </player>
   <player>
      <name>Ryô Miyaichi</name>
      <nation>Japan</nation>
      <playedCount>0</playedCount>
   </player>
   <player>
      <name>Wojciech Szczesny</name>
      <nation>Poland</nation>
      <playedCount>2</playedCount>
   </player>
   <player>
      <name>Lukasz Fabianski</name>
      <nation>Poland</nation>
      <playedCount>0</playedCount>
   </player>
   <player>
      <name>Natxo Monreal</name>
      <nation>Spain</nation>
      <playedCount>1</playedCount>
   </player>
   <player>
      <name>Mikel Arteta</name>
      <nation>Spain</nation>
      <playedCount>1</playedCount>
   </player>
   <player>
      <name>Santi Cazorla</name>
      <nation>Spain</nation>
      <playedCount>1</playedCount>
   </player>
   <player>
      <name>Aaron Ramsey</name>
      <nation>Wales</nation>
      <playedCount>1</playedCount>
   </player>
</result>