<?xml version="1.0" encoding="UTF-8"?>
<result>
   <player>
      <name>Laurent Koscielny</name>
      <nation>France</nation>
      <date_of_birth>1985-09-10</date_of_birth>
      <squad>first_team</squad>
      <contract>
         <type>full_time</type>
         <started>2012-07-24</started>
         <expires>2017-06-30</expires>
         <wage>60000</wage>
      </contract>
   </player>
   <player>
      <name>Per Mertesacker</name>
      <nation>Germany</nation>
      <date_of_birth>1984-09-29</date_of_birth>
      <squad>first_team</squad>
      <contract>
         <type>full_time</type>
         <started>2011-08-31</started>
         <expires>2015-06-30</expires>
         <wage>80000</wage>
      </contract>
   </player>
   <player>
      <name>Thomas Vermaelen</name>
      <nation>Belgium</nation>
      <date_of_birth>1985-11-14</date_of_birth>
      <squad>first_team</squad>
      <contract>
         <type>full_time</type>
         <started>2011-10-18</started>
         <expires>2015-06-30</expires>
         <wage>69999</wage>
      </contract>
   </player>
   <player>
      <name>Jack Wilshere</name>
      <nation>England</nation>
      <date_of_birth>1992-01-01</date_of_birth>
      <squad>first_team</squad>
      <contract>
         <type>full_time</type>
         <started>2012-12-09</started>
         <expires>2018-06-30</expires>
         <wage>79999</wage>
      </contract>
   </player>
   <player>
      <name>Mikel Arteta</name>
      <nation>Spain</nation>
      <date_of_birth>1982-03-28</date_of_birth>
      <squad>first_team</squad>
      <contract>
         <type>full_time</type>
         <started>2011-08-31</started>
         <expires>2015-06-30</expires>
         <wage>65000</wage>
      </contract>
   </player>
   <player>
      <name>Aaron Ramsey</name>
      <nation>Wales</nation>
      <date_of_birth>1990-12-26</date_of_birth>
      <squad>first_team</squad>
      <contract>
         <type>full_time</type>
         <started>2012-12-19</started>
         <expires>2018-06-30</expires>
         <wage>59999</wage>
      </contract>
   </player>
   <player>
      <name>Santi Cazorla</name>
      <nation>Spain</nation>
      <date_of_birth>1984-12-13</date_of_birth>
      <squad>first_team</squad>
      <contract>
         <type>full_time</type>
         <started>2012-08-07</started>
         <expires>2016-06-30</expires>
         <wage>70000</wage>
      </contract>
   </player>
   <player>
      <name>Alex Oxlade-Chaimberlain</name>
      <nation>England</nation>
      <date_of_birth>1993-08-15</date_of_birth>
      <squad>first_team</squad>
      <contract>
         <type>full_time</type>
         <started>2012-12-19</started>
         <expires>2018-06-30</expires>
         <wage>51999</wage>
      </contract>
   </player>
   <player>
      <name>Mesut Özil</name>
      <nation>Germany</nation>
      <date_of_birth>1988-10-15</date_of_birth>
      <squad>first_team</squad>
      <contract>
         <type>full_time</type>
         <started>2013-08-17</started>
         <expires>2019-06-30</expires>
         <wage>83326</wage>
      </contract>
   </player>
   <player>
      <name>Theo Walcott</name>
      <nation>England</nation>
      <date_of_birth>1989-03-16</date_of_birth>
      <squad>first_team</squad>
      <contract>
         <type>full_time</type>
         <started>2013-01-18</started>
         <expires>2016-06-30</expires>
         <wage>99999</wage>
      </contract>
   </player>
   <player>
      <name>Lukas Podolski</name>
      <nation>Germany</nation>
      <date_of_birth>1985-06-04</date_of_birth>
      <squad>first_team</squad>
      <contract>
         <type>full_time</type>
         <started>2012-07-01</started>
         <expires>2016-06-30</expires>
         <wage>100000</wage>
      </contract>
   </player>
</result>