<?xml version="1.0" encoding="UTF-8"?>
<bands>
   <band band_id="1">
            <name>Cosmic Wolfies</name>
            <date_of_creation>
                <year>1999</year>
                <month>5</month>
                <day>13</day>
            </date_of_creation>
            <artists>
                <artist artist_id="4" type="lead">
                    <first_name>Pinky</first_name>
                    <last_name>Juice</last_name>
                    <date_of_birth>
                        <year>1986</year>
                        <month>1</month>
                        <day>30</day>
                        <time>08:44:12</time>
                    </date_of_birth>
                </artist>
                <artist artist_id="5" type="lead">
                    <first_name>Nicolas</first_name>
                    <last_name>Browning</last_name>
                    <date_of_birth>
                        <year>1984</year>
                        <month>7</month>
                        <day>15</day>
                        <time>17:21:22</time>
                    </date_of_birth>
                </artist>
                <artist artist_id="6" type="vocal">
                    <first_name>Flin</first_name>
                    <last_name>Anderson</last_name>
                    <date_of_birth>
                        <year>1985</year>
                        <month>6</month>
                        <day>11</day>
                        <time>03:02:50</time>
                    </date_of_birth>
                </artist>
            </artists>
            <albums>
                <album album_id="3">
                    <title>Avalanch</title>
                    <date_of_release>
                        <year>2002</year>
                        <month>4</month>
                        <day>12</day>
                    </date_of_release>
                    <genre>Dubstep</genre>
                    <songs>
                        <song song_id="23">
                            <title>Bogus</title>
                            <length>1</length>
                        </song>
                        <song song_id="24">
                            <title cover="true">Aenean gravida</title>
                            <length>17</length>
                        </song>
                        <song song_id="25">
                            <title cover="true">Duis risus odio,</title>
                            <length>2</length>
                        </song>
                        <song song_id="26">
                            <title>erat vel pede</title>
                            <length>2</length>
                        </song>
                        <song song_id="27">
                            <title>dolor vitae dolor.</title>
                            <length>5</length>
                        </song>
                        <song song_id="28">
                            <title cover="true">Nulla semper tellus id</title>
                            <length>1</length>
                        </song>
                        <song song_id="29">
                            <title>tellus lorem eu</title>
                            <length>2</length>
                        </song>
                    </songs>
                </album>
                <album album_id="4">
                    <title>Monitor</title>
                    <date_of_release>
                        <year>2004</year>
                        <month>6</month>
                        <day>12</day>
                    </date_of_release>
                    <genre>Classic</genre>
                    <songs>
                        <song song_id="30">
                            <title>Proin dolor. Nulla</title>
                            <length>3</length>
                        </song>
                        <song song_id="31">
                            <title cover="true">risus. Quisque libero lacus,</title>
                            <length>5</length>
                        </song>
                        <song song_id="32">
                            <title cover="true">nec, cursus a,</title>
                            <length>7</length>
                        </song>
                        <song song_id="33">
                            <title>velit</title>
                            <length>8</length>
                        </song>
                        <song song_id="34">
                            <title>erat.</title>
                            <length>3</length>
                        </song>
                        <song song_id="35">
                            <title cover="true">dapibus id, blandit</title>
                            <length>9</length>
                        </song>
                        <song song_id="36">
                            <title>ipsum</title>
                            <length>2</length>
                        </song>
                    </songs>
                </album>
                <album album_id="5">
                    <title>Pork</title>
                    <date_of_release>
                        <year>2005</year>
                        <month>2</month>
                        <day>14</day>
                    </date_of_release>
                    <genre>Funk</genre>
                    <songs>
                        <song song_id="37">
                            <title cover="true">gravida nunc sed pede.</title>
                            <length>10</length>
                        </song>
                        <song song_id="38">
                            <title>convallis</title>
                            <length>9</length>
                        </song>
                        <song song_id="39">
                            <title>Etiam imperdiet dictum magna.</title>
                            <length>5</length>
                        </song>
                        <song song_id="40">
                            <title cover="true">ultrices.</title>
                            <length>10</length>
                        </song>
                        <song song_id="41">
                            <title>auctor</title>
                            <length>1</length>
                        </song>
                        <song song_id="42">
                            <title>Curabitur</title>
                            <length>9</length>
                        </song>
                        <song song_id="43">
                            <title>faucibus lectus, a</title>
                            <length>6</length>
                        </song>
                        <song song_id="44">
                            <title cover="true">orci, adipiscing non,</title>
                            <length>5</length>
                        </song>
                        <song song_id="45">
                            <title>erat volutpat. Nulla dignissim.</title>
                            <length>4</length>
                        </song>
                    </songs>
                </album>
            </albums>


        </band>
</bands>