<?xml version="1.0" encoding="UTF-8"?>
<bands>
   <band band_id="0">
            <name>Walk The Dog</name>
            <date_of_creation>
                <year>2001</year>
                <month>9</month>
                <day>22</day>
            </date_of_creation>
            <artists>
                <artist artist_id="0" type="vocal">
                    <first_name>Jerry</first_name>
                    <last_name>Rotman</last_name>
                    <date_of_birth>
                        <year>1986</year>
                        <month>6</month>
                        <day>23</day>
                        <time>12:11:33</time>
                    </date_of_birth>
                </artist>
                <artist artist_id="1" type="lead">
                    <first_name>Dan</first_name>
                    <last_name>Mether</last_name>
                    <date_of_birth>
                        <year>1992</year>
                        <month>4</month>
                        <day>5</day>
                        <time>16:13:44</time>
                    </date_of_birth>
                </artist>
                <artist artist_id="2" type="drum">
                    <first_name>Anthony</first_name>
                    <last_name>Woodman</last_name>
                    <date_of_birth>
                        <year>1986</year>
                        <month>2</month>
                        <day>16</day>
                        <time>11:20:50</time>
                    </date_of_birth>
                </artist>
                <artist artist_id="3" type="piano">
                    <first_name>Bonnie</first_name>
                    <last_name>Konn</last_name>
                    <date_of_birth>
                        <year>1989</year>
                        <month>7</month>
                        <day>29</day>
                        <time>16:10:51</time>
                    </date_of_birth>
                </artist>
            </artists>
            <albums>
                <album album_id="0">
                    <title>Bombito Seniorita</title>
                    <date_of_release>a
                        <year>2002</year>
                        <month>4</month>
                        <day>12</day>
                    </date_of_release>
                    <genre>Pop</genre>
                    <songs>
                        <song song_id="0">
                            <title>Atmosferic</title>
                            <length>5</length>
                        </song>
                        <song song_id="1">
                            <title>Aenean gravida</title>
                            <length>9</length>
                        </song>
                        <song song_id="2">
                            <title cover="true">Duis risus odio,</title>
                            <length>25</length>
                        </song>
                        <song song_id="3">
                            <title>erat vel pede</title>
                            <length>2</length>
                        </song>
                        <song song_id="4">
                            <title cover="true">dolor vitae dolor.</title>
                            <length>12</length>
                        </song>
                        <song song_id="5">
                            <title cover="true">Nulla semper tellus id</title>
                            <length>22</length>
                        </song>
                        <song song_id="6">
                            <title>tellus lorem eu</title>
                            <length>7</length>
                        </song>
                    </songs>
                </album>
                <album album_id="1">
                    <title>JiggiJiggi</title>
                    <date_of_release>
                        <year>2004</year>
                        <month>6</month>
                        <day>12</day>
                    </date_of_release>
                    <genre>Pop</genre>
                    <songs>
                        <song song_id="7">
                            <title>Proin dolor. Nulla</title>
                            <length>3</length>
                        </song>
                        <song song_id="8">
                            <title>risus. Quisque libero lacus,</title>
                            <length>5</length>
                        </song>
                        <song song_id="9">
                            <title>nec, cursus a,</title>
                            <length>7</length>
                        </song>
                        <song song_id="10">
                            <title>velit</title>
                            <length>8</length>
                        </song>
                        <song song_id="11">
                            <title>erat.</title>
                            <length>3</length>
                        </song>
                        <song song_id="12">
                            <title cover="true">dapibus id, blandit</title>
                            <length>9</length>
                        </song>
                        <song song_id="13">
                            <title>ipsum</title>
                            <length>2</length>
                        </song>
                    </songs>
                </album>
                <album album_id="2">
                    <title>Captain Joffrey</title>
                    <date_of_release>
                        <year>2005</year>
                        <month>2</month>
                        <day>14</day>
                    </date_of_release>
                    <genre>Metal</genre>
                    <songs>
                        <song song_id="14">
                            <title>gravida nunc sed pede.</title>
                            <length>10</length>
                        </song>
                        <song song_id="15">
                            <title>convallis</title>
                            <length>9</length>
                        </song>
                        <song song_id="16">
                            <title>Etiam imperdiet dictum magna.</title>
                            <length>5</length>
                        </song>
                        <song song_id="17">
                            <title>ultrices.</title>
                            <length>10</length>
                        </song>
                        <song song_id="18">
                            <title>auctor</title>
                            <length>1</length>
                        </song>
                        <song song_id="19">
                            <title cover="true">Curabitur</title>
                            <length>9</length>
                        </song>
                        <song song_id="20">
                            <title>faucibus lectus, a</title>
                            <length>6</length>
                        </song>
                        <song song_id="21">
                            <title>orci, adipiscing non,</title>
                            <length>5</length>
                        </song>
                        <song song_id="22">
                            <title>erat volutpat. Nulla dignissim.</title>
                            <length>4</length>
                        </song>
                    </songs>
                </album>
            </albums>

        </band>
</bands>