<html>
   <head>
      <meta http-equiv="Content-Type" content="text/html; charset=UTF-8">
      <title>Database</title>
   </head>
   <body>
      <div>
         <p>Walk The Dog</p>
         <ul>
            <li>
               <p>Bombito Seniorita</p>
               <ul>
                  <li>
                     <p>Atmosferic</p>
                  </li>
                  <li>
                     <p>Aenean gravida</p>
                  </li>
                  <li>
                     <p>Duis risus odio,</p>
                  </li>
                  <li>
                     <p>erat vel pede</p>
                  </li>
                  <li>
                     <p>dolor vitae dolor.</p>
                  </li>
                  <li>
                     <p>Nulla semper tellus id</p>
                  </li>
                  <li>
                     <p>tellus lorem eu</p>
                  </li>
               </ul>
            </li>
            <li>
               <p>JiggiJiggi</p>
               <ul>
                  <li>
                     <p>Proin dolor. Nulla</p>
                  </li>
                  <li>
                     <p>risus. Quisque libero lacus,</p>
                  </li>
                  <li>
                     <p>nec, cursus a,</p>
                  </li>
                  <li>
                     <p>velit</p>
                  </li>
                  <li>
                     <p>erat.</p>
                  </li>
                  <li>
                     <p>dapibus id, blandit</p>
                  </li>
                  <li>
                     <p>ipsum</p>
                  </li>
               </ul>
            </li>
            <li>
               <p>Captain Joffrey</p>
               <ul>
                  <li>
                     <p>gravida nunc sed pede.</p>
                  </li>
                  <li>
                     <p>convallis</p>
                  </li>
                  <li>
                     <p>Etiam imperdiet dictum magna.</p>
                  </li>
                  <li>
                     <p>ultrices.</p>
                  </li>
                  <li>
                     <p>auctor</p>
                  </li>
                  <li>
                     <p>Curabitur</p>
                  </li>
                  <li>
                     <p>faucibus lectus, a</p>
                  </li>
                  <li>
                     <p>orci, adipiscing non,</p>
                  </li>
                  <li>
                     <p>erat volutpat. Nulla dignissim.</p>
                  </li>
               </ul>
            </li>
            <li>
               <p>Very first album</p>
               <ul>
                  <li>
                     <p>Beat the heat</p>
                  </li>
                  <li>
                     <p>Jericho</p>
                  </li>
                  <li>
                     <p>Ultrasonic</p>
                  </li>
                  <li>
                     <p>XMLing</p>
                  </li>
               </ul>
            </li>
         </ul>
      </div>
      <div>
         <p>Cosmic Wolfies</p>
         <ul>
            <li>
               <p>Avalanch</p>
               <ul>
                  <li>
                     <p>Bogus</p>
                  </li>
                  <li>
                     <p>Aenean gravida</p>
                  </li>
                  <li>
                     <p>Duis risus odio,</p>
                  </li>
                  <li>
                     <p>erat vel pede</p>
                  </li>
                  <li>
                     <p>dolor vitae dolor.</p>
                  </li>
                  <li>
                     <p>Nulla semper tellus id</p>
                  </li>
                  <li>
                     <p>tellus lorem eu</p>
                  </li>
               </ul>
            </li>
            <li>
               <p>Monitor</p>
               <ul>
                  <li>
                     <p>Proin dolor. Nulla</p>
                  </li>
                  <li>
                     <p>risus. Quisque libero lacus,</p>
                  </li>
                  <li>
                     <p>nec, cursus a,</p>
                  </li>
                  <li>
                     <p>velit</p>
                  </li>
                  <li>
                     <p>erat.</p>
                  </li>
                  <li>
                     <p>dapibus id, blandit</p>
                  </li>
                  <li>
                     <p>ipsum</p>
                  </li>
               </ul>
            </li>
            <li>
               <p>Pork</p>
               <ul>
                  <li>
                     <p>gravida nunc sed pede.</p>
                  </li>
                  <li>
                     <p>convallis</p>
                  </li>
                  <li>
                     <p>Etiam imperdiet dictum magna.</p>
                  </li>
                  <li>
                     <p>ultrices.</p>
                  </li>
                  <li>
                     <p>auctor</p>
                  </li>
                  <li>
                     <p>Curabitur</p>
                  </li>
                  <li>
                     <p>faucibus lectus, a</p>
                  </li>
                  <li>
                     <p>orci, adipiscing non,</p>
                  </li>
                  <li>
                     <p>erat volutpat. Nulla dignissim.</p>
                  </li>
               </ul>
            </li>
            <li>
               <p>Lazor</p>
               <ul>
                  <li>
                     <p>Stars above the vlad</p>
                  </li>
                  <li>
                     <p>Ponjo</p>
                  </li>
                  <li>
                     <p>Doodiestar</p>
                  </li>
               </ul>
            </li>
         </ul>
      </div>
      <div>
         <p>Boom Of The Doom</p>
         <ul>
            <li>
               <p>Misery</p>
               <ul>
                  <li>
                     <p>Quisque purus sapien, gravida</p>
                  </li>
                  <li>
                     <p>Aenean gravida</p>
                  </li>
                  <li>
                     <p>Duis risus odio,</p>
                  </li>
                  <li>
                     <p>erat vel pede</p>
                  </li>
                  <li>
                     <p>dolor vitae dolor.</p>
                  </li>
                  <li>
                     <p>Nulla semper tellus id</p>
                  </li>
                  <li>
                     <p>tellus lorem eu</p>
                  </li>
               </ul>
            </li>
            <li>
               <p>Aliquam</p>
               <ul>
                  <li>
                     <p>Proin dolor. Nulla</p>
                  </li>
                  <li>
                     <p>risus. Quisque libero lacus,</p>
                  </li>
                  <li>
                     <p>nec, cursus a,</p>
                  </li>
                  <li>
                     <p>velit</p>
                  </li>
                  <li>
                     <p>erat.</p>
                  </li>
                  <li>
                     <p>dapibus id, blandit</p>
                  </li>
                  <li>
                     <p>ipsum</p>
                  </li>
               </ul>
            </li>
            <li>
               <p>Nunc mauris. Morbi</p>
               <ul>
                  <li>
                     <p>gravida nunc sed pede.</p>
                  </li>
                  <li>
                     <p>convallis</p>
                  </li>
                  <li>
                     <p>Etiam imperdiet dictum magna.</p>
                  </li>
                  <li>
                     <p>ultrices.</p>
                  </li>
                  <li>
                     <p>auctor</p>
                  </li>
                  <li>
                     <p>Curabitur</p>
                  </li>
                  <li>
                     <p>faucibus lectus, a</p>
                  </li>
                  <li>
                     <p>orci, adipiscing non,</p>
                  </li>
                  <li>
                     <p>erat volutpat. Nulla dignissim.</p>
                  </li>
               </ul>
            </li>
         </ul>
      </div>
      <div>
         <p>Ultima</p>
         <ul>
            <li>
               <p>Pips</p>
               <ul>
                  <li>
                     <p>Pocket Rocket</p>
                  </li>
                  <li>
                     <p>Bonghaloo</p>
                  </li>
                  <li>
                     <p>Devastator</p>
                  </li>
               </ul>
            </li>
         </ul>
      </div>
   </body>
</html>