<html>
   <head>
      <meta http-equiv="Content-Type" content="text/html; charset=UTF-8">
      <title>Charts</title>
   </head>
   <body>
      <p>Charts:</p>
      <ul>
         <li>
            <p>
               <name>New Heaven Chart</name>
            </p><br><ul>
               <li>
                  <p>1.Walk The Dog - Nulla semper tellus id</p>
               </li>
               <li>
                  <p>2.Walk The Dog - Proin dolor. Nulla</p>
               </li>
               <li>
                  <p>3.Walk The Dog - Duis risus odio,</p>
               </li>
               <li>
                  <p>4.Walk The Dog - Nulla semper tellus id</p>
               </li>
               <li>
                  <p>5.Walk The Dog - Aenean gravida</p>
               </li>
            </ul>
         </li>
         <li>
            <p>
               <name>Boombox Chart</name>
            </p><br><ul>
               <li>
                  <p>1.Boom Of The Doom - tellus lorem eu</p>
               </li>
               <li>
                  <p>2.Walk The Dog - convallis</p>
               </li>
               <li>
                  <p>3.Walk The Dog - Curabitur</p>
               </li>
               <li>
                  <p>4.Cosmic Wolfies - Duis risus odio,</p>
               </li>
               <li>
                  <p>5.Boom Of The Doom - orci, adipiscing non,</p>
               </li>
               <li>
                  <p>6.Walk The Dog - orci, adipiscing non,</p>
               </li>
               <li>
                  <p>7.Walk The Dog - Nulla semper tellus id</p>
               </li>
               <li>
                  <p>8.Cosmic Wolfies - erat.</p>
               </li>
               <li>
                  <p>9.Cosmic Wolfies - Duis risus odio,</p>
               </li>
               <li>
                  <p>10.Boom Of The Doom - faucibus lectus, a</p>
               </li>
            </ul>
         </li>
         <li>
            <p>
               <name>Wabbajack Chart</name>
            </p><br><ul>
               <li>
                  <p>1.Walk The Dog - Aenean gravida</p>
               </li>
               <li>
                  <p>2.Boom Of The Doom - Proin dolor. Nulla</p>
               </li>
               <li>
                  <p>3.Boom Of The Doom - tellus lorem eu</p>
               </li>
               <li>
                  <p>4.Walk The Dog - orci, adipiscing non,</p>
               </li>
               <li>
                  <p>5.Walk The Dog - Nulla semper tellus id</p>
               </li>
               <li>
                  <p>6.Boom Of The Doom - Nulla semper tellus id</p>
               </li>
               <li>
                  <p>7.Boom Of The Doom - orci, adipiscing non,</p>
               </li>
               <li>
                  <p>8.Cosmic Wolfies - Aenean gravida</p>
               </li>
               <li>
                  <p>9.Boom Of The Doom - Nulla semper tellus id</p>
               </li>
               <li>
                  <p>10.Walk The Dog - dapibus id, blandit</p>
               </li>
            </ul>
         </li>
         <li>
            <p>
               <name>BoomstickFM Chart</name>
            </p><br><ul>
               <li>
                  <p>1.Walk The Dog - dapibus id, blandit</p>
               </li>
               <li>
                  <p>2.Walk The Dog - erat volutpat. Nulla dignissim.</p>
               </li>
               <li>
                  <p>3.Cosmic Wolfies - nec, cursus a,</p>
               </li>
               <li>
                  <p>4.Cosmic Wolfies - Curabitur</p>
               </li>
               <li>
                  <p>5.Boom Of The Doom - tellus lorem eu</p>
               </li>
            </ul>
         </li>
      </ul>
   </body>
</html>