<?xml version="1.0" encoding="UTF-8"?>
<labels>
   <L15525 name="Global Electro" hasSub="true" isSub="false">
      <album band="Walk The Dog" name="Bombito Seniorita"/>
      <album band="Boom Of The Doom" name="Nunc mauris. Morbi"/>
      <subs>
         <L42566 name="Madsteel" hasSub="false" isSub="true">
            <album band="Boom Of The Doom" name="Aliquam"/>
         </L42566>
      </subs>
   </L15525>
   <L27373 name="MusiCo" hasSub="true" isSub="false">
      <album band="Boom Of The Doom" name="Misery"/>
      <subs>
         <L34587 name="Madsteel" hasSub="false" isSub="true">
            <album band="Cosmic Wolfies" name="Pork"/>
            <album band="Walk The Dog" name="Captain Joffrey"/>
         </L34587>
         <L98723 name="MorroL" hasSub="true" isSub="true">
            <subs>
               <L66833 name="Madsteel" hasSub="false" isSub="true">
                  <album band="Cosmic Wolfies" name="Avalanch"/>
               </L66833>
            </subs>
         </L98723>
      </subs>
   </L27373>
   <L62277 name="Indie" hasSub="false" isSub="false">
      <album band="Cosmic Wolfies" name="Monitor"/>
   </L62277>
</labels>