<?xml version="1.0" encoding="UTF-8"?>
<produkt>
   <nazev>Intel core i7</nazev>
   <popis>Nejvýkonnější procesor současnosti.</popis>
   <hodnoceni>Spatny produkt</hodnoceni>
</produkt>
<produkt>
   <nazev>LCD Panasonic</nazev>
   <popis>Vynikající 42 palcová LCD televize do vašeho obýváku.</popis>
   <hodnoceni>Spatny produkt</hodnoceni>
</produkt>
<produkt>
   <nazev>Notebook Dell</nazev>
   <popis>Notebook, který vyniká ve všem.</popis>
   <hodnoceni>Spatny produkt</hodnoceni>
</produkt>