<?xml version="1.0" encoding="UTF-8"?>
<faktura>
   <objednavatel>
      <jmeno>Petr</jmeno>
      <prijmeni>Novák</prijmeni>
   </objednavatel>
   <polozky>
      <polozka>Myš Genius<kusu xmlns:xsi="http://www.w3.org/2001/XMLSchema-instance">2</kusu>
         <cena>123</cena>
      </polozka>
      <polozka>LCD Panasonic<kusu xmlns:xsi="http://www.w3.org/2001/XMLSchema-instance">1</kusu>
         <cena>16878</cena>
      </polozka>
   </polozky>
</faktura>
<faktura>
   <objednavatel>
      <jmeno>Petr</jmeno>
      <prijmeni>Novák</prijmeni>
   </objednavatel>
   <polozky>
      <polozka>Intel core i7<kusu xmlns:xsi="http://www.w3.org/2001/XMLSchema-instance">3</kusu>
         <cena>13000</cena>
      </polozka>
   </polozky>
</faktura>
<faktura>
   <objednavatel>
      <jmeno/>
      <prijmeni/>
   </objednavatel>
   <polozky>
      <polozka>Myš Genius<kusu xmlns:xsi="http://www.w3.org/2001/XMLSchema-instance">2</kusu>
         <cena>123</cena>
      </polozka>
      <polozka>LCD Panasonic<kusu xmlns:xsi="http://www.w3.org/2001/XMLSchema-instance">3</kusu>
         <cena>16878</cena>
      </polozka>
      <polozka>Intel core i7<kusu xmlns:xsi="http://www.w3.org/2001/XMLSchema-instance">5</kusu>
         <cena>13000</cena>
      </polozka>
   </polozky>
</faktura>