<html>
   <head>
      <meta http-equiv="Content-Type" content="text/html; charset=UTF-8">
   </head>
   <body>
      <table>
         <tr>
            <td>name</td>
            <td>price</td>
         </tr>
         <tr>
            <td>
               <name>Unnamed product</name>
            </td>
            <td>
               <price>0</price>
            </td>
         </tr>
         <tr>
            <td>
               <name>Unnamed product2</name>
            </td>
            <td>
               <price>0</price>
            </td>
         </tr>
         <tr>
            <td>
               <name>Unnamed product2</name>
            </td>
            <td>
               <price>0</price>
            </td>
         </tr>
         <tr>
            <td>
               <name>Unnamed product2</name>
            </td>
            <td>
               <price>0</price>
            </td>
         </tr>
         <tr>
            <td>
               <name>Unnamed product2</name>
            </td>
            <td>
               <price>0</price>
            </td>
         </tr>
         <tr>
            <td>
               <name>Small hammer</name>
            </td>
            <td>
               <price>20</price>
            </td>
         </tr>
         <tr>
            <td>
               <name>Philips screw driver</name>
            </td>
            <td>
               <price>100</price>
            </td>
         </tr>
         <tr>
            <td>
               <name>R-SMA male connector</name>
            </td>
            <td>
               <price>100</price>
            </td>
         </tr>
         <tr>
            <td>
               <name>Flat screwdriver</name>
            </td>
            <td>
               <price>150</price>
            </td>
         </tr>
         <tr>
            <td>
               <name>Optic fiber</name>
            </td>
            <td>
               <price>200</price>
            </td>
         </tr>
         <tr>
            <td>
               <name>UTP cable</name>
            </td>
            <td>
               <price>200</price>
            </td>
         </tr>
         <tr>
            <td>
               <name>Flashlight</name>
            </td>
            <td>
               <price>400</price>
            </td>
         </tr>
         <tr>
            <td>
               <name>Standard hammer</name>
            </td>
            <td>
               <price>700</price>
            </td>
         </tr>
         <tr>
            <td>
               <name>Big hammer</name>
            </td>
            <td>
               <price>1000</price>
            </td>
         </tr>
         <tr>
            <td>
               <name>Ethernet switch</name>
            </td>
            <td>
               <price>2000</price>
            </td>
         </tr>
      </table>
   </body>
</html>