<?xml version="1.0" encoding="UTF-8"?>
<bosses>
   <boss>
      <person PERID="5">
			      <name>Unnamed worker</name>
			      <rank>storekeeper</rank>
			      <trust>500</trust>
			      <manager>2</manager>
		    </person>
   </boss>
   <boss>
      <bosses>
         <boss>
            <person PERID="2">
			            <name>Jon Doe</name>
			            <rank>storekeeper</rank>
			            <trust>5000</trust>
			            <manager>1</manager>
		          </person>
         </boss>
         <boss>
            <bosses>
               <boss>
                  <person PERID="1">
			                  <name>The BOSS</name>
			                  <rank>director</rank>
			                  <trust>5000000</trust>
		                </person>
               </boss>
               <boss/>
            </bosses>
         </boss>
      </bosses>
   </boss>
</bosses>