<?xml version="1.0" encoding="utf-8" standalone="no"?><list>
	<startup>
		<founder>
			<founder_position><position>CEO</position></founder_position>
			<founder_name>
				John Random
			</founder_name>
			<founder_email>
				john@random.com
			</founder_email>
			<founder_phone_number>
				54687133
			</founder_phone_number>
		</founder>
		<startup_info>
			<startup_name>
				Hpricot
			</startup_name>
			<startup_address>
				<startup_street>
					The Fifth Avenue
				</startup_street>
				<startup_zipcode>
					11101
				</startup_zipcode>
				<startup_city>
					Long Island City
				</startup_city>
				<startup_state>
					New York
				</startup_state>
			</startup_address>
			<startup_online>
				www.hpricot.com
			<type>website</type></startup_online>
			<startup_online>
				www.hpricot.wordpress.com
			<type>blog</type></startup_online>
			<office>
				<office_address>
					<office_street>
						The Fifth Avenue
					</office_street>
					<office_zipcode>
						11101
					</office_zipcode>
					<office_city>
						Long Island City
					</office_city>
					<office_state>
						New York
					</office_state>
				</office_address>
				<office_phone_number>
					543897923
				</office_phone_number>
			</office>
		</startup_info>
		<product>
			<product_name>
				Social Search
			</product_name>
			<product_description>
				Social Search is a search tool specialised on social networks.
			</product_description>
			<target_market>
				People who use any of social networks.
			</target_market>
			<target_market_size_estimate>
				100000000
			</target_market_size_estimate>
			<product_online>
				www.socialsearch.com
			<type>website</type></product_online>
			<product_online>
				www.facebook.com/socialsearch
			<type>facebook</type></product_online>
			<competitor>
				<![CDATA[Nagilla & Co.]]>]
			</competitor>
			<competing_product_name>
				Facebook Finder
			</competing_product_name>
			<competing_product_description>
				Facebook Finder is a search tool for searching in Facebook content.
			</competing_product_description>
			<competing_product_note>
				This product heavily depends on Facebook API.			
			</competing_product_note>
		</product>
		<application>
			<date_send>14.3.2008</date_send>
			<date_delivered>
				15.3.2008
			</date_delivered>
			<current_date>
				<?php echo Date("d.m.Y")?>
			</current_date>
			<applicant>
				<applicant_name>John Random</applicant_name> is well-known for his open-source contributions in Ruby community.
			</applicant>
			<decision_why>
				I think this man is not responsible enough to be a single founder.
			</decision_why>
		<id>gh9503968</id><round>spring</round><status>rejected</status></application>
		<application>
			<date_send>14.3.2011</date_send>
			<date_delivered>
				15.3.2011
			</date_delivered>
			<current_date>
				<?php echo Date("d.m.Y")?>
			</current_date>
			<applicant>
				<applicant_name>John Random</applicant_name> is well-known for his open-source contributions in Ruby community.
			</applicant>
			<decision_why>
				I think that this idea has a great potential and its private beta version looks really good.
			</decision_why>
		<id>a6484gfr</id><last_application>gh9503968</last_application><round>spring</round><status>accepted</status></application>
		<investition>
			<investor>
				<fund>AngelList</fund>
				<investor_name>
					Mark Thiel
				</investor_name>
			</investor>
			<amount>100000</amount>
			<currency>USD</currency>
		</investition>
	</startup>
</list>