<?xml version="1.0" encoding="UTF-8"?>
<Players>
   <Miami>
      <PLAYER>
         <FULLNAME>Ray Allen</FULLNAME>
      </PLAYER>
      <PLAYER>
         <FULLNAME>Chris Andersen</FULLNAME>
      </PLAYER>
      <PLAYER>
         <FULLNAME>Joel Anthony</FULLNAME>
      </PLAYER>
      <PLAYER>
         <FULLNAME>Shayne Battier</FULLNAME>
      </PLAYER>
      <PLAYER>
         <FULLNAME>Chris Bosh</FULLNAME>
      </PLAYER>
      <PLAYER>
         <FULLNAME>Mario Chalmers</FULLNAME>
      </PLAYER>
      <PLAYER>
         <FULLNAME>Norris Cole</FULLNAME>
      </PLAYER>
      <PLAYER>
         <FULLNAME>Udonis Haslem</FULLNAME>
      </PLAYER>
      <PLAYER>
         <FULLNAME>LeBron James</FULLNAME>
      </PLAYER>
      <PLAYER>
         <FULLNAME>James Jones</FULLNAME>
      </PLAYER>
      <PLAYER>
         <FULLNAME>Rashard Lewis</FULLNAME>
      </PLAYER>
      <PLAYER>
         <FULLNAME>Mike Miller</FULLNAME>
      </PLAYER>
      <PLAYER>
         <FULLNAME>Dwyane Wade</FULLNAME>
      </PLAYER>
   </Miami>
   <LA>
      <PLAYER>
         <FULLNAME>Steve Blake</FULLNAME>
      </PLAYER>
      <PLAYER>
         <FULLNAME>Kobe Bryant</FULLNAME>
      </PLAYER>
      <PLAYER>
         <FULLNAME>Earl Clark</FULLNAME>
      </PLAYER>
      <PLAYER>
         <FULLNAME>Chris Duhon</FULLNAME>
      </PLAYER>
      <PLAYER>
         <FULLNAME>Pau Gasol</FULLNAME>
      </PLAYER>
      <PLAYER>
         <FULLNAME>Jordan Hill</FULLNAME>
      </PLAYER>
      <PLAYER>
         <FULLNAME>Dwight Howard</FULLNAME>
      </PLAYER>
      <PLAYER>
         <FULLNAME>Antawn Jamison</FULLNAME>
      </PLAYER>
      <PLAYER>
         <FULLNAME>Steve Nash</FULLNAME>
      </PLAYER>
      <PLAYER>
         <FULLNAME>Metta World Peace</FULLNAME>
      </PLAYER>
   </LA>
</Players>