<html>
   <head>
      <meta http-equiv="Content-Type" content="text/html; charset=UTF-8">
      <title>Scoring</title>
   </head>
   <body>
      <table>
         <tr>
            <th>Name</th>
            <th>Points</th>
            <th>Assists</th>
         </tr>
         <tr>
            <td>LeBron&nbsp;James</td>
            <td>
               <PLG xmlns:xsi="http://www.w3.org/2001/XMLSchema-instance">20</PLG>
            </td>
            <td>
               <ALG xmlns:xsi="http://www.w3.org/2001/XMLSchema-instance">8</ALG>
            </td>
         </tr>
         <tr>
            <td>Dwyane&nbsp;Wade</td>
            <td>
               <PLG xmlns:xsi="http://www.w3.org/2001/XMLSchema-instance">20</PLG>
            </td>
            <td>
               <ALG xmlns:xsi="http://www.w3.org/2001/XMLSchema-instance">8</ALG>
            </td>
         </tr>
         <tr>
            <td>Kobe&nbsp;Bryant</td>
            <td>
               <PLG xmlns:xsi="http://www.w3.org/2001/XMLSchema-instance">20</PLG>
            </td>
            <td>
               <ALG xmlns:xsi="http://www.w3.org/2001/XMLSchema-instance">8</ALG>
            </td>
         </tr>
         <tr>
            <td>Dwight&nbsp;Howard</td>
            <td>
               <PLG xmlns:xsi="http://www.w3.org/2001/XMLSchema-instance">20</PLG>
            </td>
            <td>
               <ALG xmlns:xsi="http://www.w3.org/2001/XMLSchema-instance">8</ALG>
            </td>
         </tr>
      </table>
   </body>
</html>