<?xml version="1.0" encoding="UTF-8"?>
<locals>
   <local brew-counter="5" name="Zubaty pes">
      <list brew="Bohemia Regent">
         <beer_name>Bohemia Regent Jedenactka</beer_name>
         <beer_name>Bohemia Regent Premium</beer_name>
         <beer_name>Bohemia Regent Tmavy</beer_name>
      </list>
      <list brew="Pivovar Rohozec">
         <beer_name>Rohozec Podskalak</beer_name>
         <beer_name>Rohozec Skalak 11 % </beer_name>
         <beer_name>Rohozec Skalak 12 % </beer_name>
      </list>
      <list brew="Staropramen">
         <beer_name>Staropramen Svetly</beer_name>
         <beer_name>Staropramen Cerny</beer_name>
         <beer_name>Staropramen Granat</beer_name>
         <beer_name>Staropramen Lezak</beer_name>
      </list>
      <list brew="U Fleku">
         <beer_name>Flekovsky lezak</beer_name>
      </list>
      <list brew="Uneticky pivovar">
         <beer_name>Uneticke pivo 10</beer_name>
         <beer_name>Uneticke pivo 12</beer_name>
         <beer_name>Uneticky special 13</beer_name>
         <beer_name>Staropramen Lezak</beer_name>
      </list>
   </local>
   <local brew-counter="7" name="U Sv. Jana">
      <list brew="Bohemia Regent">
         <beer_name>Bohemia Regent Jedenactka</beer_name>
         <beer_name>Bohemia Regent Premium</beer_name>
         <beer_name>Bohemia Regent Tmavy</beer_name>
      </list>
      <list brew="Chodovar">
         <beer_name>Chodovar Desitka</beer_name>
         <beer_name>Chodovar Zlata jedenactka</beer_name>
         <beer_name>Prezident Premium</beer_name>
         <beer_name>Zamecky lezak Special</beer_name>
      </list>
      <list brew="Novomestsky pivovar ">
         <beer_name>Novomestsky svetly lezak</beer_name>
         <beer_name>Novomestsky tmavy lezak</beer_name>
      </list>
      <list brew="Pivovar Rohozec">
         <beer_name>Rohozec Podskalak</beer_name>
         <beer_name>Rohozec Skalak 11 % </beer_name>
         <beer_name>Rohozec Skalak 12 % </beer_name>
      </list>
      <list brew="Starobrno">
         <beer_name>Starobrno Tradicni</beer_name>
         <beer_name>Starobrno Medium</beer_name>
         <beer_name>Starobrno Rezak</beer_name>
         <beer_name>Starobrno Cerne</beer_name>
      </list>
      <list brew="Staropramen">
         <beer_name>Staropramen Svetly</beer_name>
         <beer_name>Staropramen Cerny</beer_name>
         <beer_name>Staropramen Granat</beer_name>
         <beer_name>Staropramen Lezak</beer_name>
      </list>
      <list brew="U Fleku">
         <beer_name>Flekovsky lezak</beer_name>
      </list>
   </local>
   <local brew-counter="4" name="U Pinkasu">
      <list brew="Chodovar">
         <beer_name>Chodovar Desitka</beer_name>
         <beer_name>Chodovar Zlata jedenactka</beer_name>
         <beer_name>Prezident Premium</beer_name>
         <beer_name>Zamecky lezak Special</beer_name>
      </list>
      <list brew="Pivovar Rychtar">
         <beer_name>Rychtar Klasik</beer_name>
         <beer_name>Rychtar Natur</beer_name>
         <beer_name>Rychtar Standard</beer_name>
         <beer_name>Rychtar Premium</beer_name>
         <beer_name>Rychtar Rataj</beer_name>
      </list>
      <list brew="U Fleku">
         <beer_name>Flekovsky lezak</beer_name>
      </list>
      <list brew="Uneticky pivovar">
         <beer_name>Uneticke pivo 10</beer_name>
         <beer_name>Uneticke pivo 12</beer_name>
         <beer_name>Uneticky special 13</beer_name>
         <beer_name>Staropramen Lezak</beer_name>
      </list>
   </local>
   <local brew-counter="1" name="Pub Bumerang">
      <list brew="Amber">
         <beer_name>Pszeniczniak</beer_name>
         <beer_name>Piwo Zywe</beer_name>
         <beer_name>Kozlak</beer_name>
         <beer_name>Zlote Lwy</beer_name>
      </list>
   </local>
   <local brew-counter="3" name="Pivnice v Plachovce">
      <list brew="Pivovar Rohozec">
         <beer_name>Rohozec Podskalak</beer_name>
         <beer_name>Rohozec Skalak 11 % </beer_name>
         <beer_name>Rohozec Skalak 12 % </beer_name>
      </list>
      <list brew="Starobrno">
         <beer_name>Starobrno Tradicni</beer_name>
         <beer_name>Starobrno Medium</beer_name>
         <beer_name>Starobrno Rezak</beer_name>
         <beer_name>Starobrno Cerne</beer_name>
      </list>
      <list brew="Staropramen">
         <beer_name>Staropramen Svetly</beer_name>
         <beer_name>Staropramen Cerny</beer_name>
         <beer_name>Staropramen Granat</beer_name>
         <beer_name>Staropramen Lezak</beer_name>
      </list>
   </local>
   <local brew-counter="1" name="Kandelabry">
      <list brew="Amber">
         <beer_name>Pszeniczniak</beer_name>
         <beer_name>Piwo Zywe</beer_name>
         <beer_name>Kozlak</beer_name>
         <beer_name>Zlote Lwy</beer_name>
      </list>
   </local>
   <local brew-counter="1" name="Jadalnia pod Zielonym Smokiem ">
      <list brew="Amber">
         <beer_name>Pszeniczniak</beer_name>
         <beer_name>Piwo Zywe</beer_name>
         <beer_name>Kozlak</beer_name>
         <beer_name>Zlote Lwy</beer_name>
      </list>
   </local>
</locals>