<html>
   <head>
      <meta http-equiv="Content-Type" content="text/html; charset=UTF-8">
      <title>Breweries</title><style type="text/css">body{font-family: Verdana, Arial, Helvetica, sans-serif}
    table, th, td{ border: 1px solid gray; border-collapse:collapse}</style></head>
   <body>
      <h1>List of breweries</h1>
      <table>
         <tr>
            <th>Brewery Name</th>
            <th>City</th>
            <th>Founded</th>
            <th>Website</th>
            <th>Note</th>
         </tr>
         <tr>
            <td>Staropramen</td>
            <td>Prague</td>
            <td>1869</td>
            <td>www.staropramen.cz</td>
            <td>
               				Staropramen beer is present in Hašek's novel: "Osudy dobreho vojaka Švejka za svetove valky". 
            </td>
         </tr>
         <tr>
            <td>Uneticky pivovar</td>
            <td>Unetice</td>
            <td>1710</td>
            <td>www.unetickypivovar.cz</td>
            <td>Brewing traditional Czech lager, using traditional time tested methods, Uneticke's beer consistently has a fresh, wholesome,
               and pure taste that comes only with the best lager.
            </td>
         </tr>
         <tr>
            <td>U Fleku</td>
            <td>Prague</td>
            <td>1499</td>
            <td>www.ufleku.cz</td>
            <td>The U Fleku brewery is the only brewery in Central Europe which has been brewing beer for 500 straight years. When communists
               came to power the business was nationalised and after the fall of the communist regime the restaurant and the brewery were
               returned to the original owners in 1991, the Brtnik family.
            </td>
         </tr>
         <tr>
            <td>Novomestsky pivovar </td>
            <td>Prague</td>
            <td>1993</td>
            <td>www.npivovar.cz</td>
            <td>The New Town brewery is a unique Old Bohemian restaurant and mini-brewery in the centre of Prague, which specializes in traditional
               Czech cuisine.
            </td>
         </tr>
         <tr>
            <td>Starobrno</td>
            <td>Brno</td>
            <td>1872</td>
            <td>www.starobrno.cz</td>
            <td>Note isn't available.</td>
         </tr>
         <tr>
            <td>Pivovar Rychtar</td>
            <td>Hlinsko v Cechach</td>
            <td>1913</td>
            <td>www.rychtar.cz</td>
            <td>Note isn't available.</td>
         </tr>
         <tr>
            <td>Pivovar Rohozec</td>
            <td>Turnov</td>
            <td>1850 </td>
            <td>www.pivorohozec.cz</td>
            <td>The brewery was built on the outskirts of Turnov in the middle of the 19th century by the Unger family, the owners of the
               local estate.
            </td>
         </tr>
         <tr>
            <td>Bohemia Regent</td>
            <td>Trebon</td>
            <td>1379</td>
            <td>www.pivovar-regent.cz</td>
            <td>Note isn't available.</td>
         </tr>
         <tr>
            <td>Chodovar</td>
            <td>Chodova Plana</td>
            <td>1573</td>
            <td>www.chodovar.cz</td>
            <td>Note isn't available.</td>
         </tr>
         <tr>
            <td>Amber</td>
            <td>Bielkowko</td>
            <td>1994</td>
            <td>www.browar-amber.pl</td>
            <td>The Amber Brewery is one of the most modern small and medium brewery companies in Poland. Located in the midst of morainal
               hills surrounding Gdansk, the Brewery proudly continues excellent brewery traditions present in this region for centuries.
               
            </td>
         </tr>
      </table>
   </body>
</html>