<?xml version="1.0" encoding="UTF-8"?>
<pubs_list>
   <pub>
      <name>Jadalnia pod Zielonym Smokiem </name>
      <address>Szeroka 125, Gdansk</address>
   </pub>
   <pub>
      <name>Kandelabry</name>
      <address>Aleja Jana Pawla II 9, Gdynia</address>
   </pub>
   <pub>
      <name>Pub Bumerang</name>
      <address>Zwyciestwa 4a, Koszalin</address>
   </pub>
   <pub>
      <name>Pivnice v Plachovce</name>
      <address>Placheho 31, Plzen</address>
   </pub>
   <pub>
      <name>U Sv. Jana</name>
      <address>Trhanov 11, Chodsko</address>
   </pub>
   <pub>
      <name>U Pinkasu</name>
      <address>Jungmannovo nam. 15/16, Prague</address>
   </pub>
   <pub>
      <name>Zubaty pes</name>
      <address>Petrohradska 216/3, Prague</address>
   </pub>,
<pub>
      <name>U Zlateho Tygra</name>
      <address>Husova 17, Prague</address>
   </pub>
   <pub>
      <name>Pivnice U capa</name>
      <address>Obilní trh 10, Brno</address>
   </pub>
   <pub>
      <name>U Dudku</name>
      <address>Doktora Edvarda Beneše 34, Bruntal</address>
   </pub>
   <pub>
      <name>U Zabaka</name>
      <address>náměstí Sokolovské 312/1, Liberec</address>
   </pub>
   <pub>
      <name>300% normy</name>
      <address>Dubois 16a/10, Kolobrzeg</address>
   </pub>,
</pubs_list>