<html>
   <head>
      <meta http-equiv="Content-Type" content="text/html; charset=UTF-8">
      <title>Abecedni seznam umelcu</title>
   </head>
   <body>
      Umelci
      
      <ul>
         <li>AC/DC</li>
         <li>Benny Goodman</li>
         <li>C2C</li>
         <li>Led Zeppelin</li>
         <li>Louis Armstrong</li>
         <li>Miles Davis</li>
         <li>Noisia</li>
         <li>Queen</li>
         <li>Rolling Stones</li>
         <li>System of a Down</li>
         <li>W. A. Mozart</li>
      </ul>
   </body>
</html>