<?xml version="1.0" encoding="UTF-8"?>
<date>
   <couple>
      <first>Daniel_Kolar</first>
      <second>Eva Frkova</second>
   </couple>
   <couple>
      <first>David_Limbersky</first>
      <second>Eva Frkova</second>
   </couple>
   <couple>
      <first>Frantisek_Rajtoral</first>
      <second>Eva Frkova</second>
   </couple>
   <couple>
      <first>Marek_Bakos</first>
      <second>Eva Frkova</second>
   </couple>
   <couple>
      <first>Marian_Cisovsky</first>
      <second>Cecilie Davova</second>
   </couple>
   <couple>
      <first>Martin_Fillo</first>
      <second>Eva Frkova</second>
   </couple>
   <couple>
      <first>Matus_Kozacik</first>
      <second>Eva Frkova</second>
   </couple>
</date>