<?xml version="1.0" encoding="UTF-8"?>
<players>
   <player>Daniel_Kolar</player>
   <player>David_Limbersky</player>
   <player>Frantisek_Rajtoral</player>
   <player>Marek_Bakos</player>
   <player>Marian_Cisovsky</player>
   <player>Martin_Fillo</player>
   <player>Matus_Kozacik</player>
   <player>Pavel_Horvath</player>
   <player>Stanislav_Tecl</player>
   <player>Vaclav-Prochazka</player>
   <player>Vladimir_Darida</player>
   <player>Alois<player/>
   </player>
   <player>Brona</player>
   <player>Cecilie<player/>
   </player>
   <player>David</player>
   <player>Edvin</player>
   <player>Franta</player>
   <player>Gabina<player/>
   </player>
   <player>Honza</player>
   <player>Chrudim<player/>
   </player>
   <player>Ivan</player>
   <player>Jana</player>
</players>