<html>
   <body>
      <table>
         <td>
            <tr>Players younger than average age</tr>
         </td>
         <td>
            <tr>Daniel_Kolar</tr>
         </td>
         <td>
            <tr>David_Limbersky</tr>
         </td>
         <td>
            <tr>Frantisek_Rajtoral</tr>
         </td>
         <td>
            <tr>Marek_Bakos</tr>
         </td>
         <td>
            <tr>Marian_Cisovsky</tr>
         </td>
         <td>
            <tr>Martin_Fillo</tr>
         </td>
         <td>
            <tr>Matus_Kozacik</tr>
         </td>
         <td>
            <tr>Stanislav_Tecl</tr>
         </td>
         <td>
            <tr>Vaclav-Prochazka</tr>
         </td>
         <td>
            <tr>Vladimir_Darida</tr>
         </td>
      </table>
   </body>
</html>