<?xml version="1.0" encoding="UTF-8"?>
<team name="FC Viktoria Plzen">
   <players>
      <player>
         <name name="Daniel_Kolar"/>
         <number number="26"/>
         <position position="midfielder"/>
         <birth>
            <day day="22"/>
            <month month="10"/>
            <year year="1985"/>
         </birth>
      </player>
      <player>
         <name name="David_Limbersky"/>
         <number number="8"/>
         <position position="defender"/>
         <birth>
            <day day="6"/>
            <month month="10"/>
            <year year="1983"/>
         </birth>
      </player>
      <player>
         <name name="Frantisek_Rajtoral"/>
         <number number="27"/>
         <position position="defender"/>
         <birth>
            <day day="12"/>
            <month month="3"/>
            <year year="1986"/>
         </birth>
      </player>
      <player>
         <name name="Marek_Bakos"/>
         <number number="23"/>
         <position position="attacker"/>
         <birth>
            <day day="15"/>
            <month month="4"/>
            <year year="1983"/>
         </birth>
      </player>
      <player>
         <name name="Marian_Cisovsky"/>
         <number number="28"/>
         <position position="defender"/>
         <birth>
            <day day="2"/>
            <month month="11"/>
            <year year="1979"/>
         </birth>
      </player>
      <player>
         <name name="Martin_Fillo"/>
         <number number="11"/>
         <position position="midfielder"/>
         <birth>
            <day day="7"/>
            <month month="2"/>
            <year year="1986"/>
         </birth>
      </player>
      <player>
         <name name="Matus_Kozacik"/>
         <number number="1"/>
         <position position="goal-keeper"/>
         <birth>
            <day day="27"/>
            <month month="12"/>
            <year year="1983"/>
         </birth>
      </player>
      <player>
         <name name="Pavel_Horvath"/>
         <number number="10"/>
         <position position="midfielder"/>
         <birth>
            <day day="22"/>
            <month month="4"/>
            <year year="1975"/>
         </birth>
      </player>
      <player>
         <name name="Stanislav_Tecl"/>
         <number number="9"/>
         <position position="attacker"/>
         <birth>
            <day day="1"/>
            <month month="9"/>
            <year year="1990"/>
         </birth>
      </player>
      <player>
         <name name="Vaclav-Prochazka"/>
         <number number="21"/>
         <position position="defender"/>
         <birth>
            <day day="8"/>
            <month month="5"/>
            <year year="1984"/>
         </birth>
      </player>
      <player>
         <name name="Vladimir_Darida"/>
         <number number="16"/>
         <position position="midfielder"/>
         <birth>
            <day day="8"/>
            <month month="8"/>
            <year year="1990"/>
         </birth>
      </player>
      <player>
         <name name="Alois"/>
         <number/>
         <position position="goal-keeper"/>
         <birth>
            <day/>
            <month/>
            <year/>
         </birth>
      </player>
      <player>
         <name name="Brona"/>
         <number/>
         <position position="defender"/>
         <birth>
            <day/>
            <month/>
            <year/>
         </birth>
      </player>
      <player>
         <name name="Cecilie"/>
         <number/>
         <position position="attacker"/>
         <birth>
            <day/>
            <month/>
            <year/>
         </birth>
      </player>
      <player>
         <name name="David"/>
         <number/>
         <position position="midfielder"/>
         <birth>
            <day/>
            <month/>
            <year/>
         </birth>
      </player>
      <player>
         <name name="Edvin"/>
         <number/>
         <position position="attacker"/>
         <birth>
            <day/>
            <month/>
            <year/>
         </birth>
      </player>
      <player>
         <name name="Franta"/>
         <number/>
         <position position="midfielder"/>
         <birth>
            <day/>
            <month/>
            <year/>
         </birth>
      </player>
      <player>
         <name name="Gabina"/>
         <number/>
         <position position="midfielder"/>
         <birth>
            <day/>
            <month/>
            <year/>
         </birth>
      </player>
      <player>
         <name name="Honza"/>
         <number/>
         <position position="defender"/>
         <birth>
            <day/>
            <month/>
            <year/>
         </birth>
      </player>
      <player>
         <name name="Chrudim"/>
         <number/>
         <position position="defender"/>
         <birth>
            <day/>
            <month/>
            <year/>
         </birth>
      </player>
      <player>
         <name name="Ivan"/>
         <number/>
         <position position="midfielder"/>
         <birth>
            <day/>
            <month/>
            <year/>
         </birth>
      </player>
      <player>
         <name name="Jana"/>
         <number/>
         <position position="defender"/>
         <birth>
            <day/>
            <month/>
            <year/>
         </birth>
      </player>
      <player>
         <name>Radim_Reznik</name>
         <number>14</number>
         <position>midfielder</position>
         <birth>
            <day>20</day>
            <month>1</month>
            <year>1989</year>
         </birth>
      </player>
      <player>
         <name>Jan_Kovarik</name>
         <number>19</number>
         <position>attacker</position>
         <birth>
            <day>19</day>
            <month>6</month>
            <year>1988</year>
         </birth>
      </player>
   </players>
</team>