<html>
   <body>
      <table>
         <td>
            <tr>1975</tr>
            <tr>Pavel_Horvath</tr>
         </td>
         <td>
            <tr>1979</tr>
            <tr>Marian_Cisovsky</tr>
         </td>
         <td>
            <tr>1983</tr>
            <tr>David_Limbersky</tr>
            <tr>Marek_Bakos</tr>
            <tr>Matus_Kozacik</tr>
         </td>
         <td>
            <tr>1984</tr>
            <tr>Vaclav-Prochazka</tr>
         </td>
         <td>
            <tr>1985</tr>
            <tr>Daniel_Kolar</tr>
         </td>
         <td>
            <tr>1986</tr>
            <tr>Frantisek_Rajtoral</tr>
            <tr>Martin_Fillo</tr>
         </td>
         <td>
            <tr>1990</tr>
            <tr>Stanislav_Tecl</tr>
            <tr>Vladimir_Darida</tr>
         </td>
      </table>
   </body>
</html>