<?xml version="1.0" encoding="UTF-8" standalone="no"?><legoDatabase>
	<!-- Registered users -->
	<users>
		<user userID="U1">
			<name>Martin Zikmund</name>
			<userName>MZetko</userName>
		</user>
		<user userID="U2">
			<name>Petr Jarda</name>
			<userName>Jardis</userName>
		</user>
		<user userID="U3">
			<name>Pepa Robert</name>
			<userName>Josef</userName>
		</user>
	</users>
	<!-- Source item database -->
	<sourceItems>
		<!-- sets -->
		<sourceItem number="ID00-1" type="set">
			<name>Weetabix Castle</name>
			<category>Legoland</category>
			<yearReleased>1970</yearReleased>
			<weight>250 g</weight>
			<dimensions>120 x 130 x 50</dimensions>
			<inventory>
				<inventoryItem count="33" refNumber="ID3006">
					<color>White</color>
				</inventoryItem>
				<inventoryItem count="27" refNumber="ID3004">
					<color>Red</color>
				</inventoryItem>
				<inventoryItem count="1" refNumber="ID29c01">
					<color>Blue</color>					
				</inventoryItem>
				<inventoryItem count="1" refNumber="ID30001old">
					<color>Transparent Pink</color>					
				</inventoryItem>
			</inventory>
		</sourceItem>
		<!-- minifigs -->
		<sourceItem number="IDbat001" type="minifig">
			<name>Batman</name>
			<category>Batman I</category>
			<weight>4.1 g</weight>
		</sourceItem>
		<sourceItem number="IDbat005" type="minifig">
			<name>The Joker</name>
			<category>Batman I</category>
			<weight>3.6 g</weight>
		</sourceItem>
		<!-- parts -->
		<sourceItem number="ID3006" type="part">
			<name>Baseplate 24 x 32 with Rounded Corners</name>
			<category/>
			<weight>73 g</weight>
			<dimensions>24 x 32 x 0</dimensions>
		</sourceItem>
		<sourceItem number="ID3004" type="part">
			<name>Tire</name>
			<category/>
			<weight>1.43 g</weight>
		</sourceItem>
		<sourceItem number="ID29c01" type="part">
			<name>Brick, Modified Facet 4 x 4</name>
			<category/>
			<weight>2.16 g</weight>
			<dimensions>4 x 4 x 1</dimensions>
		</sourceItem>
		<sourceItem number="ID30001old" type="part">
			<name>Space Headgear Helmet</name>
			<category>Space</category>
			<weight>0.36 g</weight>
		</sourceItem>
		<sourceItem number="ID30002old" type="part">
			<name>Garden Headgear Helmet</name>
			<category>Space</category>
			<weight>0.43 g</weight>
		</sourceItem>
		<sourceItem number="ID40002old" type="part">
			<name>Space Stick</name>
			<category>Space</category>
			<weight>0.54 g</weight>
		</sourceItem>
		<sourceItem number="ID41202" type="part">
			<name>Base Brick</name>
			<category/>
			<weight>12 g</weight>
		</sourceItem>
	<sourceItem number="ID123456" type="minifig"><name>New Minifig</name><category>City</category><weight>12 g</weight></sourceItem></sourceItems>
	<!-- User collections -->
	<userCollections>
		<userCollection refUserID="U1">
			
			<userItem count="6" refNumber="ID40002old"/>
		</userCollection>
		<userCollection refUserID="U2">
			<userItem count="4" refNumber="ID30001old"/>
		</userCollection>
		<userCollection refUserID="U3">
			
			<userItem count="4" refNumber="ID3004"/>
			<userItem count="12" refNumber="ID30002old"/>
		</userCollection>
	</userCollections>
	<!-- global database info -->
	<databaseInfo>
		<version>3.0</version>
		<identificationNumber><![CDATA[
			sdasF345354t5?3@_$++TT#@><T2rrg3r
         ]]></identificationNumber>
		<copyright>Copyright:  Martin Zikmund <?php echo "test"; ?></copyright>
	</databaseInfo>
</legoDatabase>