<html>
   <head>
      <meta http-equiv="Content-Type" content="text/html; charset=UTF-8">
      <title>Prehled her</title>
   </head>
   <body>
      <h1>Databaze her - prehled</h1>
      <div class="hra">
         <h2>
            <nazev>Mrtvé město</nazev>
         </h2><span>
            				Mrtvé město je 2D hororová adventura od českého týmu Nihilis viděná z vlastního pohledu.
            				Hra je zasazena do několika temných a depresivních míst, ze kterých na vás dýchá noirová
            				atmosféra, a to třeba hřbitov, který obývá nekrofilní hrobník, zaplivaný bar s dealerem
            				drog na záchodě, či váš hnusný byt, ve kterém navíc nejde elektřina. 
            
            				Jak tomu většinou bývá v žánru noir, hra je celá černobílá a lokace ztvárněné zajímavě.
            				Ve hře nečekejte nějaké složité puzzly, přece jen jde spíše o příběh a průměrný hráč
            				adventur hru dohraje zhruba za hodinu. 
            
            				A příběh? Jste propuštěn z psychiatrické léčebny, kde jste byl dočasně ubytován po
            				vraždě vaší přítelkyně Tess. V hlavě máte myšlenky jen na to, jak najít vraha a pomstít její smrt.
            			</span><hr>
      </div>
   </body>
</html>