<?xml version="1.0" encoding="UTF-8"?>
<hry>
   <hra>
      <nazev>Mafia: The City of Lost Heaven</nazev>
   </hra>
   <hra>
      <nazev>Mafia II</nazev>
   </hra>
   <hra>
      <nazev>Day of Defeat</nazev>
   </hra>
   <hra>
      <nazev>Mrtvé město</nazev>
   </hra>
   <hra>
      <nazev>War Thunder</nazev>
   </hra>
   <hra>
      <nazev>Freelancer</nazev>
   </hra>
   <hra>
      <nazev>Starlancer</nazev>
   </hra>
   <hra>
      <nazev>Vietcong</nazev>
   </hra>
   <hra>
      <nazev>Mafia II: Jimmy's Vendetta</nazev>
   </hra>
   <hra>
      <nazev>Fallout 2</nazev>
   </hra>
   <hra>
      <nazev>URU: Ages Beyond Myst</nazev>
   </hra>
   <hra>
      <nazev>Moment of Silence</nazev>
   </hra>
   <hra>
      <nazev>Moment of Silence 2</nazev>
   </hra>
   <hra>
      <nazev>Death to Rights</nazev>
   </hra>
   <hra>
      <nazev>Max Payne 3</nazev>
   </hra>
   <hra>
      <nazev>Grand Theft Auto 3</nazev>
   </hra>
</hry>