<?xml version="1.0" encoding="UTF-8"?>
<databaze>
   <zanr>
      <nazev>adventura</nazev>
      <pocet-her>3</pocet-her>
      <zanr>
         <zanr>
            <nazev>3D adventura</nazev>
            <pocet-her>1</pocet-her>
            <zanr/>
         </zanr>
         <zanr>
            <nazev>2D adventura</nazev>
            <pocet-her>2</pocet-her>
            <zanr/>
         </zanr>
      </zanr>
   </zanr>
   <zanr>
      <nazev>TPS</nazev>
      <pocet-her>3</pocet-her>
      <zanr>
         <zanr>
            <nazev>Gangster akce</nazev>
            <pocet-her>2</pocet-her>
            <zanr/>
         </zanr>
         <zanr>
            <nazev>Mestska akce</nazev>
            <pocet-her>1</pocet-her>
            <zanr/>
         </zanr>
      </zanr>
   </zanr>
</databaze>