<?xml version="1.0" encoding="UTF-8"?>
<hry>
   <hra id="h1" multiplayer="ne" forma="komercni" rozsah="plna">
			   <nazev>Mafia: The City of Lost Heaven</nazev>
			   <datum-vydani>
				     <den>29</den>
				     <mesic>8</mesic>
				     <rok>2003</rok>
			   </datum-vydani>
			   <zanry>
				     <zanr>TPS</zanr>
				     <zanr>zavodni</zanr>
			   </zanry>
			   <tvurci>
				     <tvurce id="v1"/>
			   </tvurci>
			   <videa>
				     <video pridal="u21" typ="trailer" url="http://www.youtube.com/watch?v=YFPyOHgSC1A"/>
				     <video pridal="u21" typ="gameplay" url="http://www.youtube.com/watch?v=G1uY_GuHKVw"/>
			   </videa>
			   <odkazy>
				     <odkaz pridal="u21" url="http://www.mafiagame.cz/"/>
			   </odkazy>
			   <popis>
			Mladý taxikář Tommy Angelo si žije poklidným životem v americkém městě Lost Heaven. Probíhají 30. léta a v této krizí zmítané době je vděčný i za to. Vše se změní jednoho dne. Tom si dává pravidelnou cigaretu u auta, když uslyší náraz; místní mafiáni nezvládli řízení v automobilové honičce a docela nutně potřebují svézt. Tom, dívaje se do ústí pistole, nemá na výběr, a aniž by si to sám uvědomil, právě se zapletl s něčím, z čeho už nelze couvnout. Začíná jeho život v rodině dona Salieriho... 

Mafia je akční hra viděná z pohledu třetí osoby, ve které retrospektivně prožíváte Tomův příběh. Stanete se členem jedné z mafiánských rodin, jež válčí o moc nad celým městem. Právě na příběh klade Mafia největší důraz a mnohdy se díky velkému počtu cut-scén blíží spíše filmovému zážitku. Mise plníte v žijícím městě s využitím několika desítek dobových automobilů a zbraní. Vyzkoušíte si vybírání výpalného, krádeže aut i přestřelky, dokonce se zúčastníte automobilového závodu. 

Mafia po svém vydání sklidila velký ohlas jak u nás, tak v zahraničí, a to i díky své tematice, která byla v roce 2002 ve hrách ještě poměrně neprobádaná. 

Fanoušci se po dlouhých 8 letech dočkali pokračování Mafia II.
			</popis>
		</hra>
   <hra id="h4073" multiplayer="ne" forma="komercni" rozsah="plna">
			   <nazev>Mafia II</nazev>
			   <datum-vydani>
				     <den>24</den>
				     <mesic>8</mesic>
				     <rok>2012</rok>
			   </datum-vydani>
			   <zanry>
				     <zanr>TPS</zanr>
				     <zanr>zavodni</zanr>
			   </zanry>
			   <tvurci>
				     <tvurce id="v2"/>
			   </tvurci>
			   <videa>
			</videa>
			   <odkazy>
				     <odkaz pridal="u22" url="http://www.2kgames.com/mafia2/"/>
			   </odkazy>
			   <popis>
				Pokracovani klasicke hry Mafia z mafianskeho prostredi. Bere si velkou inspiraci ze snimku Godfather.
			</popis>
		</hra>
   <hra id="h1885" multiplayer="ne" forma="freeware" rozsah="plna">
			   <nazev>Mrtvé město</nazev>
			   <datum-vydani>
				     <rok>2013</rok>
			   </datum-vydani>
			   <zanry>
				     <zanr>adventura</zanr>
			   </zanry>
			   <tvurci>
				     <tvurce id="v1"/>
			   </tvurci>
			   <videa>
				     <video pridal="u1" typ="gameplay" url="http://www.youtube.com/watch?v=J5xVYjMbnm0"/>
			   </videa>
			   <odkazy>
			</odkazy>
			   <popis>
				Mrtvé město je 2D hororová adventura od českého týmu Nihilis viděná z vlastního pohledu.
				Hra je zasazena do několika temných a depresivních míst, ze kterých na vás dýchá noirová
				atmosféra, a to třeba hřbitov, který obývá nekrofilní hrobník, zaplivaný bar s dealerem
				drog na záchodě, či váš hnusný byt, ve kterém navíc nejde elektřina. 

				Jak tomu většinou bývá v žánru noir, hra je celá černobílá a lokace ztvárněné zajímavě.
				Ve hře nečekejte nějaké složité puzzly, přece jen jde spíše o příběh a průměrný hráč
				adventur hru dohraje zhruba za hodinu. 

				A příběh? Jste propuštěn z psychiatrické léčebny, kde jste byl dočasně ubytován po
				vraždě vaší přítelkyně Tess. V hlavě máte myšlenky jen na to, jak najít vraha a pomstít její smrt.
			</popis>
		</hra>
   <hra id="h51" multiplayer="ano" forma="komercni" rozsah="plna">
			   <nazev>Vietcong</nazev>
			   <datum-vydani>
				     <den>27</den>
				     <mesic>3</mesic>
				     <rok>2003</rok>
			   </datum-vydani>
			   <zanry>
				     <zanr>FPS</zanr>
			   </zanry>
			   <tvurci>
				     <tvurce id="v4"/>
				     <tvurce id="v1"/>
			   </tvurci>
			   <videa>
				     <video typ="gameplay" pridal="u1" url="http://www.youtube.com/watch?v=YklhIr3WZ18"/>
			   </videa>
			   <odkazy>
				     <odkaz pridal="u1"
                url="http://bonusweb.idnes.cz/vietcong-prozijte-prave-peklo-det-/Recenze.aspx?c=A030329_vietcong_bw"/>
			   </odkazy>
			   <popis>
				Valecna FPS z obdobi vietnamske valky od tvurcu Mafie.
			</popis>
		</hra>
   <hra id="h4139" multiplayer="ne" forma="komercni" rozsah="add-on">
			   <nazev>Mafia II: Jimmy's Vendetta</nazev>
			   <datum-vydani>
				     <rok>2010</rok>
			   </datum-vydani>
			   <zanry>
				     <zanr>TPS</zanr>
				     <zanr>zavodni</zanr>
			   </zanry>
			   <tvurci>
				     <tvurce id="v2"/>
			   </tvurci>
			   <videa>
			</videa>
			   <odkazy>
			</odkazy>
			   <popis>
				Jimmy's Vendetta je první větší DLC pro PC verzi veleočekávané Mafie II. Koupit lze výhradně přes Steam. 
			</popis>
		</hra>
</hry>