<?xml version="1.0" encoding="UTF-8"?>
<hry>
   <hra>
      <nazev>Day of Defeat</nazev>
      <vyvojar>Valve Software</vyvojar>
   </hra>
   <hra>
      <nazev>Fallout 2</nazev>
      <vyvojar>Black Isle Studios</vyvojar>
   </hra>
   <hra>
      <nazev>Freelancer</nazev>
      <vyvojar>Digital Anvil</vyvojar>
   </hra>
   <hra>
      <nazev>Mafia II</nazev>
      <vyvojar>2K Czech</vyvojar>
   </hra>
   <hra>
      <nazev>Mafia II: Jimmy's Vendetta</nazev>
      <vyvojar>2K Czech</vyvojar>
   </hra>
   <hra>
      <nazev>Mafia: The City of Lost Heaven</nazev>
      <vyvojar>Illusion Softworks</vyvojar>
   </hra>
   <hra>
      <nazev>Mrtvé město</nazev>
      <vyvojar>Illusion Softworks</vyvojar>
   </hra>
   <hra>
      <nazev>Starlancer</nazev>
      <vyvojar>Digital Anvil</vyvojar>
   </hra>
   <hra>
      <nazev>Vietcong</nazev>
      <poznamka>Tato hra ma vice nez jednoho vyvojare!</poznamka>
      <vyvojar>Illusion Softworks</vyvojar>
   </hra>
   <hra>
      <nazev>Vietcong</nazev>
      <poznamka>Tato hra ma vice nez jednoho vyvojare!</poznamka>
      <vyvojar>Pterodon</vyvojar>
   </hra>
   <hra>
      <nazev>War Thunder</nazev>
      <vyvojar>Gaijin Entertainment</vyvojar>
   </hra>
</hry>