<?xml version="1.0" encoding="UTF-8"?>
<zanry>
   <zanr>
      <nazev>TPS</nazev>
      <hry>
         <hra>
            <nazev>Mafia: The City of Lost Heaven</nazev>
         </hra>
         <hra>
            <nazev>Mafia II</nazev>
         </hra>
         <hra>
            <nazev>Mafia II: Jimmy's Vendetta</nazev>
         </hra>
      </hry>
   </zanr>
   <zanr>
      <nazev>zavodni</nazev>
      <hry>
         <hra>
            <nazev>Mafia: The City of Lost Heaven</nazev>
         </hra>
         <hra>
            <nazev>Mafia II</nazev>
         </hra>
         <hra>
            <nazev>Mafia II: Jimmy's Vendetta</nazev>
         </hra>
      </hry>
   </zanr>
   <zanr>
      <nazev>FPS</nazev>
      <hry>
         <hra>
            <nazev>Day of Defeat</nazev>
         </hra>
         <hra>
            <nazev>Vietcong</nazev>
         </hra>
      </hry>
   </zanr>
   <zanr>
      <nazev>online akce</nazev>
      <hry>
         <hra>
            <nazev>Day of Defeat</nazev>
         </hra>
      </hry>
   </zanr>
   <zanr>
      <nazev>adventura</nazev>
      <hry>
         <hra>
            <nazev>Mrtvé město</nazev>
         </hra>
      </hry>
   </zanr>
   <zanr>
      <nazev>letecky simulator</nazev>
      <hry>
         <hra>
            <nazev>War Thunder</nazev>
         </hra>
      </hry>
   </zanr>
   <zanr>
      <nazev>vesmirny simulator</nazev>
      <hry>
         <hra>
            <nazev>Freelancer</nazev>
         </hra>
         <hra>
            <nazev>Starlancer</nazev>
         </hra>
      </hry>
   </zanr>
   <zanr>
      <nazev>RPG</nazev>
      <hry>
         <hra>
            <nazev>Fallout 2</nazev>
         </hra>
      </hry>
   </zanr>
</zanry>