<?xml version="1.0" encoding="UTF-8"?>
<medication_categories>
   <free-sell>
      <subcategories>
         <vitamins>
            <subcategories>
               <A-K/>
               <L-Z/>
            </subcategories>
         </vitamins>
         <minerals/>
      </subcategories>
   </free-sell>
   <prescription-only>
      <subcategories>
         <antibiotics>
            <subcategories>
               <anti-bacterial/>
               <anti-virus/>
            </subcategories>
         </antibiotics>
      </subcategories>
   </prescription-only>
</medication_categories>