<html>
   <head>
      <meta http-equiv="Content-Type" content="text/html; charset=UTF-8">
   </head>
   <body>
      <table>
         <thead>
            <tr>
               <th>Name</th>
               <th>Count</th>
               <th>Price</th>
            </tr>
         </thead>
         <tbody>
            <tr>
               <td>med1</td>
               <td>10</td>
               <td>100</td>
            </tr>
            <tr>
               <td>med2</td>
               <td>12</td>
               <td>25</td>
            </tr>
            <tr>
               <td><span style="color:red">med3</span></td>
               <td>7</td>
               <td>300</td>
            </tr>
            <tr>
               <td>med4</td>
               <td>14</td>
               <td>24</td>
            </tr>
            <tr>
               <td>med10</td>
               <td>5</td>
               <td>89</td>
            </tr>
            <tr>
               <td>med6</td>
               <td>13</td>
               <td>23</td>
            </tr>
            <tr>
               <td><span style="color:red">med7</span></td>
               <td>18</td>
               <td>231</td>
            </tr>
            <tr>
               <td>med9</td>
               <td>19</td>
               <td>123</td>
            </tr>
            <tr>
               <td><span style="color:red">med9</span></td>
               <td>20</td>
               <td>154</td>
            </tr>
            <tr>
               <td><span style="color:red">med10</span></td>
               <td>31</td>
               <td>423</td>
            </tr>
         </tbody>
      </table>
      <table>
         <thead>
            <tr>
               <th>Name</th>
            </tr>
         </thead>
         <tbody>
            <tr>
               <td>med1</td>
            </tr>
            <tr>
               <td>med2</td>
            </tr>
            <tr>
               <td>med3</td>
            </tr>
            <tr>
               <td>med4</td>
            </tr>
            <tr>
               <td>med10</td>
            </tr>
            <tr>
               <td>med6</td>
            </tr>
            <tr>
               <td>med7</td>
            </tr>
            <tr>
               <td>med9</td>
            </tr>
         </tbody>
      </table>
   </body>
</html>