<?xml version="1.0" encoding="UTF-8"?>
<player id="p0" points="0">Boston Bruins</player>
<player id="p1" points="0">Boston Bruins</player>
<player id="p2" points="0">Boston Bruins</player>
<player id="p3" points="0">Boston Bruins</player>
<player id="p4" points="0">Boston Bruins</player>
<player id="p5" points="0">Boston Bruins</player>
<player id="p6" points="0">Boston Bruins</player>
<player id="p7" points="0">Boston Bruins</player>
<player id="p8" points="0">Boston Bruins</player>
<player id="p9" points="0">Boston Bruins</player>
<player id="p10" points="0">Boston Bruins</player>
<player id="p11" points="0">Boston Bruins</player>
<player id="p12" points="0">Boston Bruins</player>
<player id="p13" points="0">Boston Bruins</player>
<player id="p14" points="0">Boston Bruins</player>
<player id="p15" points="2">Philadelphia Flyers</player>
<player id="p16" points="0">Boston Bruins</player>
<player id="p17" points="0">Boston Bruins</player>
<player id="p18" points="0">Boston Bruins</player>
<player id="p19" points="0">Boston Bruins</player>
<player id="p20" points="0">Boston Bruins</player>
<player id="p21" points="0">Boston Bruins</player>
<player id="p22" points="0">Boston Bruins</player>
<player id="p23" points="0">Boston Bruins</player>
<player id="p24" points="0">Boston Bruins</player>
<player id="p25" points="0">Boston Bruins</player>
<player id="p26" points="0">Boston Bruins</player>
<player id="p27" points="0">Boston Bruins</player>
<player id="p28" points="0">Boston Bruins</player>
<player id="p29" points="0">Boston Bruins</player>
<player id="p30" points="0">Boston Bruins</player>
<player id="p31" points="0">Boston Bruins</player>
<player id="p32" points="0">Boston Bruins</player>
<player id="p33" points="0">Boston Bruins</player>
<player id="p34" points="0">Boston Bruins</player>
<player id="p35" points="1">Boston Bruins</player>
<player id="p36" points="0">Boston Bruins</player>
<player id="p37" points="0">Boston Bruins</player>
<player id="p38" points="0">Boston Bruins</player>
<player id="p39" points="0">Boston Bruins</player>
<player id="p40" points="0">Boston Bruins</player>
<player id="p41" points="0">Boston Bruins</player>
<player id="p42" points="0">Boston Bruins</player>
<player id="p43" points="0">Boston Bruins</player>