<?xml version="1.0" encoding="UTF-8"?>
<result>
   <zakaznik>Zakaznik Z-1: <vozy>
         <vuz xmlns:xsi="http://www.w3.org/2001/XMLSchema-instance" id="V-1" typ="automobil"
              znacka="Lada"
              model="Niva"
              VIN="1M8GDM9AXKP042788"/>
         <vuz xmlns:xsi="http://www.w3.org/2001/XMLSchema-instance" id="V-2" typ="automobil"
              znacka="Moskvic"
              model="423"
              VIN="1A8GDM9AXKP042788"/>
      </vozy>
   </zakaznik>
   <zakaznik>Zakaznik Z-2: <vozy>
         <vuz xmlns:xsi="http://www.w3.org/2001/XMLSchema-instance" id="V-3" typ="automobil"
              znacka="Skoda"
              model="1000"
              VIN="1X8GDM9AXKP042788"/>
      </vozy>
   </zakaznik>
</result>