<?xml version="1.0" encoding="windows-1250" standalone="no"?><XML>
	<Sit>
		<Spravce>
			<Subjekt IC="12345678" Nazev="Prof?k s.r.o."><ID>12</ID><DIC>CZ12345678</DIC>
				<Adresa Mesto="Praha" Stat="CZ"><Ulice>Zlatnick?</Ulice><PSC>110 00</PSC><CP>5</CP>
				</Adresa>
			</Subjekt>
		</Spravce>
		<Majitel>
			<Subjekt IC="12345678" Nazev="Prof?k s.r.o."><ID>12</ID><DIC>CZ12345678</DIC>
				<Adresa Mesto="Praha" Stat="CZ"><Ulice>Zlatnick?</Ulice><PSC>110 00</PSC><CP>5</CP>
				</Adresa>
			</Subjekt>
		</Majitel>
		<Admin>
			<Osoba Jmeno="Ale?" RC="800101/0403"><Prijmeni>Jirsa</Prijmeni><ID>1</ID>
				<Telefon>+420123456789</Telefon>
			</Osoba>
		</Admin>
		<Server>
			<Pocitac MAC="00:11:22:33:44:55"><Nazev>SERVER-ALFA</Nazev><IP>192.168.0.1</IP>
				<Procesor Typ="Xeon"><Vyrobce>Intel</Vyrobce><Frekvence>3,4 GHz</Frekvence>
				</Procesor>
				<Pamet Typ="DDR3"><Vyrobce>A-DATA</Vyrobce><Frekvence>1600 MHz</Frekvence>
					<Data Zavadec="BootLoder"><Typ>ASCII</Typ>Server Boot Loader v. 1.1</Data>
					<Data Zavadec="BootLoder"><Typ>Binarni</Typ>0cc175b9c0f1b6a831c399e269772661</Data>
					<Data Zavadec="BootLoder"><Typ>Binarni</Typ>92eb5ffee6ae2fec3ad71c777531578f</Data>
					<Data Zavadec="BootLoder"><Typ>Binarni</Typ>4a8a08f09d37b73795649038408b5f33</Data>
					<Data Zavadec="ShellLoder"><Typ>ASCII</Typ>Server Start Parameters</Data>
					<Data Zavadec="ShellLoder"><Typ>ASCII</Typ>Boot=1,QuickBoot=0,Safe=1,Partition=Device0,Shell=WinPower</Data>
					<Data Zavadec="ShellLoder"><Typ>ASCII</Typ>Loading Logo</Data>
					<Data Zavadec="ShellLoder"><Typ>Binarni</Typ>8277e0910d750195b448797616e091ad</Data>
					<Data Zavadec="ShellLoder"><Typ>Binarni</Typ>e1671797c52e15f763380b45e841ec32</Data>
					<Data Zavadec="ShellLoder"><Typ>Binarni</Typ>8fa14cdd754f91cc6554c9e71929cce7</Data>
					
				</Pamet>
				<Pripojeni>192.168.0.101</Pripojeni>
				<Pripojeni>192.168.0.102</Pripojeni>
				<Pripojeni>192.168.0.103</Pripojeni>
				<Pripojeni>192.168.0.104</Pripojeni>
			</Pocitac>
		</Server>
		<Stanice>
			<Pocitac MAC="11:22:33:44:55:66"><Nazev>PC-01</Nazev><IP>192.168.0.101</IP>
				<Procesor Typ="Core 2 Duo"><Vyrobce>Intel</Vyrobce><Frekvence>3,2 GHz</Frekvence>
				</Procesor>
				<Pamet Typ="DDR2"><Vyrobce>A-DATA</Vyrobce><Frekvence>800 MHz</Frekvence>
				</Pamet>
				<Pripojeni>192.168.0.1</Pripojeni>
			</Pocitac>
			<Pocitac MAC="22:33:44:55:66::77"><Nazev>PC-02</Nazev><IP>192.168.0.102</IP>
				<Procesor Typ="Pentium 4"><Vyrobce>Intel</Vyrobce><Frekvence>3,0 GHz</Frekvence>
				</Procesor>
				<Pamet Typ="DDR"><Vyrobce>GEIL</Vyrobce><Frekvence>533 MHz</Frekvence>
				</Pamet>
				<Pripojeni>192.168.0.1</Pripojeni>
			</Pocitac>
			<Pocitac MAC="33:44:55:66:77:88"><Nazev>PC-03</Nazev><IP>192.168.0.103</IP>
				<Procesor Typ="Celeron"><Vyrobce>Intel</Vyrobce><Frekvence>1,8 GHz</Frekvence>
				</Procesor>
				<Pamet Typ="DDR2"><Vyrobce>KINGSTON</Vyrobce><Frekvence>800 MHz</Frekvence>
				</Pamet>
				<Pripojeni>192.168.0.1</Pripojeni>
			</Pocitac>
			<Pocitac MAC="44:55:66:77:88:99"><Nazev>PC-04</Nazev><IP>192.168.0.104</IP>
				<Procesor Typ="Pentium MMX"><Vyrobce>Intel</Vyrobce><Frekvence>0,12 GHz</Frekvence>
				</Procesor>
				<Pamet Typ="RAMBUS"><Vyrobce>IBM</Vyrobce><Frekvence>400 MHz</Frekvence>
				</Pamet>
				<Pripojeni>192.168.0.1</Pripojeni>
			</Pocitac>
		</Stanice>
	</Sit>
	<Poznamky>Zabezpe?en? proti hackersk?m ?tok?m je zejm?na z intern? s?t? zcela nedostate?n?.</Poznamky>
	<Datum>15.04.2012</Datum>
</XML>