<?xml version="1.0" encoding="UTF-8"?>
<objednany>
   <deska>
      <id>id_mnn2000</id>
      <objednaleli>Jan Novak</objednaleli>
   </deska>
   <deska>
      <id>id_rls1976</id>
      <objednaleli>Jan Novak Lenka Novakova</objednaleli>
   </deska>
   <deska>
      <id>id_rhcp2011</id>
      <objednaleli>Standa Cerny Kristina Ivanova</objednaleli>
   </deska>
   <deska>
      <id>id_rhcp1999</id>
      <objednaleli>Standa Cerny Lenka Novakova</objednaleli>
   </deska>
   <deska>
      <id>id_bd1990</id>
      <objednaleli>Lenka Novakova</objednaleli>
   </deska>
</objednany>