<?xml version="1.0" encoding="UTF-8"?>
<xhtml>
   <head>
      <title>delky prvnich skladeb</title>
   </head>
   <body>
      <table>
         <tr>
            <th>delka</th>
            <th>skladba</th>
         </tr>
         <tr>
            <td>4:12</td>
            <td>Monarchy of Roses
					 
				</td>
         </tr>
         <tr>
            <td>3:58</td>
            <td>Around the World
					 
				</td>
         </tr>
         <tr>
            <td>5:20</td>
            <td>Hot Stuff
					 
				</td>
         </tr>
         <tr>
            <td>3:22</td>
            <td>Foxy Lady
					 
				</td>
         </tr>
         <tr>
            <td>2:09</td>
            <td>Wiggle Wiggle
					 
				</td>
         </tr>
         <tr>
            <td>3:44</td>
            <td>Music
					 
				</td>
         </tr>
      </table>
   </body>
</xhtml>