<?xml version="1.0" encoding="UTF-8"?>
<objednavky>
   <objednavka>
      <jmeno_zak>Jan Novak</jmeno_zak>
      <desky>
         <id_mnn2000>Madonna - Music</id_mnn2000>
         <id_rls1976>The Rolling Stones - Black and Blue</id_rls1976>
      </desky>
   </objednavka>
   <objednavka>
      <jmeno_zak>Lenka Novakova</jmeno_zak>
      <desky>
         <id_rhcp1999>Red Hot Chili Peppers - Californication</id_rhcp1999>
         <id_rls1976>The Rolling Stones - Black and Blue</id_rls1976>
         <id_bd1990>Bob Dylan - Under the Red Sky</id_bd1990>
      </desky>
   </objednavka>
</objednavky>