<?xml version="1.0" encoding="UTF-8" standalone="no"?><databaze_zemedelskych_podniku>
	
	
	
	
	
	
	<!-- Seznam podniku, ktere jsou cleny Ceskeho zemedelskeho svazu -->
	
	
<cesky_zemedelsky_svaz>
		
		
	<clen id="p0123555"/><clen id="p432113"/></cesky_zemedelsky_svaz><podnik id="p0123555">
		
		
		
		
		
		
		
		
		
		
	<majetek>
			
			
		<movity>
				
			<stroj hodnota="6100000 K?" nazev="QR 41" pocet="4" rok_vyroby="2001" typ="kombajn" vyrobce="John Deere"/></movity><nemovity>
				
				
				
				
			<pozemek hodnota="1300000 K?" id_k="0123321533" plocha="200" typ="zemedelska_puda">
					
				<popis>Tzv. "U borovice", na z?pad od silnice ?. 16</popis></pozemek><budova hodnota="1400000 K?" typ="kancel??e"/><pozemek hodnota="2300000 K?" id_k="0123321444" jednotka="m2" plocha="4300031" typ="zemedelska_puda"/><budova hodnota="2400000 K?" typ="sklad"/></nemovity></majetek><zivocisna_vyroba>
			
		<zvire nazev="ovce">
				
				
			<samice pocet="42"/><samec pocet="6"/></zvire></zivocisna_vyroba><rostlinna_vyroba>
			
			
			
			
		<plodina hektaru="200" nazev="psenice" typ="jarni"/><plodina hektaru="240" nazev="brambory"/><plodina hektaru="430" nazev="psenice" typ="ozima"/><plodina nazev="konopi"/></rostlinna_vyroba><reditel>
			
			
		<jmeno>Ing. Kv?toslav Hn?d?</jmeno><kontakt>telefon: 499 132 123</kontakt></reditel><poznamky>
			
		<bio>Podnik vyr?b? produkty zna?en? jako BIO.</bio></poznamky><adresa typ="sidlo">
			
			
			
			
		<PSC>54101</PSC><mesto>Trutnov</mesto><ulice>Volanov 514</ulice><poznamka>Vr?tnice otev?ena 6.00-18.00</poznamka></adresa><sluzby>
			
			
		<sluzba>poradenstv? v oblasti zem?d?lstv?</sluzba><sluzba>pron?jem zem?d?lsk? techniky</sluzba></sluzby><data_OR ico="653421344" pravni_forma="SRO"/><obdelavana_plocha hektaru="870"/><nazev>FARMERS Trutnov s.r.o.</nazev></podnik><podnik id="p432113">
		
		
		
		
		
		
		
		
	<rostlinna_vyroba>
			
			
			
			
			
			
			
			
			
			
		<plodina hektaru="130" nazev="psenice" typ="jarni"/><plodina hektaru="230" nazev="vojteska"/><plodina hektaru="30" nazev="psenice" typ="ozima"/><plodina hektaru="40" nazev="proso" typ="jarni"/><plodina hektaru="430" nazev="jecmen" typ="ozima"/><plodina nazev="mak"/><plodina nazev="svestka"/></rostlinna_vyroba><adresa typ="dodaci">
			
			
			
		<PSC>89932</PSC><ulice>?.p. 544</ulice><mesto>Star? Hamry</mesto></adresa><agronom>
			
			
		<jmeno>Bezru? Petr</jmeno><kontakt>petr.b@jzdstarehamry.cz</kontakt></agronom><adresa typ="fakturacni">
			
			
			
		<PSC>89901</PSC><mesto>Ostravice</mesto><ulice>Ostravk? 322</ulice></adresa><poznamky/><obdelavana_plocha hektaru="3122" pudni_druh="piscita"/><data_OR ico="34324444111" pravni_forma="DRUZSTVO"/><nazev>JZD Star? Hamry</nazev></podnik><o_dokumentu>
		Pro vlo?en? na?? ikony na va?i str?nku vlo?te do va?? str?nky k?d: 
		<![CDATA[
			<a href="http://www.mojestrankasdatabazizememelskychpodniku.cz">
			<img src="http://www.mojestrankasdatabazizememelskychpodniku.cz/logo.png">
			</a>
		]]>
		Dnes je <?php echo Date("d.m.Y")?>
	</o_dokumentu></databaze_zemedelskych_podniku>