<?xml version="1.0" encoding="UTF-8" standalone="no"?><knihovna>
  
  <tituly>
    
    <titul kod="t1">
      <nazev>Dramatic Story</nazev>
      <rok>1990</rok>
      <autor><jmeno>John</jmeno><prijmeni>Strange</prijmeni></autor>
      <autor><jmeno>Peter</jmeno><prijmeni>Funny</prijmeni></autor>
      <upoutavka/>
      <exemplare>
        <kniha signatura="t1k1"><stran>150</stran></kniha>
        <cd signatura="t1c1"><delka>90</delka></cd>
        <kniha signatura="t1k2"><stran>150</stran></kniha>
      </exemplare>
    <jazyk>en</jazyk><zanry>detektivka</zanry></titul>

    <titul kod="t2">
      <nazev>Nejlep?? recepty</nazev>
      <rok>2005</rok>
      <autor><jmeno>Petra</jmeno><prijmeni>Soute?iv?</prijmeni></autor>
      <exemplare>
      </exemplare>
    <jazyk>cs</jazyk><zanry>kucha?ka</zanry></titul>

    <titul kod="t3">
      <nazev>Moje ??tanka</nazev>
      <rok>1999</rok>
      <autor><jmeno>Alena</jmeno><prijmeni>Pe?liv?</prijmeni></autor>
      <autor><jmeno>Jan</jmeno><prijmeni>Hodn?</prijmeni></autor>
      <exemplare>
        <kniha signatura="t3k1"><stran>75</stran></kniha>
        <kniha signatura="t3k2"><stran>75</stran></kniha>
        <kniha signatura="t3k3"><stran>50</stran></kniha>
        <kniha signatura="t3k4"><stran>50</stran></kniha>
      </exemplare>
    <jazyk>cs</jazyk><zanry>u?ebnice</zanry></titul>

    <titul kod="t4">
      <nazev>Interactive Cooking</nazev>
      <rok>2010</rok>
      <exemplare>
        <cd signatura="t4c1"><delka>45</delka></cd>
        <cd signatura="t4c2"><delka>45</delka></cd>
      </exemplare>
    <jazyk>en</jazyk><zanry>kucha?ka u?ebnice</zanry></titul>
    
  </tituly>
  
  <ctenari>
    
    

    <ctenar cislo="c2">
      <jmeno>Veronika</jmeno>
      <prijmeni>?tiv?</prijmeni>
      <bydliste>
        <obec>Praha</obec>
        <psc>12116</psc>
        <ulice>Hlavn?</ulice>
        <cp>77</cp>
      </bydliste>
      <rc>955501/4321</rc>
      <email>veronika@email.cz</email>
      <email>v.ctiva@email.cz</email>
      <telefon>800123456</telefon>
    </ctenar>

    <ctenar cislo="c3">
      <jmeno>Luk??</jmeno>
      <prijmeni>Vn?mav?</prijmeni>
      <bydliste>
        <ulice>V?t?zn?</ulice>
        <cp>1024</cp>
        <obec>Praha</obec>
        <psc>14000</psc>
      </bydliste>
      <rc>900909/2233</rc>
      <email>lukas@email.cz</email>
      <telefon>251314728</telefon>
    </ctenar>
    
  </ctenari>
  
  <vypujcky>

    <vypujcka ctenar="c1" signatura="t1k1">
      <pujceno>2011-08-15</pujceno>
      <vraceno>2011-08-10</vraceno>
      <poznamka>
        Zap?j?ena kniha <exemplar signatura="t1k1"/> titulu <titul kod="t1"/> ?ten??em <ctenar cislo="c1"/>
      </poznamka>
    <stav>vraceno</stav></vypujcka>

    <vypujcka ctenar="c2" signatura="t3k4">
      <pujceno>2012-01-07</pujceno>
      <vraceno>2012-02-29</vraceno>
    <stav>vraceno</stav></vypujcka>
    
    <vypujcka ctenar="c2" signatura="t1k1">
      <pujceno>2012-01-07</pujceno>
      <vraceno>2012-02-27</vraceno>
    <stav>vraceno</stav></vypujcka>
    
    <vypujcka ctenar="c2" signatura="t4c1">
      <pujceno>2012-02-11</pujceno>
      <poznamka>
        Zap?j?eno CD <exemplar signatura="t4c1"/> titulu <titul kod="t4"/> ?ten??em <ctenar cislo="c2"/>
      </poznamka>
    <stav>pujceno</stav></vypujcka>
    
    <vypujcka ctenar="c1" signatura="t3k4">
      <pujceno>2012-03-01</pujceno>
      <vraceno>2012-03-05</vraceno>
    <stav>vraceno</stav></vypujcka>
    
    <vypujcka ctenar="c2" signatura="t1k1">
      <pujceno>2012-03-01</pujceno>
      <poznamka>
        Zap?j?ena kniha <exemplar signatura="t1k1"/> titulu <titul kod="t1"/> ?ten??em <ctenar cislo="c2"/>
      </poznamka>
    <stav>pujceno</stav></vypujcka>
    
  </vypujcky>
  
</knihovna>