<?xml version="1.0" encoding="UTF-8"?>
<soupiska>
   <golmani>
      <hrac>Dominik_Furch</hrac>
      <hrac>Miroslav_Kopriva</hrac>
      <hrac>golman_1</hrac>
   </golmani>
   <obranci>
      <hrac>Daniel_Krejci</hrac>
      <hrac>Jakub_Krejcik</hrac>
      <hrac>Jakub_Sulc</hrac>
      <hrac>Jan_Dresler</hrac>
      <hrac>Juraj_Valach</hrac>
      <hrac>Obrance_A</hrac>
      <hrac>Obrance_B</hrac>
      <hrac>Pavel_Kolarik</hrac>
      <hrac>Petr_Kadlec</hrac>
      <hrac>Petr_Kubos</hrac>
   </obranci>
   <utocnici>
      <kridla>
         <hrac>Antonin_Dusek</hrac>
         <hrac>Dmitrij_Jaskin</hrac>
         <hrac>Jan_Alinc</hrac>
         <hrac>Lukas_Krenzelok</hrac>
         <hrac>Michal_Vondrka</hrac>
         <hrac>Tomas_Pospisil</hrac>
         <hrac>Útocnik_A</hrac>
         <hrac>Útocnik_B</hrac>
      </kridla>
      <centri>
         <hrac>Jakub_Sklenar</hrac>
         <hrac>Petr_Jelinek</hrac>
         <hrac>Tomas_Micka</hrac>
         <hrac>Vladimir_Ruzicka_ml</hrac>
      </centri>
   </utocnici>
</soupiska>