<?xml version="1.0" encoding="UTF-8"?>
<vysledek>
	Prumer: 26.96153846153846<hrac>Miroslav_Kopriva
			 (29)
		</hrac>
   <hrac>Jan_Dresler
			 (29)
		</hrac>
   <hrac>Petr_Kadlec
			 (35)
		</hrac>
   <hrac>Pavel_Kolarik
			 (40)
		</hrac>
   <hrac>Petr_Kubos
			 (33)
		</hrac>
   <hrac>Jiri_Kucny
			 (29)
		</hrac>
   <hrac>Jakub_Sulc
			 (27)
		</hrac>
   <hrac>Jan_Alinc
			 (40)
		</hrac>
   <hrac>Petr_Jelinek
			 (28)
		</hrac>
   <hrac>Jaroslav_Kalla
			 (33)
		</hrac>
   <hrac>Lukas_Krenzelok
			 (29)
		</hrac>
   <hrac>Tomas_Micka
			 (29)
		</hrac>
   <hrac>Marek_Tomica
			 (31)
		</hrac>
   <hrac>Michal_Vondrka
			 (30)
		</hrac>
</vysledek>