<html>
   <body>
      <ul>
         <li>Dominik_Furch (22)</li>
         <li>Miroslav_Kopriva (29)</li>
      </ul>
      <ul>
         <li>Juraj_Valach</li>
         <li>Daniel_Krejci (20)</li>
         <li>Jakub_Krejcik (21)</li>
         <li>Jakub_Sulc (27)</li>
         <li>Jan_Dresler (29)</li>
         <li>Petr_Kubos (33)</li>
         <li>Petr_Kadlec (35)</li>
         <li>Pavel_Kolarik (40)</li>
      </ul>
      <ul>
         <li>Antonin_Dusek</li>
         <li>Dmitrij_Jaskin (19)</li>
         <li>Vladimir_Ruzicka_ml (23)</li>
         <li>Jakub_Sklenar (24)</li>
         <li>Tomas_Pospisil (25)</li>
         <li>Petr_Jelinek (28)</li>
         <li>Tomas_Micka (29)</li>
         <li>Lukas_Krenzelok (29)</li>
         <li>Michal_Vondrka (30)</li>
         <li>Jan_Alinc (40)</li>
      </ul>
   </body>
</html>