<?xml version="1.0" encoding="UTF-8"?>
<vysledek>
   <tym>Nazev: HC Slavia Praha</tym>
   <aktivni_hraci_k_1_5_2012>
      <hrac>Daniel_Krejci</hrac>
      <hrac>Dmitrij_Jaskin</hrac>
      <hrac>Dominik_Furch</hrac>
      <hrac>Georg_Mavrojanidis</hrac>
      <hrac>Jakub_Krejcik</hrac>
      <hrac>Jakub_Sklenar</hrac>
      <hrac>Jakub_Sulc</hrac>
      <hrac>Jan_Alinc</hrac>
      <hrac>Jan_Dresler</hrac>
      <hrac>Jan_Stransky</hrac>
      <hrac>Jaroslav_Kalla</hrac>
      <hrac>Jiri_Kucny</hrac>
      <hrac>Lukas_Krenzelok</hrac>
      <hrac>Lukas_Zejdl</hrac>
      <hrac>Marek_Tomica</hrac>
      <hrac>Michal_Kempny</hrac>
      <hrac>Michal_Vondrka</hrac>
      <hrac>Miroslav_Kopriva</hrac>
      <hrac>Pavel_Kolarik</hrac>
      <hrac>Petr_Jelinek</hrac>
      <hrac>Petr_Kadlec</hrac>
      <hrac>Petr_Kubos</hrac>
      <hrac>Tomas_Hertl</hrac>
      <hrac>Tomas_Micka</hrac>
      <hrac>Tomas_Pospisil</hrac>
      <hrac>Vladimir_Ruzicka_ml</hrac>
   </aktivni_hraci_k_1_5_2012>
   <uz_hraji_jinde>
      <hrac>Antonin_Dusek</hrac>
      <hrac>Juraj_Valach</hrac>
      <hrac>Obrance_A</hrac>
      <hrac>Obrance_B</hrac>
      <hrac>golman_1</hrac>
      <hrac>Útocnik_A</hrac>
      <hrac>Útocnik_B</hrac>
   </uz_hraji_jinde>
</vysledek>