<?xml version="1.0" encoding="UTF-8"?>
<vypis>
   <zanr nazev="Sci-fi">
      <film>I Robot<element>seznamFilmu<element>film<element>ucinkuji<element>ucinkuje</element>
                  <element>ucinkuje</element>
               </element>
               <element>rok</element>
               <element>reziser<element>pocetFilmu</element>
                  <element>rating</element>
               </element>
               <element>zanr</element>
               <element>delka</element>
            </element>
            <element>film<element>ucinkuji<element>ucinkuje</element>
                  <element>ucinkuje</element>
               </element>
               <element>rok</element>
               <element>reziser<element>pocetFilmu</element>
                  <element>rating</element>
               </element>
               <element>zanr</element>
               <element>zeme</element>
               <element>delka</element>
               <element>hodnoceni</element>
               <element>rozpocet</element>
               <element>vydelek</element>
               <element>obsah</element>
            </element>
            <element>film<element>ucinkuji<element>ucinkuje</element>
               </element>
               <element>rok</element>
               <element>reziser<element>pocetFilmu</element>
                  <element>rating</element>
               </element>
               <element>zanr</element>
               <element>delka</element>
            </element>
         </element>
         <element>seznamHercu<element>herec<element>adresa<element>stat</element>
                  <element>mesto</element>
                  <element>PSC</element>
                  <element>ulice</element>
               </element>
               <element>datumNarozeni</element>
               <element>vyska</element>
               <element>obdrzeneCeny<element>hlavniRole<element>vKomercnimFilmu</element>
                     <element>vNezavislemFilmu</element>
                  </element>
                  <element>vedlejsiRole<element>vKomercnimFilmu</element>
                     <element>vNezavislemFilmu</element>
                  </element>
               </element>
            </element>
            <element>herec<element>adresa<element>stat</element>
                  <element>mesto</element>
                  <element>PSC</element>
                  <element>ulice</element>
               </element>
               <element>datumNarozeni</element>
               <element>vyska</element>
            </element>
            <element>herec<element>adresa<element>stat</element>
                  <element>mesto</element>
                  <element>PSC</element>
                  <element>ulice</element>
               </element>
               <element>datumNarozeni</element>
               <element>vyska</element>
               <element>webpodpis</element>
            </element>
         </element>
         <element>aktualniDatum</element>
      </film>
      <film>Star Wars<element>seznamFilmu<element>film<element>ucinkuji<element>ucinkuje</element>
                  <element>ucinkuje</element>
               </element>
               <element>rok</element>
               <element>reziser<element>pocetFilmu</element>
                  <element>rating</element>
               </element>
               <element>zanr</element>
               <element>delka</element>
            </element>
            <element>film<element>ucinkuji<element>ucinkuje</element>
                  <element>ucinkuje</element>
               </element>
               <element>rok</element>
               <element>reziser<element>pocetFilmu</element>
                  <element>rating</element>
               </element>
               <element>zanr</element>
               <element>zeme</element>
               <element>delka</element>
               <element>hodnoceni</element>
               <element>rozpocet</element>
               <element>vydelek</element>
               <element>obsah</element>
            </element>
            <element>film<element>ucinkuji<element>ucinkuje</element>
               </element>
               <element>rok</element>
               <element>reziser<element>pocetFilmu</element>
                  <element>rating</element>
               </element>
               <element>zanr</element>
               <element>delka</element>
            </element>
         </element>
         <element>seznamHercu<element>herec<element>adresa<element>stat</element>
                  <element>mesto</element>
                  <element>PSC</element>
                  <element>ulice</element>
               </element>
               <element>datumNarozeni</element>
               <element>vyska</element>
               <element>obdrzeneCeny<element>hlavniRole<element>vKomercnimFilmu</element>
                     <element>vNezavislemFilmu</element>
                  </element>
                  <element>vedlejsiRole<element>vKomercnimFilmu</element>
                     <element>vNezavislemFilmu</element>
                  </element>
               </element>
            </element>
            <element>herec<element>adresa<element>stat</element>
                  <element>mesto</element>
                  <element>PSC</element>
                  <element>ulice</element>
               </element>
               <element>datumNarozeni</element>
               <element>vyska</element>
            </element>
            <element>herec<element>adresa<element>stat</element>
                  <element>mesto</element>
                  <element>PSC</element>
                  <element>ulice</element>
               </element>
               <element>datumNarozeni</element>
               <element>vyska</element>
               <element>webpodpis</element>
            </element>
         </element>
         <element>aktualniDatum</element>
      </film>
   </zanr>
   <zanr nazev="Thriller">
      <film>The Cube<element>seznamFilmu<element>film<element>ucinkuji<element>ucinkuje</element>
                  <element>ucinkuje</element>
               </element>
               <element>rok</element>
               <element>reziser<element>pocetFilmu</element>
                  <element>rating</element>
               </element>
               <element>zanr</element>
               <element>delka</element>
            </element>
            <element>film<element>ucinkuji<element>ucinkuje</element>
                  <element>ucinkuje</element>
               </element>
               <element>rok</element>
               <element>reziser<element>pocetFilmu</element>
                  <element>rating</element>
               </element>
               <element>zanr</element>
               <element>zeme</element>
               <element>delka</element>
               <element>hodnoceni</element>
               <element>rozpocet</element>
               <element>vydelek</element>
               <element>obsah</element>
            </element>
            <element>film<element>ucinkuji<element>ucinkuje</element>
               </element>
               <element>rok</element>
               <element>reziser<element>pocetFilmu</element>
                  <element>rating</element>
               </element>
               <element>zanr</element>
               <element>delka</element>
            </element>
         </element>
         <element>seznamHercu<element>herec<element>adresa<element>stat</element>
                  <element>mesto</element>
                  <element>PSC</element>
                  <element>ulice</element>
               </element>
               <element>datumNarozeni</element>
               <element>vyska</element>
               <element>obdrzeneCeny<element>hlavniRole<element>vKomercnimFilmu</element>
                     <element>vNezavislemFilmu</element>
                  </element>
                  <element>vedlejsiRole<element>vKomercnimFilmu</element>
                     <element>vNezavislemFilmu</element>
                  </element>
               </element>
            </element>
            <element>herec<element>adresa<element>stat</element>
                  <element>mesto</element>
                  <element>PSC</element>
                  <element>ulice</element>
               </element>
               <element>datumNarozeni</element>
               <element>vyska</element>
            </element>
            <element>herec<element>adresa<element>stat</element>
                  <element>mesto</element>
                  <element>PSC</element>
                  <element>ulice</element>
               </element>
               <element>datumNarozeni</element>
               <element>vyska</element>
               <element>webpodpis</element>
            </element>
         </element>
         <element>aktualniDatum</element>
      </film>
   </zanr>
   <element>seznamFilmu<element>film<element>ucinkuji<element>ucinkuje</element>
            <element>ucinkuje</element>
         </element>
         <element>rok</element>
         <element>reziser<element>pocetFilmu</element>
            <element>rating</element>
         </element>
         <element>zanr</element>
         <element>delka</element>
      </element>
      <element>film<element>ucinkuji<element>ucinkuje</element>
            <element>ucinkuje</element>
         </element>
         <element>rok</element>
         <element>reziser<element>pocetFilmu</element>
            <element>rating</element>
         </element>
         <element>zanr</element>
         <element>zeme</element>
         <element>delka</element>
         <element>hodnoceni</element>
         <element>rozpocet</element>
         <element>vydelek</element>
         <element>obsah</element>
      </element>
      <element>film<element>ucinkuji<element>ucinkuje</element>
         </element>
         <element>rok</element>
         <element>reziser<element>pocetFilmu</element>
            <element>rating</element>
         </element>
         <element>zanr</element>
         <element>delka</element>
      </element>
   </element>
   <element>seznamHercu<element>herec<element>adresa<element>stat</element>
            <element>mesto</element>
            <element>PSC</element>
            <element>ulice</element>
         </element>
         <element>datumNarozeni</element>
         <element>vyska</element>
         <element>obdrzeneCeny<element>hlavniRole<element>vKomercnimFilmu</element>
               <element>vNezavislemFilmu</element>
            </element>
            <element>vedlejsiRole<element>vKomercnimFilmu</element>
               <element>vNezavislemFilmu</element>
            </element>
         </element>
      </element>
      <element>herec<element>adresa<element>stat</element>
            <element>mesto</element>
            <element>PSC</element>
            <element>ulice</element>
         </element>
         <element>datumNarozeni</element>
         <element>vyska</element>
      </element>
      <element>herec<element>adresa<element>stat</element>
            <element>mesto</element>
            <element>PSC</element>
            <element>ulice</element>
         </element>
         <element>datumNarozeni</element>
         <element>vyska</element>
         <element>webpodpis</element>
      </element>
   </element>
   <element>aktualniDatum</element>
</vypis>