<html>
   <body xmlns:xh="http://www.w3.org/1999/xhtml">
      <table>
         <th>Tabulka zaznamu</th>
         <tr>
            <td>Nazev</td>
            <td>Reziser</td>
            <td>Rozpocet</td>
         </tr>
         <tr>
            <td>I Robot</td>
            <td>Alex Pryas</td>
            <td>NEUVEDENO</td>
         </tr>
         <tr>
            <td>Star Wars</td>
            <td>Stephen Spielberg</td>
            <td>95000000</td>
         </tr>
         <tr>
            <td>The Cube</td>
            <td>Vincenzo Natali</td>
            <td>NEUVEDENO</td>
         </tr>
      </table>
   </body>
</html>