<?xml version="1.0" encoding="UTF-8"?>
<Udalost idU="idU_1">Neni sifrovano</Udalost>
<Udalost idU="idU_2">Neni sifrovano</Udalost>
<Udalost idU="idU_3">Je sifrovano</Udalost>
<Udalost idU="idU_4">Neni sifrovano</Udalost>
<Udalost idU="idU_5">Neni sifrovano</Udalost>
<Udalost idU="idU_6">Neni sifrovano</Udalost>
<Udalost idU="idU_7">Neni sifrovano</Udalost>
<Udalost idU="idU_8">Neni sifrovano</Udalost>
<Udalost idU="idU_9">Neni sifrovano</Udalost>
<Udalost idU="idU_10">Je sifrovano</Udalost>
<Udalost idU="idU_11">Neni sifrovano</Udalost>