<?xml version="1.0" encoding="UTF-8" standalone="no"?><?sort alpha-ascending?>
<SceneRoot>
	<meshes>
		<mesh mid="m_01" name="mesh01" visible="TRUE">
			<vertices>
				<vertex vid="v_01" x="0" y="0" z="0">
					<color col="red"/></vertex>
				<vertex vid="v_02" x="-1" y="0" z="0">
					<color col="red"/></vertex>
				<vertex vid="v_03" x="-1" y="0" z="1">
					<color col="red"/></vertex>
				<vertex vid="v_04" x="0" y="1" z="0">
					<color col="red"/></vertex>
				<vertex vid="v_05" x="0" y="0" z="0">
					<color col="blue"/></vertex>
				<vertex vid="v_06" x="0" y="-1" z="1">
					<color col="red"/></vertex>
				
				<vertex vid="v_08" x="0" y="1" z="-1"/>
				<vertex vid="v_09" x="0" y="0" z="-1"/>
				<vertex vid="v_10" x="0" y="-1" z="1"/>
			</vertices>
			<triangles>
				<triangle refv0="v_01" refv1="v_02" refv2="v_03" tid="t01"/>
				<triangle refv0="v_04" refv1="v_06" refv2="v_05" tid="t02"/>
				<triangle refv0="v_01" refv1="v_06" refv2="v_08" tid="t03"/>
				<triangle refv0="v_05" refv1="v_03" refv2="v_09" tid="t04"/>
				<triangle refv0="v_06" refv1="v_04" refv2="v_10" tid="t05"/>
			</triangles>
			<note>
				<![CDATA[ <<>> !! ]]>
				prolog	   ::=   	XMLDecl? Misc* (doctypedecl Misc*)?
			</note>
		</mesh>
		<mesh mid="m_02" name="Odd Looking Thing" visible="TRUE">
			<vertices>
				<vertex vid="v_11" x="0" y="0" z="0">
					<color col="red"/></vertex>
				<vertex vid="v_12" x="-1" y="0" z="0">
					<color col="red"/></vertex>
				<vertex vid="v_13" x="-1" y="0" z="5">
					<color col="red"/></vertex>
				<vertex vid="v_14" x="0" y="6" z="0">
					<color col="red"/></vertex>
				<vertex vid="v_15" x="0" y="0" z="0">
					<color col="blue"/></vertex>
				<vertex vid="v_16" x="0" y="-1" z="1">
					<color col="red"/></vertex>
				
				<vertex vid="v_18" x="0" y="1" z="-1"/>
				<vertex vid="v_19" x="0" y="10" z="-1"/>
				<vertex vid="v_20" x="0" y="-10" z="1"/>
				
			</vertices>
			<triangles>
				<triangle refv0="v_11" refv1="v_12" refv2="v_13" tid="t06"/>
				<triangle refv0="v_14" refv1="v_16" refv2="v_15" tid="t07"/>
				<triangle refv0="v_11" refv1="v_16" refv2="v_18" tid="t08"/>
				<triangle refv0="v_15" refv1="v_13" refv2="v_19" tid="t09"/>
				<triangle refv0="v_16" refv1="v_14" refv2="v_20" tid="t10"/>
			</triangles>
			<note>
			</note>
		</mesh>
		<mesh mid="m_03" name="No triangle" visible="TRUE">
			<vertices>
				<vertex vid="v_21" x="0" y="0" z="0">
					<color col="red"/></vertex>
				
			</vertices>
			<triangles>
			</triangles>
			<note>
			</note>
		</mesh>
		<mesh mid="m_04" name="One triangle" visible="TRUE">
			<vertices>
				<vertex vid="v_23" x="0" y="0" z="0">
					<color col="red"/></vertex>
				<vertex vid="v_24" x="-1" y="0" z="0">
					<color col="red"/></vertex>
				<vertex vid="v_25" x="-5" y="0" z="10">
					<color col="red"/></vertex>
			</vertices>
			<triangles>
				<triangle refv0="v_23" refv1="v_24" refv2="v_25" tid="t11"/>
				
			</triangles>
			<note>
			</note>
		</mesh>
		<mesh mid="m_05" name="Nothing" visible="TRUE">
			<vertices>
			</vertices>
			<triangles>
			</triangles>
			<note>
			</note>
		</mesh>
	</meshes>
	
	<cameras>
		<camera>
			<cam_name>"Wideangle"</cam_name>
			<fov>18</fov>
			
			<position>
				<c_x value="10"/>
				<c_y value="0"/>
				<c_z value="50"/>
			</position>
			<target>
				<t_x value="1"/>
				<t_y value="0"/>
				<t_z value="0"/>
			</target>
		</camera>
		<camera>
			<cam_name>"Telephoto"</cam_name>
			<fov>135</fov>
			
			<position>
				<c_x value="10"/>
				<c_y value="0"/>
				<c_z value="50"/>
			</position>
			<target>
				<t_x value="1"/>
				<t_y value="0"/>
				<t_z value="0"/>
			</target>
		</camera>
	</cameras>
	
	<lights>
		<light>
			<l_name>KeyLight</l_name> <!--  ================key light================   -->
			<intensity>0.8</intensity>
			<l_position>
				<l_x value="25"/>
				<l_y value="10"/>
				<l_z value="5"/>
			</l_position>
			<clr col="white"/>
		</light>	
		<light>
			<l_name>FillLight01</l_name> <!--  ================fill light 01================   -->
			<intensity>0.4</intensity>
			<l_position>
				<l_x value="-25"/>
				<l_y value="0"/>
				<l_z value="-5"/>
			</l_position>
			<clr col="red"/>
		</light>	
		<light>
			<l_name>FillLight02</l_name> <!--  ================fill light 02================   -->
			<intensity>0.2</intensity>
			<l_position>
				<l_x value="0"/>
				<l_y value="-5"/>
				<l_z value="5"/>
			</l_position>
			<clr col="blue"/>
		</light>	
	<light><l_name>Ambient Light</l_name><intensity>0.1</intensity><l_position><l_x value="0"/><l_y value="0"/><l_z value="0"/></l_position><clr col="black"/></light></lights>
</SceneRoot>