<?xml version="1.0" encoding="UTF-8" standalone="no"?><catalogue>
        
        
    <product img_url="www.fotkybatohu.cz/nejakaFotka3.jpg"><id>ssc</id>
                <title>Safe sky CLASSIC</title>
                <perex>Nejobl?ben?j?? stan pro 3 osoby.</perex>
                <description>Klasick? model od MySky, kter? nezklame. Trochu v?t?? hmotnost (3kg) ja vyv??ena jednoduchost? a bytelnost? konstrukce, d?ky kter? je stan postaven i sbalen do 3 minut.</description>
                <price>4000</price>
                <price_vat vat="0.30">5200</price_vat>
                <manufacturer idman_ref="MySky">MySky</manufacturer>
                <availability type="skladem">2</availability>
                
                <recycle_fee>150</recycle_fee>
                <warranty>1</warranty>
            </product><product img_url="www.fotkybatohu.cz/nejakaFotka2.jpg"><id>mga1</id>
                <title>Mountain goat A1</title>
                <perex>Pevn? outdoorov? batoh.</perex>
                <description>Nejlep?? spole?n?k na horsk? cesty. Pln? nastaviteln? z?dov? syst?m. Obsah 70+10 l. Na ?vy a zipy je z?ruka do?ivotn?.</description>
                <price>7000</price>
                <price_vat vat="0.20">8400</price_vat>
                <manufacturer idman_ref="NanoFiber">NanoFiber</manufacturer>
                <availability type="nedostupn?">0</availability>
                
                <recycle_fee>120</recycle_fee>
                <warranty>5</warranty>
            </product><product borrow="yes" img_url="www.fotkybatohu.cz/nejakaFotka.jpg"><id>cfx12</id>
                    <title>City free X12</title>
                    <perex>Lehk? batoh do m?sta.</perex>
                    <description>Kapsa na notebook sou??st?. Maxim?ln? nosnost 15kg.</description>
                    <price>600</price>
                    <price_vat vat="0.20">720</price_vat>
                    <manufacturer idman_ref="NanoFiber">NanoFiber</manufacturer>
                    <availability type="skladem">5</availability>
                    
                    <recycle_fee>35</recycle_fee>
                    <warranty>2</warranty>
                </product></catalogue>