<html>
   <head>
      <meta http-equiv="Content-Type" content="text/html; charset=UTF-8">
      <title>Knihy</title>
   </head>
   <body>
      <h1>Knihy</h1><a href="80-7094-237-1 .html"><img src="nadace1.jpg"></a><a href="80-7094-237-9 .html"><img src="nadace9.jpg"></a><a href="80-7094-267-1 .html"><img src="blade.jpg"></a><a href="80-7094-237-5 .html"><img src="jarobot.jpg"></a><a href="80-7094-237-8 .html"><img src="nadace8.jpg"></a><a href="80-7094-238-1 .html"><img src="nadace10.jpg"></a><a href="80-7094-237-3 .html"><img src="nadace3.jpg"></a><a href="80-7094-237-6 .html"><img src="nadace6.jpg"></a><a href="80-7094-237-4 .html"><img src="nadace4.jpg"></a><a href="80-7094-237-1 .html"><img src="obraz.jpg"></a></body>
</html>