<?xml version="1.0" encoding="UTF-8"?>
<knihy>
   <predvalecne>
      <nazevKnihy>RUR</nazevKnihy>
      <nazevKnihy>Válka s mloky</nazevKnihy>
   </predvalecne>
   <povalecne>
      <nazevKnihy>A zrodí se nadace</nazevKnihy>
      <nazevKnihy>Atom</nazevKnihy>
      <nazevKnihy>Blade runner</nazevKnihy>
      <nazevKnihy>Druhá nadace</nazevKnihy>
      <nazevKnihy>Já, robot</nazevKnihy>
      <nazevKnihy>Mluvící kámen</nazevKnihy>
      <nazevKnihy>Na hranicich nadace</nazevKnihy>
      <nazevKnihy>Nadace</nazevKnihy>
      <nazevKnihy>Nadace a Země</nazevKnihy>
      <nazevKnihy>Nadace a říše</nazevKnihy>
      <nazevKnihy>Předehra k nadaci</nazevKnihy>
      <nazevKnihy>Temny obraz</nazevKnihy>
   </povalecne>
</knihy>