<html>
   <head>
      <meta http-equiv="Content-Type" content="text/html; charset=UTF-8">
      <title>Knihy</title>
   </head>
   <body>
      <h1>Knihy</h1>
      <ul>
         <li style="color:red">A zrodí se nadace</li>
         <li>Předehra k nadaci</li>
         <li style="color:red">Nadace</li>
         <li>Nadace a říše</li>
         <li style="color:red">Já, robot</li>
         <li>Nadace a Země</li>
         <li>Druhá nadace</li>
         <li>Mluvící kámen</li>
         <li>Atom</li>
         <li>Na hranicich nadace</li>
         <li>RUR</li>
         <li>Válka s mloky</li>
         <li style="color:red">Temny obraz</li>
         <li style="color:red">Blade runner</li>
      </ul>
   </body>
</html>