<?xml version="1.0" encoding="UTF-8"?>
<hraci>
   <hrac>
      <jmeno>Jakub Skala</jmeno>
      <procenta>67</procenta>
      <horsihraci>Michael Vecer: 45 %, </horsihraci>
   </hrac>
   <hrac>
      <jmeno>Michael Vecer</jmeno>
      <procenta>45</procenta>
      <horsihraci/>
   </hrac>
   <hrac>
      <jmeno>Jan Sedlar</jmeno>
      <procenta>72</procenta>
      <horsihraci>Jakub Skala: 67 %, Michael Vecer: 45 %, </horsihraci>
   </hrac>
   <hrac>
      <jmeno>Karel Klima</jmeno>
      <procenta>80</procenta>
      <horsihraci>Roger Gulka: 78 %, Valentin Tanner: 75 %, Jan Sedlar: 72 %, Jakub Skala: 67 %, Michael Vecer: 45 %, </horsihraci>
   </hrac>
   <hrac>
      <jmeno>Valentin Tanner</jmeno>
      <procenta>75</procenta>
      <horsihraci>Jan Sedlar: 72 %, Jakub Skala: 67 %, Michael Vecer: 45 %, </horsihraci>
   </hrac>
   <hrac>
      <jmeno>Roger Gulka</jmeno>
      <procenta>78</procenta>
      <horsihraci>Valentin Tanner: 75 %, Jan Sedlar: 72 %, Jakub Skala: 67 %, Michael Vecer: 45 %, </horsihraci>
   </hrac>
   <hrac>
      <jmeno>Peter De Cruz</jmeno>
      <procenta>82</procenta>
      <horsihraci>Karel Klima: 80 %, Roger Gulka: 78 %, Valentin Tanner: 75 %, Jan Sedlar: 72 %, Jakub Skala: 67 %, Michael Vecer: 45 %, </horsihraci>
   </hrac>
   <hrac>
      <jmeno>Benoit Schwarz</jmeno>
      <procenta>90</procenta>
      <horsihraci>Peter De Cruz: 82 %, Karel Klima: 80 %, Roger Gulka: 78 %, Valentin Tanner: 75 %, Jan Sedlar: 72 %, Jakub Skala: 67 %, Michael Vecer: 45 %, </horsihraci>
   </hrac>
</hraci>