<html>
   <head>
      <meta http-equiv="Content-Type" content="text/html; charset=UTF-8">
      <title>XQuery test</title>
   </head>
   <body>
      <table>
         <tr>
            <th>jmeno</th>
            <th>pozice</th>
            <th>skip</th>
            <th># draw</th>
            <th>% draw</th>
            <th># takeout</th>
            <th>% takeout</th>
            <th>% celkem</th>
         </tr>
         <tr>
            <td>Karel Klima</td>
            <td>fourth</td>
            <td>yes</td>
            <td>7</td>
            <td>80</td>
            <td>13</td>
            <td>93</td>
            <td>88.45</td>
         </tr>
         <tr>
            <td>Benoit Schwarz</td>
            <td>fourth</td>
            <td>no</td>
            <td>14</td>
            <td>90</td>
            <td>6</td>
            <td>80</td>
            <td>87</td>
         </tr>
         <tr>
            <td>Peter De Cruz</td>
            <td>third</td>
            <td>yes</td>
            <td>11</td>
            <td>82</td>
            <td>9</td>
            <td>88</td>
            <td>84.7</td>
         </tr>
         <tr>
            <td>Roger Gulka</td>
            <td>second</td>
            <td>no</td>
            <td>7</td>
            <td>78</td>
            <td>13</td>
            <td>85</td>
            <td>82.55</td>
         </tr>
         <tr>
            <td>Valentin Tanner</td>
            <td>lead</td>
            <td>no</td>
            <td>13</td>
            <td>75</td>
            <td>7</td>
            <td>78</td>
            <td>76.05</td>
         </tr>
         <tr>
            <td>Jan Sedlar</td>
            <td>third</td>
            <td>no</td>
            <td>11</td>
            <td>72</td>
            <td>9</td>
            <td>65</td>
            <td>68.85</td>
         </tr>
         <tr>
            <td>Michael Vecer</td>
            <td>second</td>
            <td>no</td>
            <td>8</td>
            <td>45</td>
            <td>12</td>
            <td>75</td>
            <td>63</td>
         </tr>
         <tr>
            <td>Jakub Skala</td>
            <td>lead</td>
            <td>no</td>
            <td>16</td>
            <td>67</td>
            <td>4</td>
            <td>45</td>
            <td>62.6</td>
         </tr>
      </table>
   </body>
</html>