<?xml version="1.0" encoding="UTF-8"?>
<hraci>
   <hrac>
      <jmeno>Karel Klima</jmeno>
      <draw pocet="7" uspesnost="80"/>
      <takeout pocet="13" uspesnost="93"/>
   </hrac>
   <hrac>
      <jmeno>Roger Gulka</jmeno>
      <draw pocet="7" uspesnost="78"/>
      <takeout pocet="13" uspesnost="85"/>
   </hrac>
   <hrac>
      <jmeno>Peter De Cruz</jmeno>
      <draw pocet="11" uspesnost="82"/>
      <takeout pocet="9" uspesnost="88"/>
   </hrac>
   <hrac>
      <jmeno>Benoit Schwarz</jmeno>
      <draw pocet="14" uspesnost="90"/>
      <takeout pocet="6" uspesnost="80"/>
   </hrac>
   <hrac>
      <jmeno>David Murdoch</jmeno>
      <draw pocet="12" uspesnost="81"/>
      <takeout pocet="8" uspesnost="78"/>
   </hrac>
   <hrac>
      <jmeno>Glen Muirhead</jmeno>
      <draw pocet="9" uspesnost="78"/>
      <takeout pocet="11" uspesnost="84"/>
   </hrac>
   <hrac>
      <jmeno>Ross Hepburn</jmeno>
      <draw pocet="14" uspesnost="84"/>
      <takeout pocet="6" uspesnost="68"/>
   </hrac>
</hraci>