<?xml version="1.0" encoding="UTF-8"?>
<seznamBaleni>
   <surovina/>
   <surovina/>
   <surovina>
      <baleni>
         <nazev>Vejce</nazev>
         <hodnota>
            <hodnota>1</hodnota>
         </hodnota>
         <jednotka>
            <jednotka>ks</jednotka>
         </jednotka>
         <cena>
            <cenaJednotky>3</cenaJednotky>
         </cena>
      </baleni>
   </surovina>
   <surovina>
      <baleni>
         <nazev>Jablka</nazev>
         <hodnota>
            <hodnota>1</hodnota>
         </hodnota>
         <jednotka>
            <jednotka>ks</jednotka>
         </jednotka>
         <cena>
            <cenaJednotky>5</cenaJednotky>
         </cena>
      </baleni>
   </surovina>
   <surovina>
      <baleni>
         <nazev>Mléko</nazev>
         <hodnota>
            <hodnota>1000</hodnota>
         </hodnota>
         <jednotka>
            <jednotka>ml</jednotka>
         </jednotka>
         <cena>
            <cenaJednotky>19</cenaJednotky>
         </cena>
      </baleni>
   </surovina>
   <surovina>
      <baleni>
         <nazev>Chléb</nazev>
         <hodnota>
            <hodnota>1000</hodnota>
         </hodnota>
         <jednotka>
            <jednotka>g</jednotka>
         </jednotka>
         <cena>
            <cenaJednotky>30</cenaJednotky>
         </cena>
      </baleni>
      <baleni>
         <nazev>Chléb</nazev>
         <hodnota>
            <hodnota>600</hodnota>
         </hodnota>
         <jednotka>
            <jednotka>g</jednotka>
         </jednotka>
         <cena>
            <cenaJednotky>20</cenaJednotky>
         </cena>
      </baleni>
   </surovina>
   <surovina>
      <baleni>
         <nazev>Mouka</nazev>
         <hodnota>
            <hodnota>1000</hodnota>
         </hodnota>
         <jednotka>
            <jednotka>g</jednotka>
         </jednotka>
         <cena>
            <cenaJednotky>20</cenaJednotky>
         </cena>
      </baleni>
   </surovina>
   <surovina>
      <baleni>
         <nazev>Kečup</nazev>
         <hodnota>
            <hodnota>500</hodnota>
         </hodnota>
         <jednotka>
            <jednotka>ml</jednotka>
         </jednotka>
         <cena>
            <cenaJednotky>32</cenaJednotky>
         </cena>
      </baleni>
   </surovina>
   <surovina>
      <baleni>
         <nazev>Olej</nazev>
         <hodnota>
            <hodnota>1000</hodnota>
         </hodnota>
         <jednotka>
            <jednotka>ml</jednotka>
         </jednotka>
         <cena>
            <cenaJednotky>42</cenaJednotky>
         </cena>
      </baleni>
   </surovina>
</seznamBaleni>