<html>
   <head>
      <meta http-equiv="Content-Type" content="text/html; charset=UTF-8">
      <title>Kontakty</title>
   </head>
   <body>
      <table>
         <thead>
            <p>Kontakty</p>
            <tr>
               <th>Jmeno</th>
               <th>e-mail</th>
            </tr>
         </thead>
         <tbody>
            <tr>
               <td>Anna Nemcova</td>
               <td>anna.nemcova@somebiz.com</td>
            </tr>
            <tr>
               <td>Frantisek Pospisil</td>
               <td>frantisek.pospisil@somebiz.com</td>
            </tr>
            <tr>
               <td>Frantisek Vomacka</td>
               <td>frantisek.vomacka@somebiz.com</td>
            </tr>
            <tr>
               <td>Jakub Sedlacek</td>
               <td>jakub.sedlacek@somebiz.com</td>
            </tr>
            <tr>
               <td>Jan Novak</td>
               <td>jan.novak@somebiz.com</td>
            </tr>
            <tr>
               <td>Jana Dvorakova</td>
               <td>jana.dvorakova@somebiz.com</td>
            </tr>
            <tr>
               <td>Jaroslav Kucera</td>
               <td>jaroslav.kucera@somebiz.com</td>
            </tr>
            <tr>
               <td>Jiri Cerny</td>
               <td>jiri.cerny@somebiz.com</td>
            </tr>
            <tr>
               <td>Karel Svoboda</td>
               <td>karel.svoboda@somebiz.com</td>
            </tr>
            <tr>
               <td>Marek Novotny</td>
               <td>marek.novotny@somebiz.com</td>
            </tr>
            <tr>
               <td>Radek Prochazka</td>
               <td>radek.prochazka@somebiz.com</td>
            </tr>
            <tr>
               <td>Radim Dolezal</td>
               <td>radim.dolezal@somebiz.com</td>
            </tr>
            <tr>
               <td>Stanislav Hajek</td>
               <td>stanislav.hajek@somebiz.com</td>
            </tr>
            <tr>
               <td>Vaclav Fiala</td>
               <td>vaclav.fiala@somebiz.com</td>
            </tr>
         </tbody>
      </table>
   </body>
</html>