<?xml version="1.0" encoding="UTF-8"?>
<ul>
   <li>Brav?ov? reze? so syrom</li>
   <li>Bryndzove halusky</li>
   <li>Gulas</li>
   <li>Kapustnica</li>
   <li>Lekv?rov? pirohy so str?hankou a maslom</li>
   <li>Loksa plnena hydinovou pecenou</li>
   <li>Losos steak na grile s bylinkami</li>
   <li>Pandurska zivanska</li>
   <li>Pstruh na mlynarsky sposob</li>
   <li>Pstruh na ro?te s bylinkov?m maslom</li>
   <li>Slepa?? v?var</li>
   <li>Slepa?? v?var</li>
   <li>Steak na polovnicky sposob</li>
   <li>Vyprazany syr</li>
</ul>