<?xml version="1.0" encoding="utf-8" standalone="no"?><knihovna>
  
<vypujcky>
    
  <vypujcka ctenar="c2" signatura="t1k1" stav="pujceno"/>
    
    <vypujcka ctenar="c1" signatura="t3k4" stav="vraceno"/>
    
    <vypujcka ctenar="c2" signatura="t4c1" stav="pujceno"/>
    
    <vypujcka ctenar="c2" signatura="t1k1" stav="vraceno"/>
    
    <vypujcka ctenar="c2" signatura="t3k4" stav="vraceno"/>

    <vypujcka ctenar="c1" signatura="t1k1" stav="vraceno"/>

    </vypujcky>
  
  <ctenari>
    
  <ctenar cislo="c3"/>

    <ctenar cislo="c2"/>

    <ctenar cislo="c1"/>
    
    </ctenari>
  
  <tituly>
    
  <titul jazyk="en" kod="t4" zanry="kucha?ka u?ebnice"/>

    <titul jazyk="cs" kod="t3" zanry="u?ebnice"/>

    <titul jazyk="cs" kod="t2" zanry="kucha?ka"/>

    <titul jazyk="en" kod="t1" zanry="detektivka"/>
    
    </tituly>
  
  </knihovna>