<?xml version="1.1" encoding="UTF-8" standalone="no"?><knihovna xmlns:xsi="http://www.w3.org/2001/XMLSchema-instance" xsi:noNamespaceSchemaLocation="data.xsd">
		<!--Seznam knih v knihovn?-->
		<knihy>
			<kniha id="a36482576375">
				<nazev>P?d do hlubin</nazev>
				<autor>Sebastian Fisher von Strasburg</autor>
				<!--V?pis hlavn?ch postav-->
				<postavy>
					<postava pohlavi="Mu?" vek="45">
						<jmeno>Jan Kocour</jmeno>
						
						
					</postava>
					<postava pohlavi="?ena" vek="19">
						<jmeno>Veronika Kudrnov?</jmeno>
						
						
						<zna>Jan Kocour</zna>
					</postava>
					<postava pohlavi="Mu?" vek="23">
						<jmeno>Lubo? Kv?sek</jmeno>
						
						
						<zna>Veronika Kudrnov?</zna>					
					</postava>
					<postava pohlavi="Mu?" vek="36">
						<jmeno>?t?p?n Racek</jmeno>
						
												
					</postava>
					<postava pohlavi="?ena" vek="56">
						<jmeno>Daniela Ostr?</jmeno>
						
												
					</postava>
					<postava pohlavi="?ena" vek="12">
						<jmeno>Vendula Ivanov?</jmeno>
						
												
					</postava>
					<postava pohlavi="Mu?" presvedceni="zlo" vek="61">
						<jmeno>Jarom?r Studen?</jmeno>
						
												
					</postava>
					<postava pohlavi="?ena" vek="30">
						<jmeno>Julie Fuksov?</jmeno>
						
												
					</postava>
					<postava pohlavi="Mu?" presvedceni="dobro" vek="74">
						<jmeno>Petr Svoboda</jmeno>
						
												
					</postava>
					<postava pohlavi="?ena" presvedceni="dobro" vek="70">
						<jmeno>Ludmila Svobodov?</jmeno>
						
												
					</postava>
				</postavy>
			</kniha>
			<kniha id="_7576465365"><!--_64756365447-->
				<nazev>Krok se svobod?</nazev>
				<autor>Jarom?r Neuman</autor>
			</kniha>
			<kniha id="_7576465365">
				<nazev>Hv?zdn? obloha</nazev>
				<autor>Jan Huml</autor>
			</kniha>
			<kniha id="_2432543564">
				<nazev>Smutek a v??e?</nazev>
				<autor>Veronika Kronusov?</autor>
			</kniha>
			<kniha id="_563543653475">
				<nazev>Trn?</nazev>
				<autor>Josef ?ambersk?</autor>
			</kniha>
			<kniha id="_785465365">
				<nazev>Nebe?t?</nazev>
				<autor>Roberd Chambera</autor>
				<postavy>
					<postava pohlavi="Mu?" vek="45">
						<jmeno>Jan Kocour</jmeno>
						
						
					</postava>
				</postavy>
			</kniha>
		</knihy>
		<casopisy>
			<casopis id="b08907">
				<nazev>Zaj?mav? krajiny</nazev>
				<autor>Victor Croisant</autor>
				<rok_vydani>2001</rok_vydani>
				<vydavatelstvi>OKO</vydavatelstvi>
				<jazyk>?esk?</jazyk>
				<prekladatel>Martin Kesner</prekladatel>
				<prekladatel>Alexandr H?jek</prekladatel>
				<pocet_stran>57</pocet_stran>
				<cena>43</cena>
				<vydani>1</vydani>
				<popis>Cestovatelsk? magaz?n popisuj?c? ty nejbizardn?j?? krajiny sv?ta. Jedn? se o nejzn?m?j?? ?asopis OKO. Nejdetailn?ji popisuje Spojen? St?ty Americk?.</popis>
			</casopis>
			<casopis>
				<nazev>Z?hady sv?ta</nazev>
				<autor id="_766756465">John Hardy</autor>
				<editor>John Stanley</editor>
				<rok_vydani>1997</rok_vydani>
				<vydavatelstvi>Oko</vydavatelstvi>
				<jazyk>?esk?</jazyk>
				<prekladatel>Lubom?r Mok?ada</prekladatel>
				<pocet_stran>23</pocet_stran>
				<cena>12</cena>
				<vydani>2</vydani>
				<souvisi>_563543653475</souvisi>
			</casopis>
		</casopisy>
	</knihovna>