<?xml version="1.0" encoding="utf-8" standalone="no"?><orienteering>
	<global>
		<clubs>
			<club abbr="ASU" members="50" name="Magnus Orienteering" web="http://www.aljosa.org/">
				
				
				
				<address city="Dubicko" person="David Ale?" psc="789 72" street="U Lesa 264">
					
					
					
					
				</address>
				<contacts>
					<contact email="david.ales@email.cz" person="David Ale?" phone="777564377" type="chairman">
						
						
						
					</contact>
					<contact email="stareye@email.cz" person="Jan F?tor" type="accountant">
						
						
					</contact>
				</contacts>
			</club>
			<club abbr="TTR" members="81" name="Odd?l orienta?n?ho b?hu T?eb??" web="http://www.oobtrebic.cz/">
				
				
				
				<address city="T?eb??" person="Petr Hobza" psc="674 01" street="Bud?kovice 76">
					
					
					
					
				</address>
				<contacts>
					<contact email="petrhobza@atlas.cz" person="Petr Hobza" phone="777564377" type="chairman">
						
						
						
					</contact>
				</contacts>
			</club>
		</clubs>
		<events>
			<race date="2012-03-17" id="R_120317_JP" map="Malin?v m?stek, 1:15000" name="Jarn? poh?r" organizer="ASU" place="Hradec Kr?lov?, Autokemp St??brn? rybn?k" presentation="09:30:00" start="12:00:00.00" web="http://www.ok99.cz/dt">
				
				
				
				
				
				
				
				<officials director="Ji?? Strnad" referee="Michal Tihon">
					
					
				</officials>
				<applications-info account="155477057/0300" deadline="2012-03-07T23:59:59.00">
					
					
				</applications-info>
				<categories>
					<category name="H10" price="70"/>
					<category name="H12" price="70"/>
					<category name="H14" price="70"/>
					<category name="H16" price="70"/>
					<category name="H21" price="170"/>
					<category name="H35" price="170"/>
					<category name="H45" price="170"/>
					<category name="D10" price="70"/>
					<category name="D12" price="70"/>
					<category name="D14" price="70"/>
					<category name="D16" price="70"/>
					<category name="D21" price="170"/>
					<category name="D35" price="170"/>
					<category name="D45" price="170"/>
				</categories>
				<note>P?ihl??ky po term?nu +50%, na mail jist@tmapy.cz, na m?st? +100%.<![CDATA[a tady n?co je]]></note>
			</race>
			<event name="Mistrovstv? oblasti na kr?tk? trati">
				
				<race date="2012-04-01" id="R_120401_AB" map="B?ezov?, 1:15000" name="MOKT semifin?le" organizer="TTR" place="Rekrea?n? st?edisko B?ezov?" presentation="10:30:00.00" start="11:00:00" web="http://mkt12.oobtrebic.cz/">
					
					
					
					
					
					
					
					<officials director="Miroslav Or?lek" referee="Luk?? K???">
						
						
					</officials>
					<applications-info account="155477057/0300" deadline="2012-03-20T23:59:59.00">
						
						
					</applications-info>
					<categories>
						<category name="H10" price="70"/>
						<category name="D10" price="70"/>
						<category name="H21" price="170"/>
						<category name="D21" price="170"/>
					</categories>
				</race>
				<race date="2012-04-01" id="R_120401_AC" map="Ma?enka, 1:10000" name="MOKT fin?le" organizer="TTR" place="Rekrea?n? st?edisko B?ezov?" presentation="10:30:00" start="16:00:00" web="http://mkt12.oobtrebic.cz/">
					
					
					
					
					
					
					
					<officials director="Miroslav Or?lek" referee="Luk?? K???">
						
						
					</officials>
					<applications-info account="155477057/0300" deadline="2012-03-20T23:59:59.00">
						
						
					</applications-info>
					<categories>
						<category name="H10" price="70"/>
						<category name="D10" price="70"/>
						<category name="H21" price="170"/>
						<category name="D21" price="170"/>
					</categories>
					<note><![CDATA[Ofici?ln? po?ad? pouze z kvalifikovan?ch v semifin?le. V p?ihl??k?ch m??et pou??t n?kter? HTML zna?ky.
						HTML vypad? t?eba <em>takhle</em>.]]></note>
				</race>
			</event>
		</events>
	</global>
	<applications>
		<application name="Michal Koutn?" race="R_120317_JP" sportident="224907" timestamp="2012-03-03T14:05:19.00">
			<registration club="TTR">9007</registration>
			<category name="H21"/>
			
			
			<note em="na za??tku">Pros?m start .</note>
		</application>
		<application name="Tom?? Koutn?" race="R_120317_JP" sportident="224906" timestamp="2012-03-03T14:06:19.00">
			<registration club="TTR">9302</registration>
			<category name="H21"/>
			
			
			<note strong="na konci">Pros?m start .</note>
		</application>
		<application name="Blanka U?itkov?" race="R_120401_AB" sportident="123456" timestamp="2012-03-04T11:01:52.00">
			<alt-registration club="ASU">8651</alt-registration>
			<category name="D21"/>
			
			
		</application>
		<application name="??rka Trnkov?" race="R_120317_JP" sportident="123456" timestamp="2012-04-04T11:01:52.00">
			<alt-registration club="TTR">7651</alt-registration>
			<category name="D35"/>
			
			
		</application>
	</applications>
</orienteering>