<?xml version="1.0" encoding="UTF-8"?>
<kucharka>
   <recept>
      <autor>Jan Novak</autor>
      <jidlo>
         <nazev_jidla>Ovesná kaše s ovocem</nazev_jidla>
         <cena>32.305</cena>
      </jidlo>
      <jidlo>
         <nazev_jidla>Hovezi k pivku</nazev_jidla>
         <cena>218.463</cena>
      </jidlo>
   </recept>
   <recept>
      <autor>Alena Kirova</autor>
      <jidlo>
         <nazev_jidla>Livance</nazev_jidla>
         <cena>15.305666666666665</cena>
      </jidlo>
      <jidlo>
         <nazev_jidla>Bramborak se syrem</nazev_jidla>
         <cena>191.69933333333336</cena>
      </jidlo>
      <jidlo>
         <nazev_jidla>Jahodove tiramisu</nazev_jidla>
         <cena>127.8</cena>
      </jidlo>
      <jidlo>
         <nazev_jidla>Postni borsc</nazev_jidla>
         <cena>100.063</cena>
      </jidlo>
   </recept>
   <recept>
      <autor>Tom Krus</autor>
      <jidlo>
         <nazev_jidla>Krupave rizky</nazev_jidla>
         <cena>175.33333333333331</cena>
      </jidlo>
      <jidlo>
         <nazev_jidla>Blazniva vejce</nazev_jidla>
         <cena>79.60766666666667</cena>
      </jidlo>
   </recept>
   <recept>
      <autor>Irena Mixova</autor>
      <jidlo>
         <nazev_jidla>Jemny celerovy salat</nazev_jidla>
         <cena>102.09933333333333</cena>
      </jidlo>
      <jidlo>
         <nazev_jidla>Rychly rajcatovy salat</nazev_jidla>
         <cena>85.53333333333333</cena>
      </jidlo>
      <jidlo>
         <nazev_jidla>Hovezi gulasek po halicsku</nazev_jidla>
         <cena>266.536</cena>
      </jidlo>
   </recept>
   <recept>
      <autor>Tom Cerny</autor>
      <jidlo>
         <nazev_jidla>Tatarak</nazev_jidla>
         <cena>118.09066666666666</cena>
      </jidlo>
      <jidlo>
         <nazev_jidla>Hovezi platky ve vlastni stave</nazev_jidla>
         <cena>207.11</cena>
      </jidlo>
   </recept>
</kucharka>