<?xml version="1.0" encoding="UTF-8"?>
<conferences>
   <conference id_conference="CID2014">
		    <heading>14th International Conference on Plasma Surface Engineering</heading>
		    <institute>Europäische Forschungsgesellschaft Dünne Schichten e.V. - EFDS</institute>
		    <address>
			      <street>Gostritzer Str. 63</street>
			      <post_code>01217</post_code>
			      <city>Dresden</city>
			      <country>Germany</country>
		    </address>
		    <phone>490351871837</phone>
		    <fax>490351871843</fax>
		    <email>pse2014@efds.org</email>
		    <about>The Fourteenth International Conference on <ref idRefTopic="TID141">Plasma Surface Engineering </ref> will be held in Garmisch-Partenkirchen, Germany, from <?php $date = date_create(?>2014-09-15<?php );
		echo date_format($date,  'l jS F Y');
		?> to <?php $date = date_create(?>2014-09-19<?php );
		echo date_format($date,  'l jS F Y');
		?>
			<!--Monday, September 15 to Friday, September 19, 2014-->. The biennial PSE conference series is organized by the European Joint Committee on Plasma and Ion Surface Engineering.</about>
		    <opening>
			      <date>15.09.2014</date>
			      <time>08:00</time>
		    </opening>
		    <closing>
			      <date>19.09.2014</date>
			      <time>18:00</time>
		    </closing>
		    <topics_list>
			      <topic id_topic="TID141">Plasma &amp; ion  surface engineering</topic>
			      <topic id_topic="TID142">Deposition technologies</topic>
			      <topic id_topic="TID143">Coatings properties and applications</topic>
			      <topic id_topic="TID144">Characterization of films and modified surfaces</topic>
		    </topics_list>
		    <participants>
			      <participant id_participant="PID093" type="regular">
				        <speaker title="Professor">
					          <speaker_name>
						            <first_name>Ralf Peter</first_name>
						            <surname>Brinkmann</surname>
					          </speaker_name>
				        </speaker>
				        <department>Ruhr-Universität Bochum</department>
				        <address>
					          <country>Germany</country>
				        </address>
				        <email>brinkmann@uni.com</email>
				        <phone>490180677098</phone>
				        <fax>490180677099</fax>
				        <presentation_title idRef="TID141">Modelling of technical plasmas.</presentation_title>
				        <registration>
					          <reg_date>15.09.2014</reg_date>
					          <reg_time>08:30</reg_time>
					          <fee payment="late">520</fee>
				        </registration>
				        <co_authors>
					          <author_name>L. Brinkmann</author_name>
				        </co_authors>
			      </participant>
			      <participant id_participant="PID493" type="regular">
				        <speaker title="Professor">
					          <speaker_name>
						            <first_name>Holger</first_name>
						            <surname>Kersten</surname>
					          </speaker_name>
				        </speaker>
				        <department>Physics Department, University of Cagliari</department>
				        <address>
					          <city>Cagliari</city>
					          <country>Italy</country>
				        </address>
				        <email>kersten@phy.dep.com</email>
				        <phone>490180677098</phone>
				        <fax>490180677099</fax>
				        <presentation_title idRef="TID144">Atomistic modeling of metal-cluster implantation into a polymeric substrate</presentation_title>
				        <registration>
					          <reg_date>16.09.2014</reg_date>
					          <reg_time>08:00</reg_time>
					          <fee payment="in_time">450</fee>
				        </registration>
				        <co_authors>
					          <author_name>P. Kersten</author_name>
				        </co_authors>
			      </participant>
			      <participant id_participant="PID893" type="regular">
				        <speaker title="Doctor">
					          <speaker_name>
						            <first_name>Michel</first_name>
						            <surname>Mitov</surname>
					          </speaker_name>
				        </speaker>
				        <department>Christian-Albrechts-Universität zu Kiel</department>
				        <address>
					          <city>Kiel</city>
					          <country>Germany</country>
				        </address>
				        <email>mitov@copak.com</email>
				        <phone>490180677098</phone>
				        <fax>490180677099</fax>
				        <presentation_title idRef="TID142">The role of ion bombardment for thin film deposition: basics.</presentation_title>
				        <registration>
					          <reg_date>15.09.2014</reg_date>
					          <reg_time>08:15</reg_time>
					          <fee payment="in_time">450</fee>
				        </registration>
				        <co_authors>
					          <author_name>G. Tajvani</author_name>
				        </co_authors>
			      </participant>
			      <participant id_participant="PID293" type="regular">
				        <speaker title="Professor">
					          <speaker_name>
						            <first_name>Michael</first_name>
						            <surname>Thomas</surname>
					          </speaker_name>
				        </speaker>
				        <department>Fraunhofer IST</department>
				        <address>
					          <city>Braunschweig</city>
					          <country>Germany</country>
				        </address>
				        <email>thomas@thomas.com</email>
				        <phone>490180477477</phone>
				        <fax>490180477478</fax>
				        <presentation_title idRef="TID143">Surface engineering with atmospheric-pressure plasmas.</presentation_title>
				        <registration>
					          <reg_date>15.09.2014</reg_date>
					          <reg_time>08:15</reg_time>
					          <fee payment="in_time">450</fee>
				        </registration>
				        <co_authors>
					          <author_name>L. Thomas</author_name>
				        </co_authors>
			      </participant>
			      <participant id_participant="PID993" type="regular">
				        <speaker title="Doctor">
					          <speaker_name>
						            <first_name>Christian</first_name>
						            <surname>Oehr</surname>
					          </speaker_name>
				        </speaker>
				        <department>Fraunhofer IGB</department>
				        <address>
					          <city>Stuttgart</city>
					          <country>Germany</country>
				        </address>
				        <email>oehr@igp.com</email>
				        <phone>490180477907</phone>
				        <fax>490180477908</fax>
				        <presentation_title idRef="TID141">Plasma treatment of polymers and plasma polymerization.</presentation_title>
				        <registration>
					          <reg_date>15.09.2014</reg_date>
					          <reg_time>08:30</reg_time>
					          <fee payment="late">520</fee>
				        </registration>
				        <co_authors>
					          <author_name>U. Christian</author_name>
				        </co_authors>
			      </participant>
		    </participants>
		    <message/>
	  </conference>
</conferences>