<?xml version="1.0" encoding="UTF-8"?><!--<!DOCTYPE store SYSTEM "data.dtd">--><store xmlns:xsi="http://www.w3.org/2001/XMLSchema-instance" xsi:noNamespaceSchemaLocation="data.xsd">

  <machines>
  
    <machine class="big-tower" id="WRHECRNQR0">
      <name><manufacturer>HP</manufacturer> <brand>Pavilion</brand> H9-1100ec</name>
      <price>16490</price>
      <cpu arch="x86_64" cores="8">Intel Xeon E3</cpu>
      <description><![CDATA[The HPE h9 series Pc with its sophisticated design is matched only by its sophisticated technology. Experience more speed, power and system resources.]]></description>
      <html-reference><a href="http://www8.hp.com/cz/cs/products/desktops/product-detail.html?oid=5265041"/></html-reference>
      <hard-drives>
	<raid level="0">
        <hard-drive capacity="500GB" manufacturer="Seagate" model="Barracuda"/>
        <hard-drive capacity="500GB" manufacturer="Seagate" model="Barracuda"/>
	</raid>
      </hard-drives>
      <internal-graphic-card/>
    </machine>
    
    <machine class="mid-tower" id="AFK1SY0PD4">
      <name><manufacturer>Dell</manufacturer> <brand>Precision</brand> T1600</name>
      <price>23646</price>
      <html-reference><a href="http://www1.euro.dell.com/content/products/productdetails.aspx/precision-t1600?c=cz&amp;l=cs&amp;s=bsd&amp;cs=czbsd1&amp;baynote_bnrank=0&amp;baynote_irrank=1&amp;~ck=dellSearch"/></html-reference>
      <cpu arch="x86_64" cores="4">Intel Core i5</cpu>
      <hard-drive capacity="1TB" manufacturer="Samsung" model="Ecogreen"/>
      <graphic-card manufacturer="NVIDIA" memory="2.5GB" model="Quadro 5000"/>
    </machine>
    
    <machine class="slim-tower" id="VRBIKIG5U5">
      <name><manufacturer>Dell</manufacturer> <brand>Optiflex</brand> 990</name>
      <html-reference><a href="http://www1.euro.dell.com/content/products/productdetails.aspx/optiplex-990?c=cz&amp;l=cs&amp;s=bsd&amp;cs=czbsd1&amp;baynote_bnrank=0&amp;baynote_irrank=1&amp;~ck=dellSearch"/></html-reference>
      <price>18654</price>
      <cpu arch="x86_64" cores="2">Intel Core i5</cpu>
      <hard-drive capacity="2TB" manufacturer="Western Digital" model="Caviar"/>
      <graphic-card manufacturer="Asus" memory="4GB" model="ARES/2DIS"/>
    </machine>
    
    <machine class="box" id="ZQ3EXOZFEQ">
      <name><manufacturer>Fujitsu</manufacturer> <brand>Esprimo</brand> Q900</name>
      <price>9087</price>
      <cpu arch="arm" cores="2">ARM Cortex-M</cpu>
      <internal-graphic-card/>
    </machine>
    
    <machine class="box" id="HNS8NXXE1M">
      <name><manufacturer>Asus</manufacturer> <brand>EeeBox</brand> PC EB1021</name>
      <price>18433</price>
      <cpu arch="x86" cores="2">Intel Atom D2700</cpu>
      <hard-drive capacity="1TB" manufacturer="Samsung" model="Ecogreen"/>
      <internal-graphic-card/>
    </machine>
    
    <machine class="mid-tower" id="Y239KLLCBX">
      <name><manufacturer>Dell</manufacturer> <brand>Optiflex</brand> 790</name>
      <html-reference><a href="http://www1.euro.dell.com/content/products/productdetails.aspx/optiplex-790?c=cz&amp;l=cs&amp;s=bsd&amp;cs=czbsd1&amp;baynote_bnrank=0&amp;baynote_irrank=1&amp;~ck=dellSearch"/></html-reference>
      <price>35444</price>
      <cpu arch="x86_64" cores="4">Intel Pentium Sandy Bridge 300</cpu>
      <hard-drives>
	<raid level="1">
        <hard-drive capacity="1TB" manufacturer="Samsung" model="Ecogreen"/>
        <hard-drive capacity="2TB" manufacturer="Western Digital" model="Caviar"/>
	</raid>
      </hard-drives>
      <graphic-card manufacturer="NVIDIA" memory="2GB" model="Quadro 4000"/>
    </machine>
    
    <machine class="slim-tower" id="K9V8JED1MC">
      <name><manufacturer>Dell</manufacturer> <brand>Vostro</brand> 260 ST</name>
      <html-reference><a href="http://www1.euro.dell.com/content/products/productdetails.aspx/vostro-260?c=cz&amp;l=cs&amp;s=bsd&amp;cs=czbsd1&amp;baynote_bnrank=0&amp;baynote_irrank=1&amp;~ck=dellSearch"/></html-reference>
      <price>11847</price>
      <cpu arch="x86_64">Intel Atom E74</cpu>
      <hard-drive capacity="500GB" manufacturer="Seagate" model="Barracuda"/>
      <graphic-card manufacturer="Asus" memory="4GB" model="ARES/2DIS"/>
    </machine>
    
    <machine class="slim-tower" id="WXKIA9DQ6E">
      <name><manufacturer>HP</manufacturer> <brand>Compaq</brand>8100 Elite</name>
      <price>19585</price>
      <cpu arch="x86_64" cores="2">Intel Core i3</cpu>
      <hard-drive capacity="500GB" manufacturer="Seagate" model="Barracuda"/>
      <graphic-card manufacturer="Zotac" memory="3072MB" model="GTX 590"/>
    </machine>
    
    <machine class="big-tower" id="X7IMIMRZNA">
      <name><manufacturer>Dell</manufacturer> <brand>Optiflex</brand> 390-MT</name>
      <html-reference><a href="http://www1.euro.dell.com/content/products/productdetails.aspx/optiplex-390?c=cz&amp;l=cs&amp;s=bsd&amp;cs=czbsd1&amp;baynote_bnrank=0&amp;baynote_irrank=1&amp;~ck=dellSearch"/></html-reference>
      <price>41900</price>
      <cpu arch="x86_64" cores="4">Intel Xeon E5</cpu>
      <hard-drives>
	<raid level="0">
	<raid level="1">
        <hard-drive capacity="500GB" manufacturer="Seagate" model="Barracuda"/>
        <hard-drive capacity="500GB" manufacturer="Seagate" model="Barracuda"/>
	</raid>
	<raid level="1">
        <hard-drive capacity="1TB" manufacturer="Samsung" model="Ecogreen"/>
        <hard-drive capacity="1TB" manufacturer="Samsung" model="Ecogreen"/>
	</raid>
	</raid>
      </hard-drives>
      <graphic-card manufacturer="GIGABYYE" memory="3072MB" model="GTX 590 Hard-Core Gaming"/>
    </machine>
    
    <machine class="mid-tower" id="V4XVO2923V">
      <name><manufacturer>Fujitsu</manufacturer> <brand>Esprimo</brand> P500</name>
      <price>33544</price>
      <cpu arch="x86_64" cores="2">Intel Core i3</cpu>
      <hard-drive capacity="1TB" manufacturer="Samsung" model="Ecogreen"/>
      <graphic-card manufacturer="NVIDIA" memory="2.5GB" model="Quadro 5000"/>
    </machine>
    
    <machine class="mid-tower" id="RK1XK027R2">
      <name><manufacturer>Asus</manufacturer> <brand>Essentio</brand> CM-1730</name>
      <price>23500</price>
      <cpu arch="x86_64" cores="4">Intel Core i7</cpu>
      <hard-drive capacity="500GB" manufacturer="Seagate" model="Barracuda"/>
      <graphic-card manufacturer="Asus" memory="4GB" model="ARES/2DIS"/>
    </machine>
    
    <machine class="mid-tower" id="FSEMJEPTNL">
      <name><manufacturer>Asus</manufacturer> CG-8250</name>
      <price>11453</price>
      <cpu arch="x86" cores="1">Intel Atom Z522</cpu>
      <hard-drive capacity="1TB" manufacturer="Samsung" model="Ecogreen"/>
      <internal-graphic-card/>
    </machine>
    
  </machines>
  
  
  
</store>