<?xml version="1.0" encoding="UTF-8" standalone="no"?><zoznam xmlns:xsi="http://www.w3.org/2001/XMLSchema-instance" xsi:noNamespaceSchemaLocation="data.xsd">
<student foto="fotografia.png" id="i012456" videoprofil="video">
	<cisloosoby>546464656</cisloosoby>
	<!-- osobne udate -->
	<meno>Frantisek</meno>
	<priezvisko rodenny="Mrkvicka">Prizvucny</priezvisko>
		<narodenie>1990-07-24</narodenie>
	<!-- kontakt -->
	<telefon predvolba="0421">77564656</telefon>
	<telefon>77545641</telefon>
	<mail>franta@gmail.com</mail>
	<mail>prizvucny@ymail.com</mail>
	<!-- adresa -->
	<adresa>
		<ulica>Krasna</ulica>
		<cislo>5</cislo>
		<mesto>Myjava</mesto>
		<PSC>08225</PSC>
		<stat>SK</stat>
	</adresa>
	<adresa kolej="Kolej 17. Listopadu">
		<ulica>Patkova</ulica>
		<cislo>3</cislo>
		<mesto>Praha</mesto>
		<PSC>18200</PSC>
		<stat>CZ</stat>
	</adresa>
	<login>prizvucnyp</login>
	<status>studuje</status>
	<!-- popis studia v danom akademickom roku -->
	<studium forma="prezencna">
		<skola>Univerzita Karlova</skola>
		<fakulta>Matematicko Fyzikalna Fakulta</fakulta>
		<obor>Matematika</obor>
		<program>Finacna Matematika</program>
		<typ>Bakalarske</typ>
		<rocnik>1</rocnik>
		<studuje/>
		<predmety>
			
			
			
		</predmety>
	</studium>
	<identifikacia>DB/CAS</identifikacia>
	<!-- sprava dat-->
	<sprava>Igor Novotny</sprava>
</student>
</zoznam>