<html>
   <head>
      <meta http-equiv="Content-Type" content="text/html; charset=UTF-8">
      <title>Vypis historie</title>
   </head>
   <h1>Vypis databaze Rockovych skupin ktere maji vice jak ctyri cleny</h1>
   <body>
      <h3>Skupiny v databazi:</h3>
      <p><b>Nazev skupiny: ACDC</b><p>Pocet clenu: <b>5</b></p>
         <p><b>Celnove: </b></p>
         <p>Brian Johnson</p>
         <p>Angus Young</p>
         <p>Malcolm Young</p>
         <p>Cliff Williams</p>
         <p>Phil Rudd</p>
      </p>
      <p><b>Nazev skupiny: Deep Purple</b><p>Pocet clenu: <b>5</b></p>
         <p><b>Celnove: </b></p>
         <p>Rod Evans</p>
         <p>Ritchie Blackmore</p>
         <p>Jon Lord</p>
         <p>Nick Simper</p>
         <p>Ian Paice</p>
      </p>
      <p><b>Nazev skupiny: Sex Pistols</b><p>Pocet clenu: <b>5</b></p>
         <p><b>Celnove: </b></p>
         <p>Johnny Rotten</p>
         <p>Steve Jones</p>
         <p>Paul Cook</p>
         <p>Glen Matlock</p>
         <p>Sid Vicious</p>
      </p>
      <p><b>Nazev skupiny: The Beach boys</b><p>Pocet clenu: <b>6</b></p>
         <p><b>Celnove: </b></p>
         <p>Dennis Wilson</p>
         <p>Al Jardine</p>
         <p>Mike Love</p>
         <p>Bruce Johnston</p>
         <p>Carl Wilson</p>
         <p>Brian Wilson</p>
      </p>
   </body>
</html>