<html>
   <head>
      <meta http-equiv="Content-Type" content="text/html; charset=UTF-8">
      <title>Vypis historie</title>
   </head>
   <h1>Vypis databaze Rockve Historie</h1>
   <body>
      <h3>Skupiny v databazi:</h3>
      <p><b>Rolling Stones</b><p>Rok vzniku: 1962</p>
         <p>Mesto vzniku: Londyn</p>
         <p>Clen: <b>Mick Jagger</b></p>
         <p>Clen: <b>Keith Richards</b></p>
         <p>Clen: <b>Charlie Watts</b></p>
         <p>Clen: <b>Ron Wood</b></p>
         <p>Odkaz na skupinu: <a href="http://en.wikipedia.org/wiki/File:Rolling_stones_-_11_luglio_2006_-_san_siro.jpg">Odkaz</a></p>
      </p>
      <p><b>Cream</b><p>Rok vzniku: 1966</p>
         <p>Mesto vzniku: Windsor</p>
         <p>Clen: <b>Jack Bruce</b></p>
         <p>Clen: <b>Eric Clapton</b><b> - Je to velikan </b></p>
         <p>Clen: <b>Ginger Baker</b></p>
         <p>Odkaz na skupinu: <a href="http://en.wikipedia.org/wiki/File:Cream_Clapton_Bruce_Baker_1960s.jpg">Odkaz</a></p>
      </p>
      <p><b>The Doors</b><p>Rok vzniku: 1965</p>
         <p>Mesto vzniku: Venice Beach</p>
         <p>Clen: <b>John Densmore</b></p>
         <p>Clen: <b>Robby Krieger</b></p>
         <p>Clen: <b>Ray Manzarek</b></p>
         <p>Clen: <b>Jim Morrison</b></p>
         <p>Odkaz na skupinu: <a href="http://en.wikipedia.org/wiki/File:Doors_electra_publicity_photo.JPG">Odkaz</a></p>
      </p>
      <p><b>The Animals</b><p>Rok vzniku: 1965</p>
         <p>Mesto vzniku: Venice Beach</p>
         <p>Clen: <b>John Steel</b></p>
         <p>Clen: <b>Mick Gallagher</b></p>
         <p>Clen: <b>Pete Barton</b></p>
         <p>Clen: <b>John Williamson</b></p>
         <p>Odkaz na skupinu: <a href="http://en.wikipedia.org/wiki/File:Eric_Burdon_%26_the_Animals.jpg">Odkaz</a></p>
      </p>
      <p><b>The Mamas and The Papas</b><p>Rok vzniku: 1960</p>
         <p>Mesto vzniku: New York</p>
         <p>Clen: <b>Denny Doherty</b></p>
         <p>Clen: <b>John Phillips</b></p>
         <p>Clen: <b>Michelle Phillips</b></p>
         <p>Clen: <b>Cass Elliot</b></p>
         <p>Odkaz na skupinu: <a href="http://en.wikipedia.org/wiki/File:MamasAndPapas260.jpg">Odkaz</a></p>
      </p>
      <p><b>Simon &amp; Garfunkel</b><p>Rok vzniku: 1957</p>
         <p>Mesto vzniku: New York City</p>
         <p>Clen: <b>Paul Simon</b></p>
         <p>Clen: <b>Art Garfunkel</b></p>
         <p>Odkaz na skupinu: <a href="http://cs.wikipedia.org/wiki/Soubor:SimonandGarfunkel.jpg">Odkaz</a></p>
      </p>
      <p><b>Ping Floyd</b><p>Rok vzniku: 1963</p>
         <p>Mesto vzniku: </p>
         <p>Clen: <b>Syd Barrett</b></p>
         <p>Clen: <b>Roger Waters</b></p>
         <p>Clen: <b>Rick Wright</b></p>
         <p>Clen: <b>Nick Mason</b></p>
         <p>Odkaz na skupinu: <a href="http://en.wikipedia.org/wiki/File:Pink_Floyd_-_all_members.jpg">Odkaz</a></p>
      </p>
      <p><b>The Beatles</b><p>Rok vzniku: 1960</p>
         <p>Mesto vzniku: Liverpool</p>
         <p>Clen: <b>John Lennon</b></p>
         <p>Clen: <b>Paul McCartney</b></p>
         <p>Clen: <b>George Harrison</b></p>
         <p>Clen: <b>Ringo Starr</b></p>
         <p>Odkaz na skupinu: <a href="http://en.wikipedia.org/wiki/File:The_Beatles_in_America.JPG">Odkaz</a></p>
      </p>
      <p><b>The Beach boys</b><p>Rok vzniku: 1961</p>
         <p>Mesto vzniku: Hawthorne-California</p>
         <p>Clen: <b>Dennis Wilson</b></p>
         <p>Clen: <b>Al Jardine</b></p>
         <p>Clen: <b>Mike Love</b></p>
         <p>Clen: <b>Bruce Johnston</b></p>
         <p>Clen: <b>Carl Wilson</b></p>
         <p>Clen: <b>Brian Wilson</b></p>
         <p>Odkaz na skupinu: <a href="http://en.wikipedia.org/wiki/File:Seis_Beach_Boys.gif">Odkaz</a></p>
      </p>
      <p><b>Ramones</b><p>Rok vzniku: 1974</p>
         <p>Mesto vzniku: New York - Queens</p>
         <p>Clen: <b>Joey Ramone - Jeffrey Hyman</b></p>
         <p>Clen: <b>Johnny Ramone - John Cummings</b></p>
         <p>Clen: <b>Dee Dee Ramone - Douglas Colvin</b></p>
         <p>Clen: <b>Tommy Ramone - Tamás Erdélyi</b></p>
         <p>Odkaz na skupinu: <a href="http://en.wikipedia.org/wiki/File:Ramones_30081980_10_800.jpg">Odkaz</a></p>
      </p>
      <p><b>Sex Pistols</b><p>Rok vzniku: 1972</p>
         <p>Mesto vzniku: Londyn</p>
         <p>Clen: <b>Johnny Rotten</b></p>
         <p>Clen: <b>Steve Jones</b></p>
         <p>Clen: <b>Paul Cook</b></p>
         <p>Clen: <b>Glen Matlock</b></p>
         <p>Clen: <b>Sid Vicious</b></p>
         <p>Odkaz na skupinu: <a href="http://en.wikipedia.org/wiki/File:Sex_Pistols_GSTQ_Promo.jpg">Odkaz</a></p>
      </p>
      <p><b>Deep Purple</b><p>Rok vzniku: 1968</p>
         <p>Mesto vzniku: Hertford</p>
         <p>Clen: <b>Rod Evans</b></p>
         <p>Clen: <b>Ritchie Blackmore</b></p>
         <p>Clen: <b>Jon Lord</b></p>
         <p>Clen: <b>Nick Simper</b></p>
         <p>Clen: <b>Ian Paice</b></p>
         <p>Odkaz na skupinu: <a href="http://en.wikipedia.org/wiki/File:Deep_Purple_in_2004.jpg">Odkaz</a></p>
      </p>
      <p><b>ACDC</b><p>Rok vzniku: 1973</p>
         <p>Mesto vzniku: Sydney</p>
         <p>Clen: <b>Brian Johnson</b></p>
         <p>Clen: <b>Angus Young</b></p>
         <p>Clen: <b>Malcolm Young</b></p>
         <p>Clen: <b>Cliff Williams</b></p>
         <p>Clen: <b>Phil Rudd</b></p>
         <p>Odkaz na skupinu: <a href="http://en.wikipedia.org/wiki/File:ACDC_In_Tacoma_2009.jpg">Odkaz</a></p>
      </p>
      <p><b>Black Sabbath</b><p>Rok vzniku: 1968</p>
         <p>Mesto vzniku: Birmingham</p>
         <p>Clen: <b>Ozzy Osbourne</b><b> - Je to velikan </b></p>
         <p>Clen: <b>Tony Iommi</b></p>
         <p>Clen: <b>Geezer Butler</b></p>
         <p>Clen: <b>Bill Ward</b></p>
         <p>Odkaz na skupinu: <a href="http://en.wikipedia.org/wiki/File:Ozzy_Osbourne.JPG">Odkaz</a></p>
      </p>
      <p><b>Metallica</b><p>Rok vzniku: 1968</p>
         <p>Mesto vzniku: Los Angeles</p>
         <p>Clen: <b>James Hetfield</b></p>
         <p>Clen: <b>Kirk Hammett</b></p>
         <p>Clen: <b>Robert Trujillo</b></p>
         <p>Clen: <b>Lars Ulrich</b></p>
         <p>Odkaz na skupinu: <a href="http://en.wikipedia.org/wiki/File:Metallica_at_The_O2_Arena_London_2008.jpg">Odkaz</a></p>
      </p>
      <h3>Zpevacky v databazi:</h3>
      <p> Clen: 
         	    <b>Stevie Nicks</b></p>
      <h3>Zpevaci v databazi:</h3>
      <p> Clen: 
         	    <b>Bob Dylen</b></p>
   </body>
</html>