<html>
   <head>
      <meta http-equiv="Content-Type" content="text/html; charset=UTF-8">
      <title>Vypis historie</title>
   </head>
   <h1>Vypis databaze Rockovych velikanu</h1>
   <body>
      <h3>Velikani v databazi:</h3>
      <p>Muzete zde take spatrit jake zaznamy ma databaze o skupinach ve kterych pusobili.</p>
      <p><b>Eric Clapton</b><p>Jmeno: Eric Patrick Clapton</p>
         <p>Zeme: Velka Britanie</p>
         <p>Rk narozeni: 30.3.1945</p>
         <p>Skupina: <b>Cream</b></p>
      </p>
      <p><b>Jimi Hendrix</b><p>Jmeno: James Marshall Hendrix</p>
         <p>Zeme: USA</p>
         <p>Rk narozeni: 27.3.1942</p>
      </p>
      <p><b>Jimmy Page</b><p>Jmeno: James Patrick Page</p>
         <p>Zeme: Velká Británie</p>
         <p>Rk narozeni: 9.1.1944</p>
      </p>
      <p><b>Ozzy Osbourne</b><p>Jmeno: John Michael Osbourne</p>
         <p>Zeme: Velká Británie</p>
         <p>Rk narozeni: 3.12.1948</p>
         <p>Skupina: <b>Black Sabbath</b></p>
      </p>
      <p><b>Kurt Cobain</b><p>Jmeno: Kurt Donald Cobain</p>
         <p>Zeme: USA</p>
         <p>Rk narozeni: 20.2.1967</p>
      </p>
      <p><b>Bob Dylen</b><p>Jmeno: Robert Allen Zimmerman</p>
         <p>Zeme: USA</p>
         <p>Rk narozeni: 24.5.1941</p>
      </p>
      <p><b>Stevie Nicks</b><p>Jmeno: Stephanie Lynn Nicks</p>
         <p>Zeme: USA Arizona</p>
         <p>Rk narozeni: 26.5.1948</p>
      </p>
   </body>
</html>