<html>
   <head>
      <meta http-equiv="Content-Type" content="text/html; charset=UTF-8">
      <title>Vypis historie</title>
   </head>
   <h1>Vypis vlivu, u kterych mame zaznam minimalne o 5 peti clenech skupiny</h1>
   <body>
      <h3>Skupiny v databazi:</h3>
      <p><b>Vliv: Blues rock</b><p><b>Skupina: </b>Cream
         </p>
         <p><b>Skupina: </b>The Doors
         </p>
         <p><b>Skupina: </b>The Animals
         </p>
      </p>
      <p><b>Vliv: Folk rock</b><p><b>Skupina: </b>The Mamas and The Papas
         </p>
         <p><b>Skupina: </b>Simon &amp; Garfunkel
         </p>
      </p>
      <p><b>Vliv: Progresivní rock</b><p><b>Skupina: </b>The Beatles
         </p>
         <p><b>Skupina: </b>The Beach boys
         </p>
      </p>
      <p><b>Vliv: Punk rock</b><p><b>Skupina: </b>Ramones
         </p>
         <p><b>Skupina: </b>Sex Pistols
         </p>
      </p>
      <p><b>Vliv: Hard rock</b><p><b>Skupina: </b>Deep Purple
         </p>
         <p><b>Skupina: </b>ACDC
         </p>
         <p><b>Skupina: </b>Black Sabbath
         </p>
      </p>
   </body>
</html>