<?xml version="1.0" encoding="UTF-8" standalone="no"?><?php echo "Databaze Rodokmen"?>
<rodokmen>
	<generace pozn="prvni sledovana generace">
		<manzele svatba="ano">
			<osoba id="o1">
				<jmeno>Jan</jmeno>
				<prijmeni>Novak</prijmeni>
				<datum_narozeni rok="1602">
					
				</datum_narozeni>
				<datum_umrti mesic="10" rok="1656">
					
					
				</datum_umrti>
			<pohlavi>muz</pohlavi></osoba>
			<osoba id="o2">
				<jmeno>Magdalena</jmeno>
				<prijmeni>Novakova</prijmeni>
				<rodne_prijmeni>Novotna</rodne_prijmeni>
				<datum_narozeni mesic="5" rok="1610">
					
					
				</datum_narozeni>
				<datum_umrti mesic="5" rok="1660">
					
					
				</datum_umrti>
			<pohlavi>zena</pohlavi></osoba>
			<deti id="o3 o4 o5"/>
		</manzele>
		<manzele svatba="ano">
			<osoba id="o11">
				<jmeno>Marie</jmeno>
				<prijmeni>Matternichova</prijmeni>
				<rodne_prijmeni>B?la</rodne_prijmeni>
				<datum_narozeni mesic="11" rok="1608">
					
					
				</datum_narozeni>
				<datum_umrti rok="1659">
					
				</datum_umrti>
			<pohlavi>zena</pohlavi></osoba>
			<osoba id="o12">
				<jmeno>Franz</jmeno>
				<prijmeni>Matternich</prijmeni>
				<stav>?lechtic</stav>
				<titul>aus ???any</titul>
				<dedicna_prava>titul na syna</dedicna_prava>
				<datum_narozeni den="31" mesic="5" rok="1602">
					
					
					
				</datum_narozeni>
				<datum_umrti mesic="5" rok="1664">
					
					
				</datum_umrti>
			<pohlavi>muz</pohlavi></osoba>
			<deti id="o10"/>
		</manzele>
	</generace>
	<generace>
		<osoba id="o3">
			<jmeno>Alena</jmeno>
			<prijmeni>Novakova</prijmeni>
			<rodice>
				<matka id="o2"/>
				<otec id="o1"/>
			</rodice>
			<datum_narozeni den="25" mesic="2" rok="1628">
				
				
				
			</datum_narozeni>
			<datum_umrti rok="1644">
				
			</datum_umrti>
		<pohlavi>zena</pohlavi></osoba>
		<manzele svatba="ano">
			<osoba id="o4">
				<jmeno>Petr</jmeno>
				<prijmeni>Novak</prijmeni>
				<rodice>
					<matka id="o2"/>
					<otec id="o1"/>
				</rodice>
				<datum_narozeni rok="1630">
					</datum_narozeni>
				<datum_umrti den="25" mesic="11" rok="1691">
					
					
					
				</datum_umrti>
			<pohlavi>muz</pohlavi></osoba>
			<osoba id="o6">
				<jmeno>Ludmila</jmeno>
				<prijmeni>Novakova</prijmeni>
				<rodne_prijmeni>Nemcova</rodne_prijmeni>
				<datum_narozeni rok="1635">
					</datum_narozeni>
				<datum_umrti den="1" mesic="9" rok="1687">
					
					
					
				</datum_umrti>
			<pohlavi>zena</pohlavi></osoba>
			<deti id="o8"/>
		</manzele>
			<osoba id="o5">
				<jmeno>Kvetoslava</jmeno>
				<prijmeni>Vlkova</prijmeni>
				<rodne_prijmeni>Novakova</rodne_prijmeni>
				<stav>slechticna</stav>
				<titul>von Uhost</titul>
				<dedicna_prava>deti nededi stav, titul je dedicny</dedicna_prava>
				
				<rodice>
					<matka id="o2"/>
					<otec id="o1"/>
				</rodice>
				<datum_narozeni rok="1632">
					</datum_narozeni>
				<datum_umrti den="17" mesic="4" rok="1687">
					
					
					
				</datum_umrti>
			<pohlavi>zena</pohlavi></osoba>
			<manzele svatba="ano">
				<osoba id="o9">
					<jmeno>R??ena</jmeno>
					<prijmeni>Matternichova</prijmeni>
					<rodne_prijmeni>??pkova</rodne_prijmeni>
					<datum_narozeni den="5" mesic="8" rok="1640">
						
						
						
					</datum_narozeni>
					<datum_umrti rok="1700">
						
					</datum_umrti>
				<pohlavi>zena</pohlavi></osoba>
				<osoba id="o10">
					<jmeno>Josef</jmeno>
					<prijmeni>Matternich</prijmeni>
					<stav>hrab?</stav>
					<titul>aus ???any</titul>
					<dedicna_prava>titul na syna</dedicna_prava>
					<rodice>
						<matka id="o11"/>
						<otec id="o12"/>
					</rodice>
					<datum_narozeni den="19" mesic="1" rok="1636">
						
						
						
					</datum_narozeni>
					<datum_umrti den="3" mesic="12" rok="1699">
						
						
						
					</datum_umrti>
				<pohlavi>muz</pohlavi></osoba>
				<deti id="o7"/>
			</manzele>
	</generace>
	<generace>
		<manzele svatba="ano">
		<osoba id="o7">
			<jmeno>Vilem</jmeno>
			<prijmeni>Matternich</prijmeni>
			<titul>aus ???any</titul>
			<dedicna_prava>titul na syna</dedicna_prava>
			<rodice>
				<matka id="o9"/>
				<otec id="o10"/>
			</rodice>
			<datum_narozeni den="7" mesic="12" rok="1655">
				
				
				
			</datum_narozeni>
			<datum_umrti den="8" mesic="12" rok="1696">
				
				
				
			</datum_umrti>
		<pohlavi>muz</pohlavi></osoba>
		<osoba id="o8">
			<jmeno>Jarmila</jmeno>
			<prijmeni>Matternichova</prijmeni>
			<rodne_prijmeni>Novakova</rodne_prijmeni>
			<rodice>
				<matka id="o6"/>
				<otec id="o4"/>
			</rodice>
			<datum_narozeni den="28" mesic="9" rok="1660">
				
				
				
			</datum_narozeni>
			<datum_umrti rok="1701">
				
			</datum_umrti>
		<pohlavi>zena</pohlavi></osoba>
		<deti id="o13 o14 o15"/>
		</manzele>
	</generace>
	<generace>
		<osoba id="o13">
			<jmeno>Dana</jmeno>
			<prijmeni>Matternichova</prijmeni>
			<rodice>
				<matka id="o8"/>
				<otec id="o7"/>
			</rodice>
			<datum_narozeni den="21" mesic="2" rok="1680">
				
				
				
			</datum_narozeni>
			<datum_umrti den="5" mesic="11" rok="1685">
				
				
				
			</datum_umrti>
		<pohlavi>zena</pohlavi></osoba>
		<osoba id="o14">
			<jmeno>Jana</jmeno>
			<prijmeni>Matternichova</prijmeni>
			<rodice>
				<matka id="o8"/>
				<otec id="o7"/>
			</rodice>
			<datum_narozeni den="28" mesic="6" rok="1682">
				
				
				
			</datum_narozeni>
			<datum_umrti den="18" mesic="10" rok="1685">
				
				
				
			</datum_umrti>
		<pohlavi>zena</pohlavi></osoba>
		<manzele svatba="ano">
			<osoba id="o15">
				<jmeno>Jakub</jmeno>
				<prijmeni>Matternich</prijmeni>
				<titul>aus ???any</titul>
				<dedicna_prava>titul na syna</dedicna_prava>
				<rodice>
					<matka id="o8"/>
					<otec id="o7"/>
				</rodice>
				<datum_narozeni den="9" mesic="7" rok="1686">
					
					
					
				</datum_narozeni>
				<datum_umrti den="15" mesic="7" rok="1739">
					
					
					
				</datum_umrti>
			<pohlavi>muz</pohlavi></osoba>
			<osoba id="o16">
				<jmeno>Magdalena</jmeno>
				<prijmeni>Matternichova</prijmeni>
				<rodne_prijmeni>?vecov?</rodne_prijmeni>
				<datum_narozeni den="7" mesic="3" rok="1690">
					
					
					
				</datum_narozeni>
				<datum_umrti den="15" mesic="6" rok="1739">
					
					
					
				</datum_umrti>
			<pohlavi>zena</pohlavi></osoba>
			<deti id="o17"/>
		</manzele>
	</generace>
	<generace>
		<osoba id="o17">
			<jmeno>Karel</jmeno>
			<prijmeni>Matternich</prijmeni>
			<titul>aus ???any</titul>
			<dedicna_prava>titul na syna</dedicna_prava>
			<rodice>
				<matka id="o16"/>
				<otec id="o15"/>
			</rodice>
			<datum_narozeni den="29" mesic="2" rok="1712">
				
				
				
			</datum_narozeni>
			<datum_umrti den="29" mesic="2" rok="1772">
				
				
				
			</datum_umrti>
		<pohlavi>muz</pohlavi></osoba>
	</generace>
	<poznamky>
		<p>
		Spoustu udaju se o teto rodine jiz nepodarilo zjistit, nektera obdobi jsou alespon priblizna.
		</p>
	</poznamky>
</rodokmen>