<?xml version="1.0" encoding="UTF-8"?>
<departments>
   <department>
      <name>Manufacturing</name>
      <employee>
			      <name>Martin Owen</name>
		    </employee>
   </department>
   <department>
      <name>Development</name>
      <employee>
         <name>Martin Smith</name>
      </employee>
      <employee>
         <name>Petr Babicka</name>
      </employee>
   </department>
   <department>
      <name>Engineering</name>
      <employee>
					    <name>Kate Stone</name>
				  </employee>
      <employee>
         <name>Arthur Taylor</name>
      </employee>
   </department>
   <department>
      <name>PR</name>
      <employee>
			      <name>Carl Banks</name>
		    </employee>
      <employee>
			      <name>Philip Stein</name>
		    </employee>
   </department>
   <department>
      <name>Production</name>
      <employee>
         <name>John Smith</name>
      </employee>
   </department>
   <department>
      <name>Babyk</name>
      <employee>
         <name>Jan Novak</name>
      </employee>
   </department>
   <department>
      <name>Accounting</name>
      <employee>
         <name>Peter Brown</name>
      </employee>
   </department>
</departments>