<html>
   <body>
      <h1>Vypis zamestnancu z oddeleni</h1><span>
         <h2>
            <name>Production</name>
         </h2>
         <table>
            <tr>
               <td>smith@co.org</td>
               <td>John</td>
               <td>Smith</td>
            </tr>
         </table></span><span>
         <h2>
            <name>Development</name>
         </h2>
         <table>
            <tr>
               <td>smith.m@co.org</td>
               <td>Martin</td>
               <td>Smith</td>
            </tr>
            <tr>
               <td>petr.b@nekde.org</td>
               <td>Petr</td>
               <td>Babicka</td>
            </tr>
         </table></span><span>
         <h2>
            <name>Engineering</name>
         </h2>
         <table>
            <tr>
               <td>taylor@co.org</td>
               <td>Arthur</td>
               <td>Taylor</td>
            </tr>
         </table></span><span>
         <h2>
            <name>Babyk</name>
         </h2>
         <table>
            <tr>
               <td>jan.n@nekde.org</td>
               <td>Jan</td>
               <td>Novak</td>
            </tr>
         </table></span><span>
         <h2>
            <name>Accounting</name>
         </h2>
         <table>
            <tr>
               <td>brown@co.org</td>
               <td>Peter</td>
               <td>Brown</td>
            </tr>
         </table></span></body>
</html>