<?xml version="1.0" encoding="UTF-8"?>
<average_salary_in_departments>
   <department>
      <name>Production</name>
      <average_salary>2000</average_salary>
   </department>
   <department>
      <name>Development</name>
      <average_salary>2395</average_salary>
   </department>
   <department>
      <name>Engineering</name>
      <average_salary>2500</average_salary>
   </department>
   <department>
      <name>Babyk</name>
      <average_salary>2090</average_salary>
   </department>
   <department>
      <name>Accounting</name>
      <average_salary>3000</average_salary>
   </department>
</average_salary_in_departments>