<?xml version="1.0" encoding="UTF-8"?>
<body>
   <div>
      <b>
         <name>Production</name>
      </b>
      <ul>
         <li>Babyk</li>
      </ul>
      <ul>
         <li>Development</li>
         <ul>
            <li>Engineering</li>
            <ul>
               <li>Development</li>
               <ul>
                  <li>Engineering</li>
                  <ul>
                     <li>Development</li>
                  </ul>
               </ul>
            </ul>
         </ul>
      </ul>
   </div>
   <div>
      <b>
         <name>Development</name>
      </b>
      <ul>
         <li>Engineering</li>
         <ul>
            <li>Development</li>
            <ul>
               <li>Engineering</li>
               <ul>
                  <li>Development</li>
                  <ul>
                     <li>Engineering</li>
                  </ul>
               </ul>
            </ul>
         </ul>
      </ul>
   </div>
   <div>
      <b>
         <name>Engineering</name>
      </b>
      <ul>
         <li>Development</li>
         <ul>
            <li>Engineering</li>
            <ul>
               <li>Development</li>
               <ul>
                  <li>Engineering</li>
                  <ul>
                     <li>Development</li>
                  </ul>
               </ul>
            </ul>
         </ul>
      </ul>
   </div>
   <div>
      <b>
         <name>Babyk</name>
      </b>
   </div>
   <div>
      <b>
         <name>Accounting</name>
      </b>
      <ul>
         <li>Production</li>
         <ul>
            <li>Babyk</li>
         </ul>
         <ul>
            <li>Development</li>
            <ul>
               <li>Engineering</li>
               <ul>
                  <li>Development</li>
                  <ul>
                     <li>Engineering</li>
                  </ul>
               </ul>
            </ul>
         </ul>
      </ul>
   </div>
</body>