<?xml version="1.0" encoding="UTF-8"?>
<SEZNAM_KNIH>
   <KNIHA>
      <NAZEV xmlns:xsi="http://www.w3.org/2001/XMLSchema-instance">Babicka</NAZEV>
      <AUTOR xmlns:xsi="http://www.w3.org/2001/XMLSchema-instance">Bozena Nemcova</AUTOR>
      <ROK xmlns:xsi="http://www.w3.org/2001/XMLSchema-instance">1855</ROK>
      <KOUPENO xmlns:xsi="http://www.w3.org/2001/XMLSchema-instance">8.8.2008</KOUPENO>
      <KOUPENO xmlns:xsi="http://www.w3.org/2001/XMLSchema-instance">8.6.2005</KOUPENO>
   </KNIHA>
   <KNIHA>
      <NAZEV xmlns:xsi="http://www.w3.org/2001/XMLSchema-instance">V zamku a v podzamci</NAZEV>
      <AUTOR xmlns:xsi="http://www.w3.org/2001/XMLSchema-instance">Bozena Nemcova</AUTOR>
      <ROK xmlns:xsi="http://www.w3.org/2001/XMLSchema-instance">1858</ROK>
      <KOUPENO xmlns:xsi="http://www.w3.org/2001/XMLSchema-instance">2.3.2008</KOUPENO>
   </KNIHA>
   <KNIHA>
      <NAZEV xmlns:xsi="http://www.w3.org/2001/XMLSchema-instance">Valka s mloky</NAZEV>
      <AUTOR xmlns:xsi="http://www.w3.org/2001/XMLSchema-instance">Karel Capek</AUTOR>
      <ROK xmlns:xsi="http://www.w3.org/2001/XMLSchema-instance">1935</ROK>
      <KOUPENO xmlns:xsi="http://www.w3.org/2001/XMLSchema-instance">21.9.2010</KOUPENO>
   </KNIHA>
</SEZNAM_KNIH>