<?xml version="1.0" encoding="UTF-8"?>
<CTENAR>
   <UDAJE xmlns:xsi="http://www.w3.org/2001/XMLSchema-instance">
                <OSOBNI_UDAJE>
                    <JMENO>Jan Amos</JMENO>
                    <PRIJMENI>Novak</PRIJMENI>
                    <DATUM_NAROZENI>1.4.1967</DATUM_NAROZENI>
                    <RC>670401/1234</RC>
                    <OBCANSTVI>Ceska Republika</OBCANSTVI>
                    <POHLAVI>Muz</POHLAVI>
                    <ULICE>Prazska 123</ULICE>
                    <MESTO>Praha 1</MESTO>
                    <PSC>110 00</PSC>
                    <TELEFON>255212254</TELEFON>
                    <TELEFON>734657890</TELEFON>
                </OSOBNI_UDAJE>
                <HISTORIE_KNIH>
                    <PUJCENA_KNIHA ID_HISTORIE="e1">
                        <PUJCENO>2.3.2011</PUJCENO>
                        <VRACENO>4.3.2001</VRACENO>
                    </PUJCENA_KNIHA>
                </HISTORIE_KNIH>
            </UDAJE>
</CTENAR>
<CTENAR>
   <UDAJE xmlns:xsi="http://www.w3.org/2001/XMLSchema-instance">
                <OSOBNI_UDAJE>
                    <JMENO>Daniel</JMENO>
                    <PRIJMENI>Kindl</PRIJMENI>
                    <DATUM_NAROZENI>11.8.1987</DATUM_NAROZENI>
                    <RC>870821/1234</RC>
                    <OBCANSTVI>Ceska Republika</OBCANSTVI>
                    <POHLAVI>Muz</POHLAVI>
                    <ULICE>U Potucku 2</ULICE>
                    <MESTO>Praha 3</MESTO>
                    <PSC>310 00</PSC>
                    <TELEFON>222212254</TELEFON>
                    <TELEFON>744632890</TELEFON>
                </OSOBNI_UDAJE>
                <HISTORIE_KNIH>
                    <PUJCENA_KNIHA ID_HISTORIE="e2">
                        <PUJCENO>2.3.2011</PUJCENO>
                        <VRACENO>4.3.2001</VRACENO>
                    </PUJCENA_KNIHA>
                    <PUJCENA_KNIHA ID_HISTORIE="e3">
                        <PUJCENO>12.2.2011</PUJCENO>
                        <VRACENO>21.2.2001</VRACENO>
                    </PUJCENA_KNIHA>
                    <PUJCENA_KNIHA ID_HISTORIE="e1">
                        <PUJCENO>2.1.2011</PUJCENO>
                        <VRACENO>8.1.2001</VRACENO>
                    </PUJCENA_KNIHA>
                </HISTORIE_KNIH>
            </UDAJE>
</CTENAR>