<?xml version="1.0" encoding="UTF-8"?>
<publikacie>
   <publikacia>
      <titul>Tiene v raji</titul>
      <detail>
         <autor>Erich Maria Remarque</autor>
         <rok-vydania>2001</rok-vydania>
         <isbn>8022010901</isbn>
         <pocet-stran>359</pocet-stran>
         <zaner>Klasika</zaner>
      </detail>
   </publikacia>
   <publikacia>
      <titul>Starec a more</titul>
      <detail>
         <autor>Ernest Hemingway</autor>
         <rok-vydania>2004</rok-vydania>
         <isbn>8022012858</isbn>
         <pocet-stran>96</pocet-stran>
         <zaner>Klasika</zaner>
      </detail>
   </publikacia>
   <publikacia>
      <titul>Mort</titul>
      <detail>
         <autor>Terry Pratchett</autor>
         <rok-vydania>1989</rok-vydania>
         <isbn>0552131067</isbn>
         <pocet-stran>298</pocet-stran>
         <zaner>Fantasy</zaner>
      </detail>
   </publikacia>
   <publikacia>
      <titul>Základy databázových systémov</titul>
      <detail>
         <autor>Tomáš Delikát</autor>
         <rok-vydania>2006</rok-vydania>
         <isbn>809694844X</isbn>
         <pocet-stran>209</pocet-stran>
         <zaner>Pocitace-internet</zaner>
      </detail>
   </publikacia>
   <publikacia>
      <titul>Nočná obloha </titul>
      <detail>
         <autor>Kevin Tildsley</autor>
         <rok-vydania>2007</rok-vydania>
         <isbn>9788080852863</isbn>
         <pocet-stran>224</pocet-stran>
         <zaner>Prirodne-vedy</zaner>
      </detail>
   </publikacia>
   <publikacia>
      <titul>??asn? Zem?plocha - Barva kouzel</titul>
      <detail>
         <autor>Terry PratchettJozef MakPeter MakTomas KriskaMichal Vrtiak</autor>
         <rok-vydania>2007</rok-vydania>
         <isbn>80856092827</isbn>
         <pocet-stran>290</pocet-stran>
         <zaner>Fantasy</zaner>
      </detail>
   </publikacia>
   <publikacia>
      <titul>Zlo?in a trest</titul>
      <detail>
         <autor>Fiodor Michajlovi? DostojevskijTomas KriskaMichal Vrtiak</autor>
         <rok-vydania>2007</rok-vydania>
         <isbn>80200151364</isbn>
         <pocet-stran>511</pocet-stran>
         <zaner>Klasika</zaner>
      </detail>
   </publikacia>
   <publikacia>
      <titul>Ura?en? a pon??en?</titul>
      <detail>
         <autor>Fiodor Michajlovi? DostojevskijTomas Kriska</autor>
         <rok-vydania>2004</rok-vydania>
         <isbn>80200127100</isbn>
         <pocet-stran>385</pocet-stran>
         <zaner>Klasika</zaner>
      </detail>
   </publikacia>
   <publikacia>
      <titul>1984</titul>
      <detail>
         <autor>George Orwell</autor>
         <rok-vydania>2000</rok-vydania>
         <isbn>80451524935</isbn>
         <pocet-stran>256</pocet-stran>
         <zaner>Klasika</zaner>
      </detail>
   </publikacia>
   <publikacia>
      <titul>Dokonal? k?d</titul>
      <detail>
         <autor>Steve McConnell</autor>
         <rok-vydania>2006</rok-vydania>
         <isbn>802510849X</isbn>
         <pocet-stran>986</pocet-stran>
         <zaner>Pocitace-internet</zaner>
      </detail>
   </publikacia>
   <publikacia>
      <titul>Gateway</titul>
      <detail>
         <autor>Frederik Pohl</autor>
         <rok-vydania>2004</rok-vydania>
         <isbn>80071931705</isbn>
         <pocet-stran>136</pocet-stran>
         <zaner>Sci-fi</zaner>
      </detail>
   </publikacia>
   <publikacia>
      <titul>C# (n?vrhov? vzory)</titul>
      <detail>
         <autor>Judith Bishopov? </autor>
         <rok-vydania>2010</rok-vydania>
         <isbn>9788074130762</isbn>
         <pocet-stran>328</pocet-stran>
         <zaner>Pocitace-internet</zaner>
      </detail>
   </publikacia>
   <publikacia>
      <titul>Lehk? fantasti?no</titul>
      <detail>
         <autor>Terry Pratchett</autor>
         <rok-vydania>2007</rok-vydania>
         <isbn>80856092901</isbn>
         <pocet-stran>272</pocet-stran>
         <zaner>Fantasy</zaner>
      </detail>
   </publikacia>
   <publikacia>
      <titul>U?ebnice jazyka C</titul>
      <detail>
         <autor>Pavel Herout</autor>
         <rok-vydania>2009</rok-vydania>
         <isbn>9788072323838</isbn>
         <pocet-stran>271</pocet-stran>
         <zaner>Pocitace-internet</zaner>
      </detail>
   </publikacia>
   <publikacia>
      <titul>Oh?ov? mo?e</titul>
      <detail>
         <autor>Margaret Weis, Tracy HickmanFrantaJoseph</autor>
         <rok-vydania>1999</rok-vydania>
         <isbn>80717417873</isbn>
         <pocet-stran>408</pocet-stran>
         <zaner>Fantasy</zaner>
      </detail>
   </publikacia>
</publikacie>