<?xml version="1.0" encoding="UTF-8"?>
<zoznam>
   <pozicka>
      <meno>Tom??</meno>
      <priezvisko>Kri?ka</priezvisko>
      <nazov-publikacie>??asn? Zem?plocha - Barva kouzel</nazov-publikacie>
   </pozicka>
   <pozicka>
      <meno>Tom??</meno>
      <priezvisko>Kri?ka</priezvisko>
      <nazov-publikacie>1984</nazov-publikacie>
   </pozicka>
   <pozicka>
      <meno>Michal</meno>
      <priezvisko>Kvet</priezvisko>
      <nazov-publikacie>Gateway</nazov-publikacie>
   </pozicka>
   <pozicka>
      <meno>Jan</meno>
      <priezvisko>Nov?k</priezvisko>
      <nazov-publikacie>Ura?en? a pon??en?</nazov-publikacie>
   </pozicka>
   <pozicka>
      <meno>Jan</meno>
      <priezvisko>Nov?k</priezvisko>
      <nazov-publikacie>Gateway</nazov-publikacie>
   </pozicka>
</zoznam>