<html>
   <head>
      <meta http-equiv="Content-Type" content="text/html; charset=UTF-8">
      <title>HTML output from XQuery</title>
   </head>
   <body>
      <div>
         <h1>Priemerne hodnotenie prispievatelov komentarov spolu s poctom ich hodnoteni</h1>
         <table>
            <tr>
               <th>meno</th>
               <th>priemer</th>
               <th>pocet prispevkov</th>
            </tr>
            <tr>
               <td>Jozef Mak</td>
               <td>5</td>
               <td>1</td>
            </tr>
            <tr>
               <td>Peter Mak</td>
               <td>4</td>
               <td>1</td>
            </tr>
            <tr>
               <td>Tomas Kriska</td>
               <td>2.6666666666666665</td>
               <td>3</td>
            </tr>
            <tr>
               <td>Michal Vrtiak</td>
               <td>3</td>
               <td>2</td>
            </tr>
            <tr>
               <td>Franta</td>
               <td>5</td>
               <td>1</td>
            </tr>
            <tr>
               <td>Joseph</td>
               <td>1</td>
               <td>1</td>
            </tr>
         </table>
      </div>
      <div>
         <h1>Priemerne hodnotenie publikacii</h1>
         <table>
            <tr>
               <th>nazov publikacie</th>
               <th>hodnotenie</th>
            </tr>
            <tr>
               <td>??asn? Zem?plocha - Barva kouzel</td>
               <td>3.75</td>
            </tr>
            <tr>
               <td>Zlo?in a trest</td>
               <td>3.5</td>
            </tr>
            <tr>
               <td>Ura?en? a pon??en?</td>
               <td>1</td>
            </tr>
            <tr>
               <td>1984</td>
               <td> nehodnotene</td>
            </tr>
            <tr>
               <td>Dokonal? k?d</td>
               <td> nehodnotene</td>
            </tr>
            <tr>
               <td>Gateway</td>
               <td> nehodnotene</td>
            </tr>
            <tr>
               <td>C# (n?vrhov? vzory)</td>
               <td> nehodnotene</td>
            </tr>
            <tr>
               <td>Lehk? fantasti?no</td>
               <td> nehodnotene</td>
            </tr>
            <tr>
               <td>U?ebnice jazyka C</td>
               <td> nehodnotene</td>
            </tr>
            <tr>
               <td>Oh?ov? mo?e</td>
               <td>3</td>
            </tr>
         </table>
      </div>
   </body>
</html>