<html>
   <concert>
      <concertname>MusicNight1</concertname>
      <band>
         		
         <name>Nirvana</name>
         		
         <country>USA</country>
         		
         <manager>Goldberg</manager>
         	
      </band>
      <band>
         		
         <name>Led Zeppelin</name>
         		
         <country>Great Britain</country>
         	
      </band>
   </concert>
   <concert>
      <concertname>MusicNight2</concertname>
      <band>
         		
         <name>SKA-P</name>
         		
         <country>Spain</country>
         	
      </band>
      <band>
         		
         <name>Krystof</name>
         		
         <country>Czech Republic</country>
         	
      </band>
      <band>
         		
         <name>Kabat</name>
         		
         <country>Czech Republic</country>
         	
      </band>
   </concert>
</html>