<html>
   <head>
      <meta http-equiv="Content-Type" content="text/html; charset=UTF-8">
   </head>
   <body>
      <table>
         <thead>
            <tr>
               <th>Ucastnici koncertu MusicNight1</th>
            </tr>
         </thead>
         <tbody>
            <tr>
               <th>Emil Kvetak</th>
            </tr>
            <tr>
               <th>Franta Novak</th>
            </tr>
            <tr>
               <th>Lojza Novak</th>
            </tr>
            <tr>
               <th>Pan Knedlik</th>
            </tr>
         </tbody>
      </table>
      <table>
         <thead>
            <tr>
               <th>Ucastnici koncertu MusicNight2</th>
            </tr>
         </thead>
         <tbody>
            <tr>
               <th>Emil Kvetak</th>
            </tr>
            <tr>
               <th>Franta Novak</th>
            </tr>
            <tr>
               <th>Lojza Novak</th>
            </tr>
         </tbody>
      </table>
   </body>
</html>