<?xml version="1.0" encoding="UTF-8" standalone="no"?><!--<!DOCTYPE TYM SYSTEM "data.dtd"> --><TYM ID_TYMU="_001" NAZEV="ZDAR NAD SAZAVOU">
		<!-- TRENERI -->
	<TRENER JMENO="PAVEL" LICENCE="A" PRIJMENI="VESELY" TYM="_001" VEK="39"/>
	<TRENER JMENO="PETR" LICENCE="C" PRIJMENI="VESELY" TELEFON="735872314" TYM="_001" VEK="42"/>
	
	<!-- HRACI -->
<HRACI>
<HRAC ID_HRACE="_1" JMENO="JAN" POZICE="LIB" PRIJMENI="CIRKA" TYM="_001" VEK="22"/>
<HRAC ID_HRACE="_2" JMENO="MIROSLAV" POZICE="BLOK" PRIJMENI="HUBL" TYM="_001" VEK="22"/>
<HRAC ID_HRACE="_3" JMENO="TOMAS" POZICE="BLOK" PRIJMENI="CHLADEK" TYM="_001" VEK="25"/>
<HRAC ID_HRACE="_4" JMENO="ONDREJ" POZICE="SMEC" PRIJMENI="TROJANEK" TYM="_001" VEK="30"/>
<HRAC ID_HRACE="_5" JMENO="MICHAL" PRIJMENI="MASA" TYM="_001" VEK="34"/>
<HRAC ID_HRACE="_6" JMENO="PETR" PRIJMENI="KADLEC" TYM="_001" VEK="24"/>
<HRAC ID_HRACE="_7" JMENO="JAKUB" PRIJMENI="TROJANEK" TYM="_001" VEK="22"/>
<HRAC ID_HRACE="_8" JMENO="VIT" PRIJMENI="SAMEK" TYM="_001" VEK="21"/>
<HRAC ID_HRACE="_9" JMENO="FILIP" PRIJMENI="NOVOTNY" TYM="_001" VEK="25"/>
<HRAC ID_HRACE="_10" JMENO="PETR" PRIJMENI="POCHOP" TYM="_001" VEK="30"/>
<HRAC ID_HRACE="_11" JMENO="TOMAS" PRIJMENI="SVOBODA" TYM="_001" VEK="30"/>
<HRAC ID_HRACE="_12" JMENO="Josef" POZICE="NAHRAVAC" PRIJMENI="Con" TYM="_1" VEK="22"/></HRACI>



<VZKAZ_FANOUSKUM>
DNES JE: <?php echo Date("d.m.Y")?>
	
PRIJDTE NAS VSICHNI PODPORIT V SOBOTU DO HALY NA BOUCHALKACH
<![CDATA[
"!!!! dekujeme za podoru !!!"
]]>

<!--&AKTUALNE;-->
</VZKAZ_FANOUSKUM>

<!-- ZAPASY -->
<ZAPASY>
<ZAPAS DATUM="12-01-2013" ID_ZAPASU="_1001">
<HRAJICI_HRACI>
<HRAJICI_HRAC CISLO_DRESU="1" ID_HRACE="_2" ID_TYMU="_001">
    <POZNAMKA>VYSTRIDAN</POZNAMKA>
</HRAJICI_HRAC>
<HRAJICI_HRAC CISLO_DRESU="2" ID_HRACE="_3" ID_TYMU="_001">
    <POZNAMKA>100% UTOK</POZNAMKA>
</HRAJICI_HRAC>
<HRAJICI_HRAC CISLO_DRESU="3" ID_HRACE="_4" ID_TYMU="_001">
    <POZNAMKA>ZRANEN</POZNAMKA>
</HRAJICI_HRAC>
<HRAJICI_HRAC CISLO_DRESU="4" ID_HRACE="_5" ID_TYMU="_001">
    <POZNAMKA>ZRANEN</POZNAMKA>
</HRAJICI_HRAC>
<HRAJICI_HRAC CISLO_DRESU="5" ID_HRACE="_7" ID_TYMU="_001">
    <POZNAMKA>CHYBI LICENCNI KARTA</POZNAMKA>
</HRAJICI_HRAC>
<HRAJICI_HRAC CISLO_DRESU="6" ID_HRACE="_6" ID_TYMU="_001">
    <POZNAMKA/>
</HRAJICI_HRAC>
</HRAJICI_HRACI>
</ZAPAS>
<ZAPAS DATUM="12-02-2013" ID_ZAPASU="_1002">
<HRAJICI_HRACI>
<HRAJICI_HRAC CISLO_DRESU="1" ID_HRACE="_2" ID_TYMU="_001"><POZNAMKA>VYSTRIDAN</POZNAMKA></HRAJICI_HRAC>
<HRAJICI_HRAC CISLO_DRESU="2" ID_HRACE="_3" ID_TYMU="_001"><POZNAMKA>VYSTRIDAN</POZNAMKA></HRAJICI_HRAC>
<HRAJICI_HRAC CISLO_DRESU="3" ID_HRACE="_4" ID_TYMU="_001"><POZNAMKA>ZRANEN</POZNAMKA></HRAJICI_HRAC>
<HRAJICI_HRAC CISLO_DRESU="4" ID_HRACE="_5" ID_TYMU="_001"><POZNAMKA>ZLOMENY PRST</POZNAMKA></HRAJICI_HRAC>
<HRAJICI_HRAC CISLO_DRESU="5" ID_HRACE="_9" ID_TYMU="_001"><POZNAMKA/></HRAJICI_HRAC>
<HRAJICI_HRAC CISLO_DRESU="6" ID_HRACE="_10" ID_TYMU="_001"><POZNAMKA>ZLOMENE ZAPESTI</POZNAMKA></HRAJICI_HRAC>
</HRAJICI_HRACI>
</ZAPAS>

</ZAPASY>


<!-- SPONZORI -->

    <SPONZORI>
        <SPONZOR ID_SPONZORA="_4001" NAZEV="PKS" ROCNI_CASTKA="250000">
            <LOGO_NA_DRESU>PKS STAVBY</LOGO_NA_DRESU>
        </SPONZOR>
        
    <SPONZOR ID_SPONZORA="_4003" NAZEV="Zahradni technika" ROCNI_CASTKA="10000000"><LOGO_NA_DRESU>Pro vaci zahradu</LOGO_NA_DRESU></SPONZOR></SPONZORI>

<VYSLEDKY>
	<PORADI BODY="25" UMISTENI="_4"/>
</VYSLEDKY>
	</TYM>