<?xml version="1.0" encoding="UTF-8" standalone="no"?><!-- Jidelni a napojovy listek pro nejakou restauraci --><listek>
	<!-- Provozovatel, oteviraci doba, dalsi informace, videa z restaurace. -->
	<info>
		<provozovatel DIC="CZ1234567890" IC="1234567890">
			<jmeno>Rudolf Pivrnec</jmeno>
			<adresa>
				<ulice>Pivn? 22</ulice>
				<mesto>Chmelov</mesto>
				<psc>54321</psc>
			</adresa>
		</provozovatel>
		<otviracka>
			<kdy>
				<den>Pond?l?</den>
				<co><otevreno><od>11:00:00</od><do>04:00:00</do></otevreno></co>
			</kdy>
			<kdy>
				<den>?ter?</den>
				<co><otevreno><od>11:00:00</od><do>04:00:00</do></otevreno></co>
			</kdy>
			<kdy>
				<den>St?eda</den>
				<co><otevreno><od>11:00:00</od><do>04:00:00</do></otevreno></co>
			</kdy>
			<kdy>
				<den>?tvrtek</den>
				<co><otevreno><od>11:00:00</od><do>04:00:00</do></otevreno></co>
			</kdy>
			<kdy>
				<den>P?tek</den>
				<co><otevreno><od>11:00:00</od><do>04:00:00</do></otevreno></co>
			</kdy>
			<kdy>
				<den>Sobota</den>
				<co><otevreno><od>11:00:00</od><do>04:00:00</do></otevreno></co>
			</kdy>
			<kdy>
				<den>Ned?le</den>
				<co><otevreno><od>11:00:00</od><do>04:00:00</do></otevreno></co>
			</kdy>
		</otviracka>
		<upozorneni>V?echny ceny jsou v?etn? DPH. Nen? bohu?el mo?nost platit kartou.</upozorneni>
		<upozorneni>Sv? st??nosti pos?lejte na email obsluhuj?c?ho zam?stnance, kter? je ve tvaru: <![CDATA[ document.writeln("<jmeno-zamestnance><at><restaurace>.cz")]]>, nap?. <![CDATA[ document.writeln("karel@chmelnice.cz")]]></upozorneni>
		<videogalerie>
			<video src="video1">Video</video>
			<video src="video2">Video host?</video>
			<video src="video3">Reklama</video>
		</videogalerie>
	</info>
	<!-- Napojovy listek -->
	<napoje>
		<piva>
			<svetle>
				<pivo id="p1">
					<nazev>Radegast Premium</nazev>
					<stupen>12</stupen>
					<mnozstvi>0.5 l</mnozstvi>
					<cena>25 K??</cena>
				</pivo>
				<pivo id="p2">
					<nazev>Radegast Original</nazev>
					<stupen>10</stupen>
					<mnozstvi>0.5 l</mnozstvi>
					<cena>20 K??</cena>
				</pivo>
				<pivo id="p3">
					<nazev>Pilsner Urquell</nazev>
					<stupen>12</stupen>
					<mnozstvi>0.5 l</mnozstvi>
					<cena>30 K??</cena>
				</pivo>
				<pivo id="p4">
					<nazev>Svijansk? Des?tka</nazev>
					<stupen>10</stupen>
					<mnozstvi>0.5 l</mnozstvi>
					<cena>22 K??</cena>
				</pivo>
				<pivo id="p5">
					<nazev>Svijansk? M?z</nazev>
					<stupen>11</stupen>
					<mnozstvi>0.5 l</mnozstvi>
					<cena>22 K??</cena>
				</pivo>
				<pivo id="p6">
					<nazev>Svijansk? Ryt??</nazev>
					<stupen>12</stupen>
					<mnozstvi>0.5 l</mnozstvi>
					<cena>24 K??</cena>
				</pivo>
				<pivo id="p7">
					<nazev>Svijansk? Kn??e</nazev>
					<stupen>13</stupen>
					<mnozstvi>0.5 l</mnozstvi>
					<cena>26 K??</cena>
				</pivo>
				<pivo id="p8">
					<nazev>Ostravar Original</nazev>
					<stupen>10</stupen>
					<mnozstvi>0.5 l</mnozstvi>
					<cena>20 K??</cena>
				</pivo>
				<pivo id="p9">
					<nazev>Ostravar Premium</nazev>
					<stupen>12</stupen>
					<mnozstvi>0.5 l</mnozstvi>
					<cena>25 K??</cena>
				</pivo>
				<pivo id="p10">
					<nazev>Ostravar Bazal</nazev>
					<stupen>11</stupen>
					<mnozstvi>0.5 l</mnozstvi>
					<cena>22 K??</cena>
				</pivo>
				<pivo id="p11">
					<nazev>Kozel Premium</nazev>
					<stupen>12</stupen>
					<mnozstvi>0.5 l</mnozstvi>
					<cena>25 K??</cena>
				</pivo>
			</svetle>
			<tmave>
				<pivo id="p12">
					<nazev>Kozel ?ern?</nazev>
					<stupen>12</stupen>
					<mnozstvi>0.5 l</mnozstvi>
					<cena>25 K??</cena>
				</pivo>
				<pivo id="p13">
					<nazev>Svijansk? Kn??na</nazev>
					<stupen>13</stupen>
					<mnozstvi>0.5 l</mnozstvi>
					<cena>26 K??</cena>
				</pivo>
			</tmave>
			<specialni>
				<pivo id="p14">
					<nazev>Kvasni??k</nazev>
					<stupen>13</stupen>
					<mnozstvi>0.5 l</mnozstvi>
					<cena>26 K??</cena>
				</pivo>
				<pivo id="p15">
					<nazev>Baron</nazev>
					<stupen>15</stupen>
					<mnozstvi>0.4 l</mnozstvi>
					<cena>28 K??</cena>
				</pivo>
				<pivo id="p16">
					<nazev>Weizen</nazev>
					<stupen>12</stupen>
					<mnozstvi>0.4 l</mnozstvi>
					<cena>30 K??</cena>
				</pivo>
			<pivo id="p17"><nazev>Ultrapivo</nazev><stupen>16</stupen><mnozstvi>0.6 l</mnozstvi><cena>32 K???</cena></pivo></specialni>
		</piva>
		<nealko>
			<caje>
				<caj typ="s??kov?">
					<druh>?ern?</druh>
					<mnozstvi/>
					<cena>10 K??</cena>
				</caj>
				<caj typ="s??kov?">
					<druh>zelen?</druh>
					<mnozstvi/>
					<cena>10 K??</cena>
				</caj>
				<caj typ="sypan?">
					<druh>b?l?</druh>
					<mnozstvi/>
					<cena>10 K??</cena>
				</caj>
				<caj typ="s??kov?">
					<druh>?erven?</druh>
					<mnozstvi/>
					<cena>15 K??</cena>
				</caj>
				<caj typ="s??kov?">
					<druh>ovocn?</druh>
					<mnozstvi/>
					<cena>10 K??</cena>
				</caj>
				<caj typ="sypan?">
					<druh>bylinkov?</druh>
					<mnozstvi/>
					<cena>15 K??</cena>
				</caj>
				<caj typ="sypan?">
					<druh>Earl grey</druh>
					<mnozstvi/>
					<cena>20 K??</cena>
				</caj>
				<caj typ="sypan?">
					<druh>Pu-erh</druh>
					<mnozstvi/>
					<cena>20 K??</cena>
				</caj>
				<caj typ="s??kov?">
					<druh>m?tov?</druh>
					<mnozstvi/>
					<cena>15 K??</cena>
				</caj>
				<caj typ="sypan?">
					<druh>Mat?</druh>
					<mnozstvi/>
					<cena>20 K??</cena>
				</caj>
				<caj typ="sypan?">
					<druh>Roibos</druh>
					<mnozstvi/>
					<cena>20 K??</cena>
				</caj>
				<caj typ="sypan?">
					<druh>kvetouc?</druh>
					<mnozstvi/>
					<cena>25 K??</cena>
				</caj>
			</caje>
			<dzusy>
				<dzus>
					<prichut>pomeran?ov?</prichut>
					<mnozstvi>0.33 l</mnozstvi>
					<cena>15 K??</cena>
				</dzus>
				<dzus>
					<prichut>ananasov?</prichut>
					<mnozstvi>0.33 l</mnozstvi>
					<cena>15 K??</cena>
				</dzus>
				<dzus>
					<prichut>brusinkov?</prichut>
					<mnozstvi>0.4 l</mnozstvi>
					<cena>20 K??</cena>
				</dzus>
			</dzusy>
			<sodovky>
				<sodovka>
					<nazev>Kofola</nazev>
					<mnozstvi>0.5 l</mnozstvi>
					<cena>25 K??</cena>
				</sodovka>
				<sodovka>
					<nazev>Coca Cola</nazev>
					<mnozstvi>0.33 l</mnozstvi>
				</sodovka>
				<sodovka>
					<nazev>Sprite</nazev>
					<mnozstvi>0.33 l</mnozstvi>
					<cena>30 K??</cena>
				</sodovka>
				<sodovka>
					<nazev>Mirinda</nazev>
					<mnozstvi>0.33 l</mnozstvi>
				</sodovka>
				<sodovka>
					<nazev>Schweppes Tonic</nazev>
					<mnozstvi>0.33 l</mnozstvi>
					<cena>30 K??</cena>
				</sodovka>
				<sodovka>
					<nazev>Korunn?</nazev>
					<mnozstvi>0.33 l</mnozstvi>
					<cena>20 K??</cena>
				</sodovka>
			</sodovky>
		</nealko>
		<alko>
			<vina>
				
				
				
			<vino>
					<nazev>Modr? portugal</nazev>
					<rocnik>2003</rocnik>
					<cena>200 K??</cena>
				</vino><vino>
					<nazev>Veltl?nsk? zelen?</nazev>
					<rocnik>2004</rocnik>
					<cena>140 K??</cena>
				</vino><vino>
					<nazev>Rulandsk? b?l?</nazev>
					<rocnik>2002</rocnik>
					<cena>130 K??</cena>
				</vino></vina>
			<destilaty>
				<destilat id2="d1">
					<nazev>Tuzem?k</nazev>
					<alkohol>40</alkohol>
					<mnozstvi>0.04 l</mnozstvi>
					<cena>20 K??</cena>
				</destilat>
				<destilat id2="d2">
					<nazev>Vodka</nazev>
					<alkohol>40</alkohol>
					<mnozstvi>0.04 l</mnozstvi>
					<cena>20 K??</cena>
				</destilat>
				<destilat id2="d3">
					<nazev>Whiskey Irsk?</nazev>
					<alkohol>40</alkohol>
					<mnozstvi>0.04 l</mnozstvi>
					<cena>40 K??</cena>
				</destilat>
				<destilat id2="d4">
					<nazev>Vodka Finsk?</nazev>
					<alkohol>40</alkohol>
					<mnozstvi>0.04 l</mnozstvi>
					<cena>40 K??</cena>
				</destilat>
				<destilat id2="d5">
					<nazev>Rum Jamajsk?</nazev>
					<alkohol>40</alkohol>
					<mnozstvi>0.04 l</mnozstvi>
					<cena>50 K??</cena>
				</destilat>
			</destilaty>
		</alko>
	</napoje>
	<!-- Jidelni listek / pochutiky -->
	<pochutiny>
		<pochutina>
			<nazev>Bramb?rky</nazev>
			<mnozstvi>250 g</mnozstvi>
			<cena>25 K??</cena>
		</pochutina>
		<pochutina>
			<nazev>Ty?inky</nazev>
			<mnozstvi>100 g</mnozstvi>
			<cena>20 K??</cena>
		</pochutina>
		<pochutina>
			<nazev>Pist?cie</nazev>
			<mnozstvi>100 g</mnozstvi>
			<cena>25 K??</cena>
		</pochutina>
		<pochutina>
			<nazev>O???ky</nazev>
			<mnozstvi>100 g</mnozstvi>
			<cena>20 K??</cena>
		</pochutina>
		<pochutina>
			<nazev>?okol?da</nazev>
			<mnozstvi>150 g</mnozstvi>
			<cena>25 K??</cena>
		</pochutina>
	</pochutiny>
	<!-- Specialni nabidky -->
	<akce>
		<nabidka>
				  P?i koupi t?ech piv <ref id="p15">Baron</ref> V?m p?ineseme t?i pan?ky <ref id="d5">jamajsk?ho rumu</ref> zdarma!
		 </nabidka>
		<nabidka>
				 Ke ka?d?mu pivu <ref id="p1">Radegast</ref> dostanete druh? zdarma!
		 </nabidka>
		<nabidka>
				 Ke dv?ma piv?m <ref id="p13">Svijansk? Kn??na</ref> dostanete zdarma pivo <ref id="p7">Svijansk? Kn??e</ref>!
		 </nabidka>
	</akce>
</listek>