<?xml version="1.0" encoding="UTF-8"?>
<muzikanti>
   <muzikant>
      <profil pid="p1">
         <jmeno>Anneke Van Giersbergen</jmeno> se narodila <narozeni>8. 3. 1973</narozeni> v Nizozemsku.
      Dříve byla zpěvačkou v Nizozemské skupině <sref>The Gathering</sref>, nyní se věnuje sólovému projektu nazvaném <sref>Agua de Annique</sref>. 
      Spolupracovala také s kapelami jako <sref>Lawn</sref>, <sref>Farmer Boys</sref>, <sref>Ayreon</sref>, <sref>Napalm Death</sref> a <sref>Moonspell</sref>.
      Zpěvu se věnuje od dětství.
    </profil>
      <skupiny>
         <skupina>
            <nazev>The Gathering</nazev>
            <od>1994</od>
            <do>2007</do>
            <role>zpěvačka</role>
         </skupina>
         <skupina>
            <nazev>Agua de Annique</nazev> 
            <role>zpěvačka, pianistka</role>
         </skupina>
      </skupiny>
   </muzikant>
   <muzikant>
      <profil pid="p2">
         <jmeno>Hans Rutten</jmeno>, narozen <narozeni>3. 6. 1969</narozeni> v Nijmegenu je Nizozemský bubeník.
    Spolu se svým bratrem založil v roce 1989 kapelu <sref>The Gathering</sref>.
    </profil>
      <skupiny>
         <skupina>
            <nazev>The Gathering</nazev>
            <od>1989</od>
            <role>bubeník</role>
         </skupina>
      </skupiny>
   </muzikant>
   <muzikant>
      <profil pid="p3">
         <jmeno>Frank Boeijen</jmeno>, který se narodil <narozeni>4. 12. 1973</narozeni> v Berghemu je klávesistou skupiny <sref>The Gathering</sref>.
    Od roku 2005 se věnuje také svému vedlejšímu projektu <sref>Grimm Limbo</sref>.
    </profil>
      <skupiny>
         <skupina>
            <nazev>The Gathering</nazev>
            <od>1989</od>
            <role>klávesista</role>
         </skupina>
      </skupiny>
   </muzikant>
</muzikanti>