<?xml version="1.0" encoding="UTF-8"?>
<skladby>
   <skladba>Strange Machines</skladba>
   <skladba>Eléanor</skladba>
   <skladba>Leaves</skladba>
   <skladba>In Motion # 2</skladba>
   <skladba>On Most Surfaces (Inuït)</skladba>
   <skladba>Third Chance</skladba>
   <skladba>Nighttime Birds</skladba>
   <skladba>Shrink</skladba>
   <skladba>Rescue Me</skladba>
   <skladba>My Electricity</skladba>
   <skladba>Liberty Bell</skladba>
   <skladba>The Big Sleep</skladba>
   <skladba>Marooned</skladba>
   <skladba>Travel</skladba>
   <skladba>Locked Away</skladba>
   <skladba>Probably Built In The Fifties</skladba>
   <skladba>Amity</skladba>
   <skladba>Saturnine</skladba>
   <skladba>Even The Spirits Are Afraid</skladba>
   <skladba>Monsters</skladba>
   <skladba>Shortest Day</skladba>
   <skladba>In Between</skladba>
   <skladba>Alone</skladba>
   <skladba>Waking Hour</skladba>
   <skladba>A Noise Severe</skladba>
   <skladba>Beautiful One</skladba>
   <skladba>Witnesses</skladba>
   <skladba>Yalin</skladba>
</skladby>