<?xml version="1.0" encoding="UTF-8"?><html xmlns="http://www.w3.org/1999/xhtml" xml:lang="en">
   <head>
      <meta http-equiv="Content-Type" content="text/html; charset=UTF-8" />
      <title>The Gathering </title>
   </head>
   <body>
      <h1>The Gathering</h1>
      <h2>Always...</h2>
      <ul>
         <li>The Mirror Waters</li>
         <li>Subzero</li>
         <li>In Sickness And Health</li>
         <li>King For A Day</li>
         <li>Second Sunrise</li>
         <li>Stonegarden</li>
         <li>Always...</li>
         <li>Gaya's Dream</li>
      </ul>
      <h2>Almost A Dance</h2>
      <ul>
         <li>On A Wave</li>
         <li>The Blue Vessel</li>
         <li>Her Last Flight</li>
         <li>The Sky People</li>
         <li>Nobody Dares</li>
         <li>Like Fountains</li>
         <li>Proof</li>
         <li>Heartbeat Amplifier</li>
         <li>A Passage To Desire</li>
      </ul>
      <h2>Mandylion</h2>
      <ul>
         <li>Strange Machines</li>
         <li>Eléanor</li>
         <li>In Motion # 1</li>
         <li>Leaves</li>
         <li>Fear The Sea</li>
         <li>Mandylion</li>
         <li>Sand And Mercury</li>
         <li>In Motion # 2</li>
      </ul>
      <h2>Nighttime Birds</h2>
      <ul>
         <li>On Most Surfaces (Inuït)</li>
         <li>Confusion</li>
         <li>The May Song</li>
         <li>The Earth Is My Witness</li>
         <li>New Moon, Different Day</li>
         <li>Third Chance</li>
         <li>Kevin's Telescope</li>
         <li>Nighttime Birds</li>
         <li>Shrink</li>
      </ul>
      <h2>How To Measure A Planet?</h2>
      <ul>
         <li>Frail</li>
         <li>Great Ocean Road</li>
         <li>Rescue Me</li>
         <li>My Electricity</li>
         <li>Liberty Bell</li>
         <li>Red Is A Slow Color</li>
         <li>The Big Sleep</li>
         <li>Marooned</li>
         <li>Travel</li>
         <li>South American Ghost Ride</li>
         <li>Illuminating</li>
         <li>Locked Away</li>
         <li>Probably Built In The Fifties</li>
         <li>How To Measure A Planet?</li>
      </ul>
      <h2>Superheat</h2>
      <ul>
         <li>The Big Sleep</li>
         <li>On Most Surfaces (Inuït)</li>
         <li>Probably Built In The Fifties</li>
         <li>Liberty Bell</li>
         <li>Marooned</li>
         <li>Rescue Me</li>
         <li>Strange Machines</li>
         <li>Nighttime Birds</li>
         <li>My Electricity</li>
         <li>Sand &amp; Mercury</li>
         <li>Eléanor (Video)</li>
      </ul>
      <h2>If Then Else</h2>
      <ul>
         <li>Rollercoaster</li>
         <li>Shot To Pieces</li>
         <li>Amity</li>
         <li>Bad Movie Scene</li>
         <li>Colorado Incident</li>
         <li>Beautiful War</li>
         <li>Analog Park</li>
         <li>Herbal Movement</li>
         <li>Saturnine</li>
         <li>Morphia's Waltz</li>
         <li>Pathfinder</li>
      </ul>
      <h2>Souvenirs</h2>
      <ul>
         <li>These Good People</li>
         <li>Even The Spirits Are Afraid</li>
         <li>Broken Glass</li>
         <li>You Learn About It</li>
         <li>Souvenirs</li>
         <li>We Just Stopped Breathing</li>
         <li>Monsters</li>
         <li>Golden Grounds</li>
         <li>Jelena</li>
         <li>A Life All Mine</li>
      </ul>
      <h2>Sleepy Buildings - A Semi Acoustic Evening</h2>
      <ul>
         <li>Locked Away</li>
         <li>Saturnine</li>
         <li>Amity</li>
         <li>The Mirror Waters (v2003)</li>
         <li>Red Is A Slow Colour</li>
         <li>Sleepy Buildings</li>
         <li>Travel</li>
         <li>Shrink</li>
         <li>In Motion # 2</li>
         <li>Stonegarden (v2003)</li>
         <li>My Electricity</li>
         <li>Eléanor</li>
         <li>Marooned</li>
         <li>Like Fountains (v2003)</li>
      </ul>
      <h2>Home</h2>
      <ul>
         <li>Shortest Day</li>
         <li>In Between</li>
         <li>Alone</li>
         <li>Waking Hour</li>
         <li>Fatigue</li>
         <li>A Noise Severe</li>
         <li>Forgotten</li>
         <li>Solace</li>
         <li>Your Troubles Are Over</li>
         <li>Box</li>
         <li>The Quiet One</li>
         <li>Home</li>
         <li>Forgotten Reprise</li>
      </ul>
      <h2>A Noise Severe</h2>
      <ul>
         <li>Shortest Day</li>
         <li>In Between</li>
         <li>Liberty Bell</li>
         <li>Probably Built In The Fifties</li>
         <li>Even The Spirits Are Afraid</li>
         <li>Saturnine</li>
         <li>Monsters</li>
         <li>Alone</li>
         <li>A Noise Severe</li>
         <li>Leaves</li>
         <li>Eléanor</li>
         <li>In Motion #I</li>
         <li>Waking Hour</li>
         <li>On Most Surfaces</li>
         <li>Strange Machines</li>
         <li>Adrenaline</li>
         <li>Third Chance</li>
         <li>Black Light District</li>
         <li>Travel</li>
      </ul>
      <h2>The West Pole</h2>
      <ul>
         <li>When Trust Becomes Sound</li>
         <li>Treasure</li>
         <li>All You Are</li>
         <li>The West Pole</li>
         <li>No Bird Call</li>
         <li>Capital Of Nowhere</li>
         <li>You Promised Me A Symphony</li>
         <li>Pale Traces</li>
         <li>No One Spoke</li>
         <li>A Constant Run</li>
      </ul>
   </body>
</html>