<?xml version="1.0" encoding="UTF-8" standalone="no"?><!--
To change this template, choose Tools | Templates
and open the template in the editor.
--><!--<!DOCTYPE hobby SYSTEM "hobby.dtd">--><hobby-centrum>
    <seznam-zamestnancu>
        
        <zamestnanec id="z_02">
            <jmeno>Jaroslav Novak</jmeno>
            <rc>741201/1432</rc>
            <kontakt>    
                <adresa>
                    <ulice>Borova</ulice>
                    <cp>1038</cp>
                    <mesto>Praha</mesto>
                    <psc>12363</psc>
                </adresa>
                <telefon>13254567</telefon>
            </kontakt>
            <role>zamestnanec</role>
            <karta d_id="z_02">
                <vydano>12/12/2012</vydano>
                <platnost>12/12/2013</platnost>
            </karta>
        </zamestnanec>
        <zamestnanec id="m_01">
            <jmeno>Frantisek Zulc</jmeno>
            <rc>640229/2134</rc>
            <kontakt>
                <adresa>
                    <ulice>Uzska</ulice>
                    <cp>65</cp>
                    <mesto>Praha</mesto>
                    <psc>12345</psc>
                </adresa>
                <telefon>234576545</telefon>
            </kontakt>
            <role>manazer</role>
            <karta d_id="m_01">
                <vydano>12/1/2012</vydano>
                <platnost>31/12/2052</platnost>
            </karta>
        </zamestnanec>
    </seznam-zamestnancu>
    <seznam-klientu>
        <klient id="k_01">
            <jmeno>Vaclav Rudoch</jmeno>
            <rc>701212/541</rc>
            <kontakt>    
                <adresa>
                    <ulice>Nova</ulice>
                    <cp>6543</cp>
                    <mesto>Brno</mesto>
                    <psc>34563</psc>
                </adresa>
                <telefon>199654567</telefon>
            </kontakt>
            <role>klient</role>
            <karta d_id="k_01">
                <vydano>12/12/2012</vydano>
                <platnost>12/12/2013</platnost>
            </karta>
        </klient>
        <klient id="k_02">
            <jmeno>Jiri Stransky</jmeno>
            <rc>8101012/2321</rc>
            <kontakt>    
                <adresa>
                    <ulice>U Sadu</ulice>
                    <cp>123</cp>
                    <mesto>Brno</mesto>
                    <psc>34563</psc>
                </adresa>
                <telefon>27654567</telefon>
            </kontakt>
            <role>klient</role>
            <karta d_id="k_02">
                <vydano>12/12/2012</vydano>
                <platnost>12/12/2013</platnost>
            </karta>
        </klient>
        <klient id="k_03">
            <jmeno>Jarmila Podhorska</jmeno>
            <rc>8105311/3321</rc>
            <kontakt>    
                <adresa>
                    <ulice>Bohuminska</ulice>
                    <cp>1233</cp>
                    <mesto>Karvina</mesto>
                    <psc>76542</psc>
                </adresa>
                <telefon>87654213</telefon>
            </kontakt>
            <role>klient</role>
            <karta d_id="k_03">
                <vydano>12/12/2012</vydano>
                <platnost>12/12/2013</platnost>
            </karta>
        </klient>
    <klient id="k_4"><jmeno>Nova Osoba</jmeno><rc>000000/000</rc><kontakt><adresa><ulice>Ulice</ulice><cp>12343</cp><mesto>Mesto</mesto><psc>34563</psc></adresa><telefon>1234565</telefon></kontakt><role>klient</role><karta><vydano>4/21/1131900</vydano><platnost>4/21/1131901</platnost></karta></klient></seznam-klientu>
    <mistnost cislo="c1" spravce_id="z_01">
        <seznam-vybaveni>
            <vybaveni cena-kusu="1000" mnozstvi="5">cinka 10kg</vybaveni>
            <vybaveni cena-kusu="1000" mnozstvi="5">cinka 5kg</vybaveni>
            <vybaveni cena-kusu="1000" mnozstvi="5">cinka 7,5kg</vybaveni>
            <vybaveni cena-kusu="1000" mnozstvi="5">cinka 12,5kg</vybaveni>
            <vybaveni cena-kusu="1000" mnozstvi="5">cinka 15kg</vybaveni>
            <vybaveni cena-kusu="1000" mnozstvi="5">zavazi 10kg</vybaveni>
            <vybaveni cena-kusu="1000" mnozstvi="5">zavazi 15kg</vybaveni>
            <vybaveni cena-kusu="1000" mnozstvi="5">zavazi 20kg</vybaveni>
            <vybaveni cena-kusu="1000" mnozstvi="5">zavazi 25kg</vybaveni>
            <vybaveni cena-kusu="2000" mnozstvi="5">boxovaci pytel 25kg</vybaveni>
            <vybaveni cena-kusu="3500" mnozstvi="5">boxovaci pytel 40kg</vybaveni>
            <vybaveni cena-kusu="4000" mnozstvi="5">boxovaci pytel 50kg</vybaveni>
            <vybaveni cena-kusu="98000" mnozstvi="2">boxersky ring</vybaveni>
        </seznam-vybaveni>
    </mistnost>
    <mistnost cislo="c_2" spravce_id="m_01">
        <seznam-vybaveni>
            <vybaveni cena-kusu="500000" mnozstvi="1">horolezecka stena</vybaveni>
            <vybaveni cena-kusu="1000" mnozstvi="10">horolezecke lano 50m</vybaveni>
            <vybaveni cena-kusu="900" mnozstvi="10">horolezecke lano 40m</vybaveni>
            <vybaveni cena-kusu="100" mnozstvi="50">horolezecka karabina</vybaveni>
            <vybaveni cena-kusu="1500" mnozstvi="10">horolezecka prilba</vybaveni>
            <vybaveni cena-kusu="1400" mnozstvi="10">horolezecky uvazek</vybaveni>
        </seznam-vybaveni>
    </mistnost>
    
</hobby-centrum>