<?xml version="1.0" encoding="UTF-8"?>
<table>
   <thead>
      <tr>
         <th>Firma</th>
         <th>Počet projektů</th>
         <th>Kontaktní osoby</th>
      </tr>
   </thead>
   <tbody>
      <tr>
         <td>Firma s. r. o.</td>
         <td>2</td>
         <td>Dominik Janata, Uživatel Pokusný</td>
      </tr>
      <tr>
         <td>Akciovka a. s.</td>
         <td>1</td>
         <td>Uživatel Pokusný, Uživatel Šestý</td>
      </tr>
      <tr>
         <td>Malá firma v. o. s.</td>
         <td>1</td>
         <td>Uživatel Pokusný, Uživatel Čtvrtý</td>
      </tr>
   </tbody>
</table>