<html>
   <head>
      <meta http-equiv="Content-Type" content="text/html; charset=UTF-8">
   </head>
   <body>
      <table>
         <thead>
            <tr>
               <th>Jméno</th>
               <th>Počet projektů</th>
               <th>Počet úkolů</th>
            </tr>
         </thead>
         <tbody>
            <tr>
               <td>Dominik Janata</td>
               <td>4</td>
               <td>14</td>
            </tr>
            <tr>
               <td>Uživatel Pokusný</td>
               <td>3</td>
               <td>4</td>
            </tr>
            <tr>
               <td>Uživatel Třetí</td>
               <td>2</td>
               <td>2</td>
            </tr>
            <tr>
               <td>Uživatel Čtvrtý</td>
               <td>0</td>
               <td>0</td>
            </tr>
            <tr>
               <td>Uživatel Pátý</td>
               <td>3</td>
               <td>3</td>
            </tr>
            <tr>
               <td>Uživatel Šestý</td>
               <td>3</td>
               <td>3</td>
            </tr>
         </tbody>
      </table>
   </body>
</html>