<?xml version="1.0" encoding="UTF-8" standalone="no"?><?xml-stylesheet type="text/xsl" href="data2html.xsl"?>
<spaceFlights xmlns:xsi="http://www.w3.org/2001/XMLSchema-instance" xsi:noNamespaceSchemaLocation="data.xsd">

<!-- <!DOCTYPE spaceFlights PUBLIC "spaceFlightsDefs" "data.dtd">
<spaceFlights> -->

	<about>List of spaceflights up to date <!--&actDate;-->13.6.1963. Last update: <?php echo CreatedAt()?></about>
	<astronauts>
		<astronaut bornDate="9.3.1934" diedDate="27.3.1968" id="YuriGagarin" name="Yuri Gagarin">
			<country>USSR</country>
			<noOfMissions>1</noOfMissions>
		</astronaut>
		<astronaut bornDate="18.11.1923" diedDate="21.7.1998" id="AlanShepard" name="Alan Shepard">
			<country>USA</country>
			<noOfMissions>2</noOfMissions>
		</astronaut>
		<astronaut bornDate="3.4.1926" diedDate="27.1.1967" id="GusGrissom" name="Gus Grissom">
			<country>USA</country>
			<noOfMissions>2</noOfMissions>
		</astronaut>
		<astronaut bornDate="11.9.1935" diedDate="20.9.2000" id="GhermanTitov" name="Gherman Titov">
			<country>USSR</country>
			<noOfMissions>1</noOfMissions>
		</astronaut>
		<astronaut bornDate="18.7.1921" id="JohnGlenn" name="John Glenn">
			<country>USA</country>
			<noOfMissions>2</noOfMissions>
		</astronaut>		
		<astronaut bornDate="1.5.1925" id="ScottCarpenter" name="Scott Carpenter">
			<country>USA</country>
			<noOfMissions>1</noOfMissions>
		</astronaut>
		<astronaut bornDate="5.9.1929" diedDate="3.7.2004" id="AndrianNikolayev" name="Andrian Nikolayev">
			<country>USSR</country>
			<noOfMissions>1</noOfMissions>
		</astronaut>
		<astronaut bornDate="5.10.1930" diedDate="29.9.2009" id="PavelPopovich" name="Pavel Popovich">
			<country>USSR</country>
			<noOfMissions>1</noOfMissions>
		</astronaut>
		<astronaut bornDate="12.3.1923" diedDate="3.5.2007" id="WallySchirra" name="Wally Schirra">
			<country>USA</country>
			<noOfMissions>3</noOfMissions>
		</astronaut>
		<astronaut bornDate="6.3.1927" diedDate="4.10.2004" id="GordonCooper" name="Gordon Cooper">
			<country>USA</country>
			<noOfMissions>2</noOfMissions>
		</astronaut>			
	</astronauts>
	<missions>
		<mission name="Vostok 1">				
			<spaceAgency>OKB-1</spaceAgency>
			<launchDate>12.4.1961</launchDate>
			<landingDate>12.4.1961</landingDate>
			<launchSite>Baikonur</launchSite>
			<crew>
				<crewMember astronautID="YuriGagarin"/>
			</crew>
			<spacecraft name="Vostok 3KA" reusable="no">
				<country>USSR</country>
				<manufacturer>RKK Energiya</manufacturer>
				<firstFlightDate>15.5.1960</firstFlightDate>
				<crewCapacity>1</crewCapacity>
				<mass>4730</mass>
				<modules>
				<module name="Vostok SA">
					<purpose>Reentry module</purpose>
					<mass>2460</mass>
					<dimensions diameter="2.3" length="5"/>
				</module>
				<module name="Vostok PA">
					<purpose>Equipment module</purpose>
					<mass>2270</mass>
					<dimensions diameter="2.43" length="2.25"/>
				</module>
				</modules>
			</spacecraft>
			
			<memo>
				<![CDATA[
				First human spaceflight.
				The craft entered an orbital trajectory but didn't make a full orbit.
				Pilot ejected from the capsule before landing (planned ejection for safety reasons).
				]]>
			</memo>
		<launcher launcherID="_VostokK"/></mission>
		<mission name="Mercury-Redstone 3">
			<spaceAgency>NASA</spaceAgency>
			<launchDate>5.5.1961</launchDate>
			<landingDate>5.5.1961</landingDate>
			<launchSite>Cape Canaveral</launchSite>
			<crew>
				<crewMember astronautID="AlanShepard"/>
			</crew>
			<spacecraft name="Mercury" reusable="no">
				<country>USA</country>
				<manufacturer>McDonnell Aircraft Corporation</manufacturer>
				<firstFlightDate>9.9.1959</firstFlightDate>
				<crewCapacity>1</crewCapacity>
				<mass>1935</mass>
				<modules>
				<module name="Mercury">
					<mass>1935</mass>
					<dimensions diameter="1.89" length="3.51"/>
				</module>
				</modules>
			</spacecraft>
			
			<memo>
				Suborbital flight.
				First landing with a pilot.
				First manual controlled orientation of the spacecraft.
			</memo>
		<launcher launcherID="_MercuryRedstone"/></mission>
		<mission name="Mercury-Redstone 4">
			<spaceAgency>NASA</spaceAgency>
			<launchDate>21.7.1961</launchDate>
			<landingDate>21.7.1961</landingDate>
			<launchSite>Cape Canaveral</launchSite>
			<crew>
				<crewMember astronautID="GusGrissom"/>
			</crew>
			<spacecraft name="Mercury" reusable="no">
				<country>USA</country>
				<manufacturer>McDonnell Aircraft Corporation</manufacturer>
				<firstFlightDate>9.9.1959</firstFlightDate>
				<crewCapacity>1</crewCapacity>
				<mass>1935</mass>
				<modules>
				<module name="Mercury">
					<mass>1935</mass>
					<dimensions diameter="1.89" length="3.51"/>
				</module>
				</modules>
			</spacecraft>
			
			<memo>
				Suborbital flight.
			</memo>			
		<launcher launcherID="_MercuryRedstone"/></mission>			
		<mission name="Vostok 2">
			<spaceAgency>OKB-1</spaceAgency>
			<launchDate>6.8.1961</launchDate>
			<landingDate>7.8.1961</landingDate>
			<launchSite>Baikonur</launchSite>
			<crew>
				<crewMember astronautID="GhermanTitov"/>
			</crew>
			<spacecraft name="Vostok 3KA" reusable="no">
				<country>USSR</country>
				<manufacturer>RKK Energiya</manufacturer>
				<firstFlightDate>15.5.1960</firstFlightDate>
				<crewCapacity>1</crewCapacity>
				<mass>4730</mass>
				<modules>
				<module name="Vostok SA">
					<purpose>Reentry module</purpose>
					<mass>2460</mass>
					<dimensions diameter="2.3" length="5"/>
				</module>
				<module name="Vostok PA">
					<purpose>Equipment module</purpose>
					<mass>2270</mass>
					<dimensions diameter="2.43" length="2.25"/>
				</module>
				</modules>
			</spacecraft>
			
			<memo>
				First orbital flight.
				One day in orbit.
			</memo>		
		<launcher launcherID="_VostokK"/></mission>
		<mission name="Mercury-Atlas 6">
		<spaceAgency>NASA</spaceAgency>
		<launchDate>20.2.1962</launchDate>
		<landingDate>20.2.1962</landingDate>
		<launchSite>Cape Canaveral</launchSite>
		<crew>
			<crewMember astronautID="JohnGlenn"/>
		</crew>
		<spacecraft name="Mercury" reusable="no">
			<country>USA</country>
			<manufacturer>McDonnell Aircraft Corporation</manufacturer>
			<firstFlightDate>9.9.1959</firstFlightDate>
			<crewCapacity>1</crewCapacity>
			<mass>1935</mass>
			<modules>
			<module name="Mercury">
				<mass>1935</mass>
				<dimensions diameter="1.89" length="3.51"/>
			</module>
			</modules>
		</spacecraft>
		
		<memo>
			First landing with a pilot from orbital trajectory.
		</memo>	
		<launcher launcherID="_AtlasLV3B"/></mission>
		<mission name="Mercury-Atlas 7">
			<spaceAgency>NASA</spaceAgency>
			<launchDate>24.5.1962</launchDate>
			<landingDate>24.5.1962</landingDate>
			<launchSite>Cape Canaveral</launchSite>
			<crew>
				<crewMember astronautID="ScottCarpenter"/>
			</crew>
			<spacecraft name="Mercury" reusable="no">
				<country>USA</country>
				<manufacturer>McDonnell Aircraft Corporation</manufacturer>
				<firstFlightDate>9.9.1959</firstFlightDate>
				<crewCapacity>1</crewCapacity>
				<mass>1935</mass>
				<modules>
				<module name="Mercury">
					<mass>1935</mass>
					<dimensions diameter="1.89" length="3.51"/>
				</module>
				</modules>
			</spacecraft>
			
		<launcher launcherID="_AtlasLV3B"/></mission>
		<mission name="Vostok 3">
		<spaceAgency>OKB-1</spaceAgency>
		<launchDate>11.8.1962</launchDate>
		<landingDate>15.8.1962</landingDate>
		<launchSite>Baikonur</launchSite>
		<crew>
			<crewMember astronautID="AndrianNikolayev"/>
		</crew>
		<spacecraft name="Vostok 3KA" reusable="no">
			<country>USSR</country>
			<manufacturer>RKK Energiya</manufacturer>
			<firstFlightDate>15.5.1960</firstFlightDate>
			<crewCapacity>1</crewCapacity>
			<mass>4730</mass>
			<modules>
			<module name="Vostok SA">
				<purpose>Reentry module</purpose>
				<mass>2460</mass>
				<dimensions diameter="2.3" length="5"/>
			</module>
			<module name="Vostok PA">
				<purpose>Equipment module</purpose>
				<mass>2270</mass>
				<dimensions diameter="2.43" length="2.25"/>
			</module>
			</modules>
		</spacecraft>
		
			<memo>
				Two spacecraft in orbit at the same time (with Vostok 4).
			</memo>		
	<launcher launcherID="_VostokK"/></mission>
		<mission name="Vostok 4">
			<spaceAgency>OKB-1</spaceAgency>
			<launchDate>12.8.1962</launchDate>
			<landingDate>15.8.1962</landingDate>
			<launchSite>Baikonur</launchSite>
			<crew>
				<crewMember astronautID="PavelPopovich"/>
			</crew>
			<spacecraft name="Vostok 3KA" reusable="no">
				<country>USSR</country>
				<manufacturer>RKK Energiya</manufacturer>
				<firstFlightDate>15.5.1960</firstFlightDate>
				<crewCapacity>1</crewCapacity>
				<mass>4730</mass>
				<modules>
				<module name="Vostok SA">
					<purpose>Reentry module</purpose>
					<mass>2460</mass>
					<dimensions diameter="2.3" length="5"/>
				</module>
				<module name="Vostok PA">
					<purpose>Equipment module</purpose>
					<mass>2270</mass>
					<dimensions diameter="2.43" length="2.25"/>
				</module>
				</modules>
			</spacecraft>
			
			<memo>
				Two spacecraft in orbit at the same time (with Vostok 3).
			</memo>
		<launcher launcherID="_VostokK"/></mission>
		<mission name="Mercury-Atlas 8">
			<spaceAgency>NASA</spaceAgency>
			<launchDate>3.10.1962</launchDate>
			<landingDate>3.10.1962</landingDate>
			<launchSite>Cape Canaveral</launchSite>
			<crew>
				<crewMember astronautID="WallySchirra"/>
			</crew>
			<spacecraft name="Mercury" reusable="no">
				<country>USA</country>
				<manufacturer>McDonnell Aircraft Corporation</manufacturer>
				<firstFlightDate>9.9.1959</firstFlightDate>
				<crewCapacity>1</crewCapacity>
				<mass>1935</mass>
				<modules>
				<module name="Mercury">
					<mass>1935</mass>
					<dimensions diameter="1.89" length="3.51"/>
				</module>
				</modules>
			</spacecraft>
			
		<launcher launcherID="_AtlasLV3B"/></mission>
		<mission name="Mercury-Atlas 9">
			<spaceAgency>NASA</spaceAgency>
			<launchDate>15.5.1963</launchDate>
			<landingDate>16.5.1963</landingDate>
			<launchSite>Cape Canaveral</launchSite>
			<crew>
				<crewMember astronautID="GordonCooper"/>
			</crew>
			<spacecraft name="Mercury" reusable="no">
				<country>USA</country>
				<manufacturer>McDonnell Aircraft Corporation</manufacturer>
				<firstFlightDate>9.9.1959</firstFlightDate>
				<crewCapacity>1</crewCapacity>
				<mass>1935</mass>
				<modules>
				<module name="Mercury">
					<mass>1935</mass>
					<dimensions diameter="1.89" length="3.51"/>
				</module>
				</modules>
			</spacecraft>
			
		<launcher launcherID="_AtlasLV3B"/></mission>			
	</missions>
<launchers><launcher launcherID="_VostokK" name="Vostok-K">
				<country>USSR</country>
				<manufacturer>OKB-1</manufacturer>
				<firstFlightDate>22.12.1960</firstFlightDate>
				<successRate>84.6</successRate>
				<stages>2</stages>
				<payloadLTO>4730</payloadLTO>
			</launcher><launcher launcherID="_MercuryRedstone" name="Mercury-Redstone">
				<country>USA</country>
				<manufacturer>Chrysler Corporation</manufacturer>
				<firstFlightDate>21.11.1960</firstFlightDate>
				<successRate>83.3</successRate>
				<stages>1</stages>
				<payloadLTO>0</payloadLTO>
			</launcher><launcher launcherID="_AtlasLV3B" name="Atlas LV-3B">
			<country>USA</country>
			<manufacturer>Convair</manufacturer>
			<firstFlightDate>29.7.1960</firstFlightDate>
			<successRate>77.8</successRate>
			<stages>2</stages>
		</launcher></launchers></spaceFlights>