<?xml version="1.0" encoding="UTF-8" standalone="no"?><evidence>
	<datum_vypisu>
		<?php echo Date("d.m.Y")?>
	</datum_vypisu>
	<!-- Doplni aktualni datum, ale informace obsazene v dokumentu k tomuto datu nemusi byt aktualni -->
	<zamestnanci>
		<zamestnanec id="zamestnanec-1">
			<jmeno>Pavel</jmeno>
			<prijmeni>Bro?ek</prijmeni>
			<adresa>
				<ulice>
					<nazev_ulice>47. kv?tna</nazev_ulice>
					<cislo_popisne>32</cislo_popisne>
				</ulice>
				<psc>15000</psc>
				<mesto>Praha 10</mesto>
			</adresa>
			<cislo_uctu>35835832041</cislo_uctu>
		</zamestnanec>
		<zamestnanec id="zamestnanec-2">
			<jmeno>David</jmeno>
			<prijmeni>Nov?k</prijmeni>
			<adresa>
				<ulice>
					<nazev_ulice>Bukovsk?</nazev_ulice>
					<cislo_popisne>10</cislo_popisne>
				</ulice>
				<psc>13500</psc>
				<mesto>Praha 5</mesto>
			</adresa>
			<cislo_uctu>5748379324</cislo_uctu>
		</zamestnanec>
		<zamestnanec id="zamestnanec-3">
			<jmeno>Ji??</jmeno>
			<prijmeni>??ha</prijmeni>
			<adresa>
				<ulice>
					<nazev_ulice>Jeremenkova</nazev_ulice>
					<cislo_popisne>17</cislo_popisne>
				</ulice>
				<psc>12000</psc>
				<mesto>Praha 4</mesto>
			</adresa>
			<cislo_uctu>79342934</cislo_uctu>
		</zamestnanec>
		<zamestnanec id="zamestnanec-4">
			<jmeno>Karel</jmeno>
			<prijmeni>Hromada</prijmeni>
			<adresa>
				<ulice>
					<nazev_ulice>Bud?jovick?</nazev_ulice>
					<cislo_popisne>33</cislo_popisne>
				</ulice>
				<psc>14500</psc>
				<mesto>Praha 4</mesto>
			</adresa>
			<cislo_uctu>3948593279</cislo_uctu>
		</zamestnanec>
		<zamestnanec id="zamestnanec-5">
			<jmeno>Ond?ej</jmeno>
			<prijmeni>Mlad?</prijmeni>
			<adresa>
				<ulice>
					<nazev_ulice>U stromu</nazev_ulice>
					<cislo_popisne>2</cislo_popisne>
				</ulice>
				<psc>13000</psc>
				<mesto>Plze?</mesto>
			</adresa>
			<cislo_uctu>498398439423</cislo_uctu>
		</zamestnanec>
	</zamestnanci>
	<auta>
		<auto id="auto-1" rok_vyroby="2005" spz="3A7 2958" znacka="Skoda"/>
		<auto id="auto-2" rok_vyroby="2008" spz="7S3 6434" znacka="Citroen"/>
		<auto id="auto-3" rok_vyroby="2010" spz="2A6 4687"/>
		<auto id="auto-4" rok_vyroby="2012" spz="7A1 4454" znacka="Ford"/>
	</auta>
	<sluzebni_cesty>
		<sluzebni_cesta id="sluzebni_cesta-1" schvalil="zamestnanec-2" ucel="konference" zamestnanec="zamestnanec-1">
			<pocatek_cesty>
				<misto>Praha</misto>
				<datum>12.1.2012</datum>
			</pocatek_cesty>
			<konec_cesty>
				<misto>Praha</misto>
				<datum>15.1.2012</datum>
			</konec_cesty>
			<mesto>Ostrava</mesto>
			<stat>?R</stat>
			<vyuctovani>
				<jizdne cena="1000" mena="CZK"/>
				<noclezne cena="3000" mena="CZK"/>
				<stravne cena="1000" mena="CZK"/>
				<dalsi_vydaje cena="1500" mena="CZK"/>
			</vyuctovani>
			<shrnuti_cesty>
				Konference na t?ma "Pou?it? NoSQL databaz? p?i ??zen? tlakovodn?ch reaktor? typu VVER" byla velmi z?sadn? pro budouc? sm??ov?n? cel?ho lidstva.
			</shrnuti_cesty>
		</sluzebni_cesta>
		<sluzebni_cesta id="sluzebni_cesta-2" schvalil="zamestnanec-2" ucel="skoleni" zamestnanec="zamestnanec-5">
			<pocatek_cesty>
				<misto>Praha</misto>
				<datum>2.3.2012</datum>
			</pocatek_cesty>
			<konec_cesty>
				<misto>Plze?</misto>
				<datum>3.3.2012</datum>
			</konec_cesty>
			<mesto>Brno</mesto>
			<stat>?R</stat>
			<vyuctovani>
				<jizdne cena="1400" mena="CZK"/>
				<noclezne cena="500" mena="CZK"/>
				<stravne cena="300" mena="CZK"/>
			</vyuctovani>
			<shrnuti_cesty>
				?kolen? na t?ma administrace MongoDB. Pro dopravu bylo pou?ito <auto_ref id="auto-3">slu?ebn? auto</auto_ref>, kter? bylo zanech?no v Plzni.
			</shrnuti_cesty>
		</sluzebni_cesta>
		<sluzebni_cesta id="sluzebni_cesta-3" schvalil="zamestnanec-2" ucel="ostatni" zamestnanec="zamestnanec-5">
			<pocatek_cesty>
				<misto>Plze?</misto>
				<datum>28.3.2012</datum>
			</pocatek_cesty>
			<konec_cesty>
				<misto>Praha</misto>
				<datum>28.3.2012</datum>
			</konec_cesty>
			<mesto>P?sek</mesto>
			<stat>?R</stat>
			<vyuctovani>
				<jizdne cena="600" mena="CZK"/>
				<dalsi_vydaje cena="200" mena="CZK"/>
			</vyuctovani>
			<shrnuti_cesty><auto_ref id="auto-3">Slu?ebn? auto</auto_ref> bylo p?evezeno zp?tky do Prahy.
			</shrnuti_cesty>
		</sluzebni_cesta>
		<sluzebni_cesta id="sluzebni_cesta-4" schvalil="zamestnanec-2" ucel="klient" zamestnanec="zamestnanec-3">
			<pocatek_cesty>
				<misto>Praha</misto>
				<datum>23.8.2012</datum>
			</pocatek_cesty>
			<konec_cesty>
				<misto>Praha</misto>
				<datum>31.8.2012</datum>
			</konec_cesty>
			<mesto>Cadarache</mesto>
			<stat>Francie</stat>
			<zahranicni/>
			<vyuctovani>
				<jizdne cena="500" mena="EUR"/>
				<noclezne cena="650" mena="EUR"/>
				<stravne cena="500" mena="EUR"/>
				<dalsi_vydaje cena="340" mena="EUR"/>
			</vyuctovani>
			<shrnuti_cesty>
				Nasazen? datab?ze OrientDB do ostr?ho provozu pro obsluhu termonukle?rn?ho reaktoru ITER.
			</shrnuti_cesty>
		</sluzebni_cesta>
		<sluzebni_cesta id="sluzebni_cesta-5" schvalil="zamestnanec-2" ucel="ostatni" zamestnanec="zamestnanec-1">
			<pocatek_cesty>
				<misto>Praha</misto>
				<datum>12.12.2012</datum>
			</pocatek_cesty>
			<konec_cesty>
				<misto>Praha</misto>
				<datum>12.12.2012</datum>
			</konec_cesty>
			<mesto>Ji??n</mesto>
			<stat>?R</stat>
			<vyuctovani>
				<jizdne cena="800" mena="CZK"/>
				<stravne cena="200" mena="CZK"/>
				<dalsi_vydaje cena="300" mena="CZK"/>
			</vyuctovani>
			<shrnuti_cesty>
				Objedn?n? v?roby reklamn?ch transparent? s n?pisem "??eskomoravsk?? spole??nost pro ??????en?? NoSQL datab??z?? do jadern??ch elektr??ren s. r. o." velikosti 2mx4m v po?tu 250 kus?, ka?d? za 500 K?. Celkov? cena byla <![CDATA[ document.writeln(250*500); ]]>
			</shrnuti_cesty>
		</sluzebni_cesta>
		
		
		<sluzebni_cesta id="sluzebni_cesta-8" schvalil="zamestnanec-2" ucel="ostatni" zamestnanec="zamestnanec-2">
			<pocatek_cesty>
				<misto>Praha</misto>
				<datum>17.6.2013</datum>
			</pocatek_cesty>
			<konec_cesty>
				<misto>Praha</misto>
				<datum>19.6.2013</datum>
			</konec_cesty>
			<mesto>Brno</mesto>
			<stat>?R</stat>
			<vyuctovani>
				<jizdne cena="1500" mena="CZK"/>
				<noclezne cena="3000" mena="CZK"/>
				<stravne cena="1800" mena="CZK"/>
				<dalsi_vydaje cena="2000" mena="CZK"/>
			</vyuctovani>
			<shrnuti_cesty>
				S?rie prezentac? na Brn?nsk?ch vysok?ch ?kol?ch za ??elem nabr?n? dal??ch zam?stnanc? do ??eskomoravsk?? spole??nost pro ??????en?? NoSQL datab??z?? do jadern??ch elektr??ren s. r. o.. Bylo pou?ito <auto_ref id="auto-4">slu?ebn? auto</auto_ref>
			</shrnuti_cesty>
		</sluzebni_cesta>
		<sluzebni_cesta id="sluzebni_cesta-9" schvalil="zamestnanec-2" ucel="klient" zamestnanec="zamestnanec-1">
			<pocatek_cesty>
				<misto>Praha</misto>
				<datum>24.12.2013</datum>
			</pocatek_cesty>
			<konec_cesty>
				<misto>Praha</misto>
				<datum>26.12.2013</datum>
			</konec_cesty>
			<mesto>Jaslovsk? Bohunice</mesto>
			<stat>Slovensk? republika</stat>
			<zahranicni/>
			<vyuctovani>
				<jizdne cena="150" mena="EUR"/>
				<noclezne cena="70" mena="EUR"/>
				<stravne cena="60" mena="CZK"/>
				<dalsi_vydaje cena="55" mena="CZK"/>
			</vyuctovani>
			<shrnuti_cesty>
				?e?en? neo?ek?v?n?ho probl?mu v datab?zi, kter? vedl k hav?rii stupn? 6 (t??k? hav?rie) podle mezin?rodn? stupnice jadern?ch ud?lost?. Byla nahr?na z?loha datab?ze, na p???inu probl?mu se nep?i?lo, snad u? se probl?m nebude opakovat.
			</shrnuti_cesty>
		</sluzebni_cesta>
		<sluzebni_cesta id="sluzebni_cesta-10" schvalil="zamestnanec-2" ucel="konference" zamestnanec="zamestnanec-1">
			<pocatek_cesty>
				<misto>Praha</misto>
				<datum>12.1.2014</datum>
			</pocatek_cesty>
			<konec_cesty>
				<misto>Praha</misto>
				<datum>19.1.2014</datum>
			</konec_cesty>
			<mesto>Berl?n</mesto>
			<stat>N?mecko</stat>
			<zahranicni/>
			<vyuctovani>
				<jizdne cena="140" mena="EUR"/>
				<noclezne cena="540" mena="EUR"/>
				<stravne cena="320" mena="EUR"/>
				<dalsi_vydaje cena="500" mena="EUR"/>
			</vyuctovani>
			<shrnuti_cesty>
				Konference na t?ma "Jak p?edch?zet hav?ri?m jadern?ch elektr?ren zp?soben?ch probl?mem v datab?zi".
			</shrnuti_cesty>
		</sluzebni_cesta>
		<sluzebni_cesta id="sluzebni_cesta-11" schvalil="zamestnanec-2" ucel="klient" zamestnanec="zamestnanec-4">
			<pocatek_cesty>
				<misto>Praha</misto>
				<datum>23.1.2014</datum>
			</pocatek_cesty>
			<konec_cesty>
				<misto>Praha</misto>
				<datum>30.1.2014</datum>
			</konec_cesty>
			<mesto>Fuku?ima</mesto>
			<stat>Japonsko</stat>
      <zahranicni/>
			<vyuctovani>
				<jizdne cena="160000" mena="JPY"/>
				<noclezne cena="80000" mena="JPY"/>
				<stravne cena="75000" mena="JPY"/>
				<dalsi_vydaje cena="140000" mena="JPY"/>
			</vyuctovani>
			<shrnuti_cesty>
				Jedn?n? o zaveden? datab?ze MongoDB do kritick?ch ??st? elektr?rny Fuku?ima.
			</shrnuti_cesty>
		</sluzebni_cesta>
	<sluzebni_cesta id="sluzebni_cesta-12" schvalil="zamestnanec-2" ucel="klient" zamestnanec="zamestnanec-1"><pocatek_cesty><misto>Praha</misto><datum>5.2.2014</datum></pocatek_cesty><konec_cesty><misto>Praha</misto><datum>7.2.2014</datum></konec_cesty><mesto>Temelin</mesto><stat>CR</stat><vyuctovani><jizdne cena="1300" mena="CZK"/><noclezne cena="2000" mena="CZK"/><stravne cena="1400" mena="CZK"/><dalsi_vydaje cena="700" mena="CZK"/></vyuctovani><shrnuti_cesty>Oprava turbiny.</shrnuti_cesty></sluzebni_cesta></sluzebni_cesty>
</evidence>