<?xml version="1.0" encoding="UTF-8" standalone="no"?><?xml-stylesheet href="prey4hunt_list.xsl" type="text/xsl"?>
<!-- List of all players signed up for a game including administrator --><game xmlns:xsi="http://www.w3.org/2001/XMLSchema-instance" city="Prague" date_from="12-01-2013" date_to="12-04-2013" id="g1" info="More info at web MICHAL SVACHA" player_limit="100" xsi:noNamespaceSchemaLocation="data.xsd">
	
	<!-- Administrator that takes care of the whole game -->
	<administrator email="bob@gmail.com" nickname="Bob"><adm_nickname>Bob</adm_nickname>
		<adm_name first_name="Jan" last_name="Vomacka">
			
			
		</adm_name>
		<adm_address>
			<adm_city>Prague</adm_city>
			<adm_country code="CZ">Czech Republic</adm_country>
		</adm_address>
		
	</administrator>
	<!-- Single player -->
	<player gender="male" id="p1">
		<identity_info>
			<nickname>Petan</nickname>
			<name>
				<first_name>Petr</first_name>
				<last_name>Novak</last_name>
			</name>
			<age>34</age>
			<address>
				<street>Truhlarska 8</street>
				<city>Prague</city>
				<zip_code>14000</zip_code>
				<country code="CZ">Czech Republic</country>
			</address>
			<email provider="seznam">petrnovak@seznam.cz</email>
			
		</identity_info>
		<target_player id_ref="p2"><tp_name>Jan Blaha</tp_name></target_player>
	</player>
		<!-- Single player -->
	<player gender="male" id="p2">
		<identity_info>
			<nickname>Hondzik</nickname>
			<name>
				<first_name>Jan</first_name>
				<last_name>Blaha</last_name>
			</name>
			<age>23</age>
			<address>
				<street>Thakurova 9</street>
				<city>Prague</city>
				<zip_code>16700</zip_code>
				<country code="CZ">Czech Republic</country>
			</address>
			<email>blaha@gmail.com</email>
			
		</identity_info>
		<target_player id_ref="p3"><tp_name>Stanislav Svoboda</tp_name></target_player>
	</player>
		<!-- Single player -->
	<player gender="male" id="p3">
		<identity_info>
			<nickname>Standa</nickname>
			<name>
				<first_name>Stanislav</first_name>
				<last_name>Svoboda</last_name>
			</name>
			<age>30</age>
			<address>
				
				
				
				<country code="CZ">Czech Republic</country>
			</address>
			<email provider="upc">standa567@upc.cz</email>
			
		</identity_info>
		<target_player id_ref="p4"><tp_name>Jana Prochazkova</tp_name></target_player>
	</player>
		<!-- Single player -->
	<player gender="female" id="p4">
		<identity_info>
			<nickname>Janicka</nickname>
			<name>
				<first_name>Jana</first_name>
				<last_name>Prochazkova</last_name>
			</name>
			<age>18</age>
			<address>
				
				
				
				<country code="CZ">Czech Republic</country>
			</address>
			<email>janicka@live.com</email>
			
		</identity_info>
		<target_player id_ref="p5"><tp_name>Jaroslav Novy</tp_name></target_player>
	</player>
		<!-- Single player -->
	<player gender="male" id="p5">
		<identity_info>
			<nickname>Jara</nickname>
			<name>
				<first_name>Jaroslav</first_name>
				<last_name>Novy</last_name>
			</name>
			<age>21</age>
			<address>
				
				
				
				<country code="CZ">Czech Republic</country>
			</address>
			<email>jarin@altavista.com</email>
			
		</identity_info>
		<target_player id_ref="p6"><tp_name>Josef Chytry</tp_name></target_player>
	</player>
		<!-- Single player -->
	<player gender="male" id="p6">
		<identity_info>
			<nickname>Pepan</nickname>
			<name>
				<first_name>Josef</first_name>
				<last_name>Chytry</last_name>
			</name>
			<age>33</age>
			<address>
				
				
				
				<country code="CZ">Czech Republic</country>
			</address>
			<email>pepicek1@yahoo.com</email>
			
		</identity_info>
		<target_player id_ref="p7"><tp_name>Michaela Nedvedova</tp_name></target_player>
	</player>
		<!-- Single player -->
	<player gender="female" id="p7">
		<identity_info>
			<nickname>Misulka</nickname>
			<name>
				<first_name>Michaela</first_name>
				<last_name>Nedvedova</last_name>
			</name>
			<age>26</age>
			<address>
				
				
				
				<country code="CZ">Czech Republic</country>
			</address>
			<email>nedvedovka@seznam.cz</email>
			
		</identity_info>
		<target_player id_ref="p8"><tp_name>Stanislav Vidlicka</tp_name></target_player>
	</player>
		<!-- Single player -->
	<player gender="male" id="p8">
		<identity_info>
			<nickname>Snajpr</nickname>
			<name>
				<first_name>Stanislav</first_name>
				<last_name>Vidlicka</last_name>
			</name>
			<age>56</age>
			<address>
				
				
				
				<country code="CZ">Czech Republic</country>
			</address>
			<email>slavek@seznam.cz</email>
			
		</identity_info>
		<target_player id_ref="p9"><tp_name>Jan Hloupy</tp_name></target_player>
	</player>
		<!-- Single player -->
	<player gender="male" id="p9">
		<identity_info>
			<nickname>Boreczech</nickname>
			<name>
				<first_name>Jan</first_name>
				<last_name>Hloupy</last_name>
			</name>
			<age>19</age>
			<address>
				
				
				
				<country code="CZ">Czech Republic</country>
			</address>
			<email>hlupacek@yahoo.com</email>
			
		</identity_info>
		<target_player id_ref="p10"><tp_name>Mirka Brizova</tp_name></target_player>
	</player>
		<!-- Single player -->
	<player gender="female" id="p10">
		<identity_info>
			<nickname>Miri</nickname>
			<name>
				<first_name>Mirka</first_name>
				<last_name>Brizova</last_name>
			</name>
			<age>34</age>
			<address>
				
				
				
				<country code="CZ">Czech Republic</country>
			</address>
			<email>mirka@seznam.cz</email>
			
		</identity_info>
		<target_player id_ref="p1"><tp_name>Petr Novak</tp_name></target_player>
	</player>
</game>