<?xml version="1.0" encoding="UTF-8" standalone="no"?><DatabazeFilmu xmlns:xsi="http://www.w3.org/2001/XMLSchema-instance" xsi:noNamespaceSchemaLocation="homework3.xsd">
    
        <!-- nasleduje vycet FILMU -->
     
  <seznamFilmu>   
    <film id="idf_1" nazev="I Robot">
        <ucinkuji>
            <ucinkuje id="idh_1"/>
            <ucinkuje id="idh_2"/>
        </ucinkuji>    
        <rok>1990</rok>
        <reziser jmeno="Alex Pryas"/>
        <zanr>Sci-fi</zanr>
        <delka>94</delka>

    <rozpocet>hodnota neni znama</rozpocet></film>

    <film id="idf_2" nazev="Star Wars">
        <ucinkuji>
            <ucinkuje id="idh_2"/>
            <ucinkuje id="idh_3"/>
        </ucinkuji>
        <rok>1982</rok>
        <reziser jmeno="Stephen Spielberg"/>
        <zanr>Sci-fi</zanr>
        <zeme>USA</zeme>
        <delka>106</delka>
        <hodnoceni>95%</hodnoceni>
        <rozpocet>95000000</rozpocet>
        <vydelek>230000000</vydelek>
        <obsah>Epicke vypraveni z galaxie far,far away</obsah>
    
    </film>

    <film id="idf_3" nazev="The Cube">
        <ucinkuji>
            <ucinkuje id="idh_1"/>
        </ucinkuji>    
        <rok>1995</rok>
        <reziser jmeno="Vincenzo Natali"/>
        <zanr>Thriller</zanr>
        <delka>120</delka>
    <rozpocet>hodnota neni znama</rozpocet></film>
 </seznamFilmu>

        <!-- nasleduje vycet HERCU -->
 <seznamHercu>
    <herec hid="idh_1" jmeno="Robert De Niro">
        <adresa>
            <stat>Uzbekistan</stat>
            <mesto>Los Angeles</mesto>
            <PSC>27000</PSC>
            <ulice>Rimmanova</ulice>
        </adresa>
        <datumNarozeni>24.5.1980</datumNarozeni>
        <vyska jednotka="cm">198</vyska>
        <obdrzeneCeny>
            <hlavniRole>
                <vKomercnimFilmu>Zabijak z predmesti</vKomercnimFilmu>
                <vNezavislemFilmu>Jedna noha netleska</vNezavislemFilmu>
            </hlavniRole>
            <vedlejsiRole>
                <vKomercnimFilmu>Dve nohy a pes</vKomercnimFilmu>
                <vNezavislemFilmu>Dve nohy v ceste</vNezavislemFilmu>                
            </vedlejsiRole>
        </obdrzeneCeny>
    <pohlavi>muz</pohlavi></herec>

    <herec hid="idh_2" jmeno="Keanu Reeves">
        <adresa>
            <stat>Gruzie</stat>
            <mesto>Brno</mesto>
            <PSC>13000</PSC>
            <ulice>Adlerstrasse</ulice>
        </adresa>
        <datumNarozeni>24.8.1982</datumNarozeni>
        <vyska>179</vyska>
    <pohlavi>muz</pohlavi></herec>

    <herec hid="idh_3" jmeno="Nice Kidman">
        <adresa>
            <stat>Ceska Republika</stat>
            <mesto>Pragl</mesto>
            <PSC>15000</PSC>
            <ulice>Ceskobratrska</ulice>
        </adresa>
        <datumNarozeni>24.9.1960</datumNarozeni>
        <vyska jednotka="cm">170</vyska>
        <webpodpis><![CDATA[
                document.writeln("<font color="blue">Jsem strasna frajerka<p>Nicole Kidman</p></font>");
            ]]>
        </webpodpis>
    <pohlavi>zena</pohlavi></herec>
 </seznamHercu>

<aktualniDatum><?php echo Date("d.m.Y")?></aktualniDatum>
</DatabazeFilmu>