<?xml version="1.0" encoding="utf-8" standalone="no"?><knihovna>
  
<vypujcky>
    
  <vypujcka><stav>pujceno</stav><signatura>t1k1</signatura><ctenar>c2</ctenar>
    <poznamka>.
      <ctenar><cislo>c2</cislo></ctenar> ?ten??em <titul><kod>t1</kod></titul> titulu <exemplar><signatura>t1k1</signatura></exemplar>
        Zap?j?ena kniha </poznamka>
      <pujceno>2012-03-01</pujceno>
      </vypujcka>
    
    <vypujcka><stav>vraceno</stav><signatura>t3k4</signatura><ctenar>c1</ctenar>
    <vraceno>2012-03-05</vraceno>
      <pujceno>2012-03-01</pujceno>
      </vypujcka>
    
    <vypujcka><stav>pujceno</stav><signatura>t4c1</signatura><ctenar>c2</ctenar>
    <poznamka>.
      <ctenar><cislo>c2</cislo></ctenar> ?ten??em <titul><kod>t4</kod></titul> titulu <exemplar><signatura>t4c1</signatura></exemplar>
        Zap?j?eno CD </poznamka>
      <pujceno>2012-02-11</pujceno>
      </vypujcka>
    
    <vypujcka><stav>vraceno</stav><signatura>t1k1</signatura><ctenar>c2</ctenar>
    <vraceno>2012-02-27</vraceno>
      <pujceno>2012-01-07</pujceno>
      </vypujcka>
    
    <vypujcka><stav>vraceno</stav><signatura>t3k4</signatura><ctenar>c2</ctenar>
    <vraceno>2012-02-29</vraceno>
      <pujceno>2012-01-07</pujceno>
      </vypujcka>

    <vypujcka><stav>vraceno</stav><signatura>t1k1</signatura><ctenar>c1</ctenar>
    <poznamka>.
      <ctenar><cislo>c1</cislo></ctenar> ?ten??em <titul><kod>t1</kod></titul> titulu <exemplar><signatura>t1k1</signatura></exemplar>
        Zap?j?ena kniha </poznamka>
      <vraceno>2011-08-10</vraceno>
      <pujceno>2011-08-15</pujceno>
      </vypujcka>

    </vypujcky>
  
  <ctenari>
    
  <ctenar><cislo>c3</cislo>
    <telefon>251314728</telefon>
      <email>lukas@email.cz</email>
      <rc>900909/2233</rc>
      <bydliste>
      <psc>14000</psc>
        <obec>Praha</obec>
        <cp>1024</cp>
        <ulice>V?t?zn?</ulice>
        </bydliste>
      <prijmeni>Vn?mav?</prijmeni>
      <jmeno>Luk??</jmeno>
      </ctenar>

    <ctenar><cislo>c2</cislo>
    <telefon>800123456</telefon>
      <email>v.ctiva@email.cz</email>
      <email>veronika@email.cz</email>
      <rc>955501/4321</rc>
      <bydliste>
      <cp>1</cp>
        <ulice>Hlavn?</ulice>
        <psc>12116</psc>
        <obec>Praha</obec>
        </bydliste>
      <prijmeni>?tiv?</prijmeni>
      <jmeno>Veronika</jmeno>
      </ctenar>

    <ctenar><cislo>c1</cislo>
    <mobil>723123456</mobil>
      <email>karel88@email.cz</email>
      <rc>881122/1234</rc>
      <bydliste>
      <psc>18000</psc>
        <obec>Praha</obec>
        <cp>15</cp>
        <ulice>?ten??sk?</ulice>
        </bydliste>
      <prijmeni>Zv?dav?</prijmeni>
      <jmeno>Karel</jmeno>
      </ctenar>
    
    </ctenari>
  
  <tituly>
    
  <titul><zanry>kucha?ka u?ebnice</zanry><kod>t4</kod><jazyk>en</jazyk>
    <exemplare>
      <cd><signatura>t4c2</signatura><delka>45</delka></cd>
        <cd><signatura>t4c1</signatura><delka>45</delka></cd>
        </exemplare>
      <rok>2010</rok>
      <nazev>Interactive Cooking</nazev>
      </titul>

    <titul><zanry>u?ebnice</zanry><kod>t3</kod><jazyk>cs</jazyk>
    <exemplare>
      <kniha><signatura>t3k4</signatura><stran>50</stran></kniha>
        <kniha><signatura>t3k3</signatura><stran>50</stran></kniha>
        <kniha><signatura>t3k2</signatura><stran>75</stran></kniha>
        <kniha><signatura>t3k1</signatura><stran>75</stran></kniha>
        </exemplare>
      <autor><prijmeni>Hodn?</prijmeni><jmeno>Jan</jmeno></autor>
      <autor><prijmeni>Pe?liv?</prijmeni><jmeno>Alena</jmeno></autor>
      <rok>1999</rok>
      <nazev>Moje ??tanka</nazev>
      </titul>

    <titul><zanry>kucha?ka</zanry><kod>t2</kod><jazyk>cs</jazyk>
    <exemplare>
      </exemplare>
      <autor><prijmeni>Soute?iv?</prijmeni><jmeno>Petra</jmeno></autor>
      <rok>2005</rok>
      <nazev>Nejlep?? recepty</nazev>
      </titul>

    <titul><zanry>detektivka</zanry><kod>t1</kod><jazyk>en</jazyk>
    <exemplare>
      <kniha><signatura>t1k2</signatura><stran>150</stran></kniha>
        <cd><signatura>t1c1</signatura><delka>90</delka></cd>
        <kniha><signatura>t1k1</signatura><stran>150</stran></kniha>
        </exemplare>
      <upoutavka/>
      <autor><prijmeni>Funny</prijmeni><jmeno>Peter</jmeno></autor>
      <autor><prijmeni>Strange</prijmeni><jmeno>John</jmeno></autor>
      <rok>1990</rok>
      <nazev>Dramatic Story</nazev>
      </titul>
    
    </tituly>
  
  </knihovna>