<?xml version="1.0" encoding="UTF-8" standalone="no"?><!--Database of studios that develope video games.--><GameStudios>
	
	
	
	
	
	
<GameStudio>
		
		
		
		
	<CEO>BIO_EM_ID_1</CEO><Contacts>
			 
			
			
		<Address>
				
				
				
			<City>Edmonton AB</City><Country>Canada T6H 5R7</Country><Street>Calgary Trail NW<Number>4445</Number></Street></Address><Email>contact@bioware.com</Email><PhoneNumber><Number>780-430-164</Number></PhoneNumber></Contacts><Employees>
		
		
			
		<CurrentEmployees>
		
			
			
			
			
		<Employee>
				
				
				
				
			<Contacts>
					
					
				<Address>
						
						
						
						
					<City>Montreal</City><Country>Canada</Country><PostalCode><Code>7773</Code></PostalCode><Street>Borroughs<Number>22</Number></Street></Address><PhoneNumber><Number>111222333</Number></PhoneNumber></Contacts><ID>BIO_EM_ID_1</ID><Knowledge>
					
					
					
					
				<ApplicationKnowledge><Application><Level>Advanced</Level><Name>Microsoft Office</Name></Application></ApplicationKnowledge><LanguageKnowledge><Language><Name>English</Name></Language><Language><Name>French</Name></Language></LanguageKnowledge><ProgrammingLanguageKnowledge><ProgrammingLanguage><Language>C++</Language><Level>Advanced</Level></ProgrammingLanguage></ProgrammingLanguageKnowledge></Knowledge><Name>
					
					
				<Firstname>Ray</Firstname><Surname>Muzyka</Surname></Name><Position>CEO</Position></Employee><Employee>
				
				
				
				
			<Contacts>
					
					
				<Address>
						
						
						
						
					<City>Ottawa</City><Country>Canada</Country><PostalCode><Code>3341</Code></PostalCode><Street>Oak Street<Number>77</Number></Street></Address><PhoneNumber><Number>321784526</Number></PhoneNumber></Contacts><ID>BIO_EM_ID_2</ID><Knowledge>
					
					
					
					
					
					
					
				<ApplicationKnowledge><Application><Level>Advanced</Level><Name>Microsoft Office</Name></Application><Application><Level>Advanced</Level><Name>Microsoft Visual Studio 2010</Name></Application></ApplicationKnowledge><LanguageKnowledge><Language><Name>English</Name></Language><Language><Name>French</Name></Language></LanguageKnowledge><ProgrammingLanguageKnowledge><ProgrammingLanguage><Language>C++</Language><Level>Advanced</Level></ProgrammingLanguage><ProgrammingLanguage><Language>C#</Language><Level>Advanced</Level></ProgrammingLanguage><ProgrammingLanguage><Language>Java</Language><Level>Advanced</Level></ProgrammingLanguage></ProgrammingLanguageKnowledge></Knowledge><Name>
					
					
				<Firstname>John</Firstname><Surname>Ohlen</Surname></Name><Position>Designer</Position></Employee><Employee>
				
				
				
				
			<Contacts>
					
					
				<Address>
						
						
						
						
					<City>Montreal</City><Country>Canada</Country><PostalCode><Code>3378</Code></PostalCode><Street>High End<Number>12</Number></Street></Address><PhoneNumber><Number>669778521</Number></PhoneNumber></Contacts><ID>BIO_EM_ID_3</ID><Knowledge>
					
					
					
					
					
					
					
					
				<ApplicationKnowledge><Application><Level>Advanced</Level><Name>Microsoft Office</Name></Application><Application><Level>Advanced</Level><Name>Microsoft Visual Studio 2010</Name></Application></ApplicationKnowledge><LanguageKnowledge><Language><Name>English</Name></Language><Language><Name>French</Name></Language></LanguageKnowledge><ProgrammingLanguageKnowledge><ProgrammingLanguage><Language>C++</Language><Level>Advanced</Level></ProgrammingLanguage><ProgrammingLanguage><Language>C#</Language><Level>Advanced</Level></ProgrammingLanguage><ProgrammingLanguage><Language>Java</Language><Level>Advanced</Level></ProgrammingLanguage><ProgrammingLanguage><Language>PHP</Language><Level>Intermediate</Level></ProgrammingLanguage></ProgrammingLanguageKnowledge></Knowledge><Name>
					
					
				<Firstname>David</Firstname><Surname>Gaidier</Surname></Name><Position>Programmer</Position></Employee><Employee>
				
				
				
				
			<Contacts>
					
					
				<Address>
						
						
						
						
					<City>Toronto</City><Country>Canada</Country><PostalCode><Code>1234</Code></PostalCode><Street>Sesame<Number>787</Number></Street></Address><PhoneNumber><Number>124777562</Number></PhoneNumber></Contacts><ID>BIO_EM_ID_4</ID><Knowledge>
					
					
					
					
					
					
				<ApplicationKnowledge><Application><Level>Advanced</Level><Name>Microsoft Office</Name></Application><Application><Level>Advanced</Level><Name>Microsoft Visual Studio 2010</Name></Application></ApplicationKnowledge><LanguageKnowledge><Language><Name>English</Name></Language><Language><Name>French</Name></Language></LanguageKnowledge><ProgrammingLanguageKnowledge><ProgrammingLanguage><Language>C++</Language><Level>Advanced</Level></ProgrammingLanguage><ProgrammingLanguage><Language>C#</Language><Level>Advanced</Level></ProgrammingLanguage></ProgrammingLanguageKnowledge></Knowledge><Name>
					
					
				<Firstname>David</Firstname><Surname>Falkner</Surname></Name><Position>Lead programmer</Position></Employee><Employee>
				
				
				
				
			<Contacts>
					
					
					
				<Address>
						
						
						
						
					<City>Ottawa</City><Country>Canada</Country><PostalCode><Code>2477</Code></PostalCode><Street>Lumber Street<Number>798</Number></Street></Address><Email>MBrock@gmail.com</Email><PhoneNumber><Number>667889537</Number></PhoneNumber></Contacts><ID>BIO_EM_ID_5</ID><Knowledge>
					
					
					
				<LanguageKnowledge><Language><Name>English</Name></Language><Language><Name>French</Name></Language></LanguageKnowledge><ProgrammingLanguageKnowledge><ProgrammingLanguage><Language>C#</Language><Level>Advanced</Level></ProgrammingLanguage></ProgrammingLanguageKnowledge></Knowledge><Name>
					
					
				<Firstname>Mark</Firstname><Surname>Brockington</Surname></Name><Position>Designer</Position></Employee></CurrentEmployees><Ex-employees>
			
			
		<Employee>
				
				
				
				
			<Contacts>
					
					
				<Address>
						
						
						
						
					<City>Westfield</City><Country>USA</Country><PostalCode><Code>3352</Code></PostalCode><Street>Bloom Street<Number>988</Number></Street></Address><PhoneNumber><Number>777999888</Number></PhoneNumber></Contacts><ID>BIO_EXEM_ID_1</ID><Knowledge>
					
					
					
					
					
				<ApplicationKnowledge><Application><Level>Advanced</Level><Name>Microsoft Office</Name></Application><Application><Level>Advanced</Level><Name>Microsoft Visual Studio 2010</Name></Application></ApplicationKnowledge><LanguageKnowledge><Language><Name>English</Name></Language></LanguageKnowledge><ProgrammingLanguageKnowledge><ProgrammingLanguage><Language>C++</Language><Level>Advanced</Level></ProgrammingLanguage><ProgrammingLanguage><Language>C#</Language><Level>Advanced</Level></ProgrammingLanguage></ProgrammingLanguageKnowledge></Knowledge><Name>
					
					
				<Firstname>John</Firstname><Surname>Winsky</Surname></Name><Position>Programmer, Designer</Position></Employee><Employee>
				
				
				
				
			<Contacts>
					
					
				<Address>
						
						
						
						
					<City/><Country>USA</Country><PostalCode><Code>2177</Code></PostalCode><Street>Angle Street<Number>338</Number></Street></Address><PhoneNumber><Number>121474669</Number></PhoneNumber></Contacts><ID>BIO_EXEM_ID_2</ID><Knowledge>
					
					
				<LanguageKnowledge><Language><Name>English</Name></Language></LanguageKnowledge><ProgrammingLanguageKnowledge><ProgrammingLanguage><Language>C++</Language><Level>Advanced</Level></ProgrammingLanguage></ProgrammingLanguageKnowledge></Knowledge><Name>
					
					
				<Firstname>Patrick</Firstname><Surname>Winsky</Surname></Name><Position>Programmer, designer</Position></Employee></Ex-employees></Employees><Games>
			
			
			
			
			
			
			
			
			
			
			
		<Game>
				
				
				
				
			<Designers>BIO_EXEM_ID_1 BIO_EXEM_ID_2</Designers><Developers>
					
					
					
				<Developer>Ray Muzyka</Developer><Developer>John Winsky</Developer><Developer>David Falkner</Developer></Developers><Engine>Proprietary engine</Engine><Genres>
					
					
				<Genre><GameGenre>Action</GameGenre></Genre><Genre><GameGenre>Simulation</GameGenre></Genre></Genres><ID>BIO_G_ID_1</ID><LeadProgrammer>BIO_EXEM_ID_2</LeadProgrammer><Name>Shattered Steel</Name><Platforms>
					
					
				<Platform>
						MS-DOS
					</Platform><Platform>Mac OS</Platform></Platforms><ReleaseDates>
					
				<ReleaseDate>
						
					<Date>
							
							
							
						<Day>30</Day><Month>9</Month><Year>1996</Year></Date><Location>North America</Location></ReleaseDate></ReleaseDates></Game><Game>
				
				
				
				
				
			<Designers>BIO_EM_ID_2</Designers><Developers>
					
					
					
					
				<Developer>Ray Muzyka</Developer><Developer>John Winsky</Developer><Developer>David Gaidier</Developer><Developer>David Falkner</Developer></Developers><Engine>Infinity Engine</Engine><Genres>
					
				<Genre><GameGenre>RPG</GameGenre></Genre></Genres><ID>BIO_G_ID_2</ID><Name>Baldur's Gate</Name><Platforms>
					
					
				<Platform>Microsoft Windows</Platform><Platform>Mac OS</Platform></Platforms><ReleaseDates>
					
				<ReleaseDate>
						
					<Date>
							
							
							
						<Day>30</Day><Month>11</Month><Year>1998</Year></Date></ReleaseDate></ReleaseDates></Game><Game>
				
				
				
				
				
			<Designers>BIO_EM_ID_1 BIO_EM_ID_2</Designers><Developers>
					
					
					
					
				<Developer>Ray Muzyka</Developer><Developer>John Winsky</Developer><Developer>David Gaidier</Developer><Developer>David Falkner</Developer></Developers><Engine>Infinity Engine</Engine><Genres>
					
				<Genre><GameGenre>RPG</GameGenre></Genre></Genres><ID>BIO_G_ID_3</ID><LeadProgrammer>BIO_EXEM_ID_2</LeadProgrammer><Name>Baldur's Gate: Tales of the Sword Coast</Name><Platforms>
					
					
				<Platform>Microsoft Windows</Platform><Platform>Mac OS</Platform></Platforms><ReleaseDates>
					
				<ReleaseDate>
						
					<Date>
							
							
							
						<Day>30</Day><Month>4</Month><Year>1999</Year></Date></ReleaseDate></ReleaseDates></Game><Game>
				
				
				
				
				
			<Developers>
					
					
					
				<Developer>John Ohlen</Developer><Developer>John Winsky</Developer><Developer>David Gaidier</Developer></Developers><Engine>Omega Engine</Engine><Genres>
					
				<Genre><GameGenre>Shooter</GameGenre></Genre></Genres><ID>BIO_G_ID_4</ID><Name>MDK2</Name><Platforms>
					
					
					
					
				<Platform>Microsoft Windows</Platform><Platform>Playstation 2</Platform><Platform>Dreamcast</Platform><Platform>Wii</Platform></Platforms><ReleaseDates>
					
					
					
					
					
					
				<ReleaseDate>
						
					<Date>
							
							
							
						<Day>31</Day><Month>3</Month><Year>2000</Year></Date><Platform>Dreamcast</Platform></ReleaseDate><ReleaseDate>
						
					<Date>
							
							
							
						<Day>31</Day><Month>5</Month><Year>2000</Year></Date><Location>North America</Location><Platform>Microsoft Windows</Platform></ReleaseDate><ReleaseDate>
						
					<Date>
							
							
							
						<Day>9</Day><Month>7</Month><Year>2000</Year></Date><Location>Europe</Location><Platform>Microsoft Windows</Platform></ReleaseDate><ReleaseDate>
						
					<Date>
							
							
							
						<Day>26</Day><Month>3</Month><Year>2001</Year></Date><Location>North America</Location><Platform>Playstation 2</Platform></ReleaseDate><ReleaseDate>
						
					<Date>
							
							
							
						<Day>26</Day><Month>5</Month><Year>2001</Year></Date><Location>Europe</Location><Platform>Playstation 2</Platform></ReleaseDate><ReleaseDate>
						
					<Date>
							
							
							
						<Day>9</Day><Month>5</Month><Year>2011</Year></Date><Platform>Wii</Platform></ReleaseDate></ReleaseDates></Game><Game>
				
				
				
				
				
			<Designers>BIO_EM_ID_2 BIO_EM_ID_3</Designers><Developers>
					
					
					
				<Developer>Ray Muzyka</Developer><Developer>John Winsky</Developer><Developer>Mark Brockington</Developer></Developers><Engine>Infinity Engine</Engine><Genres>
					
				<Genre><GameGenre>RPG</GameGenre></Genre></Genres><ID>BIO_G_ID_5</ID><Name>Baldur's Gate II: Shadows of Amn</Name><Platforms>
					
					
				<Platform>Microsoft Windows</Platform><Platform>Mac OS</Platform></Platforms><ReleaseDates>
					
				<ReleaseDate>
						
					<Date>
							
							
							
						<Day>24</Day><Month>9</Month><Year>2000</Year></Date></ReleaseDate></ReleaseDates></Game><Game>
				
				
				
				
				
			<Designers>BIO_EM_ID_2 BIO_EM_ID_3</Designers><Developers>
					
				<Developer>Ray Muzyka</Developer></Developers><Engine>Infinity Engine</Engine><Genres>
					
				<Genre><GameGenre>RPG</GameGenre></Genre></Genres><ID>BIO_G_ID_6</ID><Name>Baldur's Gate II: Throne of Bhaal</Name><Platforms>
					
					
				<Platform>Microsoft Windows</Platform><Platform>Mac OS</Platform></Platforms><ReleaseDates>
					
				<ReleaseDate>
						
					<Date>
							
							
							
						<Day>21</Day><Month>6</Month><Year>2001</Year></Date></ReleaseDate></ReleaseDates></Game><Game>
				
				
				
				
				
			<Developers>
					
					
				<Developer>Ray Muzyka</Developer><Developer>David Gaidier</Developer></Developers><Engine>Aurora Engine</Engine><Genres>
					
				<Genre><GameGenre>RPG</GameGenre></Genre></Genres><ID>BIO_G_ID_7</ID><Name>Neverwinter Nights</Name><Platforms>
					
					
					
				<Platform>Microsoft Windows</Platform><Platform>Mac OS</Platform><Platform>Linux</Platform></Platforms><ReleaseDates>
					
					
					
					
					
				<ReleaseDate>
						
					<Date>
							
							
							
						<Day>18</Day><Month>6</Month><Year>2002</Year></Date><Location>North America</Location><Platform>Microsoft Windows</Platform></ReleaseDate><ReleaseDate>
						
					<Date>
							
							
							
						<Day>3</Day><Month>7</Month><Year>2002</Year></Date><Location>Europe</Location><Platform>Microsoft Windows</Platform></ReleaseDate><ReleaseDate>
						
					<Date>
							
							
							
						<Day>3</Day><Month>7</Month><Year>2002</Year></Date><Location>Australia</Location><Platform>Microsoft Windows</Platform></ReleaseDate><ReleaseDate>
						
					<Date>
							
							
							
						<Day>20</Day><Month>6</Month><Year>2003</Year></Date><Platform>Linux</Platform></ReleaseDate><ReleaseDate>
						
					<Date>
							
							
						<Month>8</Month><Year>2003</Year></Date><Platform>Mac OS</Platform></ReleaseDate></ReleaseDates></Game><Game>
				
				
				
				
				
			<Developers>
					
					
				<Developer>Ray Muzyka</Developer><Developer>John Winsky</Developer></Developers><Engine>Aurora Engine</Engine><Genres>
					
				<Genre><GameGenre>RPG</GameGenre></Genre></Genres><ID>BIO_G_ID_8</ID><Name>Neverwinter Nights: Shadows of Undrentide</Name><Platforms>
					
					
					
				<Platform>Microsoft Windows</Platform><Platform>Mac OS</Platform><Platform>Linux</Platform></Platforms><ReleaseDates>
					
					
					
					
					
				<ReleaseDate>
						
					<Date>
							
							
							
						<Day>21</Day><Month>6</Month><Year>2003</Year></Date><Location>North America</Location><Platform>Microsoft Windows</Platform></ReleaseDate><ReleaseDate>
						
					<Date>
							
							
							
						<Day>27</Day><Month>6</Month><Year>2003</Year></Date><Location>Europe</Location><Platform>Microsoft Windows</Platform></ReleaseDate><ReleaseDate>
						
					<Date>
							
							
							
						<Day>27</Day><Month>6</Month><Year>2003</Year></Date><Location>Australia</Location><Platform>Microsoft Windows</Platform></ReleaseDate><ReleaseDate>
						
					<Date>
							
							
							
						<Day>30</Day><Month>6</Month><Year>2003</Year></Date><Platform>Linux</Platform></ReleaseDate><ReleaseDate>
						
					<Date>
							
							
						<Month>8</Month><Year>2004</Year></Date><Platform>Mac OS</Platform></ReleaseDate></ReleaseDates></Game><Game>
				
				
				
				
				
			<Developers>
					
					
				<Developer>Ray Muzyka</Developer><Developer>David Gaidier</Developer></Developers><Engine>Aurora Engine</Engine><Genres>
					
				<Genre><GameGenre>RPG</GameGenre></Genre></Genres><ID>BIO_G_ID_9</ID><Name>Neverwinter Nights: Hordes of the Underdark</Name><Platforms>
					
					
					
				<Platform>Microsoft Windows</Platform><Platform>Mac OS</Platform><Platform>Linux</Platform></Platforms><ReleaseDates>
					
					
					
					
					
				<ReleaseDate>
						
					<Date>
							
							
							
						<Day>2</Day><Month>12</Month><Year>2003</Year></Date><Location>North America</Location><Platform>Microsoft Windows</Platform></ReleaseDate><ReleaseDate>
						
					<Date>
							
							
							
						<Day>5</Day><Month>12</Month><Year>2003</Year></Date><Location>Europe</Location><Platform>Microsoft Windows</Platform></ReleaseDate><ReleaseDate>
						
					<Date>
							
							
							
						<Day>23</Day><Month>9</Month><Year>2004</Year></Date><Location>Japan</Location><Platform>Microsoft Windows</Platform></ReleaseDate><ReleaseDate>
						
					<Date>
							
							
							
						<Day>17</Day><Month>12</Month><Year>2003</Year></Date><Platform>Linux</Platform></ReleaseDate><ReleaseDate>
						
					<Date>
							
							
						<Month>8</Month><Year>2004</Year></Date><Platform>Mac OS</Platform></ReleaseDate></ReleaseDates></Game><Game>
				
				
				
				
			<Designers>BIO_EM_ID_2</Designers><Engine>Odyssey Engine</Engine><Genres>
					
				<Genre><GameGenre>RPG</GameGenre></Genre></Genres><ID>BIO_G_ID_10</ID><LeadProgrammer>BIO_EM_ID_4</LeadProgrammer><Name>Star Wars: Knights of the Old Republic</Name><Platforms>
					
					
					
					
				<Platform>Xbox</Platform><Platform>Microsoft Windows</Platform><Platform>Mac OS</Platform><Platform>Linux</Platform></Platforms><ReleaseDates>
					
					
					
					
					
				<ReleaseDate>
						
					<Date>
							
							
							
						<Day>15</Day><Month>7</Month><Year>2003</Year></Date><Location>North America</Location><Platform>Xbox</Platform></ReleaseDate><ReleaseDate>
						
					<Date>
							
							
							
						<Day>12</Day><Month>9</Month><Year>2003</Year></Date><Location>Europe</Location><Platform>Xbox</Platform></ReleaseDate><ReleaseDate>
						
					<Date>
							
							
							
						<Day>19</Day><Month>11</Month><Year>2003</Year></Date><Location>North America</Location><Platform>Microsoft Windows</Platform></ReleaseDate><ReleaseDate>
						
					<Date>
							
							
							
						<Day>5</Day><Month>12</Month><Year>2003</Year></Date><Location>Europe</Location><Platform>Microsoft Windows</Platform></ReleaseDate><ReleaseDate>
						
					<Date>
							
							
							
						<Day>7</Day><Month>9</Month><Year>2004</Year></Date><Location>North America</Location><Platform>Mac OS</Platform></ReleaseDate></ReleaseDates></Game><Game>
				
				
				
				
				
			<Developers>
					
				<Developer>Ray Muzyka</Developer></Developers><Engine>Odyssey Engine</Engine><Genres>
					
					
				<Genre><GameGenre>RPG</GameGenre></Genre><Genre><GameGenre>Action</GameGenre></Genre></Genres><ID>BIO_G_ID_11</ID><Name>Jade Empire</Name><Platforms>
					
					
				<Platform>Xbox</Platform><Platform>Microsoft Windows</Platform></Platforms><ReleaseDates>
					
				<ReleaseDate>
						
					<Date>
							
							
							
						<Day>12</Day><Month>4</Month><Year>2005</Year></Date><Platform>Xbox</Platform></ReleaseDate></ReleaseDates></Game></Games><ID>GS_BIOWARE</ID><StudioName>BioWare</StudioName></GameStudio><GameStudio>
		
		
		
		
	<CEO>VAL_EM_ID_1</CEO><Contacts>
			 
			
			
		<Address>
				
				
				
			<City>Bellevue</City><Country>USA</Country><Street>Steam Street<Number>77592</Number></Street></Address><Email>contact@valvesoftware.com</Email><PhoneNumber><Number>780-430-164</Number></PhoneNumber></Contacts><Employees>
		
			
		<CurrentEmployees>
		
		
			
		<Employee>
				
				
				
				
				
			<Contacts>
					
					
					
				<Address>
						
						
						
						
					<City>Bellevue</City><Country>USA</Country><PostalCode><Code>6487</Code></PostalCode><Street>Main Street<Number>778</Number></Street></Address><Email>gaben@valvesoftware.com</Email><PhoneNumber><Number>998222747</Number></PhoneNumber></Contacts><ID>VAL_EM_ID_1</ID><Knowledge>
					
					
					
					
					
					
					
					
				<ApplicationKnowledge><Application><Level>Advanced</Level><Name>Microsoft Office</Name></Application><Application><Level>Advanced</Level><Name>Microsoft Visual Studio 2010</Name></Application></ApplicationKnowledge><LanguageKnowledge><Language><Name>English</Name></Language><Language><Name>German</Name></Language></LanguageKnowledge><ProgrammingLanguageKnowledge><ProgrammingLanguage><Language>C++</Language><Level>Advanced</Level></ProgrammingLanguage><ProgrammingLanguage><Language>C#</Language><Level>Advanced</Level></ProgrammingLanguage><ProgrammingLanguage><Language>Java</Language><Level>Advanced</Level></ProgrammingLanguage><ProgrammingLanguage><Language>PHP</Language><Level>Intermediate</Level></ProgrammingLanguage></ProgrammingLanguageKnowledge></Knowledge><Name>
					
					
					
				<Firstname>Gabe</Firstname><Firstname>Logan</Firstname><Surname>Newell</Surname></Name><Position>CEO</Position><Remark>
					
					
					<![CDATA[
						Gabe Logan Newell (born November 3, 1962) is the co-founder and managing director of video game development and online distribution company Valve Corporation.
						After having dropped out of Harvard University Newell spent thirteen years working for Microsoft Corporation, ultimately becoming a "Microsoft Millionaire". Newell has described himself as "producer on the first three releases of Windows".[3] Inspired by Michael Abrash, who left Microsoft to work on the computer game Quake at id Software, Newell and another Microsoft employee, Mike Harrington, left Microsoft to found Valve in 1996. He and Harrington used their money to fund Valve through the development of Half-Life.
						During production on Half-Life 2, he spent several months focusing on the Steam project. In 2007, Newell openly expressed his displeasure over developing his software for gaming consoles, particularly the PlayStation 3. In regard to the system, Newell was once quoted as claiming that developing processes for the console in general was "a waste of everybody's time" and "a disaster on many levels ... I'd say, even at this late date, they should just cancel it and do a do over. Just say, 'This was a horrible disaster and we're sorry and we're going to stop selling this and stop trying to convince people to develop for it'." Nevertheless, at E3 in 2010, Newell appeared on stage at Sony's keynote; while acknowledging his past outspoken comments on console development, he discussed the open nature of Sony's PlayStation 3 platform, and announced Portal 2 for the console, remarking that with Steamworks support it would be the best version for any console.[7] Newell has also criticized the Xbox Live service, referring to it as "a train wreck".
						In December 2010, Forbes named Newell as "A Name You Should Know" mainly for his work on Steam having partnerships with multiple major developers.
						]]>
				</Remark></Employee><Employee>
				
				
				
				
			<Contacts>
					
					
					
				<Address>
						
						
						
						
					<City>Bellevue</City><Country>USA</Country><PostalCode><Code>6487</Code></PostalCode><Street>Machine Street<Number>771</Number></Street></Address><Email>DougLombardi@Valve.com</Email><PhoneNumber><Number>114167892</Number></PhoneNumber></Contacts><ID>VAL_EM_ID_2</ID><Knowledge>
					
					
					
					
					
					
				<ApplicationKnowledge><Application><Level>Advanced</Level><Name>Microsoft Office</Name></Application><Application><Level>Advanced</Level><Name>Microsoft Visual Studio 2010</Name></Application></ApplicationKnowledge><LanguageKnowledge><Language><Name>English</Name></Language><Language><Name>German</Name></Language><Language><Name>Spanish</Name></Language></LanguageKnowledge><ProgrammingLanguageKnowledge><ProgrammingLanguage><Language>C#</Language><Level>Advanced</Level></ProgrammingLanguage></ProgrammingLanguageKnowledge></Knowledge><Name>
					
					
				<Firstname>Doug</Firstname><Surname>Lombardi</Surname></Name><Position>Producer, manager</Position></Employee></CurrentEmployees><Ex-employees>
			
		<Employee>
				
				
				
				
			<Contacts>
					
					
				<Address>
						
						
						
						
					<City>Hanoi</City><Country>Vietnam</Country><PostalCode><Code>221</Code></PostalCode><Street>C?t Linh<Number>111</Number></Street></Address><PhoneNumber><Number>223788999</Number></PhoneNumber></Contacts><ID>VAL_EXEM_ID_1</ID><Knowledge>
					
					
					
					
					
					
					
					
				<ApplicationKnowledge><Application><Level>Advanced</Level><Name>Microsoft Office</Name></Application><Application><Level>Advanced</Level><Name>Microsoft Visual Studio 2010</Name></Application></ApplicationKnowledge><LanguageKnowledge><Language><Name>English</Name></Language><Language><Name>Vietnamese</Name></Language><Language><Name>Korean</Name></Language></LanguageKnowledge><ProgrammingLanguageKnowledge><ProgrammingLanguage><Language>C++</Language><Level>Advanced</Level></ProgrammingLanguage><ProgrammingLanguage><Language>C#</Language><Level>Advanced</Level></ProgrammingLanguage><ProgrammingLanguage><Language>PHP</Language><Level>Intermediate</Level></ProgrammingLanguage></ProgrammingLanguageKnowledge></Knowledge><Name>
					
					
				<Firstname>Minh</Firstname><Surname>Le</Surname></Name><Position>Designer, programmer</Position></Employee></Ex-employees></Employees><Games>
			
			
			
			
		
			
			
			
			
			
		<Game>
				
				
				
				
				
			<Developers>
					
					
				<Developer>Gabe Logan Newell</Developer><Developer>Minh Le</Developer></Developers><Engine>GoldSrc</Engine><Genres>
					
				<Genre><GameGenre>FPS</GameGenre></Genre></Genres><ID>VAL_G_ID_1</ID><Name>Half-Life</Name><Platforms>
					
					
				<Platform>Playstation 2</Platform><Platform>Microsoft Windows</Platform></Platforms><ReleaseDates>
					
					
					
				<ReleaseDate>
						
					<Date>
							
							
							
						<Day>11</Day><Month>11</Month><Year>2001</Year></Date><Location>North America</Location><Platform>Playstation 2</Platform></ReleaseDate><ReleaseDate>
						
					<Date>
							
							
							
						<Day>30</Day><Month>11</Month><Year>2001</Year></Date><Location>Europe</Location><Platform>Playstation 2</Platform></ReleaseDate><ReleaseDate>
						
					<Date>
							
							
							
						<Day>19</Day><Month>11</Month><Year>1998</Year></Date><Platform>Microsoft Windows</Platform></ReleaseDate></ReleaseDates></Game><Game>
				
				
				
				
			<Engine>GoldSrc</Engine><Genres>
					
				<Genre><GameGenre>FPS</GameGenre></Genre></Genres><ID>VAL_G_ID_2</ID><Name>Team Fortress Classic</Name><Platforms>
					
				<Platform>Microsoft Windows</Platform></Platforms><ReleaseDates>
					
				<ReleaseDate>
						
					<Date>
							
							
							
						<Day>7</Day><Month>4</Month><Year>1999</Year></Date></ReleaseDate></ReleaseDates></Game><Game>
				
				
				
				
				
			<Developers>
					
				<Developer>Gabe Logan Newell</Developer></Developers><Engine>GoldSrc</Engine><Genres>
					
				<Genre><GameGenre>FPS</GameGenre></Genre></Genres><ID>VAL_G_ID_3</ID><Name>Half-Life: Opposing Force</Name><Platforms>
					
				<Platform>Microsoft Windows</Platform></Platforms><ReleaseDates>
					
					
				<ReleaseDate>
						
					<Date>
							
							
							
						<Day>10</Day><Month>11</Month><Year>1999</Year></Date><Location>North America</Location></ReleaseDate><ReleaseDate>
						
					<Date>
							
							
							
						<Day>15</Day><Month>11</Month><Year>1999</Year></Date><Location>Europe</Location></ReleaseDate></ReleaseDates></Game><Game>
				
				
				
				
				
			<Developers>
					
				<Developer>Gabe Logan Newell</Developer></Developers><Engine>GoldSrc</Engine><Genres>
					
				<Genre><GameGenre>FPS</GameGenre></Genre></Genres><ID>VAL_G_ID_4</ID><Name>Deathmatch Classic</Name><Platforms>
					
				<Platform>Microsoft Windows</Platform></Platforms><ReleaseDates>
					
				<ReleaseDate>
						
					<Date>
							
							
							
						<Day>1</Day><Month>6</Month><Year>2001</Year></Date></ReleaseDate></ReleaseDates></Game><Game>
				
				
				
				
			<Engine>GoldSrc</Engine><Genres>
					
				<Genre><GameGenre>FPS</GameGenre></Genre></Genres><ID>VAL_G_ID_5</ID><Name>Ricochet</Name><Platforms>
					
				<Platform>Microsoft Windows</Platform></Platforms><ReleaseDates>
					
				<ReleaseDate>
						
					<Date>
							
							
							
						<Day>1</Day><Month>11</Month><Year>2000</Year></Date></ReleaseDate></ReleaseDates></Game><Game>
				
				
				
				
				
			<Developers>
					
				<Developer>Minh Le</Developer></Developers><Engine>GoldSrc</Engine><Genres>
					
				<Genre><GameGenre>FPS</GameGenre></Genre></Genres><ID>VAL_G_ID_6</ID><Name>Counter-Strike</Name><Platforms>
					
					
				<Platform>Microsoft Windows</Platform><Platform>Xbox</Platform></Platforms><ReleaseDates>
					
					
				<ReleaseDate>
						
					<Date>
							
							
							
						<Day>8</Day><Month>11</Month><Year>2000</Year></Date><Platform>Microsoft Windows</Platform></ReleaseDate><ReleaseDate>
						
					<Date>
							
							
							
						<Day>25</Day><Month>3</Month><Year>2004</Year></Date><Platform>Xbox</Platform></ReleaseDate></ReleaseDates></Game><Game>
				
				
				
				
				
			<Developers>
					
					
				<Developer>Minh Le</Developer><Developer>Doug Lombardi</Developer></Developers><Engine>GoldSrc</Engine><Genres>
					
				<Genre><GameGenre>FPS</GameGenre></Genre></Genres><ID>VAL_G_ID_7</ID><Name>Half-Life: Blue Shift</Name><Platforms>
					
					
				<Platform>Microsoft Windows</Platform><Platform>Xbox</Platform></Platforms><ReleaseDates>
					
				<ReleaseDate>
						
					<Date>
							
							
							
						<Day>12</Day><Month>6</Month><Year>2001</Year></Date><Platform>Microsoft Windows</Platform></ReleaseDate></ReleaseDates></Game><Game>
				
				
				
				
			<Engine>GoldSrc</Engine><Genres>
					
				<Genre><GameGenre>FPS</GameGenre></Genre></Genres><ID>VAL_G_ID_8</ID><Name>Day of Defeat</Name><Platforms>
					
				<Platform>Microsoft Windows</Platform></Platforms><ReleaseDates>
					
				<ReleaseDate>
						
					<Date>
							
							
							
						<Day>1</Day><Month>5</Month><Year>2003</Year></Date><Platform>Microsoft Windows</Platform></ReleaseDate></ReleaseDates></Game><Game>
				
				
				
				
				
			<Developers>
					
					
				<Developer>Minh Le</Developer><Developer>Doug Lombardi</Developer></Developers><Engine>GoldSrc</Engine><Genres>
					
				<Genre><GameGenre>FPS</GameGenre></Genre></Genres><ID>VAL_G_ID_9</ID><Name>Counter-Strike: Condition Zero</Name><Platforms>
					
				<Platform>Microsoft Windows</Platform></Platforms><ReleaseDates>
					
				<ReleaseDate>
						
					<Date>
							
							
							
						<Day>23</Day><Month>3</Month><Year>2004</Year></Date><Platform>Microsoft Windows</Platform></ReleaseDate></ReleaseDates></Game><Game>
				
				
				
				
				
			<Developers>
					
				<Developer>Doug Lombardi</Developer></Developers><Engine>Source Engine</Engine><Genres>
					
				<Genre><GameGenre>FPS</GameGenre></Genre></Genres><ID>VAL_G_ID_10</ID><Name>Counter-Strike: Source</Name><Platforms>
					
					
				<Platform>Microsoft Windows</Platform><Platform>Mac OS X</Platform></Platforms><ReleaseDates>
					
					
				<ReleaseDate>
						
					<Date>
							
							
							
						<Day>1</Day><Month>11</Month><Year>2004</Year></Date><Platform>Microsoft Windows</Platform></ReleaseDate><ReleaseDate>
						
					<Date>
							
							
							
						<Day>23</Day><Month>6</Month><Year>2010</Year></Date><Platform>Mac OS X</Platform></ReleaseDate></ReleaseDates></Game></Games><ID>GS_VALVE</ID><StudioName>Valve</StudioName></GameStudio></GameStudios>