<?xml version="1.0" encoding="UTF-8" standalone="no"?><knihy>
	
	
	
	
	
	
	
	
	
	
	

<kniha>
		
		
		
		
	<oblibenost>54<vycpavka>vycpana data na urovni: 4<vycpavka>vycpana data na urovni: 5<vycpavka>vycpana data na urovni: 6<vycpavka>vycpana data na urovni: 7<vycpavka>vycpana data na urovni: 8</vycpavka></vycpavka></vycpavka></vycpavka></vycpavka></oblibenost><kapitoly>
			
			
			
			
			
			
			
		<kapitola><cislo>7<vycpavka>vycpana data na urovni: 6<vycpavka>vycpana data na urovni: 7<vycpavka>vycpana data na urovni: 8</vycpavka></vycpavka></vycpavka></cislo><stran>54<vycpavka>vycpana data na urovni: 6<vycpavka>vycpana data na urovni: 7<vycpavka>vycpana data na urovni: 8</vycpavka></vycpavka></vycpavka></stran></kapitola><kapitola><cislo>6<vycpavka>vycpana data na urovni: 6<vycpavka>vycpana data na urovni: 7<vycpavka>vycpana data na urovni: 8</vycpavka></vycpavka></vycpavka></cislo><stran>50<vycpavka>vycpana data na urovni: 6<vycpavka>vycpana data na urovni: 7<vycpavka>vycpana data na urovni: 8</vycpavka></vycpavka></vycpavka></stran></kapitola><kapitola>
				
				
			<podkapitola><cislo>5.2<vycpavka>vycpana data na urovni: 7<vycpavka>vycpana data na urovni: 8</vycpavka></vycpavka></cislo><stran>50<vycpavka>vycpana data na urovni: 7<vycpavka>vycpana data na urovni: 8</vycpavka></vycpavka></stran></podkapitola><podkapitola><cislo>5.1<vycpavka>vycpana data na urovni: 7<vycpavka>vycpana data na urovni: 8</vycpavka></vycpavka></cislo><stran>43<vycpavka>vycpana data na urovni: 7<vycpavka>vycpana data na urovni: 8</vycpavka></vycpavka></stran></podkapitola><cislo>5<vycpavka>vycpana data na urovni: 6<vycpavka>vycpana data na urovni: 7<vycpavka>vycpana data na urovni: 8</vycpavka></vycpavka></vycpavka></cislo><stran>93<vycpavka>vycpana data na urovni: 6<vycpavka>vycpana data na urovni: 7<vycpavka>vycpana data na urovni: 8</vycpavka></vycpavka></vycpavka></stran></kapitola><kapitola><cislo>4<vycpavka>vycpana data na urovni: 6<vycpavka>vycpana data na urovni: 7<vycpavka>vycpana data na urovni: 8</vycpavka></vycpavka></vycpavka></cislo><stran>51<vycpavka>vycpana data na urovni: 6<vycpavka>vycpana data na urovni: 7<vycpavka>vycpana data na urovni: 8</vycpavka></vycpavka></vycpavka></stran></kapitola><kapitola><cislo>3<vycpavka>vycpana data na urovni: 6<vycpavka>vycpana data na urovni: 7<vycpavka>vycpana data na urovni: 8</vycpavka></vycpavka></vycpavka></cislo><stran>22<vycpavka>vycpana data na urovni: 6<vycpavka>vycpana data na urovni: 7<vycpavka>vycpana data na urovni: 8</vycpavka></vycpavka></vycpavka></stran></kapitola><kapitola><cislo>2<vycpavka>vycpana data na urovni: 6<vycpavka>vycpana data na urovni: 7<vycpavka>vycpana data na urovni: 8</vycpavka></vycpavka></vycpavka></cislo><stran>29<vycpavka>vycpana data na urovni: 6<vycpavka>vycpana data na urovni: 7<vycpavka>vycpana data na urovni: 8</vycpavka></vycpavka></vycpavka></stran></kapitola><kapitola><cislo>1<vycpavka>vycpana data na urovni: 6<vycpavka>vycpana data na urovni: 7<vycpavka>vycpana data na urovni: 8</vycpavka></vycpavka></vycpavka></cislo><stran>47<vycpavka>vycpana data na urovni: 6<vycpavka>vycpana data na urovni: 7<vycpavka>vycpana data na urovni: 8</vycpavka></vycpavka></vycpavka></stran></kapitola></kapitoly><jazyk>de<vycpavka>vycpana data na urovni: 4<vycpavka>vycpana data na urovni: 5<vycpavka>vycpana data na urovni: 6<vycpavka>vycpana data na urovni: 7<vycpavka>vycpana data na urovni: 8</vycpavka></vycpavka></vycpavka></vycpavka></vycpavka></jazyk><nazev>Hasicske dejiny<vycpavka>vycpana data na urovni: 4<vycpavka>vycpana data na urovni: 5<vycpavka>vycpana data na urovni: 6<vycpavka>vycpana data na urovni: 7<vycpavka>vycpana data na urovni: 8</vycpavka></vycpavka></vycpavka></vycpavka></vycpavka></nazev><idautora>4<vycpavka>vycpana data na urovni: 4<vycpavka>vycpana data na urovni: 5<vycpavka>vycpana data na urovni: 6<vycpavka>vycpana data na urovni: 7<vycpavka>vycpana data na urovni: 8</vycpavka></vycpavka></vycpavka></vycpavka></vycpavka></idautora></kniha><kniha>
		
		
		
		
	<oblibenost>79<vycpavka>vycpana data na urovni: 4<vycpavka>vycpana data na urovni: 5<vycpavka>vycpana data na urovni: 6<vycpavka>vycpana data na urovni: 7<vycpavka>vycpana data na urovni: 8</vycpavka></vycpavka></vycpavka></vycpavka></vycpavka></oblibenost><kapitoly>
			
			
			
			
			
		<kapitola><cislo>5<vycpavka>vycpana data na urovni: 6<vycpavka>vycpana data na urovni: 7<vycpavka>vycpana data na urovni: 8</vycpavka></vycpavka></vycpavka></cislo><stran>1<vycpavka>vycpana data na urovni: 6<vycpavka>vycpana data na urovni: 7<vycpavka>vycpana data na urovni: 8</vycpavka></vycpavka></vycpavka></stran></kapitola><kapitola><cislo>4<vycpavka>vycpana data na urovni: 6<vycpavka>vycpana data na urovni: 7<vycpavka>vycpana data na urovni: 8</vycpavka></vycpavka></vycpavka></cislo><stran>2<vycpavka>vycpana data na urovni: 6<vycpavka>vycpana data na urovni: 7<vycpavka>vycpana data na urovni: 8</vycpavka></vycpavka></vycpavka></stran></kapitola><kapitola><cislo>3<vycpavka>vycpana data na urovni: 6<vycpavka>vycpana data na urovni: 7<vycpavka>vycpana data na urovni: 8</vycpavka></vycpavka></vycpavka></cislo><stran>7<vycpavka>vycpana data na urovni: 6<vycpavka>vycpana data na urovni: 7<vycpavka>vycpana data na urovni: 8</vycpavka></vycpavka></vycpavka></stran></kapitola><kapitola><cislo>2<vycpavka>vycpana data na urovni: 6<vycpavka>vycpana data na urovni: 7<vycpavka>vycpana data na urovni: 8</vycpavka></vycpavka></vycpavka></cislo><stran>5<vycpavka>vycpana data na urovni: 6<vycpavka>vycpana data na urovni: 7<vycpavka>vycpana data na urovni: 8</vycpavka></vycpavka></vycpavka></stran></kapitola><kapitola><cislo>1<vycpavka>vycpana data na urovni: 6<vycpavka>vycpana data na urovni: 7<vycpavka>vycpana data na urovni: 8</vycpavka></vycpavka></vycpavka></cislo><stran>3<vycpavka>vycpana data na urovni: 6<vycpavka>vycpana data na urovni: 7<vycpavka>vycpana data na urovni: 8</vycpavka></vycpavka></vycpavka></stran></kapitola></kapitoly><jazyk>cs<vycpavka>vycpana data na urovni: 4<vycpavka>vycpana data na urovni: 5<vycpavka>vycpana data na urovni: 6<vycpavka>vycpana data na urovni: 7<vycpavka>vycpana data na urovni: 8</vycpavka></vycpavka></vycpavka></vycpavka></vycpavka></jazyk><nazev>Machinarium<vycpavka>vycpana data na urovni: 4<vycpavka>vycpana data na urovni: 5<vycpavka>vycpana data na urovni: 6<vycpavka>vycpana data na urovni: 7<vycpavka>vycpana data na urovni: 8</vycpavka></vycpavka></vycpavka></vycpavka></vycpavka></nazev><idautora>3<vycpavka>vycpana data na urovni: 4<vycpavka>vycpana data na urovni: 5<vycpavka>vycpana data na urovni: 6<vycpavka>vycpana data na urovni: 7<vycpavka>vycpana data na urovni: 8</vycpavka></vycpavka></vycpavka></vycpavka></vycpavka></idautora></kniha><kniha>
		
		
		
		
	<oblibenost>100<vycpavka>vycpana data na urovni: 4<vycpavka>vycpana data na urovni: 5<vycpavka>vycpana data na urovni: 6<vycpavka>vycpana data na urovni: 7<vycpavka>vycpana data na urovni: 8</vycpavka></vycpavka></vycpavka></vycpavka></vycpavka></oblibenost><kapitoly>
			
			
			
			
		<kapitola><cislo>4<vycpavka>vycpana data na urovni: 6<vycpavka>vycpana data na urovni: 7<vycpavka>vycpana data na urovni: 8</vycpavka></vycpavka></vycpavka></cislo><stran>22<vycpavka>vycpana data na urovni: 6<vycpavka>vycpana data na urovni: 7<vycpavka>vycpana data na urovni: 8</vycpavka></vycpavka></vycpavka></stran></kapitola><kapitola>
				
				
			<podkapitola><cislo>3.2<vycpavka>vycpana data na urovni: 7<vycpavka>vycpana data na urovni: 8</vycpavka></vycpavka></cislo><stran>10<vycpavka>vycpana data na urovni: 7<vycpavka>vycpana data na urovni: 8</vycpavka></vycpavka></stran></podkapitola><podkapitola><cislo>3.1<vycpavka>vycpana data na urovni: 7<vycpavka>vycpana data na urovni: 8</vycpavka></vycpavka></cislo><stran>34<vycpavka>vycpana data na urovni: 7<vycpavka>vycpana data na urovni: 8</vycpavka></vycpavka></stran></podkapitola><cislo>3<vycpavka>vycpana data na urovni: 6<vycpavka>vycpana data na urovni: 7<vycpavka>vycpana data na urovni: 8</vycpavka></vycpavka></vycpavka></cislo><stran>44<vycpavka>vycpana data na urovni: 6<vycpavka>vycpana data na urovni: 7<vycpavka>vycpana data na urovni: 8</vycpavka></vycpavka></vycpavka></stran></kapitola><kapitola><cislo>2<vycpavka>vycpana data na urovni: 6<vycpavka>vycpana data na urovni: 7<vycpavka>vycpana data na urovni: 8</vycpavka></vycpavka></vycpavka></cislo><stran>11<vycpavka>vycpana data na urovni: 6<vycpavka>vycpana data na urovni: 7<vycpavka>vycpana data na urovni: 8</vycpavka></vycpavka></vycpavka></stran></kapitola><kapitola><cislo>1<vycpavka>vycpana data na urovni: 6<vycpavka>vycpana data na urovni: 7<vycpavka>vycpana data na urovni: 8</vycpavka></vycpavka></vycpavka></cislo><stran>33<vycpavka>vycpana data na urovni: 6<vycpavka>vycpana data na urovni: 7<vycpavka>vycpana data na urovni: 8</vycpavka></vycpavka></vycpavka></stran></kapitola></kapitoly><jazyk>de<vycpavka>vycpana data na urovni: 4<vycpavka>vycpana data na urovni: 5<vycpavka>vycpana data na urovni: 6<vycpavka>vycpana data na urovni: 7<vycpavka>vycpana data na urovni: 8</vycpavka></vycpavka></vycpavka></vycpavka></vycpavka></jazyk><nazev>Jak na zeny<vycpavka>vycpana data na urovni: 4<vycpavka>vycpana data na urovni: 5<vycpavka>vycpana data na urovni: 6<vycpavka>vycpana data na urovni: 7<vycpavka>vycpana data na urovni: 8</vycpavka></vycpavka></vycpavka></vycpavka></vycpavka></nazev><idautora>3<vycpavka>vycpana data na urovni: 4<vycpavka>vycpana data na urovni: 5<vycpavka>vycpana data na urovni: 6<vycpavka>vycpana data na urovni: 7<vycpavka>vycpana data na urovni: 8</vycpavka></vycpavka></vycpavka></vycpavka></vycpavka></idautora></kniha><kniha>
		
		
		
		
	<oblibenost>67<vycpavka>vycpana data na urovni: 4<vycpavka>vycpana data na urovni: 5<vycpavka>vycpana data na urovni: 6<vycpavka>vycpana data na urovni: 7<vycpavka>vycpana data na urovni: 8</vycpavka></vycpavka></vycpavka></vycpavka></vycpavka></oblibenost><kapitoly>
			
		<kapitola><cislo>1<vycpavka>vycpana data na urovni: 6<vycpavka>vycpana data na urovni: 7<vycpavka>vycpana data na urovni: 8</vycpavka></vycpavka></vycpavka></cislo><stran>10<vycpavka>vycpana data na urovni: 6<vycpavka>vycpana data na urovni: 7<vycpavka>vycpana data na urovni: 8</vycpavka></vycpavka></vycpavka></stran></kapitola></kapitoly><jazyk>en<vycpavka>vycpana data na urovni: 4<vycpavka>vycpana data na urovni: 5<vycpavka>vycpana data na urovni: 6<vycpavka>vycpana data na urovni: 7<vycpavka>vycpana data na urovni: 8</vycpavka></vycpavka></vycpavka></vycpavka></vycpavka></jazyk><nazev>Plnici ci kulickove pero<vycpavka>vycpana data na urovni: 4<vycpavka>vycpana data na urovni: 5<vycpavka>vycpana data na urovni: 6<vycpavka>vycpana data na urovni: 7<vycpavka>vycpana data na urovni: 8</vycpavka></vycpavka></vycpavka></vycpavka></vycpavka></nazev><idautora>2<vycpavka>vycpana data na urovni: 4<vycpavka>vycpana data na urovni: 5<vycpavka>vycpana data na urovni: 6<vycpavka>vycpana data na urovni: 7<vycpavka>vycpana data na urovni: 8</vycpavka></vycpavka></vycpavka></vycpavka></vycpavka></idautora></kniha><kniha>
		
		
		
		
	<oblibenost>23<vycpavka>vycpana data na urovni: 4<vycpavka>vycpana data na urovni: 5<vycpavka>vycpana data na urovni: 6<vycpavka>vycpana data na urovni: 7<vycpavka>vycpana data na urovni: 8</vycpavka></vycpavka></vycpavka></vycpavka></vycpavka></oblibenost><kapitoly>
			
			
			
		<kapitola>
				
				
				
			<podkapitola><cislo>3.3<vycpavka>vycpana data na urovni: 7<vycpavka>vycpana data na urovni: 8</vycpavka></vycpavka></cislo><stran>16<vycpavka>vycpana data na urovni: 7<vycpavka>vycpana data na urovni: 8</vycpavka></vycpavka></stran></podkapitola><podkapitola><cislo>3.2<vycpavka>vycpana data na urovni: 7<vycpavka>vycpana data na urovni: 8</vycpavka></vycpavka></cislo><stran>11<vycpavka>vycpana data na urovni: 7<vycpavka>vycpana data na urovni: 8</vycpavka></vycpavka></stran></podkapitola><podkapitola><cislo>3.1<vycpavka>vycpana data na urovni: 7<vycpavka>vycpana data na urovni: 8</vycpavka></vycpavka></cislo><stran>9<vycpavka>vycpana data na urovni: 7<vycpavka>vycpana data na urovni: 8</vycpavka></vycpavka></stran></podkapitola><cislo>3<vycpavka>vycpana data na urovni: 6<vycpavka>vycpana data na urovni: 7<vycpavka>vycpana data na urovni: 8</vycpavka></vycpavka></vycpavka></cislo><stran>36<vycpavka>vycpana data na urovni: 6<vycpavka>vycpana data na urovni: 7<vycpavka>vycpana data na urovni: 8</vycpavka></vycpavka></vycpavka></stran></kapitola><kapitola><cislo>2<vycpavka>vycpana data na urovni: 6<vycpavka>vycpana data na urovni: 7<vycpavka>vycpana data na urovni: 8</vycpavka></vycpavka></vycpavka></cislo><stran>12<vycpavka>vycpana data na urovni: 6<vycpavka>vycpana data na urovni: 7<vycpavka>vycpana data na urovni: 8</vycpavka></vycpavka></vycpavka></stran></kapitola><kapitola>
				
				
			<podkapitola><cislo>1.2<vycpavka>vycpana data na urovni: 7<vycpavka>vycpana data na urovni: 8</vycpavka></vycpavka></cislo><stran>12<vycpavka>vycpana data na urovni: 7<vycpavka>vycpana data na urovni: 8</vycpavka></vycpavka></stran></podkapitola><podkapitola><cislo>1.1<vycpavka>vycpana data na urovni: 7<vycpavka>vycpana data na urovni: 8</vycpavka></vycpavka></cislo><stran>12<vycpavka>vycpana data na urovni: 7<vycpavka>vycpana data na urovni: 8</vycpavka></vycpavka></stran></podkapitola><cislo>1<vycpavka>vycpana data na urovni: 6<vycpavka>vycpana data na urovni: 7<vycpavka>vycpana data na urovni: 8</vycpavka></vycpavka></vycpavka></cislo><stran>24<vycpavka>vycpana data na urovni: 6<vycpavka>vycpana data na urovni: 7<vycpavka>vycpana data na urovni: 8</vycpavka></vycpavka></vycpavka></stran></kapitola></kapitoly><jazyk>cs<vycpavka>vycpana data na urovni: 4<vycpavka>vycpana data na urovni: 5<vycpavka>vycpana data na urovni: 6<vycpavka>vycpana data na urovni: 7<vycpavka>vycpana data na urovni: 8</vycpavka></vycpavka></vycpavka></vycpavka></vycpavka></jazyk><nazev>Modry az za usima<vycpavka>vycpana data na urovni: 4<vycpavka>vycpana data na urovni: 5<vycpavka>vycpana data na urovni: 6<vycpavka>vycpana data na urovni: 7<vycpavka>vycpana data na urovni: 8</vycpavka></vycpavka></vycpavka></vycpavka></vycpavka></nazev><idautora>2<vycpavka>vycpana data na urovni: 4<vycpavka>vycpana data na urovni: 5<vycpavka>vycpana data na urovni: 6<vycpavka>vycpana data na urovni: 7<vycpavka>vycpana data na urovni: 8</vycpavka></vycpavka></vycpavka></vycpavka></vycpavka></idautora></kniha><kniha>
		
		
		
		
	<oblibenost>14<vycpavka>vycpana data na urovni: 4<vycpavka>vycpana data na urovni: 5<vycpavka>vycpana data na urovni: 6<vycpavka>vycpana data na urovni: 7<vycpavka>vycpana data na urovni: 8</vycpavka></vycpavka></vycpavka></vycpavka></vycpavka></oblibenost><kapitoly>
			
		<kapitola><cislo>1<vycpavka>vycpana data na urovni: 6<vycpavka>vycpana data na urovni: 7<vycpavka>vycpana data na urovni: 8</vycpavka></vycpavka></vycpavka></cislo><stran>15<vycpavka>vycpana data na urovni: 6<vycpavka>vycpana data na urovni: 7<vycpavka>vycpana data na urovni: 8</vycpavka></vycpavka></vycpavka></stran></kapitola></kapitoly><jazyk>cs<vycpavka>vycpana data na urovni: 4<vycpavka>vycpana data na urovni: 5<vycpavka>vycpana data na urovni: 6<vycpavka>vycpana data na urovni: 7<vycpavka>vycpana data na urovni: 8</vycpavka></vycpavka></vycpavka></vycpavka></vycpavka></jazyk><nazev>Zakerne psani, ktere ani KOH-I-NOOR nezvladne<vycpavka>vycpana data na urovni: 4<vycpavka>vycpana data na urovni: 5<vycpavka>vycpana data na urovni: 6<vycpavka>vycpana data na urovni: 7<vycpavka>vycpana data na urovni: 8</vycpavka></vycpavka></vycpavka></vycpavka></vycpavka></nazev><idautora>1<vycpavka>vycpana data na urovni: 4<vycpavka>vycpana data na urovni: 5<vycpavka>vycpana data na urovni: 6<vycpavka>vycpana data na urovni: 7<vycpavka>vycpana data na urovni: 8</vycpavka></vycpavka></vycpavka></vycpavka></vycpavka></idautora></kniha></knihy>