<?xml version="1.0" encoding="UTF-8" standalone="no"?><Game numberOfChildElements="2">
	<Units numberOfChildElements="2">
		<Unit id="123" numberOfChildElements="3" type="t_unit_melee">
      <Name>Paladin</Name>
      <Stats numberOfChildElements="6">
        <Dex>10</Dex>
        <Hp>20</Hp>
        <Int>20</Int>
        <Mana>5</Mana>
        <Stam>30</Stam>
        <Str>50</Str>
      </Stats>
      <MeleeDemage>500</MeleeDemage>
		</Unit>
    <Unit id="124" numberOfChildElements="3" type="t_unit_ranged">
      <Name>Mage</Name>
      <Stats numberOfChildElements="7">
        <Dex>5</Dex>
        <Hp>15</Hp>
        <Int>50</Int>
        <Mana>50</Mana>
        <Stam>40</Stam>
        <Str>5</Str>
        <Specials numberOfChildElements="2">
          <special name="IntBonus" value="10"/>
          <special name="StrBonus" value="-2"/>
        </Specials>
      </Stats>
      <RangedDemage>200</RangedDemage>
    </Unit>
	</Units>
	<Levels numberOfChildElements="2">
    <Level id="1" numberOfChildElements="2">
      <Map numberOfChildElements="3">
        <Highmap src="map.jpg"/>
        <Respawns numberOfChildElements="2">
          <Respawn unit_id="124" x="0" y="0"/>
          <Respawn unit_id="123" x="10" y="10"/>
        </Respawns>
        <Statics numberOfChildElements="2">
          <Static walkable="false" x="5" y="5"/>
          <Static texture="neco.jpg" walkable="true" x="10" y="10"/>
        </Statics>
      </Map>
      <Comment numberOfChildElements="1">
        Popis nejake mapy s <ref unit_id="123">referncema</ref> na jednotky...
      </Comment>
    </Level>
    <Level id="2" numberOfChildElements="2">
      <Map numberOfChildElements="1">
        <Highmap src="map1.jpg"/>
      </Map>
      <Comment>
        Nejaky popisek..
      </Comment>
    </Level>
	</Levels>
</Game>