<html>
   <head>
      <meta http-equiv="Content-Type" content="text/html; charset=UTF-8">
      <title>Teams</title>
   </head>
   <body>
      <table>
         <tr>
            <td>Name</td>
            <td>Members count</td>
            <td>Subteams</td>
         </tr>
         <tr>
            <td>IT</td>
            <td>3</td>
            <td>X</td>
         </tr>
         <tr>
            <td>Sales</td>
            <td>2</td>
            <td>X</td>
         </tr>
         <tr>
            <td>Cleaners</td>
            <td>2</td>
            <td>
               <table>
                  <tr>
                     <td>Name</td>
                     <td>Members count</td>
                     <td>Subteams</td>
                  </tr>
                  <tr>
                     <td>Floor cleaners</td>
                     <td>0</td>
                     <td>X</td>
                  </tr>
                  <tr>
                     <td>Stairs cleaners</td>
                     <td>1</td>
                     <td>X</td>
                  </tr>
               </table>
            </td>
         </tr>
      </table>
   </body>
</html>