<?xml version="1.0" encoding="UTF-8"?>
<zamestnanci>
   <zamestnanec>
      <jmeno>Irena Kostrahová </jmeno>
      <spot>
         <nazev_spotu>Pátek a rock</nazev_spotu>
         <vysilani>pátek 12:00-16:00</vysilani>
      </spot>
   </zamestnanec>
   <zamestnanec>
      <jmeno>Karl Procházka</jmeno>
      <spot>
         <nazev_spotu>Raní šálek kávy</nazev_spotu>
         <vysilani>úterý 06:00-08:00</vysilani>
         <vysilani>čtvrtek 06:00-08:00</vysilani>
      </spot>
      <spot>
         <nazev_spotu>Víkendový rockový nářez</nazev_spotu>
         <vysilani>sobota 16:00-19:00</vysilani>
         <vysilani>neděle 16:00-19:00</vysilani>
      </spot>
   </zamestnanec>
   <zamestnanec>
      <jmeno>Petra Zrubalová </jmeno>
      <spot>
         <nazev_spotu>Raní šálek kávy</nazev_spotu>
         <vysilani>pondělí 06:00-08:00</vysilani>
         <vysilani>středa 06:00-08:00</vysilani>
         <vysilani>pátek 06:00-08:00</vysilani>
      </spot>
   </zamestnanec>
   <zamestnanec>
      <jmeno>Milan Zubatý </jmeno>
      <spot>
         <nazev_spotu>Nepřátelské duo</nazev_spotu>
         <vysilani>středa 13:00-15:30</vysilani>
      </spot>
   </zamestnanec>
</zamestnanci>