<html>
   <head>
      <meta http-equiv="Content-Type" content="text/html; charset=UTF-8">
      <title>zamestnanci</title>
   </head>
   <body>
      <table>
         <tr>
            <td>jmeno</td>
            <td>prijmeni</td>
            <td>hodnoceni</td>
         </tr>
         <tr>
            <td>Petra</td>
            <td>Zrubalová </td>
            <td>2</td>
         </tr>
         <tr>
            <td>Irena</td>
            <td>Kostrahová </td>
            <td>1</td>
         </tr>
         <tr>
            <td></td>
            <td></td>
            <td>2.25</td>
         </tr>
      </table>
   </body>
</html>