<?xml version="1.0" encoding="UTF-8"?>
<zamestnanci>
   <zamestnanec id="zid_1">
      <jmeno>Karl Procházka</jmeno>
      <tel>328349909</tel>
      <tel>678554786</tel>
      <email>karlos@hotmail.com</email>
      <email>pomlazka@seznam.cz</email>
      <fotka>pomlazka.pgn</fotka>
   </zamestnanec>
   <zamestnanec id="zid_2">
      <jmeno>Petra Zrubalová </jmeno>
      <tel>308333926</tel>
      <tel>209384762</tel>
      <tel>485646987</tel>
      <tel>157986789</tel>
      <email>kojot@seznam.cz</email>
      <email>kojot@gmail.com</email>
      <email>zrubalova@seznam.cz</email>
      <email>zrubalova@hotmail.com</email>
      <fotka>petra.jpg</fotka>
   </zamestnanec>
</zamestnanci>