<html>
   <head>
      <meta http-equiv="Content-Type" content="text/html; charset=UTF-8">
      <title>XHTML table of vehicle types</title>
   </head>
   <body>
      <table border="1">
         <tr>
            <th>Name</th>
            <th>Power</th>
            <th>Weakness to</th>
         </tr>
         <tr>
            <td>Strong Tank</td>
            <td>50</td>
            <td>
               <ul>
                  <li>Aircraft</li>
               </ul>
            </td>
         </tr>
         <tr>
            <td>Heavy Tank</td>
            <td>50</td>
            <td>
               <ul>
                  <li>Aircraft</li>
               </ul>
            </td>
         </tr>
         <tr>
            <td>Mine Layer</td>
            <td>35</td>
            <td>
               <ul>
                  <li>Aircraft</li>
                  <li>Indestructible Tank</li>
               </ul>
            </td>
         </tr>
         <tr>
            <td>Aircraft</td>
            <td>25</td>
            <td>
               <ul></ul>
            </td>
         </tr>
         <tr>
            <td>Medium Tank</td>
            <td>25</td>
            <td>
               <ul></ul>
            </td>
         </tr>
         <tr>
            <td>Indestructible Tank</td>
            <td>100</td>
            <td>
               <ul></ul>
            </td>
         </tr>
         <tr>
            <td>Light Tank</td>
            <td>10</td>
            <td>
               <ul>
                  <li>Medium Tank</li>
                  <li>Mine Layer</li>
               </ul>
            </td>
         </tr>
         <tr>
            <td>Repair Drone</td>
            <td>0</td>
            <td>
               <ul></ul>
            </td>
         </tr>
      </table>
   </body>
</html>