<?xml version="1.0" encoding="UTF-8"?>
<NadprumerniKlienti>
   <klient>
      <Jmeno>
         <JmenoOrganizace xmlns:xsi="http://www.w3.org/2001/XMLSchema-instance">Magistrát hlavního města prahy</JmenoOrganizace>
      </Jmeno>
      <PrumerKlienta>2.6E7</PrumerKlienta>
   </klient>
   <klient>
      <Jmeno>
         <JmenoOrganizace xmlns:xsi="http://www.w3.org/2001/XMLSchema-instance">Tycoon transport s.r.o.</JmenoOrganizace>
      </Jmeno>
      <PrumerKlienta>4.5E7</PrumerKlienta>
   </klient>
</NadprumerniKlienti>