<?xml version="1.0" encoding="UTF-8"?>
<Klienti>
   <klient>
      <Jmeno>
         <JmenoOrganizace xmlns:xsi="http://www.w3.org/2001/XMLSchema-instance">Magistrát hlavního města prahy</JmenoOrganizace>
      </Jmeno>
      <MaxCena>5.0E7</MaxCena>
   </klient>
   <klient>
      <Jmeno>
         <JmenoOrganizace xmlns:xsi="http://www.w3.org/2001/XMLSchema-instance">Tycoon transport s.r.o.</JmenoOrganizace>
      </Jmeno>
      <MaxCena>5.0E7</MaxCena>
   </klient>
   <klient>
      <Jmeno>
         <JmenoOsoby xmlns:xsi="http://www.w3.org/2001/XMLSchema-instance">
					       <Titul>ing</Titul>
					       <Jmeno>Tim</Jmeno>
					       <Prijmeni>Burton</Prijmeni>
				     </JmenoOsoby>
      </Jmeno>
      <MaxCena>1.0E6</MaxCena>
   </klient>
   <klient>
      <Jmeno>
         <JmenoOsoby xmlns:xsi="http://www.w3.org/2001/XMLSchema-instance">
					       <Jmeno>Edward</Jmeno>
					       <Jmeno>Davis</Jmeno>
					       <Prijmeni>Wood</Prijmeni>
				     </JmenoOsoby>
      </Jmeno>
      <MaxCena>45000</MaxCena>
   </klient>
   <klient>
      <Jmeno>
         <JmenoOsoby xmlns:xsi="http://www.w3.org/2001/XMLSchema-instance">
					       <Jmeno>Petr</Jmeno>
					       <Prijmeni>Jackson</Prijmeni>
				     </JmenoOsoby>
      </Jmeno>
      <MaxCena/>
   </klient>
   <klient>
      <Jmeno>
         <JmenoOrganizace xmlns:xsi="http://www.w3.org/2001/XMLSchema-instance">ČEZ a.s.</JmenoOrganizace>
      </Jmeno>
      <MaxCena/>
   </klient>
</Klienti>