<?xml version="1.0" encoding="UTF-8"?>
<Zakazky>
   <Dum>
      <jmeno>
         <PopisStavby>Rodinný dùm</PopisStavby>
      </jmeno>
      <cisloZakazky zid="z_1"/>
      <podzakazky>
         <Strecha>
            <jmeno>
               <PopisStavby>Strecha</PopisStavby>
            </jmeno>
            <cisloZakazky zid="z_1.1"/>
            <podzakazky>
               <Okno>
                  <jmeno>
                     <PopisStavby>Stresni okno</PopisStavby>
                  </jmeno>
                  <cisloZakazky zid="z_1.1.1"/>
                  <podzakazky/>
               </Okno>
            </podzakazky>
         </Strecha>
         <Zed>
            <jmeno>
               <PopisStavby>Obvodova zed</PopisStavby>
            </jmeno>
            <cisloZakazky zid="z_1.2"/>
            <podzakazky/>
         </Zed>
      </podzakazky>
   </Dum>
   <Tunel>
      <jmeno>
         <PopisStavby>Tunel Blanka</PopisStavby>
      </jmeno>
      <cisloZakazky zid="z_2"/>
      <podzakazky>
         <Razba>
            <jmeno>
               <PopisStavby>Razba tunelu</PopisStavby>
            </jmeno>
            <cisloZakazky zid="z_2.1"/>
            <podzakazky/>
         </Razba>
         <Oprava>
            <jmeno>
               <PopisStavby>Oprava propadu</PopisStavby>
            </jmeno>
            <cisloZakazky zid="z_2.2"/>
            <podzakazky>
               <Oprava>
                  <jmeno>
                     <PopisStavby>Stromovka</PopisStavby>
                  </jmeno>
                  <cisloZakazky zid="z_2.2.1"/>
                  <podzakazky/>
               </Oprava>
               <Oprava>
                  <jmeno>
                     <PopisStavby>MIlady Horakove</PopisStavby>
                  </jmeno>
                  <cisloZakazky zid="z_2.2.2"/>
                  <podzakazky/>
               </Oprava>
            </podzakazky>
         </Oprava>
      </podzakazky>
   </Tunel>
   <Nadrazi>
      <jmeno>
         <PopisStavby>Nádraží</PopisStavby>
      </jmeno>
      <cisloZakazky zid="z_3"/>
      <podzakazky>
         <Budova>
            <jmeno>
               <PopisStavby>Nadrazni budova</PopisStavby>
            </jmeno>
            <cisloZakazky zid="z_3.1"/>
            <podzakazky>
               <Strecha>
                  <jmeno>
                     <PopisStavby>Strecha</PopisStavby>
                  </jmeno>
                  <cisloZakazky zid="z_3.1"/>
                  <podzakazky/>
               </Strecha>
            </podzakazky>
         </Budova>
      </podzakazky>
   </Nadrazi>
   <Nadrazi>
      <jmeno>
         <PopisStavby>Nádraží</PopisStavby>
      </jmeno>
      <cisloZakazky zid="z_4"/>
      <podzakazky/>
   </Nadrazi>
   <Zatepleni>
      <jmeno>
         <PopisStavby>Zateplení chrámu svatého Víta</PopisStavby>
      </jmeno>
      <cisloZakazky zid="z_5"/>
      <podzakazky/>
   </Zatepleni>
   <Byt>
      <jmeno>
         <PopisStavby>Rekostrukce podkrovního bytu</PopisStavby>
      </jmeno>
      <cisloZakazky zid="z_6"/>
      <podzakazky/>
   </Byt>
   <Letiste>
      <jmeno>
         <PopisStavby>Stavba letiště</PopisStavby>
      </jmeno>
      <cisloZakazky zid="z_7"/>
      <podzakazky/>
   </Letiste>
   <Nora>
      <jmeno>
         <PopisStavby>Hobití nora</PopisStavby>
      </jmeno>
      <cisloZakazky zid="z_8"/>
      <podzakazky/>
   </Nora>
   <Vez>
      <jmeno>
         <PopisStavby>Strážní věž</PopisStavby>
      </jmeno>
      <cisloZakazky zid="z_9"/>
      <podzakazky/>
   </Vez>
   <Elektrarna>
      <jmeno>
         <PopisStavby>Dostavba jaderné elektrárny</PopisStavby>
      </jmeno>
      <cisloZakazky zid="z_10"/>
      <podzakazky/>
   </Elektrarna>
</Zakazky>