<html>
   <head>
      <meta http-equiv="Content-Type" content="text/html; charset=UTF-8">
      <title>Dodavatele</title>
   </head>
   <body>
      <h1>Dodavatele</h1>
      <div>
         <h2>Metrostav</h2>
         <ul>
            <li>Rodinný dùm</li>
            <li>Tunel Blanka</li>
            <li>Nádraží</li>
            <li>Zateplení chrámu svatého Víta</li>
         </ul>
      </div>
      <div>
         <h2>Cementárny a vápenky Prachovice</h2>
         <ul>
            <li>Nádraží</li>
            <li>Rekostrukce podkrovního bytu</li>
            <li>Stavba letiště</li>
            <li>Hobití nora</li>
         </ul>
      </div>
      <div>
         <h2>Stavební izolace Praha</h2>
         <ul>
            <li>Tunel Blanka</li>
            <li>Nádraží</li>
            <li>Rekostrukce podkrovního bytu</li>
         </ul>
      </div>
   </body>
</html>