<html>
<head>
<META http-equiv="Content-Type" content="text/html; charset=UTF-8">
<title>XML to HTML</title>
<style media="screen" type="text/css"><!--  
body { background-color: #EEEEEE; }
.indent { margin-left: 20px; }
.element { margin-top: 2px;
           margin-bottom: 2px;
           margin-right: 0px; }
.elementHeader { margin: 2px;
                 background-color: #C3D9FF;
                 border: 1px solid #36393D; }
.elementHeader h1 { font-size: 14pt;
                    display: inline;
                    margin-right: 10px; }
--></style>
</head>
<body>
<div class="element indent">
<div class="elementheader">
<h1>airline_reservations</h1>xmlns="" xmlns:xsi="http://www.w3.org/2001/XMLSchema-instance" xsi:noNamespaceSchemaLocation="data.xsd" </div>

	
<div class="element indent">
<div class="elementheader">
<h1>reservation</h1>r_id="R7300237738" </div>
	
		
<div class="element indent">
<div class="elementheader">
<h1>flight_provider</h1>
</div>
<div class="text indent">Wizz Air</div>
</div>
		
<div class="element indent">
<div class="elementheader">
<h1>from</h1>
</div>
<div class="text indent">PRG</div>
</div>
		
<div class="element indent">
<div class="elementheader">
<h1>to</h1>
</div>
<div class="text indent">EIN</div>
</div>
	
		
<div class="element indent">
<div class="elementheader">
<h1>passenger</h1>p_id="P77534657866" p_id_type="passport" </div>
	    	
<div class="element indent">
<div class="elementheader">
<h1>first_name</h1>
</div>
<div class="text indent">Mark</div>
</div>
			
<div class="element indent">
<div class="elementheader">
<h1>middle_name</h1>
</div>
<div class="text indent">Johnson</div>
</div>
			
<div class="element indent">
<div class="elementheader">
<h1>last_name</h1>
</div>
<div class="text indent">Twain</div>
</div>
			
<div class="element indent">
<div class="elementheader">
<h1>seat_num</h1>
</div>
<div class="text indent">44</div>
</div>
			
<div class="element indent">
<div class="elementheader">
<h1>frequent_flyer_number</h1>
</div>
<div class="text indent">44658204</div>
</div>
		
</div>
					
		
<div class="element indent">
<div class="elementheader">
<h1>passenger</h1>p_id="P77534657866" </div>
			
<div class="element indent">
<div class="elementheader">
<h1>first_name</h1>
</div>
<div class="text indent">Martina</div>
</div>
			
<div class="element indent">
<div class="elementheader">
<h1>middle_name</h1>
</div>
<div class="text indent">Robert</div>
</div>
			
<div class="element indent">
<div class="elementheader">
<h1>last_name</h1>
</div>
<div class="text indent">Hingis</div>
</div>
			
<div class="element indent">
<div class="elementheader">
<h1>seat_num</h1>
</div>
<div class="text indent">45</div>
</div>
		
</div>			
	
	
</div>
	
	
	
<div class="element indent">
<div class="elementheader">
<h1>reservation</h1>r_id="R7400237738" </div>
	
		
<div class="element indent">
<div class="elementheader">
<h1>flight_provider</h1>
</div>
<div class="text indent">Wizz Air</div>
</div>
		
<div class="element indent">
<div class="elementheader">
<h1>from</h1>
</div>
<div class="text indent">PRG</div>
</div>
		
<div class="element indent">
<div class="elementheader">
<h1>to</h1>
</div>
<div class="text indent">EIN</div>
</div>
	
		
<div class="element indent">
<div class="elementheader">
<h1>passenger</h1>p_id="P37534657866" p_id_type="passport" </div>
	    	
<div class="element indent">
<div class="elementheader">
<h1>first_name</h1>
</div>
<div class="text indent">Mark</div>
</div>
			
<div class="element indent">
<div class="elementheader">
<h1>middle_name</h1>
</div>
<div class="text indent">Johnson</div>
</div>
			
<div class="element indent">
<div class="elementheader">
<h1>last_name</h1>
</div>
<div class="text indent">Twain</div>
</div>
			
<div class="element indent">
<div class="elementheader">
<h1>seat_num</h1>
</div>
<div class="text indent">45</div>
</div>
			
<div class="element indent">
<div class="elementheader">
<h1>frequent_flyer_number</h1>
</div>
<div class="text indent">44658204</div>
</div>
		
</div>
					
		
<div class="element indent">
<div class="elementheader">
<h1>passenger</h1>p_id="P75534657866" </div>
			
<div class="element indent">
<div class="elementheader">
<h1>first_name</h1>
</div>
<div class="text indent">Martina</div>
</div>
			
<div class="element indent">
<div class="elementheader">
<h1>middle_name</h1>
</div>
<div class="text indent">Robert</div>
</div>
			
<div class="element indent">
<div class="elementheader">
<h1>last_name</h1>
</div>
<div class="text indent">Hingis</div>
</div>
			
<div class="element indent">
<div class="elementheader">
<h1>seat_num</h1>
</div>
<div class="text indent">47</div>
</div>
		
</div>			
	
	
</div>

	
	
<div class="element indent">
<div class="elementheader">
<h1>additional_info</h1>a_id="R7300237738" </div>
<div class="text indent">Run the passengers from the reservation through the Interpol database.</div>
</div>


</div>
</body>
</html>
