<?xml version="1.0" encoding="UTF-8"?>
<shooters>
   <player id="p0" photo="" injury="no" position="forward">
					<name>
						   <first_name>Lionel</first_name>
						   <surname>Messi</surname>				
					</name>
					<age>25</age>
					<statistics>
						   <numberOfMatches>300</numberOfMatches>
						   <goals>200</goals>
					</statistics>
					<team>A</team>
				</player>
</shooters>
<shooters/>
<shooters>
   <player id="p5" photo="" injury="yes" position="forward">
					<name>
						   <first_name>David</first_name>
						   <surname>Villa</surname>				
					</name>
					<age>27</age>
					<statistics>
						   <numberOfMatches>111</numberOfMatches>
						   <goals>400</goals>
					</statistics>
					<team>A</team>
				</player>
</shooters>