<?xml version="1.0" encoding="UTF-8"?>
<team>
   <id>A</id>
   <name>A team</name>
   <trainer>
			   <first-name>Alex</first-name>
			   <surname>Perez</surname>
		</trainer>
   <player id="p0" photo="" injury="no" position="forward">
					<name>
						   <first_name>Lionel</first_name>
						   <surname>Messi</surname>				
					</name>
					<age>25</age>
					<statistics>
						   <numberOfMatches>300</numberOfMatches>
						   <goals>200</goals>
					</statistics>
					<team>A</team>
				</player>
   <player id="p1" photo="" injury="no" position="midfielder">
					<name>
						   <first_name>Xavi</first_name>
						   <surname>Hernandez</surname>				
					</name>
					<phone>456789123</phone>
					<age>30</age>
					<statistics>
						   <numberOfMatches>333</numberOfMatches>
						   <goals>20</goals>
					</statistics>
					<team>A</team>
				</player>
   <player id="p2" photo="abc" injury="yes" position="forward">
					<name>
						   <first_name>Cesc</first_name>
						   <surname>Fabregas</surname>				
					</name>
					<age>24</age>
					<statistics>
						   <numberOfMatches>50</numberOfMatches>
						   <goals>32</goals>
					</statistics>
					<team>A</team>
				</player>
   <player id="p3" photo="" injury="no" position="defender">
					<name>
						   <first_name>Carles</first_name>
						   <surname>Puyol</surname>				
					</name>
					<age>35</age>
					<statistics>
						   <numberOfMatches>444</numberOfMatches>
						   <goals>5</goals>
					</statistics>
					<team>A</team>
				</player>
   <player id="p4" photo="" injury="no" position="midfielder">
					<name>
						   <first_name>Andres</first_name>
						   <surname>Iniesta</surname>				
					</name>
					<phone>987654321</phone>
					<age>23</age>
					<statistics>
						   <numberOfMatches>255</numberOfMatches>
						   <goals>43</goals>
					</statistics>
					<team>A</team>
				</player>
   <player id="p5" photo="" injury="yes" position="forward">
					<name>
						   <first_name>David</first_name>
						   <surname>Villa</surname>				
					</name>
					<age>27</age>
					<statistics>
						   <numberOfMatches>111</numberOfMatches>
						   <goals>400</goals>
					</statistics>
					<team>A</team>
				</player>
   <player id="p6" photo="" injury="no" position="defender">
					<name>
						   <first_name>Dani</first_name>
						   <surname>Alves</surname>				
					</name>
					<age>31</age>
					<statistics>
						   <numberOfMatches>123</numberOfMatches>
						   <goals>12</goals>
					</statistics>
					<team>A</team>
				</player>
</team>
<team>
   <id>B</id>
   <name>B team</name>
   <trainer>
			   <first-name>Luan</first-name>
			   <surname>Oliveira</surname>
		</trainer>
   <player id="p7" photo="" injury="no" position="goalkeeper">
					<name>
						   <first_name>Victor</first_name>
						   <surname>Valdes</surname>				
					</name>
					<age>34</age>
					<statistics>
						   <numberOfMatches>321</numberOfMatches>
						   <goals>1</goals>
					</statistics>
					<team>B</team>
				</player>
   <player id="p8" photo="jalba" injury="no" position="defender">
					<name>
						   <first_name>Jordi</first_name>
						   <surname>Alba</surname>				
					</name>
					<age>20</age>
					<statistics>
						   <numberOfMatches>33</numberOfMatches>
						   <goals>3</goals>
					</statistics>
					<team>B</team>
				</player>
</team>
<team>
   <id>C</id>
   <name>C team</name>
   <trainer>
			   <first-name>Rodrigo</first-name>
			   <surname>Petersen</surname>
		</trainer>
   <player id="p9" photo="" injury="no" position="defender">
					<name>
						   <first_name>Gerard</first_name>
						   <surname>Pique</surname>				
					</name>
					<phone>123154645</phone>
					<age>33</age>
					<statistics>
						   <numberOfMatches>213</numberOfMatches>
						   <goals>5</goals>
					</statistics>
					<team>C</team>
				</player>
</team>