<?xml version="1.0" encoding="UTF-8"?>
<player id="p2" photo="abc" injury="yes" position="forward">
					<name>
						<first_name>Cesc</first_name>
						<surname>Fabregas</surname>				
					</name>
					<age>24</age>
					<statistics>
						<numberOfMatches>50</numberOfMatches>
						<goals>32</goals>
					</statistics>
					<team>A</team>
				</player>
<player id="p8" photo="jalba" injury="no" position="defender">
					<name>
						<first_name>Jordi</first_name>
						<surname>Alba</surname>				
					</name>
					<age>20</age>
					<statistics>
						<numberOfMatches>33</numberOfMatches>
						<goals>3</goals>
					</statistics>
					<team>B</team>
				</player>