<?xml version="1.0" encoding="UTF-8"?>
<vojaci>
   <vojak>
      <praenomen>Titus</praenomen>
      <nomen>Flavius</nomen>
      <cognomen>Vespasianus</cognomen>
      <hodnost>legat</hodnost>
   </vojak>
   <vojak>
      <praenomen>Marcus</praenomen>
      <nomen>Porcius</nomen>
      <cognomen>Cato</cognomen>
      <hodnost>prvni tribun</hodnost>
   </vojak>
   <vojak>
      <praenomen>Marcus</praenomen>
      <nomen>Iunius</nomen>
      <cognomen>Brutus</cognomen>
      <hodnost>tribun</hodnost>
   </vojak>
   <vojak>
      <praenomen>Flavius</praenomen>
      <nomen>Belisarius</nomen>
      <cognomen/>
      <hodnost>centurion</hodnost>
   </vojak>
   <vojak>
      <praenomen>Nikias</praenomen>
      <nomen>syn Nikeratuv</nomen>
      <cognomen/>
      <hodnost>legionar</hodnost>
   </vojak>
   <vojak>
      <praenomen>Quintus</praenomen>
      <nomen>Fabius</nomen>
      <cognomen>Maximus</cognomen>
      <hodnost>tribun</hodnost>
   </vojak>
   <vojak>
      <praenomen/>
      <nomen>A</nomen>
      <cognomen>Flavius</cognomen>
      <hodnost>tribun</hodnost>
   </vojak>,
<vojak>
      <praenomen>as</praenomen>
      <nomen>Fs</nomen>
      <cognomen>Veanus</cognomen>
      <hodnost>tribun</hodnost>
   </vojak>
   <vojak>
      <praenomen>esf</praenomen>
      <nomen>afws</nomen>
      <cognomen>Vefefasnus</cognomen>
      <hodnost>centurion</hodnost>
   </vojak>
   <vojak>
      <praenomen>eaf</praenomen>
      <nomen>efs</nomen>
      <cognomen>Vaefenus</cognomen>
      <hodnost>legionar</hodnost>
   </vojak>
   <vojak>
      <praenomen>ef</praenomen>
      <nomen>efaf</nomen>
      <cognomen>Vefefs</cognomen>
      <hodnost>nosic standarty</hodnost>
   </vojak>
   <vojak>
      <praenomen>aefT</praenomen>
      <nomen>Fwafs</nomen>
      <cognomen>Veanueafas</cognomen>
      <hodnost>prvni tribun</hodnost>
   </vojak>
</vojaci>