<html>
   <head>
      <meta http-equiv="Content-Type" content="text/html; charset=UTF-8">
   </head>
   <body>
      <table>
         <thead>
            <tr>
               <th>Praenomen</th>
               <th>Nomen</th>
               <th>Cognomen</th>
               <th>Hodnost</th>
            </tr>
         </thead>
         <tbody>
            <tr>
               <td></td>
               <td>A</td>
               <td>Flavius</td>
               <td>tribun</td>
            </tr>
            <tr>
               <td>Flavius</td>
               <td>Belisarius</td>
               <td></td>
               <td>centurion</td>
            </tr>
            <tr>
               <td>Quintus</td>
               <td>Fabius</td>
               <td>Maximus</td>
               <td>tribun</td>
            </tr>
            <tr>
               <td>Titus</td>
               <td>Flavius</td>
               <td>Vespasianus</td>
               <td>legat</td>
            </tr>
            <tr>
               <td>Marcus</td>
               <td>Iunius</td>
               <td>Brutus</td>
               <td>tribun</td>
            </tr>
            <tr>
               <td>Marcus</td>
               <td>Porcius</td>
               <td>Cato</td>
               <td>prvni tribun</td>
            </tr>
            <tr>
               <td>Nikias</td>
               <td>syn Nikeratuv</td>
               <td></td>
               <td>legionar</td>
            </tr>
         </tbody>
      </table>
   </body>
</html>