<?xml version="1.0" encoding="UTF-8"?>
<tribuni>
   <vojak narodnost="rimska" hodnost="h2" stav="senator">
      <jmeno><!-- nejvetsi obrance republiky --><praenomen>Marcus</praenomen>
         <nomen>Iunius</nomen>
         <cognomen>Brutus</cognomen>
      </jmeno>
   </vojak>
   <vojak narodnost="rimska" hodnost="h2" stav="senator">
      <jmeno><!-- nejvetsi obrance republiky --><praenomen>Quintus</praenomen>
         <nomen>Fabius</nomen>
         <cognomen>Maximus</cognomen>
      </jmeno>
   </vojak>
   <vojak narodnost="helenska" hodnost="h2" stav="plebej">
      <jmeno>
         <nomen>A</nomen>
         <cognomen>Flavius</cognomen>
      </jmeno>
   </vojak>
</tribuni>