<html>
   <head>
      <meta http-equiv="Content-Type" content="text/html; charset=UTF-8">
      <title>Tabulka vin</title>
   </head>
   <body>
      <table>
         <tr bgcolor="#9acd32">
            <th>Nazev</th>
            <th>Barva</th>
            <th>Cukernatost</th>
            <th>Vinarstvi</th>
            <th>Stat</th>
            <th>Sklizen</th>
            <th>Cekernatost bileho vina vyssi nez 20 stupnu</th>
         </tr>
         <tr>
            <td>bila</td>
            <td>18</td>
            <td>Habanske sklepy</td>
            <td>CR</td>
            <td>2011</td>
            <td>bila</td>
            <td>Ne nema</td>
         </tr>
         <tr>
            <td>bila</td>
            <td>24</td>
            <td>Habanske sklepy</td>
            <td>CR</td>
            <td>2011</td>
            <td>bila</td>
            <td>Ano ma</td>
         </tr>
         <tr>
            <td>cervena</td>
            <td>26</td>
            <td>Habanske sklepy</td>
            <td>CR</td>
            <td>2009</td>
            <td>cervena</td>
            <td>Ne nema</td>
         </tr>
         <tr>
            <td>bila</td>
            <td>24</td>
            <td>Vinne sklepy Valtice</td>
            <td>
               CR
               
            </td>
            <td>2011</td>
            <td>bila</td>
            <td>Ano ma</td>
         </tr>
      </table>
   </body>
</html>