<?xml version="1.0" encoding="UTF-8" standalone="no"?><eshop>
	<!-- Company which owns this eshop -->
	<company>
		Incredible shop Inc.
	</company>
	
	<!-- Table of permissions that can be attached to roles -->
	<permissions>
		<permission description="access administration" id="p_1"/>
		<permission description="modify orders" id="p_2"/>
		<permission description="modify employees" id="p_3"/>
		<permission description="modify categories" id="p_4"/>
		<permission description="modify products" id="p_5"/>					
	</permissions>
	
	<!-- Roles for employees --> 
	<roles>
		<role attached_permissions="p_1 p_2 p_3 p_4 p_5" id="r_admin">
			Administrator
		</role>
		<role attached_permissions="p_2 p_3 p_4 p_5" id="r_owner">
			Shop owner
		</role>
		<role attached_permissions="p_2" id="r_order_assistant">
			Orders assistant
		</role>
		<role attached_permissions="p_4 p_5" id="r_shop_assistant">
			Shop assistant
		</role>
	</roles>
	
	<!-- Employees of the eshop -->
	<employees>
		<employee id="e_1" role_id="r_admin">
			<name>Clark Kent</name>
			<email>admin@eshop.com</email>
		</employee>
		<employee id="e_2" role_id="r_owner">
			<name>John Carter</name>
			<email>john@eshop.com</email>
		</employee>
		<employee id="e_3" role_id="r_order_assistant">
			<name>Tony Stark</name>
			<email>ironman@eshop.com</email>
		</employee>
		<employee id="e_4" role_id="r_shop_assistant">
			<name>Natalie Cook</name>
			<email>naty@eshop.com</email>
		</employee>
		<employee id="e_5" role_id="r_shop_assistant">
			<name>Dylan Sanders</name>
			<email>sanders@eshop.com</email>
		</employee>
		<employee id="e_6" role_id="r_shop_assistant">
			<name>Alex Munday</name>
			<email>lex@eshop.com</email>
		</employee>
	<employee id="e_7" role_id="r_shop_assistant"><name>Lex Luthor</name><email>lex@smallShop.com</email></employee></employees>
	
	<!-- Categories where products are organized -->
	<categories>
		<category active="yes" id="c_root" name="root">
		
			<category active="yes" id="c_1" name="Mobile phones">
				<category active="yes" id="c_1_1" name="Android">	
					<item active="yes" product_id="i_4"/>
					<item active="yes" product_id="i_5"/>
				</category>
				
				<category active="yes" id="c_1_2" name="Windows">				
					<item active="yes" product_id="i_6"/>
				</category>
				
				<category active="yes" id="c_1_3" name="Apple iOS">				
					<item active="yes" product_id="i_7"/>
				</category>				
			</category>
			
			<category active="yes" id="c_2" name="Computers">
				<category active="yes" id="c_2_1" name="Notebooks">
					<item active="yes" product_id="i_1"/>
					<item active="yes" product_id="i_2"/>
				</category> 
				
				<category active="yes" id="c_2_2" name="Desktops">
					<item active="yes" product_id="i_3"/>
				</category>				
			</category>
			
		</category>  
	</categories>
	
	<!-- Products that are available in eshop -->
	<products>
		<product id="i_1" name="Acer Aspire E1" price="9500">
			<description>
				<![CDATA[
					<cpu>2.2Ghz</cpu>
					<ram>4GB</ram>
				]]>
				Modern? notebook pro kancel??sk? nasazen?.
			</description>			
		</product>
		<product id="i_2" name="HP ProBook 4740s" price="20000">			
			<description>
				<![CDATA[
					<cpu>2.6Ghz</cpu>
					<ram>6GB</ram>
				]]>
				Kvalitn? notebook pro n?ro?n?.
			</description>	
		</product>
		<product id="i_3" name="DELL Precision T1650" price="37330">
			<description>
				<![CDATA[
					<cpu>3.8Ghz</cpu>
					<ram>8GB</ram>
				]]>
				V?konn? pracovn? stanice.
			</description>	
		</product>
		<product id="i_4" name="Samsung GALAXY S III" price="12400"/>
		<product id="i_5" name="HTC One X" price="14500"/>
		<product id="i_6" name="Windows Phone 8X" price="13200"/>
		<product id="i_7" name="Apple iPhone 5" price="21000"/>
	</products>
	 
	<!-- Orders which were made by customers -->
	<orders> 
		<order customer_id="m_1" date="4-3-2013" id="o_1">
			<entry count="3" product_id="i_3"/>
			<entry product_id="i_1"/>
		</order>
		
		
	</orders> 
	 
	<!-- Customers that has been registered -->
	<customers>
		<customer id="m_1"> 
			<name>Peter Parker</name>
			<city>New York</city>
			<phone>489789465</phone>
			<email>parker@gmail.com</email> 
		</customer>
		
		
	</customers> 
	
	<!-- Newsletters which were sent to customers -->
	<newsletters>	
		<newsletter duration="1-1-2012 25-3-2012" id="n_1">
			Zimn? v?prodej, slevy 10% na v?e!!!
		</newsletter>
		<newsletter duration="1-1-2013 25-9-2013" id="n_2">
			Vyberte si z na?eho ?irok?ho sortimentu spot?ebn? elektroniky.
		</newsletter>
	</newsletters>
	
	<!-- Imports where product data came from -->
	<imports>
		<import name="localhost">	
			<?php importFromLocal("/imports"); ?>
		</import>
		<import name="friendsEshop">
			<?php importFromXML("http://friendsEshop.com/exportXML.php?auth=2323adf23r"); ?>
		</import>
	</imports>
	
	<!-- Rules for exporting products data -->
	<exports>
		<export bot="heureka" output="catalog/xml"/>
		<export bot="google" output="site-map/xml"/>
		<export bot="quest" output="no-permission/html"/>
	</exports>	 
	
</eshop>