<?xml version="1.0" encoding="UTF-8" standalone="no"?><tasks xmlns="http://foo.bar.tld" xmlns:xsi="http://www.w3.org/2001/XMLSchema-instance" xsi:schemaLocation="http://foo.bar.tld         data.xsd">
	<userland>
		<users>
			<user id="u1">
				<name>
					<displayname>Franta</displayname>
					<firstname>Franti?ek</firstname>
					<lastname>Nov?k</lastname>
				</name>
				<passwd>hashhesla</passwd>
				<i18n>
					<lang>cs</lang>
					<country>CZ</country>
				</i18n>
				<devices>
					<device>iOS
					</device>
					<device>web
					</device>
					<device>mac
					</device>
				</devices>
			</user>
			<user id="u2">
				<name>
					<displayname>Pepa</displayname>
					<lastname>Nov?k</lastname>
				</name>
				<passwd>hashhesla12345</passwd>
				<i18n>
					<lang>cs</lang>
					<country>CZ</country>
				</i18n>
				<devices>
					<device>iOS
					</device>
					<device>web
					</device>
				</devices>
			</user>
		</users>
		<groups>
			<group id="g1" name="Prdel??i z MFF">
				<members>
					<member id="u1"/>
				</members>
				<admins>
					<admin id="u1"/>
				</admins>
			</group>
		</groups>
	</userland>
	<taskland>
		<tasklist>
			<task area="a0" difficulty="1" text="Koupit ml?ko" user="u1"/>
			<task area="a0" difficulty="1" text="Koupit vejce" user="u1"/>
			<task area="a0" difficulty="1" text="Koupit chl?b" user="u1"/>
			<task area="a0" difficulty="1" text="Koupit sal?m" user="u1"/>
			<task area="a0" difficulty="2" tags="t1 t3" text="Koupit s?r &amp; ement?l" user="u1"/>
			<task area="a0" difficulty="2" text="Koupit rohl?ky" user="u1"/>
			<task area="a0" difficulty="1" text="Koupit h?eb?ky" user="u1"/>
			<task area="a0" difficulty="2" text="Koupit kol?ky" user="u1"/>
			<task area="a0" difficulty="5" tags="t1 t2" text="Koupit auto" user="u1"/>
			<task area="a0" difficulty="2" text="Koupit sazeni?ky" user="u1"/>
			<task area="a2" difficulty="3" text="Napsat ?kol na line?rn? algebru #2" user="u2"/>
			<task area="a2" difficulty="10" text="Napsat ?kol na matematickou anal?zu #3" user="u2"/>
			<task area="a2" difficulty="5" text="Napsat ?kol na technologie XML #4" user="u2"/>
			<task area="a2" difficulty="3" text="Sehnat literaturu na ro?n?kov? projekt" user="u2"/>
			<task area="a2" difficulty="10" text="Napsat ?kol na pokro?il? C++" user="u2"/>
			<task area="a3" difficulty="10" tags="t8" text="Naj?t si p??telkyni" user="u2"/>
			<task area="a3" difficulty="9" tags="t5" text="Postavit syna" user="u2"/>
			<task area="a3" difficulty="9" text="Zasadit d?m" user="u2"/>
			<task area="a3" difficulty="8" text="Zplodit strom" user="u2"/>
			<task area="a3" difficulty="9" tags="t7" text="Zaj?t si k psychologovi" user="u2"/>
		</tasklist>
		<projectlist>
			<project id="p0" user="u1">V?choz? projekt</project>
		</projectlist>
		<aorlist>
			<area id="a0" user="u1">Doma</area>
			<area id="a1" user="u1">Pr?ce</area>
			<area id="a2" user="u2">?kola</area>
			<area id="a3" user="u2">Osobn?</area>
		</aorlist>
		<taglist>
			<tag id="t1" type="normal" user="u1">challenge</tag>
			<tag id="t2" type="normal" user="u1">long time</tag>
			<tag id="t3" type="normal" user="u1">short time</tag>
			<tag id="t4" type="normal" user="u1">errand</tag>
			<tag id="t5" type="normal" user="u2">challenge</tag>
			<tag id="t6" type="normal" user="u2">easy</tag>
			<tag id="t7" type="normal" user="u2">hard</tag>
			<tag id="t8" type="normal" user="u2">important</tag>
		</taglist>
	</taskland>
</tasks>