<?xml version="1.0" encoding="UTF-8"?>
<ceny>
   <recept>
      <nazev>
         <Jmeno>Chleba s maslem</Jmeno>
      </nazev>
      <cena>11</cena>
   </recept>
   <recept>
      <nazev>
         <Jmeno>Chleba bez masla</Jmeno>
      </nazev>
      <cena>4</cena>
   </recept>
   <recept>
      <nazev>
         <Jmeno>Topinka</Jmeno>
      </nazev>
      <cena>9</cena>
   </recept>
   <recept>
      <nazev>
         <Jmeno>Svestkove bochanky</Jmeno>
      </nazev>
      <cena>244.98</cena>
   </recept>
   <recept>
      <nazev>
         <Jmeno>Brambory</Jmeno>
      </nazev>
      <cena>10.85</cena>
   </recept>
   <recept>
      <nazev>
         <Jmeno>Makarony</Jmeno>
      </nazev>
      <cena>31.65</cena>
   </recept>
   <recept>
      <nazev>
         <Jmeno>Ryze</Jmeno>
      </nazev>
      <cena>13.65</cena>
   </recept>
   <recept>
      <nazev>
         <Jmeno>Americke brambory</Jmeno>
      </nazev>
      <cena>16.8</cena>
   </recept>
   <recept>
      <nazev>
         <Jmeno>Babicciny knedliky bez mouky</Jmeno>
      </nazev>
      <cena>17.85</cena>
   </recept>
   <recept>
      <nazev>
         <Jmeno>Fazole</Jmeno>
      </nazev>
      <cena>61.5</cena>
   </recept>
   <recept>
      <nazev>
         <Jmeno>Knedlik</Jmeno>
      </nazev>
      <cena>7</cena>
   </recept>
   <recept>
      <nazev>
         <Jmeno>Bramboraky z cervene repy</Jmeno>
      </nazev>
      <cena>29.89</cena>
   </recept>
</ceny>