<html>
   <head>
      <meta http-equiv="Content-Type" content="text/html; charset=UTF-8">
   </head>
   <body>
      <ul>
         <li>
            <h1>Ostatni</h1>
         </li>
         <ul></ul>
         <ul>
            <li>
               <h1>Studene</h1>
            </li>
            <ul>
               <li>
                  <Jmeno>Chleba s maslem</Jmeno>
               </li>
               <li>
                  <Jmeno>Chleba bez masla</Jmeno>
               </li>
            </ul>
            <ul>
               <li>
                  <h1>Zanoreni 3</h1>
               </li>
               <ul></ul>
            </ul>
         </ul>
         <ul>
            <li>
               <h1>Teple</h1>
            </li>
            <ul>
               <li>
                  <Jmeno>Topinka</Jmeno>
               </li>
            </ul>
         </ul>
      </ul>
      <ul>
         <li>
            <h1>Buchty</h1>
         </li>
         <ul>
            <li>
               <Jmeno>Svestkove bochanky</Jmeno>
            </li>
         </ul>
      </ul>
      <ul>
         <li>
            <h1>Prilohy</h1>
         </li>
         <ul>
            <li>
               <Jmeno>Brambory</Jmeno>
            </li>
            <li>
               <Jmeno>Makarony</Jmeno>
            </li>
            <li>
               <Jmeno>Ryze</Jmeno>
            </li>
            <li>
               <Jmeno>Americke brambory</Jmeno>
            </li>
            <li>
               <Jmeno>Babicciny knedliky bez mouky</Jmeno>
            </li>
            <li>
               <Jmeno>Fazole</Jmeno>
            </li>
            <li>
               <Jmeno>Knedlik</Jmeno>
            </li>
            <li>
               <Jmeno>Bramboraky z cervene repy</Jmeno>
            </li>
         </ul>
      </ul>
      <div>
         <h1>Komentujici</h1>
         <h4>Prebornik</h4>
         <h4>Prebornikuv Oponent</h4>
      </div>
   </body>
</html>