<?xml version="1.0" encoding="UTF-8"?>
<uzivatele>
   <uzivatel role="kuchar">
      <jmeno>Prebornik</jmeno>
   </uzivatel>
   <uzivatel>
      <jmeno>Prebornikuv Oponent</jmeno>
   </uzivatel>
   <uzivatel role="kuchar">
      <jmeno>Kuchtik</jmeno>
   </uzivatel>
   <uzivatel role="kuchar">
      <jmeno>Prvni</jmeno>
   </uzivatel>
   <uzivatel role="kuchar">
      <jmeno>Druhy</jmeno>
   </uzivatel>
   <uzivatel role="kuchar">
      <jmeno>Vedlejsi</jmeno>
   </uzivatel>
   <uzivatel role="kuchar">
      <jmeno>Nejhlavnejsi</jmeno>
   </uzivatel>
   <uzivatel>
      <jmeno>PoradovyUzivatel</jmeno>
   </uzivatel>
   <uzivatel>
      <jmeno>Radovyuzivatel</jmeno>
   </uzivatel>
</uzivatele>