<?xml version="1.0" encoding="utf-8" standalone="no"?><navy xmlns:xsi="http://www.w3.org/2001/XMLSchema-instance" xsi:noNamespaceSchemaLocation="file:///C:/Users/Buckey/Documents/MFF/XML/data.xsd">
	<fleets>
		<fleet commander="o1" name="Monitar fleet">
			<taskForce commander="o3">
				<carrier class="hammerhead" id="sendurance" name="U.N.S Endurance">
					<capital/>
					<fighterWings>42</fighterWings>
				</carrier>
				<ship class="hammerhead" id="sgriffin" name="U.N.S Griffin"/>
				<ship class="hammerhead" id="sraven" name="U.N.S Raven"/>
				<ship class="venator2" id="svaliant" name="U.N.S Valiant"/>
			</taskForce>
			<taskForce commander="o2">
				<ship class="hammerhead" id="sobserver" name="U.N.S Observer"/>
				<ship class="hammerhead" id="sphoenix" name="U.N.S Phoenix"/>
				<ship class="venator2" id="sblueridge" name="U.N.S Blue Ridge"/>
				<ship class="venator2" id="sidaho" name="U.N.S Idaho"/>
			</taskForce>
		</fleet>
		<fleet commander="o5" name="Black fleet">
			<taskForce>
				<ship class="demon" id="sbasilisk" name="U.N.S Basilisk"/>
				<ship class="demon" id="smanticore" name="U.N.S Manticore"/>
			</taskForce>
		</fleet>
	</fleets>
	<schematics>
		<shipType class="hammerhead">
			<name>Hammerhead class battlecruiser</name>
			<manufacturer><![CDATA[Hopcroft & Karp ]]></manufacturer>
			<!-- This is the maximum payload a ship can carry, not the actual factory product armament -->
			<armament>
				<weapon count="12">Heavy laser battery</weapon>
				<weapon count="2">Megaton cannon</weapon>
				<weapon count="2">Ion cannon</weapon>
				<weapon count="10">AA battery</weapon>
				<weapon count="22">Light cannon</weapon>
				<weapon count="4">Missile launcher</weapon>
				<weapon count="2">Torpedo launcher</weapon>
				<weapon count="1">Terraherz EMP</weapon>
				<weapon count="2">ECM</weapon>
				<weapon count="1">Tractor beam</weapon>
			</armament>
			<maxSpeed>120</maxSpeed>
			<shielding>
				<shield type="energy">
					<capacity>440</capacity>
					<rechargeRate>1.5</rechargeRate>
				</shield>
				<shield type="projectile">
					<capacity>130</capacity>
					<rechargeRate>1.1</rechargeRate>
				</shield>
			</shielding>
		</shipType>
		<shipType class="venator">
			<name>Venator class</name>
			<manufacturer>Sienar Fleet Systems</manufacturer>
			<!-- This is the maximum payload a ship can carry, not the actual factory product armament -->
			<armament>
				<weapon count="8">Heavy laser battery</weapon>
				<weapon count="12">Light cannon</weapon>
			</armament>
			<maxSpeed>90</maxSpeed>
			<shielding>
				<shield type="energy">
					<capacity>270</capacity>
					<rechargeRate>1.0</rechargeRate>
				</shield>
				<shield type="projectile">
					<capacity>270</capacity>
					<rechargeRate>1.0</rechargeRate>
				</shield>
			</shielding>
		</shipType>
		<shipType class="demon">
			<name>Demon class battleship</name>
			<manufacturer>Unknown</manufacturer>
			<!-- This is the maximum payload a ship can carry, not the actual factory product armament -->
			<armament>
				<weapon count="22">Heavy laser battery</weapon>
				<weapon count="56">Light cannon</weapon>
				<weapon count="10">Plasma gun</weapon>
			</armament>
			<maxSpeed>60</maxSpeed>
			<shielding>
				<shield type="energy">
					<capacity>570</capacity>
					<rechargeRate>0.8</rechargeRate>
				</shield>
				<shield type="projectile">
					<capacity>380</capacity>
					<rechargeRate>0.8</rechargeRate>
				</shield>
			</shielding>
		</shipType>
	<shipType class="venator2"><name>Venator II class</name><manufacturer>Meandred Ship Systems</manufacturer><armament><weapon count="8">Heavy laser battery</weapon><weapon count="20">Light cannon</weapon><weapon count="2">Megaton cannon</weapon></armament><maxSpeed>110</maxSpeed><shielding><shield type="energy"><capacity>350</capacity><rechargeRate>1.1</rechargeRate></shield><shield type="projectile"><capacity>350</capacity><rechargeRate>1.1</rechargeRate></shield><shield type="energy"><capacity>100</capacity><rechargeRate>4.0</rechargeRate></shield></shielding></shipType></schematics>
	<personnel>
		<officer id="o1">
			<rank>Commander-in-chief</rank>
			<name>Buckey Hack</name>
			<email>commander@uzn.za</email>
			<status>active</status>
			<assignment ship="sendurance"/>
		</officer>
		<officer id="o2">
			<rank>Admiral</rank>
			<name>Wedan Anadrian</name>
			<email>anadrian@uzn.za</email>
			<status>off-duty</status>
			<boss ref="o1"/>
		</officer>
		<officer id="o3">
			<rank>Vice Admiral</rank>
			<name>Jeremiah Fayer</name>
			<email>Fayer@uzn.za</email>
			<status>active</status>
			<assignment ship="sraven"/>
			<boss ref="o1"/>
		</officer>
		<officer id="o4">
			<rank>Captain</rank>
			<name>John Tessarian</name>
			<email>tessarian@uzn.za</email>
			<status>WIA</status>
			<assignment ship="svaliant"/>
			<boss ref="o3"/>
		</officer>
		<officer id="o5">
			<rank>External</rank>
			<name>Mutell Turio</name>
			<status>unknown</status>
		</officer>
	</personnel>
	<report>
	The last inspection revealed that the morale on <shipRef id="svaliant">the Valiant</shipRef> is very poor after the wound <ofRef id="o4">Captain Tessarian</ofRef> received in the Battle of Aderia. It is suggested that the ship be removed from active duty until its commander can return to duty.
	</report>
	<dateTime>
		<?UZNCore echo DateTime.Now()  ?>
	</dateTime>
</navy>