<?xml version="1.0" encoding="UTF-8" standalone="no"?><!-- XML zprava pro umisteni postav, seznam premetu a informace o serveru v rpg hre --><newrpg xmlns="rpg">
<!-- nastaveni serveru -->
	<server>
		<serverName serverName="Temny server"/>
		<ip ip="192.168.1.1"/>
		<port port="8052"/>
	</server>
	
<!-- seznam hernich predmetu -->	
	<items>
		<item>			
			<itemType itemType=""/>
			<itemInfo>
				<minDmg minDmg="12"/>
				<maxDmg maxDmg="24"/>
				<stamina stamina="2"/>
			</itemInfo>
		<id id="item1"/><itemName itemName="Kraluv mec"/></item><!--Ja jsem item-->
		<item>			
			<itemType itemType=""/>
			<itemInfo>
				<armor armor="120"/>
				<agility agility="5"/>
			</itemInfo>
		<id id="item2"/><itemName itemName="Kralovo brneni"/></item><!--Ja jsem item-->
		<item>			
			<itemType itemType=""/>
			<itemInfo>
				<armor armor="20"/>
				<agility agility="2"/>
			</itemInfo>
		<id id="item3"/><itemName itemName="Kralovo boty"/></item><!--Ja jsem item-->
		<item>			
			<itemType itemType=""/>
			<itemInfo>
				<minDmg minDmg="24"/>
				<maxDmg maxDmg="62"/>
				<agility agility="2"/>
			</itemInfo>
		<id id="item4"/><itemName itemName="Mec zhouby"/></item><!--Ja jsem item-->
		<item>			
			<itemType itemType=""/>
			<itemInfo>			
				<stamina stamina="8"/>	
				<agility agility="2"/>				
			</itemInfo>
		<id id="item5"/><itemName itemName="Prsten slavy"/></item><!--Ja jsem item-->
		<item>			
			<itemType itemType=""/>
			<itemInfo>
				<armor armor="250"/>
				<agility agility="2"/>
			</itemInfo>
		<id id="item6"/><itemName itemName="Zubri helma"/></item><!--Ja jsem item-->
		
	</items>
	
<!-- seznam priser -->	
	<creeps>
		<creep>
			<creepName creepName="Krysar"/>
			<creepType creepType=""/>
			<creepSkin creepSkin="45252"/>
			<creepFraction creepFraction=""/>
			<creepLocation>
				<creepLocX creepLocX="12.255153"/>
				<creepLocY creepLocY="34.514816"/>
			</creepLocation>
			<!-- predmety, ktere vypadnou z prisery po jejim zabiti -->
			<creepItemSet>
				<creepItem creepItem="item1"/>
				<creepItem creepItem="item2"/>
			</creepItemSet>
			<creepStats>
				<creepDmg creepDmg="45-65"/>
				<creepArmor creepArmor="250"/>
				<creepHealth creepHealth="1250"/>
				<creepMovement creepMovement="100"/>
				<creepSize creepSize="1"/>
			</creepStats>
		</creep><!--Ja jsem creep-->
		<creep>
			<creepName creepName="Nemrtvak"/>
			<creepType creepType=""/>
			<creepSkin creepSkin="1522"/>
			<creepFraction creepFraction=""/>
			<creepLocation>
				<creepLocX creepLocX="24.645546"/>
				<creepLocY creepLocY="12.546841"/>
			</creepLocation>
			<creepItemSet>
				<creepItem creepItem="item3"/>				
			</creepItemSet>
			<creepStats>
				<creepDmg creepDmg="80-120"/>
				<creepArmor creepArmor="380"/>
				<creepHealth creepHealth="2540"/>
				<creepMovement creepMovement="100"/>
				<creepSize creepSize="1.5"/>
			</creepStats>
		</creep><!--Ja jsem creep-->
		<creep>
			<creepName creepName="Krysar"/>
			<creepType creepType=""/>
			<creepSkin creepSkin="4452"/>
			<creepFraction creepFraction=""/>
			<creepLocation>
				<creepLocX creepLocX="102.255153"/>
				<creepLocY creepLocY="32.514816"/>
			</creepLocation>
			<!-- predmety, ktere vypadnou z prisery po jejim zabiti -->
			<creepItemSet>
				<creepItem creepItem="item3"/>
				<creepItem creepItem="item2"/>
			</creepItemSet>
			<creepStats>
				<creepDmg creepDmg="50-65"/>
				<creepArmor creepArmor="200"/>
				<creepHealth creepHealth="1550"/>
				<creepMovement creepMovement="100"/>
				<creepSize creepSize="1"/>
			</creepStats>
		</creep><!--Ja jsem creep-->
	</creeps>
</newrpg>