<?xml version="1.0" encoding="UTF-8" standalone="no"?><?xml-stylesheet href="styl.css" type="text/css" ?>
<vazna_hudba>

	<![CDATA[
		for (i=0; i < 10; i++)
		{
			document.writeln("<p>Vazna hudba</p>");
		}
	]]>
	
	<!-- skladatele -->
	<skladatele>
		<skladatel era_ref="era_3" skladatel_id="id_s_1" zijici="ne">
			<osobni_udaje>
				<jmeno>
					<krestni>Frederic</krestni>
					<prijmeni>Chopin</prijmeni>
				</jmeno>
				<narozeni datum_narozeni="1.2.1810" datum_umrti="17.10.1849" misto_narozeni="Polsko"/>	
			</osobni_udaje>
			<zivot>Narodil se v obci <mesto>?elazowa Wola</mesto> nach?zej?c? se 60 km </zivot>
		</skladatel>
		
		<skladatel era_ref="era_3" skladatel_id="id_s_2" zijici="ne">
			<osobni_udaje>
				<jmeno>
					<krestni>Sergei</krestni>
					<prijmeni>Rachmaninoff</prijmeni>
				</jmeno>
				<narozeni datum_narozeni="1.4.1873" datum_umrti="28.3.1943" misto_narozeni="Rusko"/>	
			</osobni_udaje>
			<zivot/>
		</skladatel>
		
		<skladatel era_ref="era_2" skladatel_id="id_s_3" zijici="ne">
			<osobni_udaje>
				<jmeno>
					<krestni>Wolfgang Amadeus</krestni>
					<prijmeni>Mozart</prijmeni>
				</jmeno>
				<narozeni datum_narozeni="27.1.1756" datum_umrti="5.12.1791" misto_narozeni="Salzburg"/>	
			</osobni_udaje>
			<zivot/>
		</skladatel>	
	<skladatel era_ref="era_2" skladatel_id="id_s_4" zijici="ne"><osobni_udaje><jmeno><krestni>Ludwig van</krestni><prijmeni>Beethoven</prijmeni><narozeni datum_narozeni="16.12.1770" datum_umrti="26.3.1827" misto_narozeni="V??????de??????"/></jmeno></osobni_udaje><zivot>... . V prubehu sveho zivota rozvinul klasicistni slohove a formove prostredky do sveho individualniho hudebniho stylu a otevrel tak dvere nove hudebni epose ????????? romantismu.</zivot></skladatel></skladatele>
	
	<!-- dila ruznych skladatelu -->
	<dila>
		<skladba druh="klavirni" skladatel_ref="id_s_1">
			<typ_skladby>Polynesia</typ_skladby>
			<nazev>Heroick? polon?za</nazev>
			<oznaceni>Op. 53, No. 6</oznaceni>
			<tonina>As dur</tonina>
		</skladba>
		<skladba druh="klavirni" skladatel_ref="id_s_1">
			<typ_skladby>Polynesia</typ_skladby>
			<nazev>Fantasia</nazev>
			<oznaceni>Op. 61, No. 7</oznaceni>
			<tonina>As dur</tonina>
		</skladba>
		
		
		
		
		
		
		
		
		<skladba druh="opera" skladatel_ref="id_s_3">
			<typ_skladby>Opera</typ_skladby>
			<nazev>Don Giovanni</nazev>
		</skladba>
		<skladba druh="opera" skladatel_ref="id_s_3">
			<typ_skladby>Opera</typ_skladby>
			<nazev>Kouzeln? fl?tna</nazev>
		</skladba>
	</dila>
	
	<!-- preddefinovane ery -->
	<obdobi>
		<era era_id="era_1">baroko</era>
		<era era_id="era_2">klasicismus</era>
		<era era_id="era_3">romantismus</era>
		<era era_id="era_4">20. stoleti</era>
	</obdobi>
	
</vazna_hudba>