<?xml version="1.0" encoding="UTF-8" standalone="no"?><!-- databaze knih v dom?c? knihovn? a p?ehled, kter? jsou p?j?en? kamar?d?m--><knihovnicka>
	<status>Stav k <?php echo Date("d.m.Y")?></status>
	<SeznamKnih>
		<kniha id="k001" state="doma">
			<autor>	
				<jmenoAutora>
					<jmeno>David</jmeno>
					<prijmeni>Weber</prijmeni>
				</jmenoAutora>
					
			</autor>
			<nazev>Kr?tk? v?t?zn? v?lka</nazev>
		</kniha>
		
		<kniha id="k003" state="pujcenoKomu">
			<autor>	
					Lois McMaster Bujold
			</autor>
			<nazev>Kryokomby</nazev>
			<jazyk>cz</jazyk>
		</kniha>
		
		
		<kniha id="k006" state="doma">
			<autor>	
					Lois McMaster Bujold
			</autor>
			<nazev>Vorova hra</nazev>
			<jazyk>cz</jazyk>
		</kniha>
		<kniha id="k007" state="doma">
			<autor>	
					Lois McMaster Bujold
			</autor>
			<nazev>Cetaganda</nazev>
			<jazyk>cz</jazyk>
		</kniha>
		<kniha id="k008" state="doma">
			<autor>	
					Lois McMaster Bujold
			</autor>
			<nazev>Pam??</nazev>
			<jazyk>cz</jazyk>
		</kniha>
		<kniha id="k009" state="pujcenoOd">
			<autor>	
				<jmenoAutora>
					<jmeno>Ji??</jmeno>
					<prijmeni>Pavlovsk?</prijmeni>
				</jmenoAutora>
			</autor>
			<nazev>Magie pro ka?d?ho</nazev>
			<jazyk>cz</jazyk>
		</kniha>
		<kniha id="k010" state="pujcenoOd">
			<autor>	
				<jmenoAutora>
					<jmeno>Ji??</jmeno>
					<prijmeni>Pavlovsk?</prijmeni>
				</jmenoAutora>
			</autor>
			<nazev>M?sto mrtv?ch</nazev>
			<jazyk>cz</jazyk>
		</kniha>
		<kniha id="k011" state="doma">
			<autor>	
				<jmenoAutora>
					<jmeno>Sonia</jmeno>
					<prijmeni>Leong</prijmeni>
				</jmenoAutora>
			</autor>
			<nazev><![CDATA[Romeo & Julie]]></nazev>
			<jazyk>cz</jazyk>
		</kniha>
		
		
	<kniha id="013" state="doma"><autor><jmenoAutora><jmeno>Roger</jmeno><prijmeni>Zelazny</prijmeni></jmenoAutora></autor><nazev>Dev???t princ??? Amberu</nazev><jazyk>cz</jazyk></kniha></SeznamKnih>
	
	<SeznamVypujcek>
		<vypujcka kdo="Honza" rid="k003"/>
		<vypujcka kdo="?elesta" rid="k004"/>
	</SeznamVypujcek> 
	
</knihovnicka>