<?xml version="1.0" encoding="UTF-8"?>
<obednavky>
   <prodejna id="X67987">
      <obednavka kodKusu="D_B_08732">
         <vzor kod="Y3467">
            <pouzita_barva barva_ref="white"/>
            <pouzita_barva barva_ref="black"/>
         </vzor>
         <kus velikost="XL" pocet="10"/>
      </obednavka>
      <obednavka kodKusu="D_B_08732">
         <vzor kod="Y3467">
            <pouzita_barva barva_ref="white"/>
            <pouzita_barva barva_ref="black"/>
         </vzor>
         <kus velikost="L" pocet="6"/>
      </obednavka>
      <obednavka kodKusu="D_B_08732">
         <vzor kod="X1134">
            <pouzita_barva barva_ref="green"/>
         </vzor>
         <kus velikost="S" pocet="8"/>
      </obednavka>
      <obednavka kodKusu="D_B_29740">
         <vzor kod="X1134">
            <pouzita_barva barva_ref="green"/>
         </vzor>
         <kus velikost="XXL" pocet="6"/>
      </obednavka>
      <obednavka kodKusu="D_B_29740">
         <vzor kod="X1134">
            <pouzita_barva barva_ref="green"/>
         </vzor>
         <kus velikost="XS" pocet="8"/>
      </obednavka>
   </prodejna>
   <prodejna id="X5873">
      <obednavka kodKusu="D_B_08732">
         <vzor kod="Y3467">
            <pouzita_barva barva_ref="white"/>
            <pouzita_barva barva_ref="black"/>
         </vzor>
         <kus velikost="XL" pocet="1"/>
      </obednavka>
      <obednavka kodKusu="D_B_08732">
         <vzor kod="Y3467">
            <pouzita_barva barva_ref="white"/>
            <pouzita_barva barva_ref="black"/>
         </vzor>
         <kus velikost="L" pocet="3"/>
      </obednavka>
      <obednavka kodKusu="D_B_29740">
         <vzor kod="X1134">
            <pouzita_barva barva_ref="green"/>
         </vzor>
         <kus velikost="L" pocet="3"/>
      </obednavka>
   </prodejna>
   <prodejna id="Z987">
      <obednavka kodKusu="D_B_08732">
         <vzor kod="Y3467">
            <pouzita_barva barva_ref="white"/>
            <pouzita_barva barva_ref="black"/>
         </vzor>
         <kus velikost="L" pocet="3"/>
      </obednavka>
      <obednavka kodKusu="D_B_29740">
         <vzor kod="Y3467">
            <pouzita_barva barva_ref="white"/>
            <pouzita_barva barva_ref="black"/>
         </vzor>
         <kus velikost="XL" pocet="1"/>
      </obednavka>
      <obednavka kodKusu="D_B_29740">
         <vzor kod="X1134">
            <pouzita_barva barva_ref="green"/>
         </vzor>
         <kus velikost="L" pocet="3"/>
      </obednavka>
   </prodejna>
</obednavky>