<?xml version="1.0" encoding="UTF-8" standalone="no"?><invoice number="74022013"><!--Element representing one invoice-->
	<supplier><!--Element representing supplier of the invoice-->
		<name>Bohuslav</name>
		<surname>Koukal</surname>
		<address>
			<street>Moskevsk? 116</street>
			<ZIP>46401</ZIP>
			<region code="EU">
				<NUTS1 code="CZ0">
					<NUTS2 code="CZ05">
						<NUTS3 code="CZ051">
							<city>
								Raspenava
							</city>
						</NUTS3>
					</NUTS2>
				</NUTS1>
			</region>
		</address>
		<CIN>8736386</CIN>
		<VATN>CZ86353537</VATN>
	</supplier>
	<purchaser CIN="93038320" VATN="CZ3832519293"><!--Element representing purchaser of the invoice-->
		<company>H1.cz s.r.o.</company>
		<address>
			<street>Na Kope?ku 332</street>
			<ZIP>73737</ZIP>
			<city>Brno</city>
		</address>
		
		
	</purchaser>
	<date>
		<taxable_supply>12/02/2012</taxable_supply>
		<due>26/02/2012</due>
		<written_out>14/02/2012</written_out>
	</date>
	<item id="_1" type="service">
		<description>Pron?jem reklamn?ch slu?eb</description>
		<VAT>0.2</VAT>
		<price>1000</price>
	</item>
	<item id="_2" type="service">
		<description>Pron?jem reklamn?ch slu?eb</description>
		<VAT>0.2</VAT>
		<price>2800</price>
	</item>
	<item id="_3" type="service">
		<description>Pron?jem reklamn?ch slu?eb</description>
		<amount>3</amount>
		<VAT>0.2</VAT>
		<price>670</price>
	</item>
	<item id="_4" type="service">
		<description>Extern? valida?n? slu?by</description>
		<VAT>0.2</VAT>
		<price>4700</price>
	</item>
	<item id="_5" type="service">
		<description>Copywriting</description>
		<VAT>0.2</VAT>
		<price>3990</price>
	</item>
	<item id="_6" type="goods">
		<description>Prodej pr?v k u??v?n? syst?mu</description>
		<VAT>0.2</VAT>
		<price>8000</price>
	</item>
	<item id="_7" type="service">
		<description>OEM licence</description>
		<amount>42</amount>
		<VAT>0.2</VAT>
		<price>1000</price>
	</item>
	<invoice_price>
		<without_VAT/>
		<VAT_total/>
		<total>87100</total>
	</invoice_price>
	<verification>
		<![CDATA[M?m r?d gul??]]>
	</verification>
	<comment>
		Items <ref idref="_1"/>, <ref idref="_2"/> and <ref idref="_3"/> were purchased until 12.02. 2014.
	</comment>
<item type="service"><description>SEO sluzby</description><amount>1</amount><VAT>0.2</VAT><price>22600</price></item></invoice>