<html>
   <head>
      <meta http-equiv="Content-Type" content="text/html; charset=UTF-8">
      <title>Referees</title>
   </head>
   <body>
      <table>
         <tr>
            <th>Name</th>
            <th>Surname</th>
            <th>Rank</th>
         </tr>
         <tr>
            <td>
               <name>Petr</name>
            </td>
            <td>
               <surname>Janosik</surname>
            </td>
            <td>
               <rank>30</rank>
            </td>
         </tr>
         <tr>
            <td>
               <name>Roman</name>
            </td>
            <td>
               <surname>Janousek</surname>
            </td>
            <td>
               <rank>45</rank>
            </td>
         </tr>
         <tr>
            <td>
               <name>David</name>
            </td>
            <td>
               <surname>Kubasek</surname>
            </td>
            <td>
               <rank>55</rank>
            </td>
         </tr>
      </table>
   </body>
</html>