<?xml version="1.0" encoding="UTF-8"?>
<tvurci>
   <tvurce>
      <jmeno>Donald X. Vaccarino</jmeno>
      <hra>
         <nazev>Dominion</nazev>
      </hra>
   </tvurce>
   <tvurce>
      <jmeno>Vlaada (Vladimír) Chvátil</jmeno>
      <hra>
         <nazev>Space Alert</nazev>
      </hra>
      <hra>
         <nazev>Vládci podzemí</nazev> (Dlouha hra!)</hra>
   </tvurce>
   <tvurce>
      <jmeno>Klaus-Jürgen Wrede</jmeno>
      <hra>
         <nazev>Carcassone</nazev>
      </hra>
   </tvurce>
</tvurci>