<?xml version="1.0" encoding="UTF-8"?>
<tvurci>
   <tvurce>
      <jmeno>Donald X. Vaccarino</jmeno>
      <hra>
         <nazev>
            <nazev>Dominion</nazev>
         </nazev>
         <doba>
            <hraciDoba cas="min">30</hraciDoba>
         </doba>
      </hra>
   </tvurce>
   <tvurce>
      <jmeno>Vlaada (Vladimír) Chvátil</jmeno>
      <hra>
         <nazev>
            <nazev>Space Alert</nazev>
         </nazev>
         <doba>
            <hraciDoba cas="min">35</hraciDoba>
         </doba>
      </hra>
   </tvurce>
   <tvurce>
      <jmeno>Klaus-Jürgen Wrede</jmeno>
      <hra>
         <nazev>
            <nazev>Carcassone</nazev>
         </nazev>
         <doba>
            <hraciDoba cas="min">60</hraciDoba>
         </doba>
      </hra>
   </tvurce>
</tvurci>