<?xml version="1.0" encoding="UTF-8"?>
<lide>
   <clovek>
      <jmeno>Pavel</jmeno>
      <prijmeni>Brožek</prijmeni>
   </clovek>
   <clovek>
      <jmeno>David</jmeno>
      <prijmeni>Novák</prijmeni>
   </clovek>
   <clovek>
      <jmeno>Jiří</jmeno>
      <prijmeni>Říha</prijmeni>
   </clovek>
   <clovek>
      <jmeno>Karel</jmeno>
      <prijmeni>Hromada</prijmeni>
   </clovek>
   <clovek>
      <jmeno>Ondřej</jmeno>
      <prijmeni>Mladý</prijmeni>
   </clovek>
   <clovek>
      <jmeno>David</jmeno>
      <prijmeni>Dušek</prijmeni>
   </clovek>
   <clovek>
      <jmeno>Rober</jmeno>
      <prijmeni>Hýna</prijmeni>
   </clovek>
   <clovek>
      <jmeno>David</jmeno>
      <prijmeni>Sedlák</prijmeni>
   </clovek>
</lide>