<?xml version="1.0" encoding="UTF-8"?>
<staty>
   <stat>
      <nazev>ČR</nazev>
      <zamestnanci>
         <zamestnanec>Pavel Brožek</zamestnanec>
         <zamestnanec>Ondřej Mladý</zamestnanec>
         <zamestnanec>David Novák</zamestnanec>
      </zamestnanci>
   </stat>
   <stat>
      <nazev>Francie</nazev>
      <zamestnanci>
         <zamestnanec>Jiří Říha</zamestnanec>
      </zamestnanci>
   </stat>
   <stat>
      <nazev>USA</nazev>
      <zamestnanci>
         <zamestnanec>Ondřej Mladý</zamestnanec>
         <zamestnanec>Jiří Říha</zamestnanec>
      </zamestnanci>
   </stat>
   <stat>
      <nazev>Slovenská republika</nazev>
      <zamestnanci>
         <zamestnanec>Pavel Brožek</zamestnanec>
      </zamestnanci>
   </stat>
   <stat>
      <nazev>Německo</nazev>
      <zamestnanci>
         <zamestnanec>Pavel Brožek</zamestnanec>
      </zamestnanci>
   </stat>
   <stat>
      <nazev>Japonsko</nazev>
      <zamestnanci>
         <zamestnanec>Karel Hromada</zamestnanec>
      </zamestnanci>
   </stat>
</staty>