<?xml version="1.0" encoding="UTF-8"?>
<zamestnanci>
   <zamestnanec>
      <jmeno_prijmeni>Pavel Brožek</jmeno_prijmeni>
      <schvalil_cestu>
         <zamestnanec>
            <jmeno_prijmeni>Karel Hromada</jmeno_prijmeni>
            <schvalil_cestu/>
         </zamestnanec>
         <zamestnanec>
            <jmeno_prijmeni>Ondřej Mladý</jmeno_prijmeni>
            <schvalil_cestu/>
         </zamestnanec>
      </schvalil_cestu>
   </zamestnanec>
   <zamestnanec>
      <jmeno_prijmeni>David Novák</jmeno_prijmeni>
      <schvalil_cestu>
         <zamestnanec>
            <jmeno_prijmeni>Pavel Brožek</jmeno_prijmeni>
            <schvalil_cestu>
               <zamestnanec>
                  <jmeno_prijmeni>Karel Hromada</jmeno_prijmeni>
                  <schvalil_cestu/>
               </zamestnanec>
               <zamestnanec>
                  <jmeno_prijmeni>Ondřej Mladý</jmeno_prijmeni>
                  <schvalil_cestu/>
               </zamestnanec>
            </schvalil_cestu>
         </zamestnanec>
         <zamestnanec>
            <jmeno_prijmeni>Jiří Říha</jmeno_prijmeni>
            <schvalil_cestu/>
         </zamestnanec>
         <zamestnanec>
            <jmeno_prijmeni>Ondřej Mladý</jmeno_prijmeni>
            <schvalil_cestu/>
         </zamestnanec>
      </schvalil_cestu>
   </zamestnanec>
   <zamestnanec>
      <jmeno_prijmeni>Jiří Říha</jmeno_prijmeni>
      <schvalil_cestu/>
   </zamestnanec>
   <zamestnanec>
      <jmeno_prijmeni>Karel Hromada</jmeno_prijmeni>
      <schvalil_cestu/>
   </zamestnanec>
   <zamestnanec>
      <jmeno_prijmeni>Ondřej Mladý</jmeno_prijmeni>
      <schvalil_cestu/>
   </zamestnanec>
</zamestnanci>