<?xml version="1.0" encoding="UTF-8" standalone="no"?><!-- Dom?c? ?kol 2 na NPRG036 --><bike-rental>
	<customer id="cust1">
		<address>
			<street>Na b?ehu 1</street>
			<post-code>123 45</post-code>
			<city>Praha</city>
			<country>Czech Republic</country>
		</address>
		<phone-number>+420123456789</phone-number>
	</customer>
	
	<customer id="cust3">
		<address>
			<street>V?clavsk? n?m?st? 63</street>
			<post-code>123 45</post-code>
			<city>Praha</city>
			<country>Czech Republic</country>
		</address>
		<phone-number>+420234567890</phone-number>
	</customer>

	<customer id="cust684456599"><address><street>Freedom Avenue 1</street><post-code>123 45</post-code><city>Washington, DC</city><country>United States</country></address><phone-number>+10244524785</phone-number></customer><reservations cust-id="cust684456599"><reservation bike-type="offroad" id="res1974122264" price-class="B"><rental-code>786757</rental-code><pick-up-time>2014-01-03 10:00</pick-up-time><return-time>2014-01-15 09:00</return-time><identity-card-number>What's an identity card? You mean social security number?</identity-card-number><biker-name>John Doe</biker-name><bike-reg-number>486756435</bike-reg-number><bike-maker>Author</bike-maker></reservation></reservations><reservations cust-id="cust1">
		<reservation bike-type="offroad" id="res1" price-class="C">
			<rental-code>123456</rental-code>
			<pick-up-time>2013-09-24 18:00</pick-up-time>
			<return-time>2013-10-01 18:00</return-time>
			<paid-before/>
			<identity-card-number>7987879877</identity-card-number>
			<biker-name>Adam Nov?k</biker-name>
			<bike-reg-number>456</bike-reg-number>
			<bike-maker>Merida</bike-maker>
			<derailleur/>
			<mudguards/>
		</reservation>
		<reservation bike-type="road" id="res2" price-class="A">
			<rental-code>4645646</rental-code>
			<pick-up-time>2014-01-24 16:00</pick-up-time>
			<return-time>2014-02-01 19:00</return-time>
			<identity-card-number>7454879877</identity-card-number>
			<biker-name>B?ra Basikov?</biker-name>
			<bike-reg-number>4444</bike-reg-number>
			<bike-maker>Favorit</bike-maker>
			<mudguards/>
		</reservation>
	</reservations>
	<reservations cust-id="cust2">
		<reservation bike-type="freestyle" id="res3" price-class="F">
			<rental-code>4646</rental-code>
			<pick-up-time>2014-02-14 08:00</pick-up-time>
			<return-time>2014-02-28 12:00</return-time>
			<paid-before/>
			<identity-card-number>77832355357</identity-card-number>
			<biker-name>Cecil Svach</biker-name>
			<bike-reg-number>1221244</bike-reg-number>
			<bike-maker>Laurin &amp; Klement</bike-maker>
		</reservation>
	</reservations>
	<reservations cust-id="cust3">
		<reservation bike-type="freestyle" id="res4" price-class="D">
			<rental-code>44545</rental-code>
			<pick-up-time>2014-03-14 08:00</pick-up-time>
			<return-time>2014-03-18 12:00</return-time>
			<paid-before/>
			<identity-card-number>786454545411</identity-card-number>
			<biker-name>Dan Landa</biker-name>
			<bike-reg-number>12787878</bike-reg-number>
			<bike-maker>Author</bike-maker>
		</reservation>
	</reservations>
	<employee-messages>
		<message><ref res-id="res1"/>Pros?m o kolo se stoj?nkem d?lky 182 cm.</message>
		<message><ref res-id="res3"/>Pros?m o kolo ?erven? barvy.</message>
	</employee-messages>
</bike-rental>