<?xml version="1.0" encoding="UTF-8" standalone="no"?><SCHEDULE>
 <MATCH matchID="HeatLakers1">
  <TEAM teamID="Heat">
  	<NAME>Miami Heat<![CDATA[tady nic neni]]></NAME>
  	<PLAYER active="true" bestBuddy="DWade" playerID="LBJ" position="PG">
  		<NAME>LeBron</NAME>
  		<SURNAME>James ??</SURNAME>
  		<DOPPING lastCheckUp="today"/>
  		<COOP>Dwyane Wade</COOP>
  		<STATS>
  			<PPG>27.0</PPG>
  			<APG>11.2</APG>
  			<RPG>14.5</RPG>
  			<BPG>2.0</BPG>
  			<SPG>1.8</SPG>
  			<PLG>20</PLG>
  			<ALG>8</ALG>
  			<RLG>6</RLG>
  			<BLG>1</BLG>
  			<SLG>2</SLG>
  		</STATS>
  	</PLAYER>
  	<PLAYER active="true" bestBuddy="LBJ" playerID="DWade" position="SF">
  		<NAME>Dwyane</NAME>
  		<SURNAME>Wade</SURNAME>
  		<DOPPING lastCheckUp="today"/>
  		<COOP>LeBron James</COOP>
  		<STATS>
  			<PPG>21.0</PPG>
  			<APG>10.2</APG>
  			<RPG>6.2</RPG>
  			<BPG>0.8</BPG>
  			<SPG>2.3</SPG>
  			<PLG>20</PLG>
  			<ALG>8</ALG>
  			<RLG>6</RLG>
  			<BLG>1</BLG>
  			<SLG>2</SLG>
  		</STATS>
  	</PLAYER>
  	<ARENA>AmericanAirlines Arena, Miami, Florida</ARENA>
  <PLAYER active="true" bestBuddy="NCo" playerID="Rio" position="PG"><NAME>Mario</NAME><SURNAME>Chalmers</SURNAME><DOPPING lastCheckUp="yesterday"/><STATS><PPG>17.0</PPG><APG>8.4</APG><RPG>1.1</RPG><BPG>0.1</BPG><SPG>3.1</SPG><PLG>15</PLG><ALG>9</ALG><RLG>0</RLG><BLG>0</BLG><SLG>4</SLG></STATS><COOP>Chris Bosh</COOP></PLAYER></TEAM>
  <TEAM teamID="Lakers">
  	<NAME>Los Angeles Lakers</NAME>
  	<PLAYER active="true" bestBuddy="DH" playerID="Kobe" position="SF">
  		<NAME>Kobe</NAME>
  		<SURNAME>Bryant ??</SURNAME>
  		<DOPPING lastCheckUp="yesterday"/>
  		<COOP>Dwight Howard, Steve Nash</COOP>
  		<STATS>
  			<PPG>26.7</PPG>
  			<APG>2.4</APG>
  			<RPG>8.2</RPG>
  			<BPG>2.0</BPG>
  			<SPG>3.0</SPG>
  			<PLG>20</PLG>
  			<ALG>8</ALG>
  			<RLG>6</RLG>
  			<BLG>1</BLG>
  			<SLG>2</SLG>
  		</STATS>
  	</PLAYER>
  	
  	<ARENA>Staples Center, Downtown L.A., California</ARENA>
  </TEAM>
  <ARENA>AmericanAirlines Arena, Miami, Florida</ARENA>
  <DATE>5.1.2015</DATE>
 </MATCH>
</SCHEDULE>