<?xml version="1.0" encoding="UTF-8"?>
<dtsongs>
   <song tempo="70">Anna Lee</song>
   <song tempo="150" fast="yes">As I Am</song>
   <song tempo="105">Burning My Soul</song>
   <song tempo="90">Hell's Kitchen</song>
   <song tempo="76">Hollow Years</song>
   <song tempo="114">Just Let Me Breathe</song>
   <song tempo="65">Lines in the Sand</song>
   <song tempo="120" fast="yes">New Millenium</song>
   <song tempo="119">Peruvian Skies</song>
   <song tempo="120" fast="yes">Pull Me Under</song>
   <song tempo="90">Take Away My Pain</song>
   <song tempo="122" fast="yes">This Dying Soul</song>
   <song tempo="110">Trial of Tears</song>
   <song tempo="80">You Not Me</song>
</dtsongs>