<?xml version="1.0" encoding="UTF-8"?>
<produkt>Máslo</produkt>
<produkt>Chléb</produkt>
<produkt>Rohlík</produkt>
<produkt>Houska</produkt>
<produkt>Mléko</produkt>
<produkt>Ovocný jogurt Yogobella - jahodový</produkt>
<produkt>Ovocný jogurt Yogobella - malinový</produkt>
<produkt>Ovocný jogurt Yogobella - banánový</produkt>
<produkt>Banán</produkt>
<produkt>Jablko</produkt>
<produkt>Loupáček</produkt>
<produkt>Makový závin</produkt>
<produkt>Kobliha</produkt>
<produkt>Droždí</produkt>