<html>
   <body>
      <table>
         <tr>
            <th>Název produktu</th>
            <th>Kategorie</th>
            <th>Dodavatel</th>
         </tr>
         <tr>
            <td>Banán</td>
            <td>Ovoce</td>
            <td>Ovoce nejen na Vánoce</td>
         </tr>
         <tr>
            <td>Chléb</td>
            <td>Pečivo</td>
            <td>Pekárna Cvrčovice</td>
         </tr>
         <tr>
            <td>Houska</td>
            <td>Pečivo</td>
            <td>Pekárna Cvrčovice</td>
         </tr>
         <tr>
            <td>Jablko</td>
            <td>Ovoce</td>
            <td>Ovoce nejen na Vánoce</td>
         </tr>
         <tr>
            <td>Mléko</td>
            <td>Mléčné výrobky - ostatní</td>
            <td><b>TESCO</b></td>
         </tr>
         <tr>
            <td>Máslo</td>
            <td>Mléčné výrobky - ostatní</td>
            <td><b>TESCO</b></td>
         </tr>
         <tr>
            <td>Ovocný jogurt Yogobella - banánový</td>
            <td>Mléčné výrobky - jogurty</td>
            <td><b>TESCO</b></td>
         </tr>
         <tr>
            <td>Ovocný jogurt Yogobella - jahodový</td>
            <td>Mléčné výrobky - jogurty</td>
            <td><b>TESCO</b></td>
         </tr>
         <tr>
            <td>Ovocný jogurt Yogobella - malinový</td>
            <td>Mléčné výrobky - jogurty</td>
            <td><b>TESCO</b></td>
         </tr>
         <tr>
            <td>Rohlík</td>
            <td>Pečivo</td>
            <td>Pekárna Cvrčovice</td>
         </tr>
      </table>
   </body>
</html>