<?xml version="1.0" encoding="UTF-8"?>
<obchod>
   <kategorie nazev="Mléčné výrobky">
      <kategorie nazev="Mléčné výrobky - jogurty">
         <produkt nazev="Ovocný jogurt Yogobella - jahodový"/>
         <produkt nazev="Ovocný jogurt Yogobella - malinový"/>
         <produkt nazev="Ovocný jogurt Yogobella - banánový"/>
      </kategorie>
      <kategorie nazev="Mléčné výrobky - ostatní">
         <produkt nazev="Máslo"/>
         <produkt nazev="Mléko"/>
      </kategorie>
   </kategorie>
   <kategorie nazev="Mléčné výrobky - jogurty">
      <produkt nazev="Ovocný jogurt Yogobella - jahodový"/>
      <produkt nazev="Ovocný jogurt Yogobella - malinový"/>
      <produkt nazev="Ovocný jogurt Yogobella - banánový"/>
   </kategorie>
   <kategorie nazev="Mléčné výrobky - ostatní">
      <produkt nazev="Máslo"/>
      <produkt nazev="Mléko"/>
   </kategorie>
   <kategorie nazev="Pečivo">
      <produkt nazev="Chléb"/>
      <produkt nazev="Rohlík"/>
      <produkt nazev="Houska"/>
   </kategorie>
   <kategorie nazev="Ovoce">
      <produkt nazev="Banán"/>
      <produkt nazev="Jablko"/>
   </kategorie>
</obchod>