<html>
   <head>
      <meta http-equiv="Content-Type" content="text/html; charset=UTF-8">
      <title>Filmova databaze</title>
   </head>
   <body>
      <h1>Filmova databaze</h1>
      <div>
         <h2>Shrek</h2>
         <table>
            <tr>
               <td>Cesky nazev</td>
               <td>Shrek</td>
            </tr>
            <tr>
               <td>Reziser</td>
               <td>Vicky Jenson, Andrew Adamson</td>
            </tr>
            <tr>
               <td>Delka</td>
               <td>90</td>
            </tr>
            <tr>
               <td>Zeme</td>
               <td>USA</td>
            </tr>
            <tr>
               <td>Zarnr</td>
               <td>Animovaný, Dobrodružný, Rodinný, Komedie</td>
            </tr>
            <tr>
               <td>Herec</td>
               <td>Mike Myers</td>
            </tr>
            <tr>
               <td>Herec</td>
               <td>Eddie Murphy</td>
            </tr>
            <tr>
               <td>Herec</td>
               <td>Cameron Diaz</td>
            </tr>
            <tr>
               <td>Hodnoceni</td>
               <td>nehodnoceno</td>
            </tr>
            <tr>
               <td>Komentar</td>
               <td>
                  			
                  				V tomhle filmu se mozna nekde vyskytuje reseni nerovnic: x + y &lt; 3, y + 2 &gt; 8
                  			
                  		
               </td>
            </tr>
         </table>
      </div>
      <div>
         <h2>The Lord of the Rings: The Fellowship of the Ring</h2>
         <table>
            <tr>
               <td>Cesky nazev</td>
               <td>Pán prstenů: Společenstvo Prstenu</td>
            </tr>
            <tr>
               <td>Reziser</td>
               <td>Peter Jackson</td>
            </tr>
            <tr>
               <td>Delka</td>
               <td>172</td>
            </tr>
            <tr>
               <td>Zeme</td>
               <td>USA, New Zeeland</td>
            </tr>
            <tr>
               <td>Zarnr</td>
               <td>Fantasy, Dobrodružný, Akční</td>
            </tr>
            <tr>
               <td>Herec</td>
               <td>Elijah Wood</td>
            </tr>
            <tr>
               <td>Herec</td>
               <td>Ian McKellen</td>
            </tr>
            <tr>
               <td>Herec</td>
               <td>Orlando Bloom</td>
            </tr>
            <tr>
               <td>Hodnoceni</td>
               <td>2</td>
            </tr>
            <tr>
               <td>Komentar</td>
               <td>líbil se mi víc než  druhý díl
                  		
               </td>
            </tr>
         </table>
      </div>
      <div>
         <h2>The Lord of the Rings: The Two Towers</h2>
         <table>
            <tr>
               <td>Cesky nazev</td>
               <td>Pán prstenů: Dvě věže</td>
            </tr>
            <tr>
               <td>Reziser</td>
               <td>Peter Jackson</td>
            </tr>
            <tr>
               <td>Delka</td>
               <td>172</td>
            </tr>
            <tr>
               <td>Zeme</td>
               <td>USA, New Zeeland, Německo</td>
            </tr>
            <tr>
               <td>Zarnr</td>
               <td>Fantasy, Dobrodružný, Akční</td>
            </tr>
            <tr>
               <td>Herec</td>
               <td>Viggo Mortensen</td>
            </tr>
            <tr>
               <td>Hodnoceni</td>
               <td>1</td>
            </tr>
            <tr>
               <td>Komentar</td>
               <td>neokomentovano</td>
            </tr>
         </table>
      </div>
   </body>
</html>