<?xml version="1.0" encoding="UTF-8"?>
<filmy>
   <film>
      <originalniNazev>Amazing Grace</originalniNazev>
      <ceskyNazev>Nezlomná vůle</ceskyNazev>
      <reziser>Michael Apted</reziser>
      <delka>111</delka>
      <zarnr>Drama / Romantický / Historický / Životopisný</zarnr>
   </film>
   <film>
      <originalniNazev>Goldfinger</originalniNazev>
      <ceskyNazev>Goldfinger</ceskyNazev>
      <reziser>Guy Hamilton</reziser>
      <delka>112</delka>
      <zarnr>Akční / Thriller / Dobrodružný</zarnr>
   </film>
   <film>
      <originalniNazev>Shrek</originalniNazev>
      <ceskyNazev>Shrek</ceskyNazev>
      <reziser>Vicky Jenson, Andrew Adamson</reziser>
      <delka>90</delka>
      <zarnr>Animovaný, Dobrodružný, Rodinný, Komedie</zarnr>
   </film>
   <film>
      <originalniNazev>The Lord of the Rings: The Fellowship of the Ring</originalniNazev>
      <ceskyNazev>Pán prstenů: Společenstvo Prstenu</ceskyNazev>
      <reziser>Peter Jackson</reziser>
      <delka>172</delka>
      <zarnr>Fantasy, Dobrodružný, Akční</zarnr>
   </film>
   <film>
      <originalniNazev>The Lord of the Rings: The Two Towers</originalniNazev>
      <ceskyNazev>Pán prstenů: Dvě věže</ceskyNazev>
      <reziser>Peter Jackson</reziser>
      <delka>172</delka>
      <zarnr>Fantasy, Dobrodružný, Akční</zarnr>
   </film>
   <film>
      <originalniNazev>The World Is Not Enough</originalniNazev>
      <ceskyNazev>Jeden svět nestačí</ceskyNazev>
      <reziser>Michael Apted</reziser>
      <delka>128</delka>
      <zarnr>Akční / Thriller / Dobrodružný</zarnr>
   </film>
</filmy>