<?xml version="1.0" encoding="UTF-8"?>
<nejdelsiFilm>
   <film id="f1">
      <originalniNazev>The Lord of the Rings: The Fellowship of the Ring</originalniNazev>
      <ceskyNazev>Pán prstenů: Společenstvo Prstenu</ceskyNazev>
      <obsazeni>
         <reziser>Peter Jackson</reziser>
         <herci>
            <herec role="star1">Elijah Wood</herec>
            <!-- 1 - star role, 2 - 2nd star role, ...; neni nutne zadat --><herec role="star2">Ian McKellen</herec>
            <herec role="star3">Orlando Bloom</herec>
            <!--<herec>Viggo Mortensen</herec>--></herci>
      </obsazeni>
      <delka>172</delka>
      <zeme>USA, New Zeeland</zeme>
      <rok>2001</rok>
      <zarnr>Fantasy, Dobrodružný, Akční</zarnr>
      <obsah>Pribeh hobita, ktery ...</obsah>
      <premieravCR>10.1.2002</premieravCR>
      <oscar>4</oscar>
   </film>
   <film id="f2">
      <originalniNazev>The Lord of the Rings: The Two Towers</originalniNazev>
      <ceskyNazev>Pán prstenů: Dvě věže</ceskyNazev>
      <obsazeni>
         <reziser>Peter Jackson</reziser>
         <herci><!--<herec role="star1">Elijah Wood</herec>
					<herec role="star2">Ian McKellen</herec>
					<herec role="star3">Orlando Bloom</herec> --><herec>Viggo Mortensen</herec>
         </herci>
      </obsazeni>
      <delka>172</delka>
      <zeme>USA, New Zeeland, Německo</zeme>
      <rok>2002</rok>
      <zarnr>Fantasy, Dobrodružný, Akční</zarnr>
      <obsah>Pribeh hobita, ktery dal nekam jde...</obsah>
      <oscar>2</oscar>
   </film>
</nejdelsiFilm>