<?xml version="1.0" encoding="UTF-8"?>
<herci>
   <herec>
      <jmeno>Cameron Diaz</jmeno>
      <filmy>
         <film>Shrek</film>
      </filmy>
   </herec>
   <herec>
      <jmeno>Eddie Murphy</jmeno>
      <filmy>
         <film>Shrek</film>
      </filmy>
   </herec>
   <herec>
      <jmeno>Elijah Wood</jmeno>
      <filmy>
         <film>The Lord of the Rings: The Fellowship of the Ring</film>
      </filmy>
   </herec>
   <herec>
      <jmeno>Ian McKellen</jmeno>
      <filmy>
         <film>The Lord of the Rings: The Fellowship of the Ring</film>
      </filmy>
   </herec>
   <herec>
      <jmeno>Mike Myers</jmeno>
      <filmy>
         <film>Shrek</film>
      </filmy>
   </herec>
   <herec>
      <jmeno>Orlando Bloom</jmeno>
      <filmy>
         <film>The Lord of the Rings: The Fellowship of the Ring</film>
      </filmy>
   </herec>
   <herec>
      <jmeno>Viggo Mortensen</jmeno>
      <filmy>
         <film>The Lord of the Rings: The Two Towers</film>
      </filmy>
   </herec>
</herci>