<?xml version="1.0" encoding="UTF-8"?>
<categories>
   <category_names>
      <category_name>Škola</category_name>
      <category_name>Práce</category_name>
   </category_names>
   <user>
      <user_with_school_category>
         <name xmlns:xsd="http://www.w3.org/2001/XMLSchema">
					       <first_name>Anna</first_name>
					       <last_name>Nováková</last_name>
				     </name>
      </user_with_school_category>
      <user_with_school_category>
         <name xmlns:xsd="http://www.w3.org/2001/XMLSchema">
					       <first_name>Karolína</first_name>
					       <last_name>Sličná</last_name>
				     </name>
      </user_with_school_category>
   </user>
</categories>