<?xml version="1.0" encoding="UTF-8"?>
<items>
   <non-priority_item>
      <item xmlns:xsd="http://www.w3.org/2001/XMLSchema" id="item_1" priority="1">
							  <from>
								    <date day="01" month="03" year="2014"/>
							  </from>
							  <to>
								    <date day="14" month="04" year="2014"/>
							  </to>
							  <subject>XML úkol č. 1</subject>
							  <note>
								Zadání na stránkách předmětu XML. Souvisí s <note_ref id="ref_1" refid="item_2">Úkolem č. 2</note_ref>.
							</note>
							  <state status="undone"/>
						</item>
   </non-priority_item>
   <non-priority_item>
      <item xmlns:xsd="http://www.w3.org/2001/XMLSchema" id="item_2" priority="1">
							  <from>
								    <date day="01" month="03" year="2014"/>
							  </from>
							  <to>
								    <date day="10" month="03" year="2014"/>
							  </to>
							  <subject>
								<?php echo $category;?> Nastudovat přednášky 1-3 z XML.
							</subject>
							  <note>Stáhnout a projít přednášky k vypracování úkolu.</note>
							  <state status="done"/>
						</item>
   </non-priority_item>
   <non-priority_item>
      <item xmlns:xsd="http://www.w3.org/2001/XMLSchema" id="item_42" priority="1">
							  <from>
								    <date day="01" month="03" year="2014"/>
							  </from>
							  <to>
								    <date day="30" month="03" year="2014"/>
							  </to>
							  <subject>Zajít do knihovny</subject>
							  <!-- Here is used ID and IDREFS.-->
							<note>Půjčit si knihu na XML.Souvisí s <note_ref id="ref_42" refsid="item_2 item_1">Úkolem č. 1 a 2.</note_ref>.</note>
							  <state status="fleshed"/>
						</item>
   </non-priority_item>
   <non-priority_item>
      <item xmlns:xsd="http://www.w3.org/2001/XMLSchema" id="item_3" priority="1">
							  <from>
								    <date day="06" month="03" year="2014"/>
							  </from>
							  <to>
								    <date day="12" month="03" year="2014"/>
							  </to>
							  <subject>
								<?php echo $category;?> PJC úkol č. 1</subject>
							  <note>Zadání na webu předmětu PJC. Hotov nákres, doprogramovat.</note>
							  <state status="undone"/>
						</item>
   </non-priority_item>
   <non-priority_item>
      <item xmlns:xsd="http://www.w3.org/2001/XMLSchema" id="item_4" priority="1">
							  <from>
								    <date day="08" month="03" year="2014"/>
							  </from>
							  <to>
								    <date day="10" month="04" year="2014"/>
							  </to>
							  <subject>
								<?php echo $category;?> Studie IZO</subject>
							  <note>Nalézt zdroje, načíst, vytvořit osnovu, zkonzultovat s vedením.</note>
							  <state/>
						</item>
   </non-priority_item>
   <non-priority_item>
      <item xmlns:xsd="http://www.w3.org/2001/XMLSchema" id="item_6" priority="1">
							  <from>
								    <date day="03" month="03" year="2014"/>
							  </from>
							  <to>
								    <date day="03" month="06" year="2014"/>
							  </to>
							  <subject>
								<?php echo $category;?> Web Nový &amp; Starý s. r. o</subject>
							  <note>Vizitka firmy Nový s. r. o., redakční systém, informační formulář. Více v 	e-mailu. Design viz <note_ref id="ref_3" refid="item_7">úkol o grafice</note_ref>.</note>
							  <state status="fleshed"/>
						</item>
   </non-priority_item>
   <non-priority_item>
      <item xmlns:xsd="http://www.w3.org/2001/XMLSchema" id="item_7" priority="1">
							  <from>
								    <date day="10" month="03" year="2014"/>
							  </from>
							  <to>
								    <date day="12" month="03" year="2014"/>
							  </to>
							  <subject>Nový s. r. o - zavolat grafikovi</subject>
							  <note>Zjistit cenu a zda už má něco hotovo. Upravit barvu pozadí na ̉</note>
							  <state status="undone"/>
						</item>
   </non-priority_item>
   <non-priority_item>
      <item xmlns:xsd="http://www.w3.org/2001/XMLSchema" id="item_10" priority="1">
							  <from>
								    <date day="01" month="05" year="2014"/>
							  </from>
							  <to>
								    <date day="01" month="06" year="2014"/>
							  </to>
							  <subject>
								Kniha XML - závěr</subject>
							  <note>
								Ještě počká.
							</note>
							  <state status="undone"/>
						</item>
   </non-priority_item>
   <non-priority_item>
      <item xmlns:xsd="http://www.w3.org/2001/XMLSchema" id="item_14" priority="2">
							  <from>
								    <date day="06" month="04" year="2014"/>
							  </from>
							  <to>
								    <date day="12" month="05" year="2014"/>
							  </to>
							  <subject>
								 PJC úkol č. 2</subject>
							  <note>Zadání na webu předmětu PJC.</note>
							  <state status="undone"/>
						</item>
   </non-priority_item>
   <non-priority_item>
      <item xmlns:xsd="http://www.w3.org/2001/XMLSchema" id="item_13" priority="2">
							  <from>
								    <date day="13" month="03" year="2014"/>
							  </from>
							  <to>
								    <date day="20" month="03" year="2014"/>
							  </to>
							  <subject>Nový s. r. o - připravit kody pro testery</subject>
							  <note>Předat na starosti někomu ze softwaru.</note>
							  <state status="undone"/>
						</item>
   </non-priority_item>
   <non-priority_item>
      <item xmlns:xsd="http://www.w3.org/2001/XMLSchema" id="item_8" priority="2">
							  <from>
								    <date day="02" month="04" year="2014"/>
							  </from>
							  <to>
								    <date day="20" month="06" year="2014"/>
							  </to>
							  <subject>
								<?php echo $category;?> Kniha XML</subject>
							  <note>Dát dohromady a poslat na korektury</note>
							  <state status="fleshed"/>
						</item>
   </non-priority_item>
   <non-priority_item>
      <item xmlns:xsd="http://www.w3.org/2001/XMLSchema" id="item_12" priority="3">
							  <from>
								    <date day="13" month="03" year="2014"/>
							  </from>
							  <to>
								    <date day="20" month="03" year="2014"/>
							  </to>
							  <subject>Nový s. r. o - sehnat testery</subject>
							  <note>Bobeš mi dá kontakt, stačí jenom za volat a domluvit.</note>
							  <state status="undone"/>
						</item>
   </non-priority_item>
   <priority_item>
      <item xmlns:xsd="http://www.w3.org/2001/XMLSchema" id="item_13" priority="4">
							  <from>
								    <date day="13" month="03" year="2014"/>
							  </from>
							  <to>
								    <date day="16" month="03" year="2014"/>
							  </to>
							  <subject>Vrátit knihy do knihovny</subject>
							  <note>O C++ a javě EE</note>
							  <state status="undone"/>
						</item>
   </priority_item>
   <priority_item>
      <item xmlns:xsd="http://www.w3.org/2001/XMLSchema" id="item_5" priority="4">
							  <from>
								    <date day="20" month="12" year="2013"/>
							  </from>
							  <to>
								    <date day="02" month="02" year="2014"/>
							  </to>
							  <subject>
								<?php echo $category;?> Web KRUF</subject>
							  <note>Naprogramovat kalendář akcí.</note>
							  <state status="done"/>
						</item>
   </priority_item>
   <priority_item>
      <item xmlns:xsd="http://www.w3.org/2001/XMLSchema" id="item_15" priority="5">
							  <from>
								    <date day="06" month="03" year="2014"/>
							  </from>
							  <to>
								    <date day="30" month="04" year="2014"/>
							  </to>
							  <subject>
								 XML úkol č. 5</subject>
							  <note>Zadání na webu předmětu. Dodržet všechny podmínky </note>
							  <state status="undone"/>
						</item>
   </priority_item>
   <priority_item>
      <item xmlns:xsd="http://www.w3.org/2001/XMLSchema" id="item_9" priority="5">
							  <from>
								    <date day="01" month="03" year="2014"/>
							  </from>
							  <to>
								    <date day="01" month="04" year="2014"/>
							  </to>
							  <subject>
								<?php echo $category;?> Kniha XML - obsah</subject>
							  <note>
								Součástí úkolu <note_ref id="ref_4" refid="item_9"/>. Vytvořit obsah a prodiskutovat s kolegou. 
							</note>
							  <state status="fleshed"/>
						</item>
   </priority_item>
   <priority_item>
      <item xmlns:xsd="http://www.w3.org/2001/XMLSchema" id="item_11" priority="5">
							  <from>
								    <date day="01" month="03" year="2014"/>
							  </from>
							  <to>
								    <date day="20" month="06" year="2014"/>
							  </to>
							  <subject>
								Kniha XML - korektury
							</subject>
							  <note>
								Sehnat někoho na korektury.
							</note>
							  <state status="undone"/>
						</item>
   </priority_item>
</items>