<?xml version="1.0" encoding="UTF-8"?>
<loans>
   <description>
Vytvori seznam vypujcek s jmenem vypujcitele na nazvem vypujcene veci a zanrem
</description>
   <loan>
      <user>
         <name>
				        <firstname>Kristýna</firstname>
				        <lastname>Špalková</lastname>
			      </name>
      </user>
      <book>
         <title>XML Developer's Guide</title>
         <genre>Computer</genre>
      </book>
      <loan id="l26786" userId="u103" catalogId="bk101">
			      <loan-date>2013-02-03</loan-date>
			      <max-return-date>2013-05-03</max-return-date>
		    </loan>
   </loan>
   <loan>
      <user>
         <name>
				        <firstname>Kristýna</firstname>
				        <lastname>Špalková</lastname>
			      </name>
      </user>
      <book>
         <title>XML Developer's Guide</title>
         <genre>Computer</genre>
      </book>
      <loan id="l26787" userId="u103" catalogId="bk101">
			      <loan-date>2013-02-03</loan-date>
			      <max-return-date>2013-05-03</max-return-date>
			      <return-date>2013-04-18</return-date>
		    </loan>
   </loan>
   <loan>
      <user>
         <name>
				        <firstname>Hugo</firstname>
				        <lastname>Zahradník</lastname>
			      </name>
      </user>
      <book>
         <title>Midnight Rain</title>
         <genre>Fantasy</genre>
      </book>
      <loan id="l26789" userId="u104" catalogId="bk102">
			      <loan-date>2013-02-03</loan-date>
			      <max-return-date>2013-05-03</max-return-date>
			
		    </loan>
   </loan>
   <loan>
      <user>
         <name>
				        <firstname>Hugo</firstname>
				        <lastname>Zahradník</lastname>
			      </name>
      </user>
      <book>
         <title>Oberon's Legacy</title>
         <genre>Fantasy</genre>
      </book>
      <loan id="l26790" userId="u104" catalogId="bk104">
			      <loan-date>2013-02-03</loan-date>
			      <max-return-date>2013-05-03</max-return-date>
			      <return-date>2013-04-18</return-date>
		    </loan>
   </loan>
   <loan>
      <user>
         <name>
				        <firstname>Eva</firstname>
				        <middlename>Anna</middlename>
				        <lastname>Nosková</lastname>
			      </name>
      </user>
      <book>
         <title>MSXML3: A Comprehensive Guide</title>
         <genre>Computer</genre>
      </book>
      <loan id="l26791" userId="u106" catalogId="bk111">
			      <loan-date>2013-02-03</loan-date>
			      <max-return-date>2013-05-03</max-return-date>
			
		    </loan>
   </loan>
   <loan>
      <user>
         <name>
				        <firstname>Iva</firstname>
				        <lastname>Joudalová</lastname>
			      </name>
      </user>
      <book>
         <title>Paradox Lost</title>
         <genre>Science Fiction</genre>
      </book>
      <loan id="l26792" userId="u108" catalogId="bk109">
			      <loan-date>2013-02-03</loan-date>
			      <max-return-date>2013-05-03</max-return-date>
			
		    </loan>
   </loan>
   <loan>
      <user>
         <name>
				        <firstname>Jan</firstname>
				        <lastname>Houska</lastname>
			      </name>
      </user>
      <movie>
         <title>Golden Eye</title>
         <genre>action</genre>
      </movie>
      <loan id="l26793" userId="u109" catalogId="mv101">
			      <loan-date>2013-02-03</loan-date>
			      <max-return-date>2013-05-03</max-return-date>
			      <return-date>2013-04-18</return-date>
		    </loan>
   </loan>
</loans>