<?xml version="1.0" encoding="UTF-8"?>
<catalog>
   <item type="book">
      <title>XML Developer's Guide</title>
      <genre>Computer</genre>
      <year>2000</year>
      <authors>
         <author>Gambardella, Matthew</author>
      </authors>
      <description>An in-depth look at creating applications
				with XML.
			</description>
      <details>
         <ISBN>80-902434-1-6</ISBN>
      </details>
   </item>
   <item type="book">
      <title>Midnight Rain</title>
      <genre>Fantasy</genre>
      <year>2000</year>
      <authors>
         <author>Ralls, Kim</author>
      </authors>
      <description>A former architect battles corporate zombies,
				an evil
				sorceress, and her own Childhood to become queen
				of the world.
			</description>
      <details>
         <ISBN>80-902734-1-6</ISBN>
      </details>
   </item>
   <item type="book">
      <title>Maeve Ascendant</title>
      <genre>Fantasy</genre>
      <year>2000</year>
      <authors>
         <author>Corets, Eva</author>
      </authors>
      <description>After the collapse of a nanotechnology
				society in
				England, the young survivors lay the
				foundation for a new society.
			</description>
      <details>
         <ISBN>80-904434-1-6</ISBN>
      </details>
   </item>
   <item type="book">
      <title>Oberon's Legacy</title>
      <genre>Fantasy</genre>
      <year>2001</year>
      <authors>
         <author>Corets, Eva</author>
      </authors>
      <description>In post-apocalypse England, the mysterious
				agent known
				only as Oberon helps to create a new life
				for the inhabitants of
				London. Sequel to Maeve
				Ascendant.
			</description>
      <details>
         <ISBN>80-904934-1-6</ISBN>
      </details>
   </item>
   <item type="book">
      <title>The Sundered Grail</title>
      <genre>Fantasy</genre>
      <year>2001</year>
      <authors>
         <author>Corets, Eva</author>
      </authors>
      <description>The two daughters of Maeve, half-sisters,
				battle one
				another for control of England. Sequel to
				Oberon's Legacy.
			</description>
      <details>
         <ISBN>80-908434-1-6</ISBN>
      </details>
   </item>
   <item type="book">
      <title>Lover Birds</title>
      <genre>Romance</genre>
      <year>2000</year>
      <authors>
         <author>Randall, Cynthia</author>
      </authors>
      <description>When Carla meets Paul at an ornithology
				conference,
				tempers fly as feathers get ruffled.
			</description>
      <details>
         <ISBN>80-904414-1-6</ISBN>
      </details>
   </item>
   <item type="book">
      <title>Splish Splash</title>
      <genre>Romance</genre>
      <year>2000</year>
      <authors>
         <author>Thurman, Paula</author>
      </authors>
      <description>A deep sea diver finds true love twenty
				thousand leagues
				beneath the sea.
			</description>
      <details>
         <ISBN>80-904474-1-6</ISBN>
      </details>
   </item>
   <item type="book">
      <title>Creepy Crawlies</title>
      <genre>Horror</genre>
      <year>2000</year>
      <authors>
         <author>Knorr, Stefan</author>
      </authors>
      <description>An anthology of horror stories about roaches,
				centipedes, scorpions and other insects.
			</description>
      <details>
         <ISBN>80-904404-1-6</ISBN>
      </details>
   </item>
   <item type="book">
      <title>Paradox Lost</title>
      <genre>Science Fiction</genre>
      <year>2000</year>
      <authors>
         <author>Kress, Peter</author>
      </authors>
      <description>After an inadvertant trip through a Heisenberg
				Uncertainty Device, James Salway discovers the problems
				of being
				quantum.
			</description>
      <details>
         <ISBN>80-984474-1-6</ISBN>
      </details>
   </item>
   <item type="book">
      <title>Microsoft .NET: The Programming Bible</title>
      <genre>Computer</genre>
      <year>2000</year>
      <authors>
         <author>O'Brien, Tim</author>
      </authors>
      <description>Microsoft's .NET initiative is explored in
				detail in this
				deep programmer's reference.
			</description>
      <details>
         <ISBN>80-904374-1-6</ISBN>
      </details>
   </item>
   <item type="book">
      <title>MSXML3: A Comprehensive Guide</title>
      <genre>Computer</genre>
      <year>2000</year>
      <authors>
         <author>O'Brien, Tim</author>
      </authors>
      <description>The Microsoft MSXML3 parser is covered in
				detail, with
				attention to XML DOM interfaces, XSLT processing,
				SAX and more.
			</description>
      <details>
         <ISBN>80-904494-1-6</ISBN>
      </details>
   </item>
   <item type="book">
      <title>Visual Studio 7: A Comprehensive Guide</title>
      <genre>Computer</genre>
      <year>2001</year>
      <authors>
         <author>Galos, Mike</author>
      </authors>
      <description>Microsoft Visual Studio 7 is explored in depth,
				looking
				at how Visual Basic, Visual C++, C#, and ASP+ are
				integrated into a
				comprehensive development
				environment.
			</description>
      <details>
         <ISBN>80-903474-1-6</ISBN>
      </details>
   </item>
   <item type="movie">
      <title>The Matrix</title>
      <genre>sci-fi</genre>
      <year>1999</year>
      <authors>
         <director>Wachowski, Larry</director>
         <director>Wachowski, Andy</director>
      </authors>
      <description>
		The Matrix is a 1999 American–Australian science fiction action film 
		written and directed by The Wachowski Brothers and starring Keanu Reeves, Laurence 
		Fishburne, Carrie-Anne Moss, Joe Pantoliano, and Hugo Weaving. It depicts a dystopian 
		future in which reality as perceived by most humans is actually a simulated reality or 
		cyberspace called "the Matrix", created by sentient machines to pacify and subdue the 
		human population, while their bodies' heat and electrical activity are used as an 
		energy source. Computer programmer "Neo" learns this truth and is drawn into a 
		rebellion against the machines, which involves other people who have been freed 
		from the "dream world".
		</description>
      <details>
         <language>EN</language>
         <subtitles>CZ, HU</subtitles>
         <medium>DVD</medium>
      </details>
   </item>
   <item type="movie">
      <title>Golden Eye</title>
      <genre>action</genre>
      <year>1995</year>
      <authors>
         <director>Campbell, Martin</director>
      </authors>
      <description>
		GoldenEye (1995) is the seventeenth spy film in the James Bond series, 
		and the first to star Pierce Brosnan as the fictional MI6 officer James Bond. 
		The film was directed by Martin Campbell and is the first film in the series 
		not to take story elements from the works of novelist Ian Fleming.[1] 
		The story was conceived and written by Michael France, with later collaboration 
		by other writers. In the film, Bond fights to prevent an arms syndicate from using 
		the GoldenEye satellite weapon against London in order to cause a 
		global financial meltdown.
		</description>
      <details>
         <language>EN, HU</language>
         <subtitles>CZ</subtitles>
         <medium>Blue-ray</medium>
      </details>
   </item>
</catalog>