<html>
   <head>
      <meta http-equiv="Content-Type" content="text/html; charset=UTF-8">
   </head>
   <body>
      <h1>Katalog</h1>
      		Seznam vsech knih, nazev fantasy knih je zelene (pouziti if then else)
      		
      <table>
         <thead>
            <th>Title</th>
            <th>Author</th>
            <th>Genre</th>
            <th>Year</th>
            <th>Description</th>
         </thead>
         <tbody>
            <tr>
               <td>XML Developer's Guide</td>
               <td>Gambardella, Matthew</td>
               <td>Computer</td>
               <td>2000</td>
               <td>An in-depth look at creating applications
                  				with XML.
                  			
               </td>
            </tr>
            <tr>
               <td><span style="color:green">Midnight Rain</span></td>
               <td>Ralls, Kim</td>
               <td>Fantasy</td>
               <td>2000</td>
               <td>A former architect battles corporate zombies,
                  				an evil
                  				sorceress, and her own Childhood to become queen
                  				of the world.
                  			
               </td>
            </tr>
            <tr>
               <td><span style="color:green">Maeve Ascendant</span></td>
               <td>Corets, Eva</td>
               <td>Fantasy</td>
               <td>2000</td>
               <td>After the collapse of a nanotechnology
                  				society in
                  				England, the young survivors lay the
                  				foundation for a new society.
                  			
               </td>
            </tr>
            <tr>
               <td><span style="color:green">Oberon's Legacy</span></td>
               <td>Corets, Eva</td>
               <td>Fantasy</td>
               <td>2001</td>
               <td>In post-apocalypse England, the mysterious
                  				agent known
                  				only as Oberon helps to create a new life
                  				for the inhabitants of
                  				London. Sequel to Maeve
                  				Ascendant.
                  			
               </td>
            </tr>
            <tr>
               <td><span style="color:green">The Sundered Grail</span></td>
               <td>Corets, Eva</td>
               <td>Fantasy</td>
               <td>2001</td>
               <td>The two daughters of Maeve, half-sisters,
                  				battle one
                  				another for control of England. Sequel to
                  				Oberon's Legacy.
                  			
               </td>
            </tr>
            <tr>
               <td>Lover Birds</td>
               <td>Randall, Cynthia</td>
               <td>Romance</td>
               <td>2000</td>
               <td>When Carla meets Paul at an ornithology
                  				conference,
                  				tempers fly as feathers get ruffled.
                  			
               </td>
            </tr>
            <tr>
               <td>Splish Splash</td>
               <td>Thurman, Paula</td>
               <td>Romance</td>
               <td>2000</td>
               <td>A deep sea diver finds true love twenty
                  				thousand leagues
                  				beneath the sea.
                  			
               </td>
            </tr>
            <tr>
               <td>Creepy Crawlies</td>
               <td>Knorr, Stefan</td>
               <td>Horror</td>
               <td>2000</td>
               <td>An anthology of horror stories about roaches,
                  				centipedes, scorpions and other insects.
                  			
               </td>
            </tr>
            <tr>
               <td>Paradox Lost</td>
               <td>Kress, Peter</td>
               <td>Science Fiction</td>
               <td>2000</td>
               <td>After an inadvertant trip through a Heisenberg
                  				Uncertainty Device, James Salway discovers the problems
                  				of being
                  				quantum.
                  			
               </td>
            </tr>
            <tr>
               <td>Microsoft .NET: The Programming Bible</td>
               <td>O'Brien, Tim</td>
               <td>Computer</td>
               <td>2000</td>
               <td>Microsoft's .NET initiative is explored in
                  				detail in this
                  				deep programmer's reference.
                  			
               </td>
            </tr>
            <tr>
               <td>MSXML3: A Comprehensive Guide</td>
               <td>O'Brien, Tim</td>
               <td>Computer</td>
               <td>2000</td>
               <td>The Microsoft MSXML3 parser is covered in
                  				detail, with
                  				attention to XML DOM interfaces, XSLT processing,
                  				SAX and more.
                  			
               </td>
            </tr>
            <tr>
               <td>Visual Studio 7: A Comprehensive Guide</td>
               <td>Galos, Mike</td>
               <td>Computer</td>
               <td>2001</td>
               <td>Microsoft Visual Studio 7 is explored in depth,
                  				looking
                  				at how Visual Basic, Visual C++, C#, and ASP+ are
                  				integrated into a
                  				comprehensive development
                  				environment.
                  			
               </td>
            </tr>
         </tbody>
      </table>
   </body>
</html>