<?xml version="1.0" encoding="UTF-8" standalone="no"?><competitions xmlns:xsi="http://www.w3.org/2001/XMLSchema-instance" xsi:noNamespaceSchemaLocation="data.xsd">
    <competition>
        <propositions>
            <name>Czech championship in standard dances</name>
            <date>12.3.2011</date>
            <location><gps>50.213384,15.820065</gps></location>
        </propositions>
        <categories>
            <category group="STT" name="Adult standard">
                <round name="final">
                    <pairs>
                        <pair id="Stupka - Jendrulova">
                            
                            
                            <ratings>
                                <rating dance="sw">
                                    14413
                                </rating>
                                <rating dance="ta">
                                    14313
                                </rating>
                                <rating dance="vw">
                                    14113
                                </rating>
                                <rating dance="qs">
                                    14113
                                </rating>
                            </ratings>
                            <coach>Martin Dvorak</coach>
                            <coach>Jan Sejbl</coach>
                        </pair>
                        <pair id="Sejbl - Vinduskova">
                            
                            
                            <ratings>
                                <rating dance="sw">
                                    22222
                                </rating>
                                <rating dance="ta">
                                    23421
                                </rating>
                                <rating dance="vw">
                                    31222
                                </rating>
                                <rating dance="qs">
                                    21322
                                </rating>
                            </ratings>
                            <coach>Denis Forster</coach>
                        </pair>
                        <pair id="Forster - Zizkova">
                            
                            
                            <ratings>
                                <rating dance="sw">
                                    31331
                                </rating>
                                <rating dance="ta">
                                    31132
                                </rating>
                                <rating dance="vw">
                                    43341
                                </rating>
                                <rating dance="qs">
                                    43431
                                </rating>
                            </ratings>
                        </pair>
                        <pair id="Kalina - Bautina">
                            
                            
                            <ratings>
                                <rating dance="sw">
                                    43144 
                                </rating>
                                <rating dance="ta">
                                    42244
                                </rating>
                                <rating dance="vw">
                                    22434
                                </rating>
                                <rating dance="qs">
                                    32244
                                </rating>
                            </ratings>
                        </pair>
                    </pairs>
                </round>
                <round name="semi">
                    <pairs>
                        <pair id="Dvorak - Silhanova">
                            
                            
                            <ratings>
                                <rating dance="sw">
                                    -----
                                </rating>
                                <rating dance="ta">
                                    ----x
                                </rating>
                                <rating dance="vw">
                                    -x--x
                                </rating>
                                <rating dance="qs">
                                    ---x-
                                </rating>
                            </ratings>
                            <coach>Petr Zabystrzan</coach>
                        </pair>
                    </pairs>
                </round>
            </category>
        </categories>
    </competition>

    <!-- list of dances -->
    <dances>
        <dance did="sw">
            waltz
        </dance>
        <dance did="ta">
            tango
        </dance>
        <dance did="sf">
            slow fox
        </dance>
        <dance did="vw">
            viennese waltz
        </dance>
        <dance did="qs">
            quickstep
        </dance>
        <dance did="sa">
            samba
        </dance>
        <dance did="cha">
            cha cha
        </dance>
        <dance did="ru">
            rumba
        </dance>
        <dance did="pa">
            paso doble
        </dance>
        <dance did="ji">
            jive
        </dance>
    </dances>
    <created>
        1304543027
    </created>
</competitions>