<?xml version="1.0" encoding="UTF-8" standalone="no"?><!-- <!DOCTYPE databaze SYSTEM "data.dtd" --><databaze xmlns:xsi="http://www.w3.org/2001/XMLSchema-instance" xsi:noNamespaceSchemaLocation="data.xsd">
	<!--<datum><?php echo Date("d.m.Y")?></datum> -->
	
	
	
<reziser><jmeno>Peter Jackson</jmeno><film id="f1">
			<originalniNazev>The Lord of the Rings: The Fellowship of the Ring</originalniNazev>
			<ceskyNazev>P?n prsten?: Spole?enstvo Prstenu</ceskyNazev>
			<obsazeni>
				
				<herci>
					<herec role="star1">Elijah Wood</herec> <!-- 1 - star role, 2 - 2nd star role, ...; neni nutne zadat -->
					<herec role="star2">Ian McKellen</herec>
					<herec role="star3">Orlando Bloom</herec>
					<!--<herec>Viggo Mortensen</herec>-->
				</herci>
			</obsazeni>
			<delka>172</delka>
			<zeme>USA, New Zeeland</zeme>
			<rok>2001</rok>
			<zarnr>Fantasy, Dobrodru?n?, Ak?n?</zarnr>
			<obsah>Pribeh hobita, ktery ...</obsah>
			<premieravCR>10.01.2002</premieravCR>
			<oscar>4</oscar>
		</film><film id="f2">
			<originalniNazev>The Lord of the Rings: The Two Towers</originalniNazev>
			<ceskyNazev>P?n prsten?: Dv? v??e</ceskyNazev>
			<obsazeni>
				
				<herci>
					<!--<herec role="star1">Elijah Wood</herec>
					<herec role="star2">Ian McKellen</herec>
					<herec role="star3">Orlando Bloom</herec> -->
					<herec>Viggo Mortensen</herec>
				</herci>
			</obsazeni>
			<delka>172</delka>
			<zeme>USA, New Zeeland, N?mecko</zeme>
			<rok>2002</rok>
			<zarnr>Fantasy, Dobrodru?n?, Ak?n?</zarnr>
			<obsah>Pribeh hobita, ktery dal nekam jde...</obsah>
			<oscar>2</oscar>
		</film></reziser><reziser><jmeno>Vicky Jenson, Andrew Adamson</jmeno><film id="f3">
			<originalniNazev>Shrek</originalniNazev>
			<ceskyNazev>Shrek</ceskyNazev>
			<obsazeni>
				
				<herci>
					<herec role="star1">Mike Myers</herec>
					<herec role="star2">Eddie Murphy</herec>
					<herec>Cameron Diaz</herec>
				</herci>
			</obsazeni>
			<delka>90</delka>
			<zeme>USA</zeme>
			<rok>2001</rok>
			<zarnr>Animovan?, Dobrodru?n?, Rodinn?, Komedie</zarnr>
			<obsah>Sam zijici zeleny zlobr se vydava na dobrodruzstvi...</obsah>
			<oscar>0</oscar>
		</film></reziser></databaze>