<?xml version="1.0" encoding="UTF-8"?><html xmlns="http://www.w3.org/1999/xhtml" xml:lang="en">
   <head>
      <meta http-equiv="Content-Type" content="text/html; charset=UTF-8" />
      <title>Passengers</title>
   </head>
   <body>
      <h1>Passengers</h1>
      <table cellpadding="5" cellspacing="0">
         <tr class="th">
            <th>Name</th>
            <th>Date of Birth</th>
            <th>Gender</th>
         </tr>
         <tr>
            <td>Twain Mark</td>
            <td>3.2.1965</td>
            <td>M</td>
         </tr>
         <tr>
            <td>Hingis Martina</td>
            <td>30.7.2006</td>
            <td>F</td>
         </tr>
         <tr>
            <td>Wayne John</td>
            <td>19.4.1977</td>
            <td>M</td>
         </tr>
         <tr>
            <td>Mozart Wolfgang</td>
            <td>27.1.1756</td>
            <td>M</td>
         </tr>
         <tr>
            <td>Austin Jane</td>
            <td>21.3.1999</td>
            <td>F</td>
         </tr>
      </table>
   </body>
</html>