<?xml version="1.0" encoding="UTF-8"?>
<passengers>
   <reservation>
      <flight_provider>JAT</flight_provider>
      <flight_from>BEG</flight_from>
      <flight_to>EIN</flight_to>
      <departure>
         <dep_date>12.6.2007</dep_date>
         <dep_time>09:00:00</dep_time>
      </departure>
      <return>
         <ret_date>31.6.2007</ret_date>
         <ret_time>20:10</ret_time>
      </return>
      <passenger>
         <last_name>Kraljevic</last_name>
         <first_name>Marko</first_name>
         <date_of_birth>19.4.1977</date_of_birth>
      </passenger>
      <passenger>
         <last_name>Jovanovic</last_name>
         <first_name>Dragan</first_name>
         <date_of_birth>19.4.1957</date_of_birth>
      </passenger>
   </reservation>
   <reservation>
      <flight_provider>Wizz Air</flight_provider>
      <flight_from>LHR</flight_from>
      <flight_to>EIN</flight_to>
      <departure>
         <dep_date>18.7.2007</dep_date>
         <dep_time>15:00</dep_time>
      </departure>
      <return>
         <ret_date>25.7.2007</ret_date>
         <ret_time>21:45</ret_time>
      </return>
      <passenger>
         <last_name>Twain</last_name>
         <first_name>Mark</first_name>
         <date_of_birth>3.2.1965</date_of_birth>
      </passenger>
      <passenger>
         <last_name>Hingis</last_name>
         <first_name>Martina</first_name>
         <date_of_birth>30.7.2006</date_of_birth>
      </passenger>
   </reservation>
   <reservation>
      <flight_provider>Southwest Airlines</flight_provider>
      <flight_from>LHR</flight_from>
      <flight_to>ORD</flight_to>
      <departure>
         <dep_date>18.7.2007</dep_date>
         <dep_time>08:00:00</dep_time>
      </departure>
      <return>
         <ret_date>20.7.2007</ret_date>
         <ret_time>22:10</ret_time>
      </return>
      <passenger>
         <last_name>Wayne</last_name>
         <first_name>John</first_name>
         <date_of_birth>19.4.1977</date_of_birth>
      </passenger>
      <passenger>
         <last_name>Mozart</last_name>
         <first_name>Wolfgang</first_name>
         <date_of_birth>27.1.1756</date_of_birth>
      </passenger>
      <passenger>
         <last_name>Austin</last_name>
         <first_name>Jane</first_name>
         <date_of_birth>21.3.1999</date_of_birth>
      </passenger>
   </reservation>
   <reservation>
      <flight_provider>Lufthansa</flight_provider>
      <flight_from>LHR</flight_from>
      <flight_to>FRA</flight_to>
      <departure>
         <dep_date>26.7.2007</dep_date>
         <dep_time>08:30</dep_time>
      </departure>
      <return>
         <ret_date>02.8.2007</ret_date>
         <ret_time>16:15</ret_time>
      </return>
      <passenger>
         <last_name>Twain</last_name>
         <first_name>Mark</first_name>
         <date_of_birth>3.2.1965</date_of_birth>
      </passenger>
      <passenger>
         <last_name>Hingis</last_name>
         <first_name>Martina</first_name>
         <date_of_birth>30.7.2006</date_of_birth>
      </passenger>
   </reservation>
</passengers>