<?xml version="1.0" encoding="UTF-8"?>
<subtree_sizes>
   <element>
      <name>airline_reservations</name>
      <subtree-size>162</subtree-size>
   </element>
   <element>
      <name>reservation</name>
      <subtree-size>49</subtree-size>
   </element>
   <element>
      <name>flight_provider</name>
      <subtree-size>0</subtree-size>
   </element>
   <element>
      <name>from</name>
      <subtree-size>0</subtree-size>
   </element>
   <element>
      <name>to</name>
      <subtree-size>0</subtree-size>
   </element>
   <element>
      <name>departure</name>
      <subtree-size>2</subtree-size>
   </element>
   <element>
      <name>dep_date</name>
      <subtree-size>0</subtree-size>
   </element>
   <element>
      <name>dep_time</name>
      <subtree-size>0</subtree-size>
   </element>
   <element>
      <name>return</name>
      <subtree-size>2</subtree-size>
   </element>
   <element>
      <name>ret_date</name>
      <subtree-size>0</subtree-size>
   </element>
   <element>
      <name>ret_time</name>
      <subtree-size>0</subtree-size>
   </element>
   <element>
      <name>passenger</name>
      <subtree-size>10</subtree-size>
   </element>
   <element>
      <name>first_name</name>
      <subtree-size>0</subtree-size>
   </element>
   <element>
      <name>middle_name</name>
      <subtree-size>0</subtree-size>
   </element>
   <element>
      <name>last_name</name>
      <subtree-size>0</subtree-size>
   </element>
   <element>
      <name>frequent_flyer_number</name>
      <subtree-size>0</subtree-size>
   </element>
   <element>
      <name>meal_preference</name>
      <subtree-size>0</subtree-size>
   </element>
   <element>
      <name>seat_preference</name>
      <subtree-size>0</subtree-size>
   </element>
   <element>
      <name>is_child</name>
      <subtree-size>0</subtree-size>
   </element>
   <element>
      <name>passenger_type_code</name>
      <subtree-size>0</subtree-size>
   </element>
   <element>
      <name>date_of_birth</name>
      <subtree-size>0</subtree-size>
   </element>
   <element>
      <name>gender</name>
      <subtree-size>0</subtree-size>
   </element>
   <element>
      <name>passenger</name>
      <subtree-size>7</subtree-size>
   </element>
   <element>
      <name>first_name</name>
      <subtree-size>0</subtree-size>
   </element>
   <element>
      <name>middle_name</name>
      <subtree-size>0</subtree-size>
   </element>
   <element>
      <name>last_name</name>
      <subtree-size>0</subtree-size>
   </element>
   <element>
      <name>is_child</name>
      <subtree-size>0</subtree-size>
   </element>
   <element>
      <name>passenger_type_code</name>
      <subtree-size>0</subtree-size>
   </element>
   <element>
      <name>date_of_birth</name>
      <subtree-size>0</subtree-size>
   </element>
   <element>
      <name>gender</name>
      <subtree-size>0</subtree-size>
   </element>
   <element>
      <name>rate_info</name>
      <subtree-size>3</subtree-size>
   </element>
   <element>
      <name>native_base_fare</name>
      <subtree-size>0</subtree-size>
   </element>
   <element>
      <name>native_processing_fee_amount</name>
      <subtree-size>0</subtree-size>
   </element>
   <element>
      <name>native_currency_code</name>
      <subtree-size>0</subtree-size>
   </element>
   <element>
      <name>billing_info</name>
      <subtree-size>16</subtree-size>
   </element>
   <element>
      <name>email</name>
      <subtree-size>0</subtree-size>
   </element>
   <element>
      <name>credit_card_first_name</name>
      <subtree-size>0</subtree-size>
   </element>
   <element>
      <name>credit_card_last_name</name>
      <subtree-size>0</subtree-size>
   </element>
   <element>
      <name>home_phone</name>
      <subtree-size>0</subtree-size>
   </element>
   <element>
      <name>work_phone</name>
      <subtree-size>0</subtree-size>
   </element>
   <element>
      <name>credit_card_number</name>
      <subtree-size>0</subtree-size>
   </element>
   <element>
      <name>credit_card_identifier</name>
      <subtree-size>0</subtree-size>
   </element>
   <element>
      <name>credit_card_expiration_month</name>
      <subtree-size>0</subtree-size>
   </element>
   <element>
      <name>credit_card_expiration_year</name>
      <subtree-size>0</subtree-size>
   </element>
   <element>
      <name>address_info</name>
      <subtree-size>6</subtree-size>
   </element>
   <element>
      <name>street</name>
      <subtree-size>0</subtree-size>
   </element>
   <element>
      <name>city</name>
      <subtree-size>2</subtree-size>
   </element>
   <element>
      <name>city_name</name>
      <subtree-size>0</subtree-size>
   </element>
   <element>
      <name>postal_code</name>
      <subtree-size>0</subtree-size>
   </element>
   <element>
      <name>state_province</name>
      <subtree-size>0</subtree-size>
   </element>
   <element>
      <name>country</name>
      <subtree-size>0</subtree-size>
   </element>
   <element>
      <name>reservation</name>
      <subtree-size>58</subtree-size>
   </element>
   <element>
      <name>flight_provider</name>
      <subtree-size>0</subtree-size>
   </element>
   <element>
      <name>from</name>
      <subtree-size>0</subtree-size>
   </element>
   <element>
      <name>to</name>
      <subtree-size>0</subtree-size>
   </element>
   <element>
      <name>departure</name>
      <subtree-size>2</subtree-size>
   </element>
   <element>
      <name>dep_date</name>
      <subtree-size>0</subtree-size>
   </element>
   <element>
      <name>dep_time</name>
      <subtree-size>0</subtree-size>
   </element>
   <element>
      <name>return</name>
      <subtree-size>2</subtree-size>
   </element>
   <element>
      <name>ret_date</name>
      <subtree-size>0</subtree-size>
   </element>
   <element>
      <name>ret_time</name>
      <subtree-size>0</subtree-size>
   </element>
   <element>
      <name>passenger</name>
      <subtree-size>9</subtree-size>
   </element>
   <element>
      <name>first_name</name>
      <subtree-size>0</subtree-size>
   </element>
   <element>
      <name>middle_name</name>
      <subtree-size>0</subtree-size>
   </element>
   <element>
      <name>last_name</name>
      <subtree-size>0</subtree-size>
   </element>
   <element>
      <name>frequent_flyer_number</name>
      <subtree-size>0</subtree-size>
   </element>
   <element>
      <name>meal_preference</name>
      <subtree-size>0</subtree-size>
   </element>
   <element>
      <name>is_child</name>
      <subtree-size>0</subtree-size>
   </element>
   <element>
      <name>passenger_type_code</name>
      <subtree-size>0</subtree-size>
   </element>
   <element>
      <name>date_of_birth</name>
      <subtree-size>0</subtree-size>
   </element>
   <element>
      <name>gender</name>
      <subtree-size>0</subtree-size>
   </element>
   <element>
      <name>passenger</name>
      <subtree-size>7</subtree-size>
   </element>
   <element>
      <name>first_name</name>
      <subtree-size>0</subtree-size>
   </element>
   <element>
      <name>middle_name</name>
      <subtree-size>0</subtree-size>
   </element>
   <element>
      <name>last_name</name>
      <subtree-size>0</subtree-size>
   </element>
   <element>
      <name>is_child</name>
      <subtree-size>0</subtree-size>
   </element>
   <element>
      <name>passenger_type_code</name>
      <subtree-size>0</subtree-size>
   </element>
   <element>
      <name>date_of_birth</name>
      <subtree-size>0</subtree-size>
   </element>
   <element>
      <name>gender</name>
      <subtree-size>0</subtree-size>
   </element>
   <element>
      <name>passenger</name>
      <subtree-size>8</subtree-size>
   </element>
   <element>
      <name>first_name</name>
      <subtree-size>0</subtree-size>
   </element>
   <element>
      <name>middle_name</name>
      <subtree-size>0</subtree-size>
   </element>
   <element>
      <name>last_name</name>
      <subtree-size>0</subtree-size>
   </element>
   <element>
      <name>meal_preference</name>
      <subtree-size>0</subtree-size>
   </element>
   <element>
      <name>is_child</name>
      <subtree-size>0</subtree-size>
   </element>
   <element>
      <name>passenger_type_code</name>
      <subtree-size>0</subtree-size>
   </element>
   <element>
      <name>date_of_birth</name>
      <subtree-size>0</subtree-size>
   </element>
   <element>
      <name>gender</name>
      <subtree-size>0</subtree-size>
   </element>
   <element>
      <name>rate_info</name>
      <subtree-size>3</subtree-size>
   </element>
   <element>
      <name>native_base_fare</name>
      <subtree-size>0</subtree-size>
   </element>
   <element>
      <name>native_processing_fee_amount</name>
      <subtree-size>0</subtree-size>
   </element>
   <element>
      <name>native_currency_code</name>
      <subtree-size>0</subtree-size>
   </element>
   <element>
      <name>billing_info</name>
      <subtree-size>16</subtree-size>
   </element>
   <element>
      <name>email</name>
      <subtree-size>0</subtree-size>
   </element>
   <element>
      <name>credit_card_first_name</name>
      <subtree-size>0</subtree-size>
   </element>
   <element>
      <name>credit_card_last_name</name>
      <subtree-size>0</subtree-size>
   </element>
   <element>
      <name>home_phone</name>
      <subtree-size>0</subtree-size>
   </element>
   <element>
      <name>work_phone</name>
      <subtree-size>0</subtree-size>
   </element>
   <element>
      <name>credit_card_number</name>
      <subtree-size>0</subtree-size>
   </element>
   <element>
      <name>credit_card_identifier</name>
      <subtree-size>0</subtree-size>
   </element>
   <element>
      <name>credit_card_expiration_month</name>
      <subtree-size>0</subtree-size>
   </element>
   <element>
      <name>credit_card_expiration_year</name>
      <subtree-size>0</subtree-size>
   </element>
   <element>
      <name>address_info</name>
      <subtree-size>6</subtree-size>
   </element>
   <element>
      <name>street</name>
      <subtree-size>0</subtree-size>
   </element>
   <element>
      <name>city</name>
      <subtree-size>2</subtree-size>
   </element>
   <element>
      <name>city_name</name>
      <subtree-size>0</subtree-size>
   </element>
   <element>
      <name>postal_code</name>
      <subtree-size>0</subtree-size>
   </element>
   <element>
      <name>state_province</name>
      <subtree-size>0</subtree-size>
   </element>
   <element>
      <name>country</name>
      <subtree-size>0</subtree-size>
   </element>
   <element>
      <name>res_additional_info</name>
      <subtree-size>0</subtree-size>
   </element>
   <element>
      <name>reservation</name>
      <subtree-size>49</subtree-size>
   </element>
   <element>
      <name>flight_provider</name>
      <subtree-size>0</subtree-size>
   </element>
   <element>
      <name>from</name>
      <subtree-size>0</subtree-size>
   </element>
   <element>
      <name>to</name>
      <subtree-size>0</subtree-size>
   </element>
   <element>
      <name>departure</name>
      <subtree-size>2</subtree-size>
   </element>
   <element>
      <name>dep_date</name>
      <subtree-size>0</subtree-size>
   </element>
   <element>
      <name>dep_time</name>
      <subtree-size>0</subtree-size>
   </element>
   <element>
      <name>return</name>
      <subtree-size>2</subtree-size>
   </element>
   <element>
      <name>ret_date</name>
      <subtree-size>0</subtree-size>
   </element>
   <element>
      <name>ret_time</name>
      <subtree-size>0</subtree-size>
   </element>
   <element>
      <name>passenger</name>
      <subtree-size>10</subtree-size>
   </element>
   <element>
      <name>first_name</name>
      <subtree-size>0</subtree-size>
   </element>
   <element>
      <name>middle_name</name>
      <subtree-size>0</subtree-size>
   </element>
   <element>
      <name>last_name</name>
      <subtree-size>0</subtree-size>
   </element>
   <element>
      <name>frequent_flyer_number</name>
      <subtree-size>0</subtree-size>
   </element>
   <element>
      <name>meal_preference</name>
      <subtree-size>0</subtree-size>
   </element>
   <element>
      <name>seat_preference</name>
      <subtree-size>0</subtree-size>
   </element>
   <element>
      <name>is_child</name>
      <subtree-size>0</subtree-size>
   </element>
   <element>
      <name>passenger_type_code</name>
      <subtree-size>0</subtree-size>
   </element>
   <element>
      <name>date_of_birth</name>
      <subtree-size>0</subtree-size>
   </element>
   <element>
      <name>gender</name>
      <subtree-size>0</subtree-size>
   </element>
   <element>
      <name>passenger</name>
      <subtree-size>7</subtree-size>
   </element>
   <element>
      <name>first_name</name>
      <subtree-size>0</subtree-size>
   </element>
   <element>
      <name>middle_name</name>
      <subtree-size>0</subtree-size>
   </element>
   <element>
      <name>last_name</name>
      <subtree-size>0</subtree-size>
   </element>
   <element>
      <name>is_child</name>
      <subtree-size>0</subtree-size>
   </element>
   <element>
      <name>passenger_type_code</name>
      <subtree-size>0</subtree-size>
   </element>
   <element>
      <name>date_of_birth</name>
      <subtree-size>0</subtree-size>
   </element>
   <element>
      <name>gender</name>
      <subtree-size>0</subtree-size>
   </element>
   <element>
      <name>rate_info</name>
      <subtree-size>3</subtree-size>
   </element>
   <element>
      <name>native_base_fare</name>
      <subtree-size>0</subtree-size>
   </element>
   <element>
      <name>native_processing_fee_amount</name>
      <subtree-size>0</subtree-size>
   </element>
   <element>
      <name>native_currency_code</name>
      <subtree-size>0</subtree-size>
   </element>
   <element>
      <name>billing_info</name>
      <subtree-size>16</subtree-size>
   </element>
   <element>
      <name>email</name>
      <subtree-size>0</subtree-size>
   </element>
   <element>
      <name>credit_card_first_name</name>
      <subtree-size>0</subtree-size>
   </element>
   <element>
      <name>credit_card_last_name</name>
      <subtree-size>0</subtree-size>
   </element>
   <element>
      <name>home_phone</name>
      <subtree-size>0</subtree-size>
   </element>
   <element>
      <name>work_phone</name>
      <subtree-size>0</subtree-size>
   </element>
   <element>
      <name>credit_card_number</name>
      <subtree-size>0</subtree-size>
   </element>
   <element>
      <name>credit_card_identifier</name>
      <subtree-size>0</subtree-size>
   </element>
   <element>
      <name>credit_card_expiration_month</name>
      <subtree-size>0</subtree-size>
   </element>
   <element>
      <name>credit_card_expiration_year</name>
      <subtree-size>0</subtree-size>
   </element>
   <element>
      <name>address_info</name>
      <subtree-size>6</subtree-size>
   </element>
   <element>
      <name>street</name>
      <subtree-size>0</subtree-size>
   </element>
   <element>
      <name>city</name>
      <subtree-size>2</subtree-size>
   </element>
   <element>
      <name>city_name</name>
      <subtree-size>0</subtree-size>
   </element>
   <element>
      <name>postal_code</name>
      <subtree-size>0</subtree-size>
   </element>
   <element>
      <name>state_province</name>
      <subtree-size>0</subtree-size>
   </element>
   <element>
      <name>country</name>
      <subtree-size>0</subtree-size>
   </element>
   <element>
      <name>additional_info</name>
      <subtree-size>1</subtree-size>
   </element>
   <element>
      <name>ref</name>
      <subtree-size>0</subtree-size>
   </element>
   <element>
      <name>processing_date</name>
      <subtree-size>0</subtree-size>
   </element>
</subtree_sizes>