<?xml version="1.0" encoding="UTF-8" standalone="no"?><databaze><xsi:noNamespaceSchemaLocation>data.xsd</xsi:noNamespaceSchemaLocation><xmlns:xsi>http://www.w3.org/2001/XMLSchema-instance</xmlns:xsi>
  <osoby>
    <osoba><id_osoby>alois1</id_osoby>
      <jmeno>Alois</jmeno>
      <prijmeni>?emli?ka</prijmeni>
      <prezdivka>Kuli?ka</prezdivka>
      
      <bydliste><ref_mista>aloisuv_byt</ref_mista><druh>st?l?</druh></bydliste>
      
      <kontakt>
        <telefon>123456789</telefon>
        <telefon><zeme>nl</zeme>415783127</telefon>
        <email>alois@kulicka.cz</email>
      </kontakt>
      
      <kamarad><id_osoby>beata1</id_osoby></kamarad>

      <zamestnani>
        <zamestnavatel>Initrode intl.</zamestnavatel>
        <pozice>??etn?</pozice>
      </zamestnani>

      <dluh><id_osoby>beata1</id_osoby>
        <co>5 000 K?</co>
        <datum>
          <den>8</den>
          <mesic>5</mesic>
          <rok>2011</rok>
        </datum>
        <poznamka>
          Algoritmus pro ur?en? celkov? ??stky v?. ?rok?:
<![CDATA[
s <- 5000
d <- "den vzniku dluhu -- 8. kvetna 2011"
while d - now() > "mesic":
  s <- s * 1.02
  d <- d + "mesic"
]]>
        </poznamka>
      </dluh>
    </osoba>
  
    <osoba><id_osoby>beata1</id_osoby>
      <jmeno>Be?ta</jmeno>
      <prijmeni>Z?horsk?</prijmeni>
      <prezdivka>Lama</prezdivka>
      
      <bydliste><ref_mista>beaty_byt</ref_mista><druh>st?l?</druh></bydliste>
      <bydliste><ref_mista>aloisuv_byt</ref_mista><druh>p?echodn?</druh></bydliste>
      
      <kontakt>
        <telefon>147258369</telefon>
        <?php if (working()) echo "<telefon>456720706</telefon>"; ?>  <!-- Pracovn? telefon jen pokud je?t? pracuje -->
        <im><typ>ICQ</typ>159357258</im>
        <im><typ>MSN</typ>beata@microsoft.com</im>
        <email>beata@microsoft.com</email>
      </kontakt>
      
      <kamarad><id_osoby>alois1</id_osoby></kamarad>
      <kamarad><id_osoby>cyril1</id_osoby></kamarad>
      <kamarad><id_osoby>dana1</id_osoby></kamarad>

      <zamestnani>
        <zamestnavatel>Acme</zamestnavatel>
        <pozice>Sekret??ka</pozice>
      </zamestnani>
      
      <poznamka>
        Labiln? d?t?.
      </poznamka>
    </osoba>
    
    <osoba><id_osoby>cyril1</id_osoby>
      <jmeno>Cyril</jmeno>
      <prijmeni>Toman</prijmeni>
      
      <bydliste><ref_mista>cyriluv_dum</ref_mista><druh>st?l?</druh></bydliste>
      
      <kamarad><id_osoby>beata1</id_osoby></kamarad>
      <kamarad><id_osoby>dana1</id_osoby></kamarad>

      <zamestnani>
        <zamestnavatel>Acme</zamestnavatel>
        <pozice>Skladn?k</pozice>
      </zamestnani>

      <poznamka>
        M? r?d Comic Sans a HTML 2.
      </poznamka>
    </osoba>
    
    <osoba><id_osoby>dana1</id_osoby>
      <jmeno>Dana</jmeno>
      <prijmeni>Sta?kov?</prijmeni>
      
      <bydliste><ref_mista>cyriluv_dum</ref_mista><druh>st?l?</druh></bydliste>
      
      <kamarad><id_osoby>beata1</id_osoby></kamarad>
      <kamarad><id_osoby>cyril1</id_osoby></kamarad>

      <zamestnani>
        <zamestnavatel>Initrode intl.</zamestnavatel>
        <pozice>Brig?dnice</pozice>
      </zamestnani>
      <zamestnani>
        <zamestnavatel>Acme</zamestnavatel>
        <pozice>Brig?dnice</pozice>
      </zamestnani>
      
      <poznamka>
        <ref_osoby><id_osoby>cyril1</id_osoby>Cyrilova</ref_osoby> ?ena.
      </poznamka>
    </osoba>
  </osoby>
  
  <mista>                   
    <misto><id_mista>aloisuv_byt</id_mista>
      <adresa>
        <mesto>Praha</mesto>
        <psc>102 00</psc>
        <ulice>Mokr?</ulice>
        <cp>108</cp>
      </adresa>
    </misto>
    
    <misto><id_mista>beaty_byt</id_mista>
      <adresa>
        <mesto>Pa???</mesto>
        <psc>456 87</psc>
        <ulice>Rue aquatique</ulice>
        <cp>576</cp>
        <stat>Francie</stat>
      </adresa>
      <popis>
        Polorozpadl? sd?len? byte?ek v Pa???i.
      </popis>
    </misto>
    
    <misto><id_mista>cyriluv_dum</id_mista>
      <adresa>
        <mesto>Ostrava</mesto>
        <psc>747 64</psc>
        <ulice>Zakou?en?</ulice>
        <cp>178</cp>
      </adresa>
    </misto>
  </mista>
</databaze>