<html>
   <head>
      <meta http-equiv="Content-Type" content="text/html; charset=UTF-8">
      <title>Výpis případů užití</title>
   </head>
   <body>
      <h1>Pripady uziti</h1>
      <hr>
      <div>
         <h2>Přihlásit</h2>
         <p>Umožňuje přihlášení do systému</p>
         <h3>Počáteční podmínky:</h3>
         <ol>
            <li>Uživatel spustil aplikaci a není přihlášen</li>
         </ol>
         <h3>Koncové podmínky:</h3>
         <ol>
            <li>Uživatel byl úspěšně přihlášen</li>
         </ol>
         <h3>Scénář:</h3>
         <ol>
            <li>Případ užití začíná hned po spuštění aplikace.</li>
            <li>Systém zobrazí formulář pro zadání přihlašovacích údajů</li>
            <li>Uživatel vyplní formulář</li>
            <li>Uživatel potvrdí údaje ve formuláře</li>
            <li>Pokud uživatel zadal špatné údaje, pak
               					
               					
               				
               <ol>
                  <li>Systém zobrazí upozornění na špatně vyplněné údaje</li>
                  <li>Uživatel pokračuje bodem 3</li>
               </ol>
            </li>
            <li>Systém uživatel přihlásí</li>
            <li>Systém zobrazí hlavní obrazovku</li>
         </ol>
      </div>
      <div>
         <h2>Zobrazit katalog</h2>
         <p>Umožňuje zobrazit katalog knih v databázi</p>
         <h3>Počáteční podmínky:</h3>
         <ol>
            <li>Uživatel je přihlášen</li>
            <li>Uživatel má zobrazenou hlavní obrazovku</li>
         </ol>
         <h3>Scénář:</h3>
         <ol>
            <li>Případ užití začíná, když uživatel chce zobrazit katalog knih</li>
            <li>Uživatel klikne v hlavním menu na volbu pro zobrazení katalogu</li>
            <li>Systém zobrazí nové dialogové okno</li>
            <li>Systém vypíše seznam dostupných knih z databáze</li>
         </ol>
      </div>
      <div>
         <h2>Smazat knihu</h2>
         <p>Umožňuje smazat knihu z katalogu</p>
         <h3>Koncové podmínky:</h3>
         <ol>
            <li>Vybraná kniha byla smazána z databáze</li>
            <li>Uživatel má zobrazený katalog se seznamem bez právě smazáné knihy</li>
         </ol>
         <h3>Scénář:</h3>
         <ol>
            <li>Případ užití začíná, když uživatel chce přidat novou knihu do katalogu</li>
            <li>INCLUDE(Zobrazit katalog)</li>
            <li>Uživatel vybere ze seznamu knihu, kterou chce smazat</li>
            <li>Uživatel klikne na tlačítko pro smazání knihy</li>
            <li>Systém vynutí potvrzení smazání uživatelem</li>
            <li>Pokud uživatel výzvu nepotvrdí,
               					
               				
               <ol>
                  <li>Systém žádné změny neprovede a případ užití končí</li>
               </ol>
            </li>
            <li>Jinak systém smaže knihu z databáze</li>
            <li>Systém zaloguje událost o smazání do logu</li>
            <li>Po provedení systém zobrazí výsledek operace uživateli</li>
            <li>Případ užití zde končí</li>
         </ol>
      </div>
      <div>
         <h2>Zaregistrovat uživatele</h2>
         <p>Umožňuje zaregistrovat nového uživatele do systému</p>
         <h3>Koncové podmínky:</h3>
         <ol>
            <li>Uživatel byl zaregistrován</li>
            <li>Uživateli byl odeslán email s potvrzením registrace</li>
         </ol>
         <h3>Scénář:</h3>
         <ol>
            <li>Případ užití začíná, když se nepřihlášený uživatel chce zaregistrovat do systému</li>
            <li>Uživatel vybere z přihlašovacího formuláře možnost 'Zaregistrovat se'</li>
            <li>Systém zobrazí registrovací formulář (username, email, heslo, potvrzení hesla)</li>
            <li>Uživatel vyplní formulář</li>
            <li>Uživatel potvrdí údaje ve formuláře</li>
            <li>Pokud nastane jedna z těchto možností:
               					- username už existuje
               					- délka hesla je &lt; 5 znaků
               					- hesla se neshodují
               					- email není validní, pak
               					
               					
               				
               <ol>
                  <li>Systém zobrazí upozornění na špatně vyplněné údaje</li>
                  <li>Uživatel pokračuje bodem 4</li>
               </ol>
            </li>
         </ol>
      </div>
      <div>
         <h2>Odhlásit uživatele</h2>
         <h3>Scénář:</h3>
         <ol>
            <li>Uživatel klikne na talčítko odhlásit</li>
            <li>Systém uživatele odhlásí a zobrazí přihlašovací formulář</li>
         </ol>
      </div>
   </body>
</html>