<?xml version="1.0" encoding="UTF-8"?>
<realisations>
   <realisation>
      <of-requirement>Příhlášení/odhlášení uživatele</of-requirement>
      <by-usecase>Přihlásit</by-usecase>
      <by-usecase>Odhlásit uživatele</by-usecase>
   </realisation>
   <realisation>
      <of-requirement>Možnost registrace nového uživatele</of-requirement>
      <by-usecase>Zaregistrovat uživatele</by-usecase>
   </realisation>
   <realisation>
      <of-requirement>Správa knihy (CRUD)</of-requirement>
      <by-usecase>Zobrazit katalog</by-usecase>
      <by-usecase>Smazat knihu</by-usecase>
   </realisation>
</realisations>