<html>
   <head>
      <meta http-equiv="Content-Type" content="text/html; charset=UTF-8">
      <title>vystava</title>
   </head>
   <body>
      <table>
         <tr>
            <th>jmeno</th>
            <th>datum narozeni</th>
            <th>rasa</th>
         </tr>
         <tr>
            <td>Angelic_flas_pearl_of_the_moon</td>
            <td>2013-02-23</td>
            <td jmeno="tibetsky_spanel"></td>
         </tr>
         <tr>
            <td>Kale_Zlaty_Klondike</td>
            <td>2012-10-23</td>
            <td jmeno="tibetsky_spanel"></td>
         </tr>
         <tr>
            <td>Karkulka_Zlaty_Klondike</td>
            <td>2012-10-23</td>
            <td jmeno="tibetsky_spanel"></td>
         </tr>
         <tr>
            <td>Fan_fan_tulip_queen_malverne</td>
            <td>2012-01-10</td>
            <td jmeno="Cinsky_chocholaty_pes_bez_srsti"></td>
         </tr>
         <tr>
            <td>Anda_z_kamenskych_vrchu</td>
            <td>2010-09-05</td>
            <td jmeno="Beagle"></td>
         </tr>
         <tr>
            <td>Archie_z_bileckeho_lesa</td>
            <td>2010-12-09</td>
            <td jmeno="Tibetska_doga"></td>
         </tr>
      </table>
   </body>
</html>