<?xml version="1.0" encoding="UTF-8" standalone="no"?><movieDatabase>

	<!-- Date of last modification -->
	<lastModification><?php echo Date("d.m.Y")?></lastModification>

	<!-- Actors and directors -->
	<person dateOfBirth="28/01/1981" firstname="Elijah" id="person1" sex="male" surname="Wood"/>
	<person dateOfBirth="25/02/1971" firstname="Sean" id="person2" sex="male" surname="Astin"/>
	<person dateOfBirth="25/05/1939" firstname="Ian" id="person3" sex="male" surname="McKellen"/>
	<person dateOfBirth="27/05/1922" firstname="Christopher" id="person4" sex="male" surname="Lee"/>
	<person dateOfBirth="13/07/1940" firstname="Patrick" id="person5" sex="male" surname="Stewart"/>
	<person dateOfBirth="12/10/1968" firstname="Hugh" id="person6" sex="male" surname="Jackman"/>
	<person dateOfBirth="17/091965" firstname="Bryan" id="person7" sex="male" surname="Singer"/>
	<person dateOfBirth="31/10/1961" firstname="Peter" id="person8" sex="male" surname="Jackson"/>
	<person dateOfBirth="14/051944" firstname="George" id="person9" sex="male" surname="Lucas"/>
	<person dateOfBirth="31/03/1971" firstname="Ewan" id="person10" sex="male" surname="McGregor"/>
	<person dateOfBirth="09/06/1981" firstname="Natalie" id="person11" sex="female" surname="Portman"/>
	
	<movies>
		<!-- HD movies (720p, 1080p) -->
		<quality value="HD">
			<movie>
				<name value="P?n prsten?: Spole?enstvo prstenu"/>
				<officialName value="The Lord of the Rings: The Fellowship of the Ring"/>
				<genres>
					<genre value="fantasy"/>
					<genre value="adventure"/>
					<genre value="action"/>
				</genres>
				<year value="2001"/>
				<countries>
					<country value="USA"/>
					<country value="New Zeland"/>
				</countries>
				
				<movieLength value="218"/>
				<directors>
					<director idref="person8"/>
				</directors>
				<actors>
					<actor idref="person1"/>
					<actor idref="person2"/>
					<actor idref="person3"/>
					<actor idref="person4"/>
				</actors>
				<overview>
					<![CDATA[
					In a small village in the Shire a young Hobbit named Frodo has been entrusted with an ancient Ring. Now he must embark on an Epic quest to the Cracks of Doom in order to destroy it. 
					]]>
				</overview>
			<ratings><imdb>8.8</imdb><csfd>9.0</csfd></ratings></movie>
			
			<movie>
				<name value="Star Wars: Pomsta Sith?"/>
				<officialName value="Star Wars: Episode III - Revenge of the Sith"/>
				<genres>
					<genre value="fantasy"/>
					<genre value="adventure"/>
					<genre value="action"/>
				</genres>
				<year value="2005"/>
				<countries>
					<country value="USA"/>
				</countries>
				
				<movieLength value="140"/>
				<directors>
					<director idref="person9"/>
				</directors>
				<actors>
					<actor idref="person10"/>
					<actor idref="person11"/>
					<actor idref="person4"/>
				</actors>
			<ratings><imdb>7.7</imdb><csfd>8.7</csfd></ratings></movie>
		</quality>
		
		<!-- DVD movies  -->
		<quality value="DVD">
			<movie>
				<name value="X-Men"/>
				<officialName value="X-Men"/>
				<genres>
					<genre value="sci-fi"/>
					<genre value="adventure"/>
					<genre value="action"/>
				</genres>
				<year value="2000"/>
				<countries>
					<country value="USA"/>
				</countries>
				
				<movieLength value="104"/>
				<directors>
					<director idref="person7"/>
				</directors>
				<actors>
					<actor idref="person3"/>
					<actor idref="person5"/>
					<actor idref="person6"/>
				</actors>
				<overview>
					<![CDATA[
					In a world where both Mutants and Humans fear each other, Marie D'Ancanto, better known as Rogue, runs away from home and hitches a ride with another mutant, known as Logan, a.k.a. Wolverine. Charles Xavier, who owns a school for young mutants, sends Storm and Cyclops to bring them back before it is too late. Magneto, who believes a war is approaching, has an evil plan in mind, and needs young Rogue to help him.
					]]>
				</overview>
			<ratings><imdb>7.4</imdb><csfd>8.1</csfd></ratings></movie>
		</quality>
	</movies>
</movieDatabase>