<?xml version="1.0" encoding="UTF-8" standalone="no"?><dbexport id="_fdb1">
    <filmy>
        <film id="_f1" typ="film">
            <nazev lang="cz">Argo</nazev>
            <nazev lang="orig">Argo</nazev>
            <zanr>Drama, Thriller, Historicky</zanr>
            <rok>2012</rok>
            <delka>120</delka>
            <reziser id="_t1"/>
            <popis>
                Dramatick? thriller Argo vych?z? ze skute?n?ho p??b?hu. Popisuje tajnou operaci na z?chranu ?esti Ameri?an?, kter? se odehr?la na pozad? krize s rukojm?mi v ?r?nu. Film ukazuje div?k?m skute?nost, kter? nebyla zn?ma cel? desetilet?. Dne 4. listopadu 1979 vrchol? ?r?nsk? revoluce. Radik?lov? pronikaj? na americk? velvyslanectv? v Teher?nu, kde zaj?maj? celkem 52 americk?ch rukojm?. Uprost?ed nastal?ho chaosu se nicm?n? ?esti Ameri?an?m poda?? uprchnout a ukr?t se v dom? kanadsk?ho velvyslance. CIA si je velmi dob?e v?doma toho, ?e je jen ot?zkou ?asu, ne? bude ?est uprchl?k? nalezeno a velmi pravd?podobn? i zabito, a tak specialista CIA na ?exfiltraci? jm?nem Tony Mendez (Affleck) p?ich?z? s riskantn?m pl?nem na jejich bezpe?n? odsun ze zem?. A ten pl?n je tak neuv??iteln?, jako by se mohl st?t jen ve filmu.
            </popis>
            <hodnoceni>78</hodnoceni>
            <herci>
                <herec id="_t1">
                    <celejmeno>Ben Affleck</celejmeno>
                </herec>
                <herec id="_t2">
                    <celejmeno>Bryan Cranston</celejmeno>
                </herec>
                <herec id="_t3">
                    <celejmeno>John Goodman</celejmeno>
                </herec>
            </herci>
        </film>
        <film id="_f2" typ="film">
            <nazev lang="cz">Let</nazev>
            <nazev lang="orig">Flight</nazev>
            <zanr>Drama</zanr>
            <rok>2012</rok>
            <delka>138</delka>
            <reziser id="_t4"/>
            <popis>
                Kapit?n Whip Whitaker (Washington) je velezku?en? pilot, kter?mu sebeprud?? turbulence ani nestoj? za zv??en? hlasu ?i adrenalinu v krvi. Kdy? b?hem rutinn?ho letu j?m pilotovan? dopravn? letadlo vl?tne do mohutn? bou?e, chladnokrevn? ho vyvede do bezpe??, za co? si vyslou?? potlesk 96 cestuj?c?ch a ?esti ?len? pos?dky. Radost je p?ed?asn?, letadlu postupn? za?nou vynech?vat funkce, je ??m d?l neovladateln?j?? a Whip se odhodl? k ??len?mu ?inu ? oto?? ho vzh?ru nohama, co? ho m? d?le udr?et ve vzduchu a mezit?m se pokus? naj?t co nejvhodn?j?? m?sto k p?ist?n?. P?ed rovn?m p?sem louky ho znovu oto?? a ve dvousetkilometrov? rychlosti sedne na zem. Jako z?zrakem p?e?ije 96 lid?. Kdy? se Whip posl?ze probud? v nemocnici, dozv? se, ?e se stal n?rodn?m hrdinou. Adorace ale trv? jen do chv?le, ne? padne kl??ov? ot?zka: Co d?lal kapit?n p?ed osudn?m letem? V tu chv?li pro n?j za??n? nov? boj. Boj, kter? nakonec bude t???? ne? ten, kter? svedl se ?ivly a neovladateln?m letadlem.
            </popis>
            <hodnoceni>72</hodnoceni>
            <herci>
                <herec id="_t5">
                    <celejmeno>Denzel Washington</celejmeno>
                </herec>
                <herec id="_t6">
                    <celejmeno>Kelly Reilly</celejmeno>
                </herec>
                <herec id="_t3">
                    <celejmeno>John Goodman</celejmeno>
                </herec>
            </herci>
        </film>
        <film id="_f3" typ="film">
            <nazev lang="cz">Na divok? vln?</nazev>
            <nazev lang="orig">Chasing Mavericks</nazev>
            <zanr>Drama, Sportovni</zanr>
            <rok>2012</rok>
            <delka>117</delka>
            <reziser id="_t7"/>
            <popis>
                Film nato?en? podle ?ivotn?ho p??b?hu Jaya Moriartyho (Jonny Weston), neuv??iteln? talentovan?ho surfa?e, jeho? styl dodnes obdivuj? tis?ce fanou?k? divok?ch vln. Jeho snem bylo zdolat Mavericks - jednu z nejv?t??ch mo?sk?ch vln na sv?t?. Kdy? je Jayovi 15 let, zjist?, ?e m?sto, kde se Mavericks objevuje, opravdu existuje a nach?z? se dokonce jen n?kolik mil od jeho domova v Santa Cruz. Poda?? se mu p?esv?d?it m?stn? legendu Rickyho "Frosty" Hessona (Gerard Butler), b?val?ho z?chran??e a reprezentanta v plav?n?, aby ho za?al tr?novat. Zku?en? profesion?l po prvn?ch hodin?ch pochop?, ?e v mlad?m klukovi se skr?v? nejen dokonal? cit pro mo?e, ale i neskute?n? pevn? v?le, kter? mu pom?h? zdol?vat i ty nejt???? p?ek??ky. Mezi Jayem a Rickym se postupn? vytvo?? jedine?n? p??telstv? a tak je spojuje nejen touha po zdol?n? nezkrotn? vlny. Aby Jay dok?zal poko?it Mavericks mus? nejd??ve absolvovat tvrdou fyzickou i psychickou p??pravu a pak se m??e i on st?t legendou pro dal?? generace surfa??.
            </popis>
            <hodnoceni>76</hodnoceni>
            <herci>
                <herec id="_t8">
                    <celejmeno>Gerard Butler</celejmeno>
                </herec>
                <herec id="_t9">
                    <celejmeno>Abigail Spencer</celejmeno>
                </herec>
                <herec id="_t10">
                    <celejmeno>Jonny Weston</celejmeno>
                </herec>
            </herci>
        </film>
    <film id="_f5" typ="film"><nazev>Ctihodny Obcan</nazev><nazev>The Law Abiding Citizen</nazev><zanr>Krimi,Drama,Thriller</zanr><rok>2009</rok><delka>109</delka><reziser id="_t3"/><popis>Ctihodn?????? ob??????an je dramatick?????? thriller o mu??????i..</popis><hodnoceni>78</hodnoceni><herci><herec id="_t7"><celejmeno>Gerard Butler</celejmeno></herec></herci></film></filmy>
    <tvurci>
        <tvurce id="_t1">
            <jmeno>Ben</jmeno>
            <prijmeni>Affleck</prijmeni>
            <narodnost>USA</narodnost>
        </tvurce>
        <tvurce id="_t8">
            <jmeno>Gerard</jmeno>
            <prijmeni>Butler</prijmeni>
            <narodnost>GBR</narodnost>
        </tvurce><tvurce id="_t2">
            <jmeno>Bryan</jmeno>
            <prijmeni>Cranston</prijmeni>
            <narodnost>USA</narodnost>
        </tvurce>
        <tvurce id="_t3">
            <jmeno>John</jmeno>
            <prijmeni>Goodman</prijmeni>
            <narodnost>USA</narodnost>
        </tvurce>
        <tvurce id="_t7">
            <jmeno>Curtis</jmeno>
            <prijmeni>Hanson</prijmeni>
            <narodnost>USA</narodnost>
        </tvurce><tvurce id="_t6">
            <jmeno>Kelly</jmeno>
            <prijmeni>Reilly</prijmeni>
            <narodnost>GBR</narodnost>
        </tvurce><tvurce id="_t9">
            <jmeno>Abigail</jmeno>
            <prijmeni>Spencer</prijmeni>
            <narodnost>USA</narodnost>
        </tvurce><tvurce id="_t5">
            <jmeno>Denzel</jmeno>
            <prijmeni>Washington</prijmeni>
            <narodnost>USA</narodnost>
        </tvurce><tvurce id="_t10">
            <jmeno>Jonny</jmeno>
            <prijmeni>Weston</prijmeni>
        </tvurce><tvurce id="_t4">
            <jmeno>Robert</jmeno>
            <prijmeni>Zemeckis</prijmeni>
            <narodnost>USA</narodnost>
        </tvurce>
        
        
        
        
        
        
    </tvurci>
    <!--Info-->
    <poznamka>
        <![CDATA[
            document.writeln("Zaloha databaze");
        ]]>
        <uzivatel>Michal Vlcek</uzivatel>
    </poznamka>
    <datum><?php echo Date("d.m.Y")?></datum>
</dbexport>