<?xml version="1.0" encoding="UTF-8" standalone="no"?><evidence>
	<objekty>
		<adresy>
			<adresa ID="ad1">
				<mesto jmeno="Praha" kraj="Praha"/>
				<ulice CP="5" jmeno="Malostranska"/>
			</adresa>
			<adresa ID="ad2">
				<mesto jmeno="M?nchen" kraj="Bayern"/>
				<ulice CP="29" jmeno="S?bener"/>
			</adresa>
		</adresy>
		<osoby>
			<osoba RC="o123456789" adresa="ad1" jmeno="Manuel Neuer">
				
				
			</osoba>
			<osoba RC="o123456799" adresa="ad1" jmeno="Rafinha Rafinha">
				
				
			</osoba>
			<osoba RC="o123456999" adresa="ad1" jmeno="Holger Badstuber">
				
				
			</osoba>
			<osoba RC="o123459999" adresa="ad2" jmeno="Phillipp Lahm">
				
				
			</osoba>
			<osoba RC="o123499999" adresa="ad1" jmeno="Jerome Boateng">
				
				
			</osoba>
			<osoba RC="o123999999" adresa="ad2" jmeno="Franck Ribery">
				
				
			</osoba>
			<osoba RC="o129999999" adresa="ad1" jmeno="Luiz Gustavo">
				
				
			</osoba>
			<osoba RC="o199999999" adresa="ad2" jmeno="Bastian Schweinsteiger">
				
				
			</osoba>
			<osoba RC="o999999999" adresa="ad1" jmeno="Arjen Robben">
				
				
			</osoba>
			<osoba RC="o999999991" adresa="ad2" jmeno="Mario Gomez">
				
				
			</osoba>
			<osoba RC="o999999911" adresa="ad1" jmeno="Tony Kroos">
				
				
			</osoba>
		</osoby>
		<ridici>
			<ridic CR="cAAAAAA" evidovan="ano" osoba="o123456789">
				<opravneni skupina="A"/>
			</ridic>
			<ridic CR="cAAAAAB" evidovan="ano" osoba="o123456799">
				<opravneni skupina="B"/>
			</ridic>
		</ridici>
		<policiste>
			<policista SC="p123456" hodnost="major" osoba="o123456789"/>
		</policiste>
		<auta>
			<auto SPZ="a1A11234" barva="bila" znacka="BMW"/>
		</auta>
	</objekty>
	<kontroly>
		<kontrola datum="13.3.2012" id="K1" policista="p123456" ridic="cAAAAAA">
			<prestupek>
					<?php echo "Pozadavek na vypis: ";echo Date("d.m.Y");?>
					Nedani prednosti v jizde.
					<![CDATA[
						function vybodoval(ridic)
						{
							if (ckecksum(ridic) >= 12)
							{
								return true;
							}
							else
							{
								return false;
							}
						}
					]]>
					<pokuta bodu="3">
						<penez>1000 Kc</penez>
					</pokuta>
			</prestupek>
		<auto SPZ="a1A11234" barva="bila" znacka="BMW"/></kontrola>
		
		<kontrola datum="12.3.2012" id="K2" policista="p123456" ridic="cAAAAAB">
			<prestupek>
					<?php echo "Pozadavek na vypis: ";echo Date("d.m.Y");?>
					Rizeni pod vlivem omamne latky.
					<![CDATA[
						function vybodoval(ridic)
						{
							if (ckecksum(ridic) >= 12)
							{
								return true;
							}
							else
							{
								return false;
							}
						}
					]]>
					<pokuta bodu="8">
						<penez>10000 Kc</penez>
					</pokuta>
			</prestupek>
			<prestupek>
					<?php echo "Pozadavek na vypis: ";echo Date("d.m.Y");?>
					Jizda bez dokladu
					<![CDATA[
						function vybodoval(ridic)
						{
							if (ckecksum(ridic) >= 12)
							{
								return true;
							}
							else
							{
								return false;
							}
						}
					]]>				
					<pokuta bodu="3">
						<penez>1000 Kc</penez>
					</pokuta>	
			</prestupek>
		<auto SPZ="a1A11234" barva="bila" znacka="BMW"/></kontrola>
		<kontrola datum="13.3.2012" id="K3" policista="p123456" ridic="cAAAAAA">
			
		<auto SPZ="a1A11234" barva="bila" znacka="BMW"/></kontrola>
		<kontrola datum="14.5.2012" id="K4" policista="p123456" ridic="cAAAAAB">
			<prestupek>
					<?php echo "Pozadavek na vypis: ";echo Date("d.m.Y");?>
					Inzultace policisty vulgarismy.
					<![CDATA[
						function vybodoval(ridic)
						{
							if (ckecksum(ridic) >= 12)
							{
								return true;
							}
							else
							{
								return false;
							}
						}
					]]>	
					<pokuta bodu="9">
						<penez>20000 Kc</penez>
					</pokuta>					
			</prestupek>
		<auto SPZ="a1A11234" barva="bila" znacka="BMW"/></kontrola>
	</kontroly>
</evidence>