<?xml version="1.0" encoding="UTF-8"?>
<result>
   <classroom>classroom1</classroom>
   <classroom>classroom2</classroom>
   <classroom>classroom3</classroom>
   <teacher>Dagmar Písková</teacher>
   <teacher>Elena Plíšková</teacher>
   <teacher>Eva Dvořáková</teacher>
   <teacher>Petr Rychlý</teacher>
   <student>Igor Král</student>
   <student>Petr Černý</student>
   <student>Jana Malá</student>
   <student>Marie Velká</student>
   <student>Jan Hubička</student>
   <student>Martin Novotný</student>
   <student>Michal Kováč</student>
   <student>Jan Rychvalský</student>
   <student>Karel Smrčka</student>
   <student>Kateřina Chládková</student>
</result>