<html>
   <head>
      <meta http-equiv="Content-Type" content="text/html; charset=UTF-8">
   </head>
   <body>
      <h1>Prehled kormidelniku</h1>
      <table>
         <tr>
            <th>Lodni trida</th>
            <th>Registracni cislo lode</th>
            <th>Kormidelnik</th>
         </tr>
         <tr>
            <td>fireball</td>
            <td>l-14084</td>
            <td>Petr Zita</td>
         </tr>
         <tr>
            <td>fireball</td>
            <td>l-14084</td>
            <td>Petr Zita</td>
         </tr>
         <tr>
            <td>cadet</td>
            <td>l-9128</td>
            <td>Petr Zita</td>
         </tr>
         <tr>
            <td>laser</td>
            <td>l-14567</td>
            <td>Jitka Navratilova</td>
         </tr>
         <tr>
            <td>melges24</td>
            <td>l-11024</td>
            <td>Lenka Mala</td>
         </tr>
      </table>
   </body>
</html>