<html>
   <head>
      <meta http-equiv="Content-Type" content="text/html; charset=UTF-8">
   </head>
   <body>
      <h1>Seznam clenu ceskeho svazu jachtingu</h1>
      <ul>
         <li>Alena Kroutilova</li>
         <li>Ales Novotny</li>
         <li>Bohuslav Skoda</li>
         <li>David Kohout</li>
         <li>Jan Frank</li>
         <li>Jan Novak</li>
         <li>Jitka Navratilova</li>
         <li>Lenka Mala</li>
         <li>Lubomir Neumitka</li>
         <li>Martin Kyval</li>
         <li>Matej Sykora</li>
         <li>Petr Zita</li>
      </ul>
   </body>
</html>