<?xml version="1.0" encoding="UTF-8"?>
<stats>
   <user name="Ažbe">
      <cnt>1</cnt>
   </user>
   <user name="Iva">
      <cnt>1</cnt>
   </user>
   <user name="Szöllôs">
      <cnt>1</cnt>
   </user>
   <user name="Matthijs">
      <cnt>1</cnt>
   </user>
   <user name="Camille">
      <cnt>1</cnt>
   </user>
   <user name="Attilio">
      <cnt>1</cnt>
   </user>
   <user name="Liviana">
      <cnt>1</cnt>
   </user>
   <user name="Anna">
      <cnt>2</cnt>
   </user>
   <user name="Ingiríður">
      <cnt>1</cnt>
   </user>
   <user name="Véronique">
      <cnt>1</cnt>
   </user>
</stats>