<?xml version="1.0" encoding="UTF-8"?>
<uzivatele>
   <uzivatel>
      <uid>uid1-uid44443333</uid>
      <jmeno>Matthijs</jmeno>
      <prijmeni>Andresen</prijmeni>
   </uzivatel>
   <uzivatel>
      <uid>uid2-uid44443333</uid>
      <jmeno>Magda</jmeno>
      <prijmeni>Andresen</prijmeni>
      <mail>ma2212@wmail.uk</mail>
   </uzivatel>
   <uzivatel>
      <uid>uid1-uid04449999</uid>
      <jmeno>Anna</jmeno>
      <prijmeni>Cläire</prijmeni>
   </uzivatel>
   <uzivatel>
      <uid>uid1-uid44441111</uid>
      <jmeno>Iva</jmeno>
      <prijmeni>Debeljak</prijmeni>
      <mail>Debeljak@example.com</mail>
   </uzivatel>
   <uzivatel>
      <uid>uid2-cun111foo222bar</uid>
      <jmeno>Pink</jmeno>
      <prijmeni>Elephant</prijmeni>
      <mail>pink.elephant@yahooo.de</mail>
   </uzivatel>
   <uzivatel>
      <uid>uid1-uid44449999</uid>
      <jmeno>Véronique</jmeno>
      <prijmeni>Huppé</prijmeni>
      <mail>mailbox44449999@uni.edu</mail>
   </uzivatel>
   <uzivatel>
      <uid>uid1-uid44447777</uid>
      <jmeno>Anna</jmeno>
      <prijmeni>Moeller</prijmeni>
   </uzivatel>
   <uzivatel>
      <uid>uid1-uid44445555</uid>
      <jmeno>Attilio</jmeno>
      <prijmeni>Moretti</prijmeni>
   </uzivatel>
   <uzivatel>
      <uid>uid1-uid44446666</uid>
      <jmeno>Liviana</jmeno>
      <prijmeni>Pisani</prijmeni>
   </uzivatel>
   <uzivatel>
      <uid>uid1-uid44444444</uid>
      <jmeno>Camille</jmeno>
      <prijmeni>Sevier</prijmeni>
      <mail>cs@sevier.net</mail>
   </uzivatel>
   <uzivatel>
      <uid>uid1-uid44440000</uid>
      <jmeno>Ažbe</jmeno>
      <prijmeni>Srečec</prijmeni>
      <mail>AzbeSrecec@example.com</mail>
   </uzivatel>
   <uzivatel>
      <uid>uid2-uid55550000</uid>
      <jmeno>Světlana</jmeno>
      <prijmeni>Stipanova</prijmeni>
   </uzivatel>
   <uzivatel>
      <uid>uid1-uid44442222</uid>
      <jmeno>Szöllôs</jmeno>
      <prijmeni>Zekö</prijmeni>
      <mail>Zeko333@example.com</mail>
   </uzivatel>
   <uzivatel>
      <uid>uid1-uid44448888</uid>
      <jmeno>Ingiríður</jmeno>
      <prijmeni>Þorsteinsdóttir</prijmeni>
      <mail>mailbox44448888@uni.edu</mail>
   </uzivatel>
</uzivatele>