<?xml version="1.0" encoding="UTF-8"?>
<uzivatele>
   <uzivatel>
      <prijmeni>Srečec</prijmeni>
      <uid>uid44440000</uid>
      <pocet>1</pocet>
   </uzivatel>
   <uzivatel>
      <prijmeni>Debeljak</prijmeni>
      <uid>uid44441111</uid>
      <pocet>1</pocet>
   </uzivatel>
   <uzivatel>
      <prijmeni>Zekö</prijmeni>
      <uid>uid44442222</uid>
      <pocet>1</pocet>
   </uzivatel>
   <uzivatel>
      <prijmeni>Andresen</prijmeni>
      <uid>uid44443333</uid>
      <pocet>2</pocet>
   </uzivatel>
   <uzivatel>
      <prijmeni>Sevier</prijmeni>
      <uid>uid44444444</uid>
      <pocet>2</pocet>
   </uzivatel>
   <uzivatel>
      <prijmeni>Moretti</prijmeni>
      <uid>uid44445555</uid>
      <pocet>0</pocet>
   </uzivatel>
   <uzivatel>
      <prijmeni>Pisani</prijmeni>
      <uid>uid44446666</uid>
      <pocet>2</pocet>
   </uzivatel>
   <uzivatel>
      <prijmeni>Moeller</prijmeni>
      <uid>uid44447777</uid>
      <pocet>0</pocet>
   </uzivatel>
   <uzivatel>
      <prijmeni>Þorsteinsdóttir</prijmeni>
      <uid>uid44448888</uid>
      <pocet>1</pocet>
   </uzivatel>
   <uzivatel>
      <prijmeni>Huppé</prijmeni>
      <uid>uid44449999</uid>
      <pocet>0</pocet>
   </uzivatel>
   <uzivatel>
      <prijmeni>Cläire</prijmeni>
      <uid>uid04449999</uid>
      <pocet>0</pocet>
   </uzivatel>
</uzivatele>