<?xml version="1.0" encoding="UTF-8" standalone="no"?><treninkovy_denik xmlns:xsi="http://www.w3.org/2001/XMLSchema-instance">
	<verze_softwaru>1.01</verze_softwaru>
	<uzivatel id="m1" pohlavi="muz">
		<jmeno>Ondrej</jmeno>
		<prijmeni>Fejfar</prijmeni>
		<datum_narozeni>1989-07-09</datum_narozeni>
		<vyska>181</vyska>
		<vaha>66</vaha>
		<max_tep>190</max_tep>
		<sport>b?h</sport>
		<oddil>AK Kromeriz</oddil>
		<motto>Kdyz nemuzu tak pridam!!!</motto>
		<treninky>
			<treninkovy_den datum="2012-04-25">
				<trenink>
					<cas>10:00</cas>
					<pocet_km>25</pocet_km>
					<popis>lehky klus kolem Strbskeho plesa</popis>
					<sporttester gps="ano" typ="Garmin Forunner 610">asdf</sporttester>
				</trenink>
				<trenink>
					<cas>16:30</cas>
					<pocet_km>11</pocet_km>
					<popis>rovinky na brehu Strbskeho plesa v seriich po peti</popis>
					<sporttester gps="ne" typ="Garmin Foruner 610"/>
				</trenink>
			</treninkovy_den>
			<treninkovy_den datum="2012-04-27">
				<trenink>
					<cas>10:15</cas>
					<pocet_km>21</pocet_km>
					<popis>sviznejsi hodinovy klus</popis>
				</trenink>
			</treninkovy_den>
			<treninkovy_den datum="2012-05-08">
				<trenink>
					<cas>9:45</cas>
					<pocet_km>29</pocet_km>
					<popis>volny dlouhy beh</popis>
					<sporttester gps="ne" typ="Polar RS 800"/>
				</trenink>
			</treninkovy_den>
			<treninkovy_den datum="2012-05-11">
				<trenink>
					<cas>12:00</cas>
					<pocet_km>14</pocet_km>
					<popis>beh kolem Zaleho</popis>
					<sporttester gps="ano" typ="Garmin 610"/>
				</trenink>
			</treninkovy_den>
		</treninky>
	</uzivatel>
	
	
</treninkovy_denik>