<?xml version="1.0" encoding="UTF-8"?>
<banlist>
   <record id="r1" server_id="s2">
      <player>
				     <ip>88.101.245.1</ip>
				     <nickname>BrumbA</nickname>
				     <total_bans>6</total_bans>
			   </player>
      <ban_date>
				     <day>23</day>
				     <month>7</month>
				     <year>2012</year>
				     <hour>19</hour>
				     <minute>59</minute>
				     <second>02</second>
			   </ban_date>
      <release_date>
				     <day>25</day>
				     <month>7</month>
				     <year>2012</year>
				     <hour>19</hour>
				     <minute>59</minute>
				     <second>02</second>
			   </release_date>
      <reason>Neumi pravidla</reason>
      <type/>
      <admin_nickname>S1mon</admin_nickname>
   </record>
   <record id="r2" server_id="s0">
      <player>
				     <ip>88.101.245.1</ip>
				     <sid>STEAM_0:1:1750700</sid>
				     <nickname>BrumbA</nickname>
				     <total_bans>6</total_bans>
			   </player>
      <ban_date>
				     <day>26</day>
				     <month>1</month>
				     <year>2013</year>
				     <hour>13</hour>
				     <minute>11</minute>
				     <second>15</second>
			   </ban_date>
      <release_date>
				     <day>7</day>
				     <month>2</month>
				     <year>2013</year>
				     <hour>13</hour>
				     <minute>11</minute>
				     <second>15</second>
			   </release_date>
      <reason>
				     <bold>Vlastna</bold> ziadost</reason>
      <type/>
      <admin_nickname>DeiForm</admin_nickname>
   </record>
   <record id="r3" server_id="s2">
      <player>
				     <ip>88.101.245.1</ip>
				     <nickname>Aiwa</nickname>
				     <total_bans>6</total_bans>
			   </player>
      <ban_date>
				     <day>26</day>
				     <month>1</month>
				     <year>2013</year>
				     <hour>13</hour>
				     <minute>11</minute>
				     <second>15</second>
			   </ban_date>
      <release_date>
				     <day>7</day>
				     <month>2</month>
				     <year>2013</year>
				     <hour>13</hour>
				     <minute>11</minute>
				     <second>15</second>
			   </release_date>
      <reason>
				     <bold>Vlastna</bold> ziadost</reason>
      <type/>
      <admin_nickname>DeiForm</admin_nickname>
   </record>
   <record id="r4" server_id="s2">
      <player>
				     <ip>88.101.245.1</ip>
				     <sid>STEAM_0:1:1750700</sid>
				     <nickname>Dzyyy</nickname>
				     <total_bans>6</total_bans>
			   </player>
      <ban_date>
				     <day>26</day>
				     <month>1</month>
				     <year>2013</year>
				     <hour>13</hour>
				     <minute>11</minute>
				     <second>15</second>
			   </ban_date>
      <release_date>
				     <day>7</day>
				     <month>2</month>
				     <year>2013</year>
				     <hour>13</hour>
				     <minute>11</minute>
				     <second>15</second>
			   </release_date>
      <reason>
				     <bold>Vlastna</bold> ziadost</reason>
      <type/>
      <admin_nickname>DeiForm</admin_nickname>
   </record>
</banlist>