<html>
   <head>
      <meta http-equiv="Content-Type" content="text/html; charset=UTF-8">
      <title>Server status</title>
   </head>
   <body>
      <table border="1">
         <tr>
            <td>Server Name</td>
            <td>IP</td>
            <td>Map</td>
            <td>Status</td>
         </tr>
         <tr>
            <td>Web</td>
            <td>cs.soe.cz</td>
            <td>N/A</td>
            <td>0/0</td>
         </tr>
         <tr>
            <td>Classic</td>
            <td>88.86.107.57:27015</td>
            <td>de_inferno</td>
            <td>17/17</td>
         </tr>
         <tr>
            <td>Deathmatch</td>
            <td>88.86.107.57:27016</td>
            <td>de_mirage</td>
            <td>0/30</td>
         </tr>
         <tr>
            <td>Aim</td>
            <td>88.86.107.57:27017</td>
            <td>aim_dgl</td>
            <td>0/11</td>
         </tr>
         <tr>
            <td>Sniper</td>
            <td>88.86.107.57:27018</td>
            <td>aaa_awp</td>
            <td>3/15</td>
         </tr>
         <tr>
            <td>Knife</td>
            <td>88.86.107.57:27019</td>
            <td>ka_longer</td>
            <td>1/17</td>
         </tr>
         <tr>
            <td>Oldschool</td>
            <td>88.86.107.57:27021</td>
            <td>cs_alpin</td>
            <td>0/17</td>
         </tr>
         <tr>
            <td>Jailbreak</td>
            <td>88.86.107.57:27030</td>
            <td>jb_snow</td>
            <td>0/20</td>
         </tr>
         <tr>
            <td>Fun</td>
            <td>88.86.107.57:27022</td>
            <td>fy_poolday_cz</td>
            <td>5/17</td>
         </tr>
         <tr>
            <td>War3FTSaveXP</td>
            <td>88.86.107.57:27023</td>
            <td>de_dust</td>
            <td>5/17</td>
         </tr>
         <tr>
            <td>BetaLongJump</td>
            <td>88.86.107.57:27024</td>
            <td>kz_longjumps2</td>
            <td>0/10</td>
         </tr>
      </table>
      <p>Na Fun serveru uz bylo zabito vice jak 30 hracu!</p>
      <p> Jmena hracu na serveru FUN </p>
      <p>Jirka</p>
      <p>Adam</p>
      <p>Tomas</p>
      <p>Sara</p>
   </body>
</html>