<?xml version="1.0" encoding="UTF-8"?>
<out>
   <product id="p3">
			   <name>Mac OS X</name>
			   <category_ref id="c1"/>
			   <vendor_ref id="v2"/>
			   <versions>
				     <version>
					       <name>10.8</name>
					       <publishDate>2012-04-01</publishDate>
				     </version>
			   </versions>
		</product>
   <product id="p4">
			   <name>Apple Keynote</name>
			   <category_ref id="c1"/>
			   <vendor_ref id="v2"/>
			   <versions>
				     <version>
					       <name>2</name>
					       <publishDate>2012-04-07</publishDate>
				     </version>
			   </versions>
		</product>
   <product id="p5">
			   <name>Apple Pages</name>
			   <category_ref id="c1"/>
			   <vendor_ref id="v2"/>
			   <versions>
			</versions>
		</product>
   <product id="p6">
			   <name>Microsoft Excel</name>
			   <category_ref id="c32"/>
		</product>
   <product id="p7">
			   <name>Process Explorer</name>
			   <category_ref id="subsub1"/>
		</product>
</out>