<?xml version="1.0" encoding="UTF-8"?>
<out>
   <category id="c1">
      <name>
         <name>Operating System</name>
      </name>
      <products>
         <product id="p1">
            <name>Microsoft Windows</name>
         </product>
         <product id="p3">
            <name>Mac OS X</name>
         </product>
         <product id="p4">
            <name>Apple Keynote</name>
         </product>
         <product id="p5">
            <name>Apple Pages</name>
         </product>
      </products>
   </category>
   <category id="c2">
      <name>
         <name>Utility</name>
      </name>
      <products>
         <product id="p7">
            <name>Process Explorer</name>
         </product>
      </products>
   </category>
   <category id="c3">
      <name>
         <name>Office Suite</name>
      </name>
      <products>
         <product id="p2">
            <name>Microsoft Office</name>
         </product>
         <product id="p6">
            <name>Microsoft Excel</name>
         </product>
      </products>
   </category>
</out>