<html>
   <head>
      <meta http-equiv="Content-Type" content="text/html; charset=UTF-8">
      <title>XQuery output</title>
   </head>
   <body>
      <table>
         <tr>
            <td>Microsoft Windows</td>
            <td>Operating System</td>
            <td>Microsoft Corporation</td>
         </tr>
         <tr>
            <td>Microsoft Office</td>
            <td>Office Suite</td>
            <td>Microsoft Corporation</td>
         </tr>
         <tr>
            <td>Mac OS X</td>
            <td>Operating System</td>
            <td>Apple Inc.</td>
         </tr>
         <tr>
            <td>Apple Keynote</td>
            <td>Operating System</td>
            <td>Apple Inc.</td>
         </tr>
         <tr>
            <td>Apple Pages</td>
            <td>Operating System</td>
            <td>Apple Inc.</td>
         </tr>
         <tr>
            <td>Microsoft Excel</td>
            <td>Spreadsheet</td>
            <td></td>
         </tr>
         <tr>
            <td>Process Explorer</td>
            <td>Monitoring</td>
            <td></td>
         </tr>
      </table>
   </body>
</html>