<?xml version="1.0" encoding="UTF-8"?>
<out>
   <product id="p1">
      <name>Microsoft Windows</name>
      <latestVersion>
         <publishDate>2011-03-21</publishDate>
         <name>7</name>
      </latestVersion>
   </product>
   <product id="p2">
      <name>Microsoft Office</name>
      <latestVersion>
         <publishDate>2006-07-10</publishDate>
         <name>2007</name>
      </latestVersion>
   </product>
   <product id="p3">
      <name>Mac OS X</name>
      <latestVersion>
         <publishDate>2012-04-01</publishDate>
         <name>10.8</name>
      </latestVersion>
   </product>
   <product id="p4">
      <name>Apple Keynote</name>
      <latestVersion>
         <publishDate>2012-04-07</publishDate>
         <name>2</name>
      </latestVersion>
   </product>
   <product id="p5">
      <name>Apple Pages</name>
      <error>No versions.</error>
   </product>
   <product id="p6">
      <name>Microsoft Excel</name>
      <error>No versions.</error>
   </product>
   <product id="p7">
      <name>Process Explorer</name>
      <error>No versions.</error>
   </product>
</out>