<?xml version="1.0" encoding="UTF-8"?>
<out>
   <category id="c1">
      <name>Operating System</name>
      <productCount>4</productCount>
   </category>
   <category id="subsub1">
      <name>Monitoring</name>
      <productCount>1</productCount>
   </category>
   <category id="c3">
      <name>Office Suite</name>
      <productCount>1</productCount>
   </category>
   <category id="c32">
      <name>Spreadsheet</name>
      <productCount>1</productCount>
   </category>
   <category id="c2">
      <name>Utility</name>
      <productCount>0</productCount>
   </category>
   <category id="sub1">
      <name>Photo Editing</name>
      <productCount>0</productCount>
   </category>
   <category id="sub2">
      <name>System Tool</name>
      <productCount>0</productCount>
   </category>
   <category id="subsub2">
      <name>Diagnostics</name>
      <productCount>0</productCount>
   </category>
   <category id="c31">
      <name>Text Processor</name>
      <productCount>0</productCount>
   </category>
</out>