<?xml version="1.0" encoding="UTF-8"?>
<ul>
   <li nazov="The Serpent's Lair"/>
   <li nazov="In the Line of Duty"/>
   <li nazov="Prisoners"/>
   <li nazov="The Gamekeeper"/>
   <li nazov="Need"/>
   <li nazov="Thor's Chariot"/>
   <li nazov="Message in a Bottle"/>
   <li nazov="Family"/>
   <li nazov="Secrets"/>
   <li nazov="Bane"/>
   <li nazov="Tok'ra"/>
   <li nazov="The Tok'ra"/>
   <li nazov="Spirits"/>
   <li nazov="Touchstone"/>
   <li nazov="A Matter of Time "/>
   <li nazov="The Fifth Race"/>
   <li nazov="Holiday"/>
   <li nazov="Serpent's Song"/>
   <li nazov="One False Step"/>
   <li nazov="Show And Tell"/>
   <li nazov="1969"/>
   <li nazov="Out of Mind"/>
</ul>