<?xml version="1.0" encoding="utf-8" standalone="no"?><blueprint xmlns:xsi="http://www.w3.org/2001/XMLSchema-instance" xsi:noNamespaceSchemaLocation="data.xsd">
  
  
  
<info date="2012-03-05" version="1.0">
    Vygenerov?no pomoc? softwaru FlatEditor.
  </info><elements>
    
    
    
    
    
  <controlPoints>
      
      
      
      
    <controlPoint id="cp_0">
        
      <coord>
          
          
        <x>-50</x><y>-50</y></coord></controlPoint><controlPoint id="cp_1">
            
      <coord>
          
          
        <x>50</x><y>-50</y></coord></controlPoint><controlPoint id="cp_2">
              
      <coord>
          
          
        <x>50</x><y>50</y></coord></controlPoint><controlPoint id="cp_3">
        
      <coord>
          
          
        <x>-50</x><y>50</y></coord></controlPoint></controlPoints><walls>
      
      
      
    <wall id="w_0">
        
        
      <parentControlPoint idref="cp_0"/><parentControlPoint idref="cp_1"/></wall><wall id="w_1">
        
        
      <parentControlPoint idref="cp_1"/><parentControlPoint idref="cp_2"/></wall><wall id="w_2">
        
        
      <parentControlPoint idref="cp_2"/><parentControlPoint idref="cp_0"/></wall></walls><fenestrations>
      
      
    <fenestration id="f_0" type="door">
        
        
        
        
      <parentWall idref="w_0"/><width>75</width><position>120</position><itemReference idref="c_i_1"/></fenestration><fenestration id="f_1" type="window">
        
        
        
        
      <parentWall idref="w_1"/><width>60</width><position>75</position><itemReference idref="c_i_2"/></fenestration></fenestrations><rooms>
      
    <room id="r_0" name="Pokoj">
                 
        
        
      <parentControlPoints>
          
          
          
          
        <parentControlPoint idref="cp_0"/><parentControlPoint idref="cp_1"/><parentControlPoint idref="cp_2"/><parentControlPoint idref="cp_3"/></parentControlPoints><wallTexture idref="c_t_1"/><floorTexture idref="c_t_4"/></room></rooms><furniture>
      
      
    <furnitureItem id="fu_0">
        
        
      <coord>
          
          
        <x>0</x><y>0</y></coord><itemReference idref="c_i_0"/></furnitureItem><furnitureItem id="fu_1">
        
        
      <coord>
          
          
        <x>20</x><y>-33</y></coord><itemReference idref="c_i_0"/></furnitureItem></furniture></elements><catalogue>
    
    
    
  <data>
      
      
      

                 
    <files>
        <?dataPath originalPath="C:/someFakePath/Editor/data/"?>
        
        
        
        
        
        
        
        
        
        
      <file id="c_f_0">
          
          
        <uri>./chairModel.obj</uri><hash>7aaeec40ffe4c14d98fe9d0d81fc9aea</hash></file><file id="c_f_1">
          
          
        <uri>./chairModelMaterial.mat</uri><hash>e3d9785778b7250e542d07c2de9cfa3e</hash></file><file id="c_f_2">
          
          
        <uri>./chairModelTexture1.jpg</uri><hash>b9fb4603bd3a330765dc84c73fe4976b</hash></file><file id="c_f_3">
          
          
        <uri>./wallTexture0.jpg</uri><hash>b5f3729e5418905ad2b21ce186b1c01d</hash></file><file id="c_f_4">
          
          
        <uri>./doorModel.obj</uri><hash>2feaaf89c21770ea5c21196bc33848dd</hash></file><file id="c_f_5">
          
          
        <uri>./doorModelMaterial.mat</uri><hash>331c6883dd6010864b7ead130be77cd5</hash></file><file id="c_f_6">
          
          
        <uri>./windowModel.obj</uri><hash>05b8c74cbd96fbf2de4c1a352702fbf4</hash></file><file id="c_f_7">
          
          
        <uri>./windowModelMaterial.mat</uri><hash>5a49b86d4b61bfaa7282871108f32320</hash></file><file id="c_f_8">
          
          
        <uri>./woodTexture0.obj</uri><hash>05b8c74cbd96fbf2de4c1a352702fbf4</hash></file><file id="c_f_9">
          
          
        <uri>./floorTexture0.obj</uri><hash>05b8c74cbd96fbf2de4c1a352702fbf4</hash></file></files><models>
        
        
        
      <model id="c_m_0">
          
          
        <mesh idref="c_f_0"/><material idref="c_f_1"/></model><model id="c_m_1">
          
          
        <mesh idref="c_f_4"/><material idref="c_f_5"/></model><model id="c_m_2">
          
          
        <mesh idref="c_f_6"/><material idref="c_f_7"/></model></models><textures>
        
        
        
        

      <texture id="c_t_0">
          
        <source idref="c_f_2"/></texture><texture id="c_t_1">
          
        <source idref="c_f_3"/></texture><texture id="c_t_3">
          
        <source idref="c_f_8"/></texture><texture id="c_t_4">
          
        <source idref="c_f_9"/></texture></textures></data><items>
      
      
      
    <item id="c_i_0" type="furniture">
        
        
        
      <modelReference idref="c_m_0"/><textureReference idref="c_t_0"/><color>#FFFF00</color></item><item id="c_i_1" type="door">
        
        
         
      <modelReference idref="c_m_1"/><textureReference idref="c_t_0"/><color>#FFFFFF</color></item><item id="c_i_2" type="window">
        
        
        
      <modelReference idref="c_m_2"/><textureReference idref="c_t_1"/><color>#000000</color></item></items></catalogue></blueprint>