<?xml version="1.0" encoding="UTF-8" standalone="no"?><!-- <!DOCTYPE utulek SYSTEM "data.dtd"> --><!-- XML zobrazuje strukturu pro spravu utulku. --><utulek xmlns:xsi="http://www.w3.org/2001/XMLSchema-instance" update="23/05/2012" xsi:noNamespaceSchemaLocation="file:/C:/Users/Wolen/Desktop/XML/data.xsd">
	
	<zvirata>
		<!-- zvirata ubytovana venku v kotci -->
		<kotec>
			<pes>
				<prijmuto><den>1</den><mesic>1</mesic><rok>2011</rok></prijmuto>
				<jmeno>Alik</jmeno>
				<velikost>54</velikost>
				<vaha>25</vaha>
				<rasa value="doga"/>
				<vek>4</vek>
				<ockovani>
					<vzteklina date="27.1.2012"/>
					<odcerveni date="27.1.2012"/>
				</ockovani>
				<popis>Pes je hodny, jen obcas zere lidi.Jinak je OK.</popis>
			<zid>K001</zid></pes>
			
			<pes>
				<prijmuto><den>12</den><mesic>10</mesic><rok>2011</rok></prijmuto>
				<jmeno>Azor</jmeno>
				<velikost>30</velikost>
				<vaha>20</vaha>
				<rasa value="kokr"/>
				<vek>7</vek>
				<ockovani>
					<vzteklina date="2.11.2012"/>
					<odcerveni date="27.12.2012"/>
					<ostatni date="13.10.2012">
						<popis>
							Infek?n? hepatitida - podezrele priznaky -&gt; Preockovan.
						</popis>
					</ostatni>
				</ockovani>
				<popis>Pes je hodny, mily a jiz starsi. Jinak je OK.</popis>
			<zid>K003</zid></pes>
			
			<pes>
				<prijmuto><den>2</den><mesic>1</mesic><rok>2012</rok></prijmuto>
				<jmeno>Punta</jmeno>
				<velikost>15</velikost>
				<vaha>5</vaha>
				<vek>1</vek>
				<ockovani>
					<vzteklina date="3.1.2012"/>
					<ostatni date="5.1.2012">
						<popis>
							Tetanus - oskliva rana na zadni noze -&gt; Preockovan.
						</popis>
					</ostatni>
				</ockovani>
				<popis>Pes je hravy a rad si hraje i s detmi.</popis>
			<zid>K004</zid></pes>
			
			<pes>
				<prijmuto><den>2</den><mesic>6</mesic><rok>2010</rok></prijmuto>
				<jmeno>Kastor</jmeno>
				<velikost>80</velikost>
				<vaha>55</vaha>
				<rasa value="doga"/>
				<vek>4</vek>
				<ockovani>
					<vzteklina date="3.1.2012"/>
					<odcerveni date="27.4.2011"/>
					<ostatni date="15.6.2010">
						<popis>
							Lymsk? boreli?za - pokousan hmyzem -&gt; Preockovan.
						</popis>
					</ostatni>
				</ockovani>
				<popis>Pes je idealni hlidac.</popis>
				<popis> Nikoho k vam nepusti. Jinak je OK.</popis>
				<predchoziMajitel>
					
					<adresa>Lipova 25</adresa>
					<psc>39102</psc>
					<tel>777444125</tel>
				<Jmeno>Josef</Jmeno><Prijmeni>Ostruzina</Prijmeni></predchoziMajitel>
			<zid>K005</zid></pes>
			
			<pes>
				<prijmuto><den>2</den><mesic>2</mesic><rok>2011</rok></prijmuto>
				<jmeno>Dora</jmeno>
				<velikost>25</velikost>
				<vaha>15</vaha>
				<rasa value="jezevcik"/>
				<vek>6</vek>
				<ockovani>
					<vzteklina date="3.1.2012"/>
					<odcerveni date="27.7.2011"/>
				</ockovani>
				<popis>Fenka ma rada spolecnost.</popis>
				<popis>Nevadi ji deti. </popis>
				<popis>Fence chybi kus ocasu. </popis>
				<predchoziMajitel>
					
					<adresa>Prumyslova 645</adresa>
					<psc>39102</psc>
					<tel>776784125</tel>
				<Jmeno>Josef</Jmeno><Prijmeni>Novak</Prijmeni></predchoziMajitel>
			<zid>K006</zid></pes>
			
			<kocka>
				<prijmuto><den>11</den><mesic>1</mesic><rok>2012</rok></prijmuto>	
				<jmeno>Micka</jmeno>	
				<velikost>30</velikost>
				<vaha>10</vaha>
				<plemeno value="perska"/>
				<vek>3</vek>
				<ockovani>
					<vzteklina date="27.2.2012"/>
					<odcerveni date="27.1.2011"/>
				</ockovani>
				<popis>Je trochu vztekla.</popis>
				<popis>Jinak je Ok.</popis>
				<predchoziMajitel>
					
					<adresa>Nachodska 25</adresa>
					<psc>27102</psc>
					<tel>777444111</tel>
				<Jmeno>Pavel</Jmeno><Prijmeni>Novak</Prijmeni></predchoziMajitel>
			<zid>K002</zid></kocka>
			
			<kocka>
				<prijmuto><den>11</den><mesic>3</mesic><rok>2011</rok></prijmuto>	
				<jmeno>Mikes</jmeno>	
				<velikost>20</velikost>
				<vaha>6</vaha>
				<plemeno value="angorska"/>
				<vek>2</vek>
				<ockovani>
					<vzteklina date="27.2.2012"/>
					<odcerveni date="27.1.2011"/>
				</ockovani>
				<popis>Trochu se boji lidi.</popis>
				<popis>Jinak je OK.</popis>
				<predchoziMajitel>
					
					<adresa>U Nadrazi 25</adresa>
					<psc>25102</psc>
					<tel>607444111</tel>
				<Jmeno>Marie</Jmeno><Prijmeni>Novakova</Prijmeni></predchoziMajitel>
			<zid>K007</zid></kocka>
			
			<kocka>
				<prijmuto><den>7</den><mesic>3</mesic><rok>2011</rok></prijmuto>	
				<jmeno>Felix</jmeno>	
				<velikost>15</velikost>
				<vaha>3</vaha>
				<plemeno value="siamska"/>
				<vek>1</vek>
				<ockovani>
					<vzteklina date="27.2.2012"/>
					<odcerveni date="27.1.2011"/>
				</ockovani>
				<popis>Velmi nachylny na zimu.</popis>
				<popis>Jinak je Ok.</popis>
			<zid>K008</zid></kocka>
			
			<kocka>
				<prijmuto><den>7</den><mesic>3</mesic><rok>2011</rok></prijmuto>	
				<jmeno>Aj?a</jmeno>	
				<velikost>20</velikost>
				<vaha>6</vaha>
				<plemeno value="domaci"/>
				<vek>4</vek>
				<ockovani>
					<vzteklina date="27.2.2012"/>
					<odcerveni date="27.1.2011"/>
				</ockovani>
				<popis>Zvykla na zivot v panelaku.</popis>
				<popis>Jinak je Ok.</popis>
				<predchoziMajitel>
					
					<adresa>U Nadrazi 25</adresa>
					<psc>25102</psc>
					<tel>607444111</tel>
				<Jmeno>Marie</Jmeno><Prijmeni>Novakova</Prijmeni></predchoziMajitel>
			<zid>K009</zid></kocka>
			
			<kocka>
				<prijmuto><den>17</den><mesic>11</mesic><rok>2011</rok></prijmuto>	
				<jmeno>Alma</jmeno>	
				<velikost>23</velikost>
				<vaha>5</vaha>
				<plemeno value="domaci"/>
				<vek>8</vek>
				<ockovani>
					<vzteklina date="20.11.2011"/>
					<odcerveni date="27.11.2011"/>
				</ockovani>
				<popis>Vhodna ke starsim lidem na doziti.</popis>
				<popis>Jinak je Ok.</popis>
				<predchoziMajitel>
					
					<adresa>U Rinku 25</adresa>
					<psc>35102</psc>
					<tel>607842111</tel>
				<Jmeno>Pavel</Jmeno><Prijmeni>Janovsky</Prijmeni></predchoziMajitel>
			<zid>K010</zid></kocka>
			
		</kotec>
		<!-- zvirata ve voliere-->
		<voliera>
			<ptak zid="V001">
				<prijmuto><den>23</den><mesic>1</mesic><rok>2011</rok></prijmuto>
				<jmeno>Lojzik</jmeno>
				<velikost>180</velikost>
				<vaha>54</vaha>
				<druh value="pstros"/>
				<vek>3</vek>
				<ockovani>
					<vzteklina date="27.2.2012"/>
				</ockovani>
				<popis>Nekomu utekl.</popis>
				<popis>Jinak je Ok.</popis>
			</ptak>
		</voliera>
		<!-- zvirata v terariich-->
		<terarium>
			<plaz zid="T001">
				<prijmuto><den>1</den><mesic>11</mesic><rok>2011</rok></prijmuto>
				<jmeno>Zofka</jmeno>
				<velikost>30</velikost>
				<vaha>0.5</vaha>
				<pdruh value="agama"/>
				<vek>1</vek>
				<ockovani>
					<vzteklina date="27.2.2012"/>
				</ockovani>
				<popis>Poskozeny ocas.</popis>
				<predchoziMajitel>
					
					<adresa>Novohradska 25</adresa>
					<psc>25102</psc>
					<tel>777444111</tel>
					<tel>666444111</tel>
				<Jmeno>Pavel</Jmeno><Prijmeni>Petr</Prijmeni></predchoziMajitel>
			</plaz>
			<jine zid="T002">
				
				<prijmuto><den>1</den><mesic>9</mesic><rok>2011</rok></prijmuto>
				<jmeno>Katcher</jmeno>
				<velikost>75</velikost>
				<vaha>35</vaha>
				<vek>3</vek>
				<ockovani>
					<vzteklina date="1.2.2012"/>
				</ockovani>
				<popis>Popaleny zobak.</popis>
				<predchoziMajitel>
					
					<adresa>U Prehrady 25</adresa>
					<psc>25402</psc>
					<tel>777744111</tel>
					<tel>608234111</tel>
				<Jmeno>Lojza</Jmeno><Prijmeni>Zoolak</Prijmeni></predchoziMajitel>
				<specifikace>Ptakopysk</specifikace>
			</jine>
		</terarium>
	</zvirata>
	<!-- potrava pro zver v utulku -->
	<potrava>
		<hmyz>
			<sklad jednotka="kg">3</sklad>
			<obednano dodani="30/05/2012" jednotka="kg">15</obednano>
		</hmyz>
		<maso>
			<sklad jednotka="kg">25</sklad>
			<obednano dodani="30/05/2012" jednotka="kg">25</obednano>
		</maso>
		<zrni>
			<sklad jednotka="kg">0</sklad>
			<obednano dodani="30/05/2012" jednotka="kg">30</obednano>
		</zrni>
		<granule>
			<sklad jednotka="kg">120</sklad>
			<obednano dodani="30/05/2012" jednotka="kg">40</obednano>
		</granule>
	</potrava>
	<!-- zvirata vypujcena z utulku -->
	<vypucky>
		<pujcka pid="Q001">
			<zvire><id>T001</id></zvire>
			
			<adresa>Nachodska 25</adresa>
			<psc>27102</psc>
			<tel>777444111</tel>
			<op numb="2316556469458"/>
			<poznamky>Pucka <link target="Q001">Zofky</link> je i s terarkem a osvetlenim.</poznamky>
			<nazkousku>3</nazkousku>
		<Jmeno>Pavel</Jmeno><Prijmeni>Novak</Prijmeni></pujcka>
		
		<pujcka pid="Q002">
			<zvire><id>K001</id></zvire>
			
			<adresa>Prazska 25</adresa>
			<psc>27100</psc>
			<tel>773144111</tel>
			<op numb="681512458"/>
			<poznamky><link target="Q002">Alik</link> byl vypujcen i s voditkem a mickem.</poznamky>
			<vychazka cas="hod">3</vychazka>
		<Jmeno>Jana</Jmeno><Prijmeni>Nevrla</Prijmeni></pujcka>
		
		<pujcka pid="Q003">
			<zvire><id>K005</id></zvire>
			
			<adresa>Lounska 25</adresa>
			<psc>27140</psc>
			<tel>773147811</tel>
			<op numb="64584120158"/>
			<poznamky><link target="Q003">Kastor</link> byl vypujcen na vlastni nebezpeci a pani mela vlastni voditko.</poznamky>
			<vychazka cas="hod">3</vychazka>
		<Jmeno>Lucie</Jmeno><Prijmeni>Svetla</Prijmeni></pujcka>
		
	</vypucky>
	<!--nevedel jsem jestli mame pouzit i ![CDATA tak jsem napsal malou slozku do ktere by se mohly davat scriptiky a funkce co by se mohly nejak hodit pro utulek.-->
	<script>
		
		<!--v C# pro nacteni-->
		<![CDATA[
			XmlDocument xml = new XmlDocument();
			xml.Load("data.xml");
			
		]]>
		
		<!--v C# provedeni dotazu XPath:-->
		<![CDATA[
			XmlElement koren = xml.DocumentElement;
			String sXPathDotaz = "//hraci/hrac[@sport=\"koresponden?n? ?ach\"]";
			XmlNodeList seznamUzlu = koren.SelectNodes(sXPathDotaz);	
		]]>
			
		<!--v C# pro vypsani pozadovanych uzlu muzes pouzit-->
		<![CDATA[
  			foreach (XmlNode uzel in seznamUzlu){
			   if (uzel.HasChildNodes){
				     XmlNodeList deti = uzel.ChildNodes;
				     foreach (XmlNode dite in deti)
				        if ((dite.Name.Equals("jmeno")) ||  (dite.Name.Equals("prijmeni")) || ((dite.Name.Equals("elo"))))
				            Console.WriteLine(dite.Name + ": " + dite.InnerText);
						   }
						
		   		Console.WriteLine("");
			}
 		
		]]>
		
		<!--a jeste jedna funkcicka v C# obsahujici vsemozne znaky-->
		<![CDATA[
			novyRadek(xml.NodeType, typPredchozihoUzlu);
			switch(xml.NodeType)
			{
			   case XmlNodeType.XmlDeclaration: // <?xml version="1.0" ?>
			      Console.Write("<?" + xml.Name + " " + xml.Value + " ?>");
			   break;
			
			   case XmlNodeType.DocumentType:
			      Console.Write("<!DOCTYPE " + xml.Name + " ");
			      if (xml.MoveToNextAttribute()) // pubid
			      {
			         Console.Write(xml.Name + " " + "\"" + xml.Value + "\" ");
			         if (xml.MoveToNextAttribute()) // sysid
			         {
			            Console.Write("\"" + xml.Value + "\"");
			            if (xml.MoveToNextAttribute()) // subset
			               Console.Write("\"" + xml.Value + "\"");
			         }
			      }
			      Console.Write(">");
			   break;
			
			   case XmlNodeType.EndElement: // 
			      if ((typPredchozihoUzlu == XmlNodeType.EndElement) || 
			          (typPredchozihoUzlu == XmlNodeType.CDATA))
			          Console.Write(odsazeni(xml.Depth) + "</" + xml.Name + ">");
			      else
			         Console.Write("</" + xml.Name + ">");
			   break;
			
			   case XmlNodeType.Text: // text mezi po??te?n?m a koncov?m tagem
			      Console.Write(xml.Value);
			   break;
			
			   case XmlNodeType.CDATA: 
			      Console.Write(odsazeni(xml.Depth) + "<![cdata["+xml.Value+" ]] > ");
			   break;
			
			   case XmlNodeType.Comment: // <!-- koment?? -->
			      Console.Write("");
			   break;
			
			   case XmlNodeType.Element: // <element>
			      Console.Write(odsazeni(xml.Depth));
			      if (!xml.HasAttributes)
			         if (xml.IsEmptyElement) // <element/>
			            Console.Write("<" + xml.Name + "/>");
			         else
			            Console.Write("<" + xml.Name + ">");
			      else
			         if (xml.IsEmptyElement) // <element atribut="hodnota"/>
			            Console.Write("<"+xml.Name+" "+vypisAtributy(xml)+"/>");
			         else
			            Console.Write("<"+xml.Name+" "+vypisAtributy(xml)+">");
			   break;
			}	
						
		]]>
	</script>
</utulek>