<?xml version="1.0" encoding="UTF-8"?>
<offered_products>
   <product id="i_6" name="Windows Phone 8X" price="13200"/>
   <product id="i_5" name="HTC One X" price="14500"/>
   <product id="i_7" name="Apple iPhone 5" price="21000"/>
   <product id="i_1" name="Acer Aspire E1" price="9500">
			   <description>
				
					&lt;cpu&gt;2.2Ghz&lt;/cpu&gt;
					&lt;ram&gt;4GB&lt;/ram&gt;
				
				ModernĂ­ notebook pro kancelĂˇĹ™skĂ© nasazenĂ­.
			</description>			
		</product>
   <product id="i_2" name="HP ProBook 4740s" price="20000">			
			   <description>
				
					&lt;cpu&gt;2.6Ghz&lt;/cpu&gt;
					&lt;ram&gt;6GB&lt;/ram&gt;
				
				KvalitnĂ­ notebook pro nĂˇroÄŤnĂ©.
			</description>	
		</product>
   <product id="i_3" name="DELL Precision T1650" price="37330">
			   <description>
				
					&lt;cpu&gt;3.8Ghz&lt;/cpu&gt;
					&lt;ram&gt;8GB&lt;/ram&gt;
				
				VĂ˝konnĂˇ pracovnĂ­ stanice.
			</description>	
		</product>
   <cheapest_offered_products>
      <product id="i_1" name="Acer Aspire E1" price="9500">
			      <description>
				
					&lt;cpu&gt;2.2Ghz&lt;/cpu&gt;
					&lt;ram&gt;4GB&lt;/ram&gt;
				
				ModernĂ­ notebook pro kancelĂˇĹ™skĂ© nasazenĂ­.
			</description>			
		    </product>
   </cheapest_offered_products>
</offered_products>