<html>
   <head>
      <meta http-equiv="Content-Type" content="text/html; charset=UTF-8">
      <title>Name to role output</title>
   </head>
   <body>
      <table>
         <tr>
            <td>
               <name>Alex Munday</name>
            </td>
            <td>has role: Shop assistant</td>
         </tr>
         <tr>
            <td>
               <name>Dylan Sanders</name>
            </td>
            <td>has role: Shop assistant</td>
         </tr>
         <tr>
            <td>
               <name>Natalie Cook</name>
            </td>
            <td>has role: Shop assistant</td>
         </tr>
         <tr>
            <td>
               <name>Tony Stark</name>
            </td>
            <td>has role: Orders assistant</td>
         </tr>
         <tr>
            <td>
               <name>John Carter</name>
            </td>
            <td>has role: Shop owner</td>
         </tr>
         <tr>
            <td>
               <name>Clark Kent</name>
            </td>
            <td>has role: Administrator</td>
         </tr>
      </table>
   </body>
</html>