<?xml version="1.0" encoding="UTF-8"?>
<category_tree>
   <root>
		
			   <Mobile_phones>
				     <Android>	
					       <item product_id="i_6"/>
					       <item product_id="i_5"/>
				     </Android>
				
				     <Windows>				
					       <item product_id="i_6"/>
				     </Windows>
				
				     <Apple_iOS>				
					       <item product_id="i_7"/>
				     </Apple_iOS>				
			   </Mobile_phones>
			
			   <Computers>
				     <Notebooks>
					       <item product_id="i_1"/>
					       <item product_id="i_2"/>
				     </Notebooks> 
				
				     <Desktops>
					       <item product_id="i_3"/>
				     </Desktops>				
			   </Computers>
			
		</root>
</category_tree>