<html>
   <head>
      <meta http-equiv="Content-Type" content="text/html; charset=UTF-8">
      <title>Provided orders count for employees</title>
   </head>
   <body>
      <table>
         <tr>
            <td>
               <name>Natalie Cook</name>
            </td>
            <td>Provides 3 orders</td>
         </tr>
         <tr>
            <td>
               <name>Dylan Sanders</name>
            </td>
            <td>Provides 1 orders</td>
         </tr>
      </table>
   </body>
</html>