<html>
   <body>
      <table>
         <tr>
            <th>First name</th>
            <th>Last name</th>
            <th>Email</th>
            <th>Salary</th>
         </tr>
         <tr>
            <td>Brown</td>
            <td>Peter</td>
            <td>brown@co.org</td>
            <td>3000</td>
         </tr>
         <tr>
            <td>Smith</td>
            <td>John</td>
            <td>smith@co.org</td>
            <td>2000</td>
         </tr>
         <tr>
            <td>Smith</td>
            <td>Martin</td>
            <td>smith.m@co.org</td>
            <td>2000</td>
         </tr>
         <tr>
            <td>Taylor</td>
            <td>Arthur</td>
            <td>taylor@co.org</td>
            <td>2500</td>
         </tr>
      </table>
   </body>
</html>