<?xml version="1.0" encoding="UTF-8"?>
<departments>
   <department id="D1">
      <name>Production</name>
      <subdepartmentCount>2</subdepartmentCount>
      <subdepartments>
         <department id="D1.1">
            <name>Development</name>
            <subdepartmentCount>0</subdepartmentCount>
         </department>
         <department id="D1.2">
            <name>Engineering</name>
            <subdepartmentCount>0</subdepartmentCount>
         </department>
      </subdepartments>
   </department>
   <department id="D2">
      <name>Accounting</name>
      <subdepartmentCount>0</subdepartmentCount>
   </department>
</departments>