<?xml version="1.0" encoding="UTF-8"?>
<employees>
   <employee>
      <firstName>Carl</firstName>
      <lastName>Banks</lastName>
   </employee>
   <employee>
      <firstName>Peter</firstName>
      <lastName>Berg</lastName>
   </employee>
   <employee>
      <firstName>Peter</firstName>
      <lastName>Brown</lastName>
   </employee>
   <employee>
      <firstName>Martin</firstName>
      <lastName>Owen</lastName>
   </employee>
   <employee>
      <firstName>Lucy</firstName>
      <lastName>Sheen</lastName>
   </employee>
   <employee>
      <firstName>John</firstName>
      <lastName>Smith</lastName>
   </employee>
   <employee>
      <firstName>Martin</firstName>
      <lastName>Smith</lastName>
   </employee>
   <employee>
      <firstName>Philip</firstName>
      <lastName>Stein</lastName>
   </employee>
   <employee>
      <firstName>Kate</firstName>
      <lastName>Stone</lastName>
   </employee>
   <employee>
      <firstName>Arthur</firstName>
      <lastName>Taylor</lastName>
   </employee>
</employees>