<?xml version="1.0" encoding="UTF-8"?>
<employees>
   <employee>
      <firstName>Peter</firstName>
      <lastName>Brown</lastName>
      <department>Accounting</department>
   </employee>
   <employee>
      <firstName>John</firstName>
      <lastName>Smith</lastName>
      <department>Production</department>
   </employee>
   <employee>
      <firstName>Martin</firstName>
      <lastName>Smith</lastName>
      <department>Development</department>
   </employee>
   <employee>
      <firstName>Arthur</firstName>
      <lastName>Taylor</lastName>
      <department>Engineering</department>
   </employee>
</employees>