<?xml version="1.0" encoding="UTF-8"?>
<porad>
   <nazev>Kouzelná školka</nazev>
   <odvysilano> NE </odvysilano>
</porad>
<porad>
   <nazev>Večerníček</nazev>
   <odvysilano> NE </odvysilano>
</porad>
<porad>
   <nazev>Události</nazev>
   <odvysilano> ANO </odvysilano>
</porad>
<porad>
   <nazev>Losování Euromiliony</nazev>
   <odvysilano> ANO </odvysilano>
</porad>
<porad>
   <nazev>Předpověď počasí</nazev>
   <odvysilano> ANO </odvysilano>
</porad>
<porad>
   <nazev>Ranč U Zelené sedmy</nazev>
   <odvysilano> NE </odvysilano>
</porad>
<porad>
   <nazev>Správy STV</nazev>
   <odvysilano> ANO </odvysilano>
</porad>
<porad>
   <nazev>Na plovárně</nazev>
   <odvysilano> NE </odvysilano>
</porad>
<porad>
   <nazev>Panorama</nazev>
   <odvysilano> ANO </odvysilano>
</porad>
<porad>
   <nazev>Byla jednou jedna planeta</nazev>
   <odvysilano> NE </odvysilano>
</porad>
<porad>
   <nazev>Chcete mě?</nazev>
   <odvysilano> ANO </odvysilano>
</porad>
<porad>
   <nazev>Novashopping</nazev>
   <odvysilano> NE </odvysilano>
</porad>
<porad>
   <nazev>Kouzelný měšec</nazev>
   <odvysilano> NE </odvysilano>
</porad>
<porad>
   <nazev>Ulice</nazev>
   <odvysilano> ANO </odvysilano>
</porad>
<porad>
   <nazev>Televizní noviny</nazev>
   <odvysilano> ANO </odvysilano>
</porad>
<porad>
   <nazev>Hříšný tanec</nazev>
   <odvysilano> NE </odvysilano>
</porad>
<porad>
   <nazev>Nikdo není dokonalý</nazev>
   <odvysilano> NE </odvysilano>
</porad>
<porad>
   <nazev>Teleshopping</nazev>
   <odvysilano> NE </odvysilano>
</porad>
<porad>
   <nazev>Alvin a Chipmunkové</nazev>
   <odvysilano> NE </odvysilano>
</porad>
<porad>
   <nazev>Hrátky s čertem</nazev>
   <odvysilano> NE </odvysilano>
</porad>
<porad>
   <nazev>Zprávy TV Prima</nazev>
   <odvysilano> ANO </odvysilano>
</porad>
<porad>
   <nazev>Přátelé</nazev>
   <odvysilano> NE </odvysilano>
</porad>
<porad>
   <nazev>Zprávy</nazev>
   <odvysilano> ANO </odvysilano>
</porad>
<porad>
   <nazev>Toulavá kamera</nazev>
   <odvysilano> NE </odvysilano>
</porad>
<porad>
   <nazev>Objektiv</nazev>
   <odvysilano> ANO </odvysilano>
</porad>
<porad>
   <nazev>Události</nazev>
   <odvysilano> NE </odvysilano>
</porad>
<porad>
   <nazev>Předpověď počasí</nazev>
   <odvysilano> ANO </odvysilano>
</porad>
<porad>
   <nazev>Retro</nazev>
   <odvysilano> NE </odvysilano>
</porad>
<porad>
   <nazev>Sport v regionech</nazev>
   <odvysilano> NE </odvysilano>
</porad>
<porad>
   <nazev>Maxtreme</nazev>
   <odvysilano> NE </odvysilano>
</porad>
<porad>
   <nazev>Goalissimo</nazev>
   <odvysilano> NE </odvysilano>
</porad>
<porad>
   <nazev>Paralympijský magazín</nazev>
   <odvysilano> NE </odvysilano>
</porad>
<porad>
   <nazev>V šachu</nazev>
   <odvysilano> ANO </odvysilano>
</porad>
<porad>
   <nazev>akcelerace</nazev>
   <odvysilano> ANO </odvysilano>
</porad>
<porad>
   <nazev>inbox</nazev>
   <odvysilano> ANO </odvysilano>
</porad>
<porad>
   <nazev>jízda</nazev>
   <odvysilano> ANO </odvysilano>
</porad>
<porad>
   <nazev>loap česká hitparáda</nazev>
   <odvysilano> ANO </odvysilano>
</porad>
<porad>
   <nazev>novinky</nazev>
   <odvysilano> ANO </odvysilano>
</porad>
<porad>
   <nazev>party ride</nazev>
   <odvysilano> ANO </odvysilano>
</porad>
<porad>
   <nazev>Andílci</nazev>
   <odvysilano> NE </odvysilano>
</porad>
<porad>
   <nazev>Teleshopping</nazev>
   <odvysilano> NE </odvysilano>
</porad>
<porad>
   <nazev>Dva a půl chlapa</nazev>
   <odvysilano> NE </odvysilano>
</porad>
<porad>
   <nazev>24 hodin</nazev>
   <odvysilano> NE </odvysilano>
</porad>