<html>
   <body>
      <table>
         <tr>
            <th>ČT1</th>
         </tr>
         <tr>
            <td>Kouzelná školka</td>
         </tr>
         <tr>
            <td>Večerníček</td>
         </tr>
         <tr>
            <td>Události</td>
         </tr>
         <tr>
            <td>Losování Euromiliony</td>
         </tr>
         <tr>
            <td>Předpověď počasí</td>
         </tr>
         <tr>
            <td>Ranč U Zelené sedmy</td>
         </tr>
      </table>
      <table>
         <tr>
            <th>ČT2</th>
         </tr>
         <tr>
            <td>Správy STV</td>
         </tr>
         <tr>
            <td>Na plovárně</td>
         </tr>
         <tr>
            <td>Panorama</td>
         </tr>
         <tr>
            <td>Byla jednou jedna planeta</td>
         </tr>
         <tr>
            <td>Chcete mě?</td>
         </tr>
      </table>
      <table>
         <tr>
            <th>Nova</th>
         </tr>
         <tr>
            <td>Novashopping</td>
         </tr>
         <tr>
            <td>Kouzelný měšec</td>
         </tr>
         <tr>
            <td>Ulice</td>
         </tr>
         <tr>
            <td>Televizní noviny</td>
         </tr>
         <tr>
            <td>Hříšný tanec</td>
         </tr>
      </table>
      <table>
         <tr>
            <th>Prima</th>
         </tr>
         <tr>
            <td>Nikdo není dokonalý</td>
         </tr>
         <tr>
            <td>Teleshopping</td>
         </tr>
         <tr>
            <td>Alvin a Chipmunkové</td>
         </tr>
         <tr>
            <td>Hrátky s čertem</td>
         </tr>
         <tr>
            <td>Zprávy TV Prima</td>
         </tr>
         <tr>
            <td>Přátelé</td>
         </tr>
      </table>
      <table>
         <tr>
            <th>ČT24</th>
         </tr>
         <tr>
            <td>Zprávy</td>
         </tr>
         <tr>
            <td>Toulavá kamera</td>
         </tr>
         <tr>
            <td>Objektiv</td>
         </tr>
         <tr>
            <td>Události</td>
         </tr>
         <tr>
            <td>Předpověď počasí</td>
         </tr>
         <tr>
            <td>Retro</td>
         </tr>
      </table>
      <table>
         <tr>
            <th>ČT4 Sport</th>
         </tr>
         <tr>
            <td>Sport v regionech</td>
         </tr>
         <tr>
            <td>Maxtreme</td>
         </tr>
         <tr>
            <td>Goalissimo</td>
         </tr>
         <tr>
            <td>Paralympijský magazín</td>
         </tr>
         <tr>
            <td>V šachu</td>
         </tr>
      </table>
      <table>
         <tr>
            <th>Óčko</th>
         </tr>
         <tr>
            <td>akcelerace</td>
         </tr>
         <tr>
            <td>inbox</td>
         </tr>
         <tr>
            <td>jízda</td>
         </tr>
         <tr>
            <td>loap česká hitparáda</td>
         </tr>
         <tr>
            <td>novinky</td>
         </tr>
         <tr>
            <td>party ride</td>
         </tr>
      </table>
      <table>
         <tr>
            <th>Nova Cinema</th>
         </tr>
         <tr>
            <td>Andílci</td>
         </tr>
         <tr>
            <td>Teleshopping</td>
         </tr>
         <tr>
            <td>Dva a půl chlapa</td>
         </tr>
         <tr>
            <td>24 hodin</td>
         </tr>
      </table>
   </body>
</html>