<?xml version="1.0" encoding="UTF-8"?><html xmlns="http://www.w3.org/1999/xhtml" xml:lang="en">
   <head>
      <meta http-equiv="Content-Type" content="text/html; charset=UTF-8" />
      <title>Seznam her</title>
   </head>
   <body>
      <h1>Hry</h1>
      <p>pocet her: 6</p>
      <div>
         <h2>Abalone</h2>
      </div>
      <div>
         <h2>Carcassone</h2>
      </div>
      <div>
         <h2>Dixit</h2>
      </div>
      <div>
         <h2>Dominion</h2>
      </div>
      <div>
         <h2>Space Alert</h2>
      </div>
      <div>
         <h2>Vládci podzemí</h2>
      </div>
   </body>
</html>