<?xml version="1.0" encoding="UTF-8"?>
<res count="3">
   <pobocka>
      <adresa>Loukotna</adresa>
      <vedouci>
         <prijmeni>Rizek</prijmeni>
      </vedouci>
      <podrizeni>
         <zamestnanec id="z5">Novak</zamestnanec>
         <zamestnanec id="z6">Stary</zamestnanec>
      </podrizeni>
      <podrizene-pobocky/>
   </pobocka>
</res>
<res count="2">
   <pobocka>
      <adresa>Krehujov</adresa>
      <vedouci>
         <prijmeni>Vlasak</prijmeni>
      </vedouci>
      <podrizeni>
         <zamestnanec id="z4">Pejchar</zamestnanec>
      </podrizeni>
      <podrizene-pobocky>
         <pobocka>
            <adresa>Krehujov - Lysa</adresa>
            <vedouci>
               <prijmeni>Joska</prijmeni>
            </vedouci>
            <podrizeni/>
            <podrizene-pobocky/>
         </pobocka>
      </podrizene-pobocky>
   </pobocka>
</res>