<html>
   <head>
      <meta http-equiv="Content-Type" content="text/html; charset=UTF-8">
   </head>
   <body>
      <table>
         <tr>
            <td>Vlasak</td>
            <td>Krehujov</td>
         </tr>
         <tr>
            <td>Rizek</td>
            <td>Loukotna</td>
         </tr>
         <tr>
            <td>Joska</td>
            <td>Krehujov - Lysa</td>
         </tr>
         <tr>
            <td>Pejchar</td>
            <td>Krehujov</td>
         </tr>
         <tr>
            <td>Novak</td>
            <td>Loukotna</td>
         </tr>
         <tr>
            <td>Stary</td>
            <td>Loukotna</td>
         </tr>
      </table>
   </body>
</html>