<?xml version="1.0" encoding="utf-8" standalone="no"?><animals>
	<!-- Typy jednotliv?ch zv???tek -->
	<types>
		<type id="fox">Li?ka obecn?</type>
		<type id="dog">Pes obecn?</type>
	</types>
	<!-- R?zn? um?st?n? zv???tek -->
	<location name="M?sto s li?kami">
		<animal age="3" id="zvire3" name="Li???ek" sex="M" type="fox">
			<relations>
				<is-child-of animal="zvire1"/>
			</relations>
			<characteristics>
				<trait>Chytr?</trait>
				<trait>P??tuln?</trait>
				<trait>Rozko?n?</trait>
				<trait>Oran?ov?</trait>
				<trait>V??n? hladov?</trait>
				<trait>L?n?</trait>
			</characteristics>
			<favourite-food>
				<meal name="?lichta pro li?ky">
					<ingredient quantity="30%">Mouka</ingredient>
					<ingredient quantity="70%">Vejce</ingredient>
					<description>popis p??pravy 2</description>
				</meal>
				<meal name="?okol?dov? dezert">
					<ingredient quantity="50%">?okol?da</ingredient>
					<ingredient quantity="40%">Kakao</ingredient>
					<ingredient quantity="20%">Ml?ko</ingredient>
					<description>popis p??pravy 1. V?sledek pak bude vypadat n?jak takto
					</description>
				</meal>
			</favourite-food>
		</animal>
		<animal age="7" id="zvire5" name="Li?ka bystrou?ka nemlsn?" sex="F" type="fox">
			<relations/>
			<characteristics>
				<trait>Extra l?n?</trait>
			</characteristics>
			<favourite-food>
			</favourite-food>
		</animal>
		<animal age="5" id="zvire1" name="Li?ka bystrou?ka" sex="F" type="fox">
			<relations>
				<is-child-of animal="zvire5"/>
			</relations>
			<characteristics>
				<trait>Hloup?</trait>
				<trait>L?n?</trait>
				<trait>L?n?</trait>
				<trait><![CDATA[ Tvrd?, ?e 5 + 3 > 18. ]]> A p?itom 5 + 3 = <?php echo 5 + 3; ?>
				</trait>
			</characteristics>
			<favourite-food>
				<meal name="Rumov? dort">
					<rating>*****</rating>
					<ingredient quantity="alespo? 40% sm?si">?okol?da</ingredient>
					<ingredient quantity="sta?? jen trochu">Kvalitn? rum</ingredient>
					<ingredient quantity="hodn?, alespo? 30% hmotnosti">M?n? kvalitn? rum</ingredient>
					<ingredient quantity="kolem 5%">Kokos</ingredient>
					<ingredient>Chilli</ingredient>
					<ingredient>Cukr</ingredient>
					<ingredient>?leha?ka</ingredient>
					<ingredient quantity="cca 20%">Mouka</ingredient>
					<description>
						popis p??pravy 1.
					</description>
				</meal>
			</favourite-food>
		</animal>
	</location>
	<location name="pr?zdn? m?sto"/>
	<location name="ps? rezervace">
		<animal age="7" id="zvire8" name="Fenka" sex="F" type="dog">
			<relations>
			</relations>
			<characteristics>
				<trait>Hloup?</trait>
				<trait>Extra l?n?</trait>
			</characteristics>
			<favourite-food>
				<meal name="m?chan? vaj??ka">
					<rating>*****</rating>
					<ingredient>Vejce</ingredient>
					<description>
						prost? norm?ln? m?chan? vaj??ka
					</description>
				</meal>
			</favourite-food>
		</animal>
	</location>
<names><name>Li???ek</name><name>Li?ka bystrou?ka nemlsn?</name><name>Li?ka bystrou?ka</name><name>Fenka</name></names></animals>