<?xml version="1.0" encoding="UTF-8" standalone="no"?><!--Instrukce pro zpracovani--><?xml-stylesheet href="muj_styl.css" type="text/css"?>
<!--Definice pouzitych entit--><sazkova_kancelar>
	<informace_o_firme>
		<majitel>
			<!--Informace o majiteli firmy-->
			<titul_pred>Mgr.</titul_pred>
			<jmeno>Jan</jmeno>
			<prijmeni>Nov?k</prijmeni>
			<titul_za>Csc.</titul_za>
			<kontakt_na_majitele>
				<adresa>
					<ulice>Slav??kova</ulice>
					<cislo_popisne>25</cislo_popisne>
					<psc>359 12</psc>
					<mesto>Praha 10</mesto>
				</adresa>
				<telefon>
					<domu>+420 536 562 142</domu>
					<do_prace>+420 145 568 421</do_prace>
					<do_prace>+420 152 456 452</do_prace>
					<sluzebni>+420 521 592 320</sluzebni>
				</telefon>
			</kontakt_na_majitele>
			<poznamka>Aktualne na slu?ebn? cest? v <stat>USA</stat>. N?vrat b?hem 14 dn?</poznamka>
		</majitel>
		<majitel>
			<jmeno>Zdena</jmeno>
			<prijmeni>Pokorn?</prijmeni>
			<kontakt_na_majitele>
				<adresa>
					<ulice>Jir?skova</ulice>
					<cislo_popisne>8</cislo_popisne>
					<psc>357 02</psc>
					<mesto>Praha 7</mesto>
				</adresa>
				<telefon>
					<do_prace>+420 147 120 758</do_prace>
					<sluzebni>+420 142 523 214</sluzebni>
				</telefon>
			</kontakt_na_majitele>
			<poznamka>V sidle firmy <mesto>Praha 7</mesto> ka?d? v?echn? den 7-15</poznamka>
		</majitel>
	</informace_o_firme>
	<zakaznici>
		<zakaznik stav="velmi_aktivni">
			<udaje_o_zakaznikovi>
				<titul_pred>Bc.</titul_pred>
				<jmeno>Vlastimil</jmeno>
				<prijmeni>Benda</prijmeni>
				<kontaktni_informace>
					<adresa>
						<ulice>U Kladiny</ulice>
						<cislo_popisne>124</cislo_popisne>
						<psc>145 214 25</psc>
						<mesto>Kladno</mesto>
					</adresa>
				</kontaktni_informace>
			</udaje_o_zakaznikovi>
			<sazenky>
				<sazenka cislo="A545" typ="AKU">
					<udalost id="u1">
						<typ_udalost-soutez>hokej-extraliga</typ_udalost-soutez>
						<typ_sportu>kolektivni</typ_sportu>
						
						<misto_konani>Karlovy Vary</misto_konani>
						<stat>Ceska republika</stat>
						<tym_domaci>
							<nazev_tymu>HC Energie Karlovy Vary</nazev_tymu>
						</tym_domaci>
						<tym_hoste>
							<nazev_tymu>HC Plzen 1929</nazev_tymu>
						</tym_hoste>
						<datum>
						<rok>2012</rok>
							<mesic>2</mesic>
							<den>1</den>
							</datum>
						<cas_uzaverky>
							<hodiny>18</hodiny>
							<minuty>00</minuty>
						</cas_uzaverky>
						<kurz>
							<domaci>
								<vyhra>1.7</vyhra>
								<neprohra>1.3</neprohra>
							</domaci>
							<remiza>3.2</remiza>
							<hoste>
								<vyhra>2.3</vyhra>
								<neprohra>1.8</neprohra>
							</hoste>
							<zvoleny_kurz>2.3</zvoleny_kurz>
						</kurz>
					</udalost>
					<udalost id="u2">
						<typ_udalost-soutez>fotbal-1.ceska liga</typ_udalost-soutez>
						<typ_sportu>kolektivni</typ_sportu>
						
						<misto_konani>Praha</misto_konani>
						<stat>Ceska republika</stat>
						<tym_domaci>
							<nazev_tymu>AC Sparta Praha</nazev_tymu>
						</tym_domaci>
						<tym_hoste>
							<nazev_tymu>FK Teplice</nazev_tymu>
						</tym_hoste>
						<datum>
						<rok>2012</rok>
							<mesic>3</mesic>
							<den>15</den>
							</datum>
						<cas_uzaverky>
							<hodiny>17</hodiny>
							<minuty>30</minuty>
						</cas_uzaverky>
						<kurz>
							<domaci>
								<vyhra>2.5</vyhra>
								<neprohra>1.4</neprohra>
							</domaci>
							<remiza>3.3</remiza>
							<hoste>
								<vyhra>2.7</vyhra>
								<neprohra>1.3</neprohra>
							</hoste>
							<zvoleny_kurz>1.4</zvoleny_kurz>
						</kurz>
					</udalost>
				</sazenka>
				<sazenka cislo="Afa456" typ="KOMBINATOR">
					<udalost id="u3">
						<typ_udalost-soutez>hokej-NHL</typ_udalost-soutez>
						<typ_sportu>kolektivni</typ_sportu>
						
						<misto_konani>New York</misto_konani>
						<stat>USA</stat>
						<tym_domaci>
							<nazev_tymu>New York Rangers</nazev_tymu>
						</tym_domaci>
						<tym_hoste>
							<nazev_tymu>Calgary Flames</nazev_tymu>
						</tym_hoste>
						<datum>
						<rok>2012</rok>
							<mesic>4</mesic>
							<den>2</den>
							</datum>
						<cas_uzaverky>
							<hodiny>3</hodiny>
							<minuty>00</minuty>
						</cas_uzaverky>
						<kurz>
							<domaci>
								<vyhra>2.7</vyhra>
								<neprohra>1.2</neprohra>
							</domaci>
							<remiza>3.5</remiza>
							<hoste>
								<vyhra>2.4</vyhra>
								<neprohra>1.5</neprohra>
							</hoste>
							<zvoleny_kurz>3.5</zvoleny_kurz>
						</kurz>
					</udalost>
					<udalost id="u4">
						<typ_udalost-soutez>hokej-extraliga</typ_udalost-soutez>
						<typ_sportu>kolektivni</typ_sportu>
						
						<misto_konani>Brno</misto_konani>
						<stat>Ceska republika</stat>
						<tym_domaci>
							<nazev_tymu>HC Kometa Brno</nazev_tymu>
						</tym_domaci>
						<tym_hoste>
							<nazev_tymu>HC Rytiri Kladno</nazev_tymu>
						</tym_hoste>
						<datum>
						<rok>2012</rok>
							<mesic>3</mesic>
							<den>3</den>
							</datum>
						<cas_uzaverky>
							<hodiny>16</hodiny>
							<minuty>00</minuty>
						</cas_uzaverky>
						<kurz>
							<domaci>
								<vyhra>2.1</vyhra>
								<neprohra>1.5</neprohra>
							</domaci>
							<remiza>2.9</remiza>
							<hoste>
								<vyhra>3.7</vyhra>
								<neprohra>2.0</neprohra>
							</hoste>
							<zvoleny_kurz>1.5</zvoleny_kurz>
						</kurz>
					</udalost>
					<udalost id="u5">
						<typ_udalost-soutez>volejbal-priprava</typ_udalost-soutez>
						<typ_sportu>kolektivni</typ_sportu>
						
						<misto_konani>Melbourne</misto_konani>
						<stat>Austr?lie</stat>
						<tym_domaci>
							<nazev_tymu>Italie</nazev_tymu>
						</tym_domaci>
						<tym_hoste>
							<nazev_tymu>Francie</nazev_tymu>
						</tym_hoste>
						<datum>
						<rok>2012</rok>
							<mesic>7</mesic>
							<den>18</den>
							</datum>
						<cas_uzaverky>
							<hodiny>2</hodiny>
							<minuty>30</minuty>
						</cas_uzaverky>
						<kurz>
							<domaci>
								<vyhra>1.5</vyhra>
								<neprohra>1.1</neprohra>
							</domaci>
							<remiza>4.3</remiza>
							<hoste>
								<vyhra>3.7</vyhra>
								<neprohra>1.8</neprohra>
							</hoste>
							<zvoleny_kurz>1.5</zvoleny_kurz>
						</kurz>
					</udalost>
				</sazenka>
			</sazenky>
			<vsazena_castka>
				<hodnota>100</hodnota>
				<mena>Kc</mena>
			</vsazena_castka>
			<mozna_vyhra>
				<hodnota>1235</hodnota>
				<mena>Kc</mena>
			</mozna_vyhra>
			<nejvice_veri_udalosti reference="u4"/>
		</zakaznik>
		<zakaznik stav="aktivni">
			<udaje_o_zakaznikovi>
				<titul_pred>RNDr.</titul_pred>
				<jmeno>Eva</jmeno>
				<prijmeni>Pokorn?</prijmeni>
				<titul_za>Css.</titul_za>
				<kontaktni_informace>
					<adresa>
						<ulice>Star? Ov??rna</ulice>
						<cislo_popisne>21</cislo_popisne>
						<psc>245 26</psc>
						<mesto>Sokolov</mesto>
					</adresa>
				</kontaktni_informace>
			</udaje_o_zakaznikovi>
			<sazenky>
				<sazenka bonifikace="ano" cislo="Ag464" typ="GRADACE">
					<udalost id="u6">
						<typ_udalost-soutez>Vodn? p?lo-MS</typ_udalost-soutez>
						<typ_sportu>kolektivni</typ_sportu>
						
						<misto_konani>Peking</misto_konani>
						<stat>Cina</stat>
						<tym_domaci>
							<nazev_tymu>??na</nazev_tymu>
						</tym_domaci>
						<tym_hoste>
							<nazev_tymu>Ji?n? Korea</nazev_tymu>
						</tym_hoste>
						<datum>
						<rok>2012</rok>
							<mesic>10</mesic>
							<den>18</den>
							</datum>
						<cas_uzaverky>
							<hodiny>8</hodiny>
							<minuty>00</minuty>
						</cas_uzaverky>
						<kurz>
							<domaci>
								<vyhra>1.3</vyhra>
								<neprohra>1.1</neprohra>
							</domaci>
							<remiza>3.8</remiza>
							<hoste>
								<vyhra>3.7</vyhra>
								<neprohra>1.4</neprohra>
							</hoste>
							<zvoleny_kurz>1.3</zvoleny_kurz>
						</kurz>
					</udalost>
					<udalost id="u7">
						<typ_udalost-soutez>hokej-extraliga</typ_udalost-soutez>
						<typ_sportu>kolektivni</typ_sportu>
						
						<misto_konani>Litv?nov</misto_konani>
						<stat>Ceska republika</stat>
						<tym_domaci>
							<nazev_tymu>HC Verva Litv?nov</nazev_tymu>
						</tym_domaci>
						<tym_hoste>
							<nazev_tymu>HC Slavia Praha</nazev_tymu>
						</tym_hoste>
						<datum>
						<rok>2012</rok>
							<mesic>3</mesic>
							<den>15</den>
							</datum>
						<cas_uzaverky>
							<hodiny>17</hodiny>
							<minuty>30</minuty>
						</cas_uzaverky>
						<kurz>
							<domaci>
								<vyhra>1.6</vyhra>
								<neprohra>1.3</neprohra>
							</domaci>
							<remiza>3.4</remiza>
							<hoste>
								<vyhra>2.3</vyhra>
								<neprohra>1.8</neprohra>
							</hoste>
							<zvoleny_kurz>1.8</zvoleny_kurz>
						</kurz>
					</udalost>
				</sazenka>
			</sazenky>
			<vsazena_castka>
				<hodnota>20</hodnota>
				<mena>Kc</mena>
			</vsazena_castka>
			<mozna_vyhra>
				<hodnota>215</hodnota>
				<mena>Kc</mena>
			</mozna_vyhra>
			<nejvice_veri_udalosti reference="u6"/>
		</zakaznik>
	</zakaznici>
	<doplnujici_info><![CDATA[ 
	Muzu psat jakekoliv dalsi info a nikomu to nevadi.
	]]></doplnujici_info>
</sazkova_kancelar>