<?xml version="1.0" encoding="UTF-8"?>
<volna>
   <id>K1E1</id>
   <nazev>Bylo nas pet</nazev>
</volna>
<vypujcena>
   <id>K1E2</id>
   <nazev>Bylo nas pet</nazev>
</vypujcena>
<vypujcena>
   <id>K2E1</id>
   <nazev>Na západní frontě klid</nazev>
</vypujcena>
<vypujcena>
   <id>K2E2</id>
   <nazev>Na západní frontě klid</nazev>
</vypujcena>
<volna>
   <id>K3E1</id>
   <nazev>Catch-22</nazev>
</volna>
<volna>
   <id>K3E2</id>
   <nazev>Catch-22</nazev>
</volna>
<volna>
   <id>K3E3</id>
   <nazev>Catch-22</nazev>
</volna>
<volna>
   <id>K4E1</id>
   <nazev>Krakatit</nazev>
</volna>
<volna>
   <id>K4E2</id>
   <nazev>Krakatit</nazev>
</volna>
<vypujcena>
   <id>K4E3</id>
   <nazev>Krakatit</nazev>
</vypujcena>
<volna>
   <id>K5E1</id>
   <nazev>Angels &amp; Demons</nazev>
</volna>