<?xml version="1.0" encoding="UTF-8"?>
<vypujcka id="V1">
   <datumvypujceni>
      <den>12</den>
      <mesic>1</mesic>
      <rok>2013</rok>
   </datumvypujceni>
   <nazev jazyk="cs">Bylo nas pet</nazev>
   <jmeno>
      <krestni>Karel</krestni>
      <prijmeni>Polacek</prijmeni>
   </jmeno>
   <uzivatel>
      <username username="pepa28"/>
   </uzivatel>
</vypujcka>
<vypujcka id="V2">
   <datumvypujceni>
      <den>12</den>
      <mesic>12</mesic>
      <rok>2012</rok>
   </datumvypujceni>
   <nazev jazyk="cs">Bylo nas pet</nazev>
   <jmeno>
      <krestni>Karel</krestni>
      <prijmeni>Polacek</prijmeni>
   </jmeno>
   <uzivatel>
      <username username="tomas.nosek"/>
   </uzivatel>
</vypujcka>
<vypujcka id="V3">
   <datumvypujceni>
      <den>15</den>
      <mesic>12</mesic>
      <rok>2013</rok>
   </datumvypujceni>
   <nazev jazyk="en">Catch-22</nazev>
   <jmeno>
      <krestni>Joseph</krestni>
      <prijmeni>Heller</prijmeni>
   </jmeno>
   <uzivatel>
      <username username="pepa28"/>
   </uzivatel>
</vypujcka>
<vypujcka id="V4">
   <datumvypujceni>
      <den>15</den>
      <mesic>12</mesic>
      <rok>2013</rok>
   </datumvypujceni>
   <nazev jazyk="cs">Krakatit</nazev>
   <jmeno>
      <krestni>Karel</krestni>
      <prijmeni>Capek</prijmeni>
   </jmeno>
   <uzivatel>
      <username username="tomas.nosek"/>
   </uzivatel>
</vypujcka>