<?xml version="1.0" encoding="UTF-8"?>
<out>
   <K1>
      <nazev>Bylo nas pet</nazev>
      <jazyk>cs</jazyk>
      <pocetExemplaru>2</pocetExemplaru>
      <exemplare>
         <K1E1>
            <nazev>Bylo nas pet</nazev>
            <jazyk>cs</jazyk>
            <pocetExemplaru/>
            <exemplare/>
         </K1E1>
         <K1E2>
            <nazev>Bylo nas pet</nazev>
            <jazyk>cs</jazyk>
            <pocetExemplaru/>
            <exemplare/>
         </K1E2>
      </exemplare>
   </K1>
   <K2>
      <nazev>Na západní frontě klid</nazev>
      <jazyk>cs</jazyk>
      <pocetExemplaru>2</pocetExemplaru>
      <exemplare>
         <K2E1>
            <nazev>Na západní frontě klid</nazev>
            <jazyk>cs</jazyk>
            <pocetExemplaru/>
            <exemplare/>
         </K2E1>
         <K2E2>
            <nazev>Na západní frontě klid</nazev>
            <jazyk>cs</jazyk>
            <pocetExemplaru/>
            <exemplare/>
         </K2E2>
      </exemplare>
   </K2>
   <K3>
      <nazev>Catch-22</nazev>
      <jazyk>en</jazyk>
      <pocetExemplaru>3</pocetExemplaru>
      <exemplare>
         <K3E1>
            <nazev>Catch-22</nazev>
            <jazyk>en</jazyk>
            <pocetExemplaru/>
            <exemplare/>
         </K3E1>
         <K3E2>
            <nazev>Catch-22</nazev>
            <jazyk>cs</jazyk>
            <pocetExemplaru/>
            <exemplare/>
         </K3E2>
         <K3E3>
            <nazev>Catch-22</nazev>
            <jazyk>cs</jazyk>
            <pocetExemplaru/>
            <exemplare/>
         </K3E3>
      </exemplare>
   </K3>
   <K4>
      <nazev>Krakatit</nazev>
      <jazyk>cs</jazyk>
      <pocetExemplaru>3</pocetExemplaru>
      <exemplare>
         <K4E1>
            <nazev>Krakatit</nazev>
            <jazyk>en</jazyk>
            <pocetExemplaru/>
            <exemplare/>
         </K4E1>
         <K4E2>
            <nazev>Krakatit</nazev>
            <jazyk>cs</jazyk>
            <pocetExemplaru/>
            <exemplare/>
         </K4E2>
         <K4E3>
            <nazev>Krakatit</nazev>
            <jazyk>cs</jazyk>
            <pocetExemplaru/>
            <exemplare/>
         </K4E3>
      </exemplare>
   </K4>
   <K5>
      <nazev>Angels &amp; Demons</nazev>
      <jazyk>en</jazyk>
      <pocetExemplaru>1</pocetExemplaru>
      <exemplare>
         <K5E1>
            <nazev>Angels &amp; Demons</nazev>
            <jazyk>en</jazyk>
            <pocetExemplaru/>
            <exemplare/>
         </K5E1>
      </exemplare>
   </K5>
</out>