<?xml version="1.0" encoding="UTF-8"?>
<vypujcky>
   <vypujcka id="V1">
      <username>pepa28</username>
      <jmeno>Pepa Novak</jmeno>
   </vypujcka>
   <vypujcka id="V2">
      <username>tomas.nosek</username>
      <jmeno>Tomas Nosek</jmeno>
   </vypujcka>
   <vypujcka id="V3">
      <username>pepa28</username>
      <jmeno>Pepa Novak</jmeno>
   </vypujcka>
   <vypujcka id="V4">
      <username>tomas.nosek</username>
      <jmeno>Tomas Nosek</jmeno>
   </vypujcka>
   <vypujcka id="V5">
      <username>
           test23 
        </username>
      <jmeno>
          Jan Koksa
        </jmeno>
   </vypujcka>
   <vypujcka id="V6">
      <username>
                test48
            </username>
      <jmeno>
              Petr Lolak
            </jmeno>
   </vypujcka>
</vypujcky>