<html>
   <title>Tabulka</title>
   <head>
      <meta http-equiv="Content-Type" content="text/html; charset=UTF-8">
   </head>
   <body>
      <table>
         <tr>
            <th>Nazev</th>
            <th>Autor</th>
            <th>Rok narozeni</th>
         </tr>
         <tr>
            <td>Bylo nas pet</td>
            <td>KarelPolacek</td>
            <td>1892</td>
         </tr>
         <tr>
            <td>Na západní frontě klid</td>
            <td>Erich MariaRemarque</td>
            <td>1898</td>
         </tr>
         <tr>
            <td>Catch-22</td>
            <td>JosephHeller</td>
            <td>1923</td>
         </tr>
         <tr>
            <td>Krakatit</td>
            <td>KarelCapek</td>
            <td>1890</td>
         </tr>
      </table>
   </body>
</html>