<html>
   <body>
      <table>
         <th>Title</th>
         <th>Director</th>
         <tr>
            <td><b>Gravity</b></td>
            <td>Alfonso Cuaron</td>
         </tr>
         <tr>
            <td><b>12 Years a Slave</b></td>
            <td>Steve McQueen</td>
         </tr>
         <tr>
            <td>Captain Philips</td>
            <td>Paul Greengrass</td>
         </tr>
         <tr>
            <td>Dallas Buyers Club</td>
            <td>Jean Marc Vallee</td>
         </tr>
         <tr>
            <td>The Wolf of Wall Street</td>
            <td>Martin Scorsese</td>
         </tr>
         <tr>
            <td><b>Her</b></td>
            <td>Spike Jonze</td>
         </tr>
      </table>
   </body>
</html>