<?xml version="1.0" encoding="UTF-8"?>
<result>
   <ocel id="ocel6">
      <oznaceni>11 600</oznaceni>
      <obsah-uhliku>0.5 %</obsah-uhliku>
      <mez-pevnosti-v-tahu>590 MPa</mez-pevnosti-v-tahu>
   </ocel>
   <ocel id="ocel7">
      <oznaceni>11 700</oznaceni>
      <obsah-uhliku>0.5 %</obsah-uhliku>
      <mez-pevnosti-v-tahu>685 MPa</mez-pevnosti-v-tahu>
   </ocel>
   <ocel id="ocel9">
      <oznaceni>12 060</oznaceni>
      <obsah-uhliku>0.6 %</obsah-uhliku>
      <mez-pevnosti-v-tahu>600 MPa</mez-pevnosti-v-tahu>
   </ocel>
</result>