<html>
   <head>
      <meta http-equiv="Content-Type" content="text/html; charset=UTF-8">
      <title>Seznam oceli</title>
   </head>
   <body>
      <table border="1">
         <tr>
            <th>Oznaceni CSN</th>
            <th>Oznaceni EN</th>
            <th>Mez pevnosti v tahu</th>
         </tr>
         <tr>
            <td>11 700</td>
            <td>E 360</td>
            <td>685 MPa</td>
         </tr>
         <tr>
            <td>12 060</td>
            <td>C 55</td>
            <td>600 MPa</td>
         </tr>
         <tr>
            <td>11 600</td>
            <td>E 335</td>
            <td>590 MPa</td>
         </tr>
         <tr>
            <td>11 500</td>
            <td>E 295</td>
            <td>470 MPa</td>
         </tr>
         <tr>
            <td>11 423</td>
            <td>oznaceni dle EN nezname</td>
            <td>420 MPa</td>
         </tr>
         <tr>
            <td>12 020</td>
            <td>oznaceni dle EN nezname</td>
            <td>380 MPa</td>
         </tr>
         <tr>
            <td>11 368</td>
            <td>oznaceni dle EN nezname</td>
            <td>370 MPa</td>
         </tr>
         <tr>
            <td>11 373</td>
            <td>S 235 JRG 1</td>
            <td>340 MPa</td>
         </tr>
         <tr>
            <td>11 343</td>
            <td>S 235 JRG 1</td>
            <td>320 MPa</td>
         </tr>
      </table>
   </body>
</html>