<?xml version="1.0" encoding="UTF-8"?>
<zoznam>
   <ul>
      <li>
         <name>Lepok</name>
      </li>
      <li>
         <name>Slepačí vývar</name>
         <name>Loksa plnena hydinovou pecenou</name>
      </li>
   </ul>
   <ul>
      <li>
         <name>Mleko</name>
      </li>
      <li/>
   </ul>
   <ul>
      <li>
         <name>Cmar</name>
      </li>
      <li>
         <name>Kapustnica</name>
      </li>
   </ul>
   <ul>
      <li>
         <name>Arasidy</name>
      </li>
      <li>
         <name>Pstruh na rošte s bylinkovým maslom</name>
         <name>Vyprazany syr</name>
         <name>Bravčový rezeň so syrom</name>
      </li>
   </ul>
   <ul>
      <li>
         <name>Ryby</name>
      </li>
      <li>
         <name>Pstruh na mlynarsky sposob</name>
         <name>Losos steak na grile s bylinkami</name>
         <name>Pandurska zivanska</name>
      </li>
   </ul>
   <ul>
      <li>
         <name>Horcice</name>
      </li>
      <li>
         <name>Bryndzove halusky</name>
         <name>Steak na polovnicky sposob</name>
      </li>
   </ul>
   <ul>
      <li>
         <name>Soja</name>
      </li>
      <li>
         <name>Lekvárové pirohy so strúhankou a maslom</name>
      </li>
   </ul>
</zoznam>