<?xml version="1.0" encoding="UTF-8" standalone="no"?><adresar xmlns:xsi="http://www.w3.org/2001/XMLSchema-instance" xsi:noNamespaceSchemaLocation="Z:\Dropbox\XML\tomal7am\project\uloha5\data.xsd">
<subjekty>
	<subjekt sid="s1">
		<kontakt kid="k1" typ="tel">
			<cislo>445222333</cislo>
				</kontakt>
			<datova_schranka did="d1">triada21314</datova_schranka>
			<e-mail eid="e8">info@trida.cz</e-mail>
			<adresa aid="a1">
			<stat>Ceska republika</stat>
				<PSC>199 00</PSC>
				<obec>Praha 9</obec>
				<cisloP>12</cisloP>
				<ulice>U Svobodarny</ulice>
				</adresa>
			<osoby>
			<osoba pid="p5">
				<boss>Brychta</boss>
					<e-mail eid="e7">matisova@triada.cz</e-mail>
					<adresa aid_ref="a1"/>
					<prijemni>Matisova</prijemni>
					<jmeno>Monika</jmeno>
					<titulP>Ing.</titulP>
					</osoba>
				<osoba pid="p4">
				<boss>Lechner</boss>
					<kontakt kid="k8" typ="tel">
					<cislo>425456785</cislo>
						</kontakt>
					<kontakt kid="k9" typ="ICQ">
					<cislo>332227722</cislo>
						</kontakt>
					<e-mail eid="e6">tomasy@triada.cz</e-mail>
					<adresa aid_ref="a1"/>
					<prijemni>Tomasy</prijemni>
					<jmeno>Lukas</jmeno>
					</osoba>
				<osoba pid="p3">
				<boss>Brychta</boss>
					<kontakt kid="k7" typ="tel">
					<cislo>425456784</cislo>
						</kontakt>
					<e-mail eid="e5">vavro@triada.cz</e-mail>
					<adresa aid_ref="a1"/>
					<prijemni>Vavro</prijemni>
					<jmeno>Petr</jmeno>
					<titulP>Bc.</titulP>
					</osoba>
				<osoba pid="p2">
				<boss>Brychta</boss>
					<kontakt kid="k6" typ="tel">
					<cislo>425456783</cislo>
						</kontakt>
					<e-mail eid="e4">lechner@triada.cz</e-mail>
					<adresa aid_ref="a1"/>
					<prijemni>Lechner</prijemni>
					<jmeno>Tomas</jmeno>
					<titulP>Mgr.</titulP>
					</osoba>
				<osoba pid="p1">
				<kontakt kid="k5" typ="tel">
					<cislo>425456782</cislo>
						</kontakt>
					<e-mail eid="e3">brychta@triada.cz</e-mail>
					<adresa aid_ref="a1"/>
					<prijemni>Brychta</prijemni>
					<jmeno>Jan</jmeno>
					<titulP>RNDr.</titulP>
					</osoba>
				</osoby>
			<oddelenia>
			<oddeleni oid="o2">
				<kontakt kid="k4" typ="Skype">
					<cislo>
										sw_trida
								</cislo>
						</kontakt>
					<kontakt kid="k2" typ="tel">
					<cislo>
								733543876
							</cislo>
						</kontakt>
					<e-mail eid="e1">
							sw@triada.cz
						</e-mail>
					<adresa aid_ref="a1"/>
					<osoby>
					<osoba pid_ref="p4"/>
						<osoba pid_ref="p3"/>
						<osoba pid_ref="p2"/>
						</osoby>
					<nazev>Vyvoj SW</nazev>
					</oddeleni>
				<oddeleni oid="o1">
				<kontakt kid="k3" typ="tel">
					<cislo>
							734567894
						</cislo>
						</kontakt>
					<ucet uid="u1">
					<kodBanky>0300</kodBanky>
						<cisloUctu>53425234</cisloUctu>
						</ucet>
					<e-mail eid="e2">
						uctarna@triada.cz
					</e-mail>
					<adresa aid_ref="a1"/>
					<osoby>
					<osoba pid_ref="p5"/>
						</osoby>
					<nazev>Uctarna</nazev>
					</oddeleni>
				</oddelenia>
			<DIC>CZ53425524</DIC>
			<ICO>43524542</ICO>
			<zkratka>spol. s r.o.</zkratka>
			<nazev>Triada</nazev>
			</subjekt>
		</subjekty>
	</adresar>