<?xml version="1.0" encoding="UTF-8" standalone="no"?><skalniOblasti>
	<datumOtevreni><?php echo Date("d.m.Y")?></datumOtevreni>
	<skalniOblast>
		Oblast s vysokou koncentraci tech nejtezsich cest.Oblast vhodna pro profiky,obsahujici jednu z nejtezsich
		cest sveta - Neandrtal.
		<GPSouradnice>21.354.2,12.342.124</GPSouradnice>
		<poznamka>Nejlepsi oblast,tezky cesty.</poznamka>
		<www><![CDATA[http://www.lezec.cz/cesty.php?cobl=53616e7461204c696e7961h]]>&gt;
		</www>
		<sektory>
			<sektor>
				<pristup>Primo u silnice z Lleidy do Zapadakova,v leve casti.</pristup>
				<cesty>
					<cesta><delka>45</delka><nazev>Digital System</nazev><obtize>vytrvalost</obtize><obtiznost>8c</obtiznost><styl>previs</styl><vpravo>Fabela Pa La Enmienda</vpravo></cesta>
					<cesta><delka>47</delka><nazev>Fuck The System</nazev><obtize>bouldr</obtize><obtiznost>9a</obtiznost><styl>previs</styl><vpravo>Digital System</vpravo></cesta>
					<cesta><delka>20</delka><nazev>Fabela Pa La Enmienda</nazev><obtiznost>11</obtiznost></cesta>
				</cesty>
			<nazev>Cova</nazev></sektor>
			<sektor>
				<pristup>Primo u silnice z Lleidy do Zapadakova,nejvetsi previs.</pristup>
				<cesty>
					<cesta><delka>46</delka><nazev>Neandrtal</nazev><obtize>vytrvalost</obtize><obtiznost>12</obtiznost><styl>previs</styl></cesta>
					<cesta><delka>40</delka><nazev>Rollito Sharma</nazev><obtize>vytrvalost</obtize><obtiznost>8b+</obtiznost><styl>previs</styl></cesta>
					<cesta><delka>32</delka><nazev>Open Your Mind Direct</nazev><obtize>bouldr</obtize><obtiznost>9a+</obtiznost><styl>previs</styl></cesta>
				</cesty>
			<nazev>Cova grande</nazev></sektor>
		</sektory>
	<nazev>SantaLinya</nazev><stat>Spanelsko</stat><typ>sportovni</typ></skalniOblast>
	<skalniOblast>
		Oblibena oblas pro sportovni lezeni nedaleko Millau.Vhodna spise pro pokrocile lezce.
		<GPSouradnice>23.364.2,12.356.124</GPSouradnice>
		<poznamka>Super oblast,spis tezsi lezeni.</poznamka>
		<www><![CDATA[http://www.lezec.cz/cesty.php?cobl=476f72676573204475205461726eh]]>&gt;
		</www>
		<sektory>
			<sektor>
				<pristup>Za parkovisten,po toku reky,do kopce.</pristup>
				<cesty>
					<cesta><delka>35</delka><nazev>Le Viagra ? Est Pas Pour</nazev><obtize>bouldr</obtize><obtiznost>8b</obtiznost><styl>previs</styl></cesta>
					<cesta><delka>25</delka><nazev>Rasta Vaut Rien</nazev><obtize>vytrvalost</obtize><obtiznost>8a+/b</obtiznost><styl>previs</styl></cesta>
					<cesta><delka>30</delka><nazev>La Banda Del Rulos</nazev><obtize>vytrvalost</obtize><obtiznost>8a</obtiznost><styl>previs</styl></cesta>
					<cesta><delka>20</delka><nazev>Demolition Anale</nazev><obtize>vytrvalost</obtize><obtiznost>7c</obtiznost><styl>previs</styl></cesta>
					<cesta><delka>18</delka><nazev>Gros But</nazev><obtize>vytrvalost</obtize><obtiznost>7c</obtiznost><styl>previs</styl></cesta>
					<cesta><delka>16</delka><nazev>L? Heure D? ?t? </nazev><obtize>sila</obtize><obtiznost>7c</obtiznost><styl>previs</styl></cesta>
					<cesta><delka>20</delka><nazev>La Page Blanche</nazev><obtize>bouldr</obtize><obtiznost>7c</obtiznost><styl>previs</styl></cesta>
					<cesta><delka>22</delka><nazev>Monstre Trou</nazev><obtize>vytrvalost</obtize><obtiznost>7c</obtiznost><styl>strop</styl></cesta>
					<cesta><delka>15</delka><nazev>Murati</nazev><obtize>vytrvalost</obtize><obtiznost>7c</obtiznost><styl>strop</styl></cesta>
					<cesta><delka>19</delka><nazev>Starting Block</nazev><obtize>vytrvalost</obtize><obtiznost>7c</obtiznost><styl>previs</styl></cesta>
					<cesta><delka>30</delka><nazev>Noel Chez But</nazev><obtize>vytrvalost</obtize><obtiznost>7b+</obtiznost><styl>previs</styl></cesta>
					<cesta><delka>18</delka><nazev>Putain De Papiers</nazev><obtize>vytrvalost</obtize><obtiznost>7b+</obtiznost><styl>strop</styl></cesta>
					<cesta><delka>32</delka><nazev>Alambic</nazev><obtize>vytrvalost</obtize><obtiznost>7b</obtiznost><styl>previs</styl></cesta>
					<cesta><delka>16</delka><nazev>Ils Ont March? Sur La Tune</nazev><obtize>vytrvalost</obtize><obtiznost>7b</obtiznost><styl>previs</styl></cesta>
				</cesty>
			<nazev>L'Oasif</nazev></sektor>
			<sektor>
				<pristup>Za L'Oasif vpravo.</pristup>
				<cesty>
					<cesta><delka>13</delka><nazev>Adieu Wolfgang</nazev><obtize>vytrvalost</obtize><obtiznost>8c</obtiznost><styl>previs</styl></cesta>
					<cesta><delka>10</delka><nazev>La Spectre De Lottokar</nazev><obtize>bouldr</obtize><obtiznost>8b+</obtiznost><styl>previs</styl></cesta>
					<cesta><delka>16</delka><nazev>Tendinite</nazev><obtize>sila</obtize><obtiznost>8b+</obtiznost><styl>previs</styl></cesta>
					<cesta><delka>14</delka><nazev>Bar-bitturique</nazev><obtize>sila</obtize><obtiznost>8a</obtiznost><styl>previs</styl></cesta>
					<cesta><delka>15</delka><nazev>Octopus</nazev><obtize>bouldr</obtize><obtiznost>7c+</obtiznost><styl>previs</styl></cesta>
					<cesta><delka>15</delka><nazev>Accion Discrete</nazev><obtize>sila</obtize><obtiznost>7c</obtiznost><styl>previs</styl></cesta>
				</cesty>
			<nazev>G?llich</nazev></sektor>
		</sektory>
	<nazev>GorgesDuTarn</nazev><sousedniOblast>Verdon</sousedniOblast><stat>Francie</stat><typ>sportovni</typ></skalniOblast>
	<skalniOblast>
		Svetova oblast pro bouldering.Uzasne tvary sutru,oranzovy pisek &amp; silove,previsle boudry plne skoku.
		<GPSouradnice>-40.354.2,11.442.124</GPSouradnice>
		<poznamka>Uzasny bouldry.</poznamka>
		<idealniRocniDoba>srpen</idealniRocniDoba>
		<www><![CDATA[http://www.lezec.cz/cesty.php?cobl=526f636b6c616e6473h]]>&gt;
		</www>
		<sektory>
			<sektor>				
				<cesty>
					<cesta><delka>6</delka><nazev>Derailed</nazev><obtize>sila</obtize><obtiznost>8B/B+</obtiznost><styl>previs</styl></cesta>
					<cesta><delka>3</delka><nazev>Crazy Legs</nazev><obtiznost>7B</obtiznost></cesta>
					<cesta><delka>5</delka><nazev>Tennis Biscuit</nazev><obtiznost>7B</obtiznost></cesta>
				</cesty>
			<nazev>8 Days Rain</nazev></sektor>
			<sektor>				
				<cesty>
					<cesta><delka>7</delka><nazev>Ray Of Light</nazev><obtize>sila</obtize><obtiznost>8B</obtiznost><styl>previs</styl></cesta>
					<cesta><delka>3</delka><nazev>Jaws</nazev><obtiznost>7C</obtiznost></cesta>
					<cesta><delka>4</delka><nazev>Salty Egg</nazev><obtiznost>7A+</obtiznost></cesta>
				</cesty>
			<nazev>Dihedral Boulders</nazev></sektor>
		</sektory>
	<nazev>Rocklands</nazev><stat>JAR</stat><typ>boulder</typ></skalniOblast>
	<skalniOblast>
		Bigwallove lezeni v Provance.Zajimavosti je,ze u vetsiny cest musite nejdriv slanit k nastupu.
		Cesty maji okolo 250 metru.
		<GPSouradnice>20.354.2,11.442.124</GPSouradnice>
		<poznamka/>
		<www><![CDATA[http://www.lezec.cz/cesty.php?cobl=566572646f6eh]]>&gt;
		</www>
		<sektory>
			<sektor>				
				<cesty>
					<cesta><delka>230</delka><nazev>Karin's Line</nazev><obtiznost>7b+</obtiznost></cesta>
					<cesta><delka>260</delka><nazev>Luna Bong</nazev><obtize>vytrvalost</obtize><obtiznost>6c+</obtiznost><styl>kolma</styl></cesta>
					<cesta><delka>200</delka><nazev>Dingomaniaque</nazev><obtize>bouldr</obtize><obtiznost>6c+</obtiznost><styl>kolma</styl></cesta>
					<cesta><delka>255</delka><nazev>Ticket Danger</nazev><obtiznost>6c</obtiznost><styl>kolma</styl></cesta>
					<cesta><delka>176</delka><nazev>Trous Secs</nazev><obtize>bouldr</obtize><obtiznost>6c</obtiznost><styl>kolma</styl></cesta>
				</cesty>
			<nazev>Escales</nazev></sektor>
		</sektory>
	<nazev>Verdon</nazev><sousedniOblast>GorgesDuTarn</sousedniOblast><stat>Francie</stat><typ>bigwall</typ></skalniOblast>
</skalniOblasti>