<?xml version="1.0" encoding="UTF-8" standalone="no"?><pekarna>
	<!-- nejprve informace o majiteli -->
	<vlastnik>
		<jmeno><![CDATA[ document.writeln("Anicka Vomackova"); ]]></jmeno>
		<telefon>
			<?php echo "00420 123 456 789" ?>
		</telefon>
	</vlastnik>
	<!-- nabizeny sortiment - pecivo ma vzdy nejaky druh, ale muze se lisit v pouzitych surovinach -->
	<sortiment>
		<vyrobek cena="10" druh="kobliha" hmotnost="100">
			<nazev>Ovocna kobliha</nazev>
			<suroviny mouka="60g" napln="jahodova marmelada"/>
		</vyrobek>
		<vyrobek cena="15" druh="kobliha" hmotnost="120">
			<nazev>Cokoladova kobliha</nazev>
			<suroviny mouka="60g" napln="cokoladova"/>
		</vyrobek>
		<vyrobek cena="1" druh="rohlik" hmotnost="60">
			<nazev>Rohlik tukovy</nazev>
			<suroviny druhmouky="hladka" mouka="40g"/>
		</vyrobek>
		<vyrobek cena="5" druh="rohlik" hmotnost="100">
			<nazev>Celozrnny rohlik</nazev>
			<suroviny druhmouky="celozrnna" mouka="60g"/>
		</vyrobek>
		<vyrobek cena="10" druh="rohlik" hmotnost="60">
			<nazev>Makovy rohlik</nazev>
			<suroviny druhmouky="hladka" mouka="50g"/>
		</vyrobek>
		<vyrobek cena="5" druh="rohlik" hmotnost="60">
			<nazev>Slany rohlik</nazev>
			<suroviny druhmouky="hladka" mouka="40g"/>
		</vyrobek>
		<vyrobek cena="30" druh="chleba" hmotnost="1000">
			<nazev>Chleb Sumava</nazev>
			<suroviny druhmouky="hruba" mouka="700g"/>
		</vyrobek>
		<vyrobek cena="35" druh="chleba" hmotnost="800">
			<nazev>Kovarky chleb</nazev>
			<suroviny druhmouky="polohruba" mouka="500g"/>
		</vyrobek>
		<vyrobek cena="30" druh="chleba" hmotnost="500">
			<nazev>Slunecnicovy chleb</nazev>
			<suroviny druhmouky="hruba" mouka="300g"/>
		</vyrobek>
		<vyrobek cena="40" druh="vanocka" hmotnost="500">
			<nazev>Vanocka</nazev>
			<suroviny druhmouky="hladka" mouka="300g"/>
		</vyrobek>
	</sortiment>
	<!--odberatele nasi pekarny-->
	<odberatele><odberatel dic="4263535" ico="421342432">
			<spolecnost>Pecivo na rohu</spolecnost>
			<adresa>
				<ulice>Hlavni</ulice>
				<cp>123</cp>
				<mesto dobaJizdy="0" vzdalenost="0">Praha</mesto>
				<psc>123 45</psc>
				<stat>Ceska republika</stat>
			</adresa>
			<email>info@pecivonarohu.cz</email>

			
			
		</odberatel><odberatel dic="4263535" ico="421342432">
				<spolecnost>Pecivo na rohu - prodejna 2</spolecnost>
				<adresa>
					<ulice>Vedlejsi</ulice>
					<cp>123</cp>
					<mesto dobaJizdy="0" vzdalenost="0">Praha</mesto>
					<psc>123 45</psc>
					<stat>Ceska republika</stat>
				</adresa>
				<email>info@pecivonarohu.cz</email>
				
					
				
			</odberatel><odberatel dic="4263535" ico="421342432">
						<spolecnost>Pecivo na rohu - prodejna 2.1</spolecnost>
						<adresa>
							<ulice>Jeste vic vedlejsi</ulice>
							<cp>123</cp>
							<mesto dobaJizdy="0" vzdalenost="0">Praha</mesto>
							<psc>123 45</psc>
							<stat>Ceska republika</stat>
						</adresa>
						<email>info@pecivonarohu.cz</email>
					</odberatel><odberatel ico="241235613">
			<spolecnost>Pecivo na rohu - Prodejna 2</spolecnost>
			<adresa>
				<ulice>Vedlejsi</ulice>
				<cp>123</cp>
				<mesto dobaJizdy="0" vzdalenost="0">Praha</mesto>
				<psc>123 45</psc>
				<stat>Ceska republika</stat>
			</adresa>
		</odberatel><odberatel dic="64342317254" ico="4237453">
			<spolecnost>Hociktere pecivo</spolecnost>
			<adresa>
				<ulice>Vedlejsi</ulice>
				<cp>321</cp>
				<mesto vzdalenost="800">Kosice</mesto>
				<psc>54 321</psc>
				<stat>Slovenska republika</stat>
			</adresa>
		</odberatel><odberatel dic="128565123" ico="423532">
			<spolecnost>Varmuzova pekarna</spolecnost>
			<adresa>
				<ulice>Dlouha</ulice>
				<cp>222</cp>
				<mesto dobaJizdy="2.5" vzdalenost="200">Brno</mesto>
				<psc>321 45</psc>
				<stat>Ceska republika</stat>
			</adresa>
			<email>varmuzova@pekarna.info</email>
		</odberatel></odberatele>
</pekarna>