<?xml version="1.0" encoding="UTF-8" standalone="no"?><?sourcedb href="http://musicbrainz.org/"?>
<?xml-stylesheet type="text/xsl" href="data.xsl"?>
<musicdb xmlns:xsi="http://www.w3.org/2001/XMLSchema-instance" xsi:noNamespaceSchemaLocation="data.xsd">
	
	<persons>
		<person birthday="1964-11-11" id="p111" name="Jari Maenpaa"/>
		<person birthday="1974-12-12" id="p112" name="Sammi Hinkka"/>
	</persons>
	<genres>
		<genre description="http://en.wikipedia.org/wiki/Metal" name="Metal"/>
		<genre description="http://en.wikipedia.org/wiki/Pop_music" name="Pop"/>
		<genre description="http://en.wikipedia.org/wiki/Rock_music" name="Rock"/>
	</genres>
	<!--<copyright>&c;&mbr;</copyright>-->
<tracks><track id="t311" length="00:03:50" order="1" title="Runaway"><artist beginyear="1983" country="United States" genre="Rock" id="a3" name="Bon Jovi" type="Group"/><release id="r31" title="Bon Jovi" type="Album"/></track><track id="t312" length="00:04:41" order="2" title="Roulette"><artist beginyear="1983" country="United States" genre="Rock" id="a3" name="Bon Jovi" type="Group"/><release id="r31" title="Bon Jovi" type="Album"/></track><track id="t313" length="00:03:58" order="3" title="She Don't Know Me"><artist beginyear="1983" country="United States" genre="Rock" id="a3" name="Bon Jovi" type="Group"/><release id="r31" title="Bon Jovi" type="Album"/></track><track id="t314" length="00:04:19" order="4" title="Shot through the heart"><artist beginyear="1983" country="United States" genre="Rock" id="a3" name="Bon Jovi" type="Group"/><release id="r31" title="Bon Jovi" type="Album"/></track><track id="t8" length="00:06:00" order="1" title="Dragonheads"><artist beginyear="1991" country="Finland" genre="Metal" id="a2" name="Ensiferum" type="Group"/><release id="r223" length="00:45:15" title="Dragonheads" type="EP" year="2005"/></track><track id="t9" length="00:07:00" order="2" title="Into Hiding"><artist beginyear="1991" country="Finland" genre="Metal" id="a2" name="Ensiferum" type="Group"/><release id="r223" length="00:45:15" title="Dragonheads" type="EP" year="2005"/></track><track id="t1" length="00:02:00" order="1" title="Intro"><artist beginyear="1991" country="Finland" genre="Metal" id="a2" name="Ensiferum" type="Group"/><release id="r222" length="00:32:00" title="Ensiferum" type="Album" year="1999"/></track><track id="t2" length="00:05:00" order="2" title="Hero in a dream"><artist beginyear="1991" country="Finland" genre="Metal" id="a2" name="Ensiferum" type="Group"/><release id="r222" length="00:32:00" title="Ensiferum" type="Album" year="1999"/></track><track id="t3" length="00:05:00" order="3" title="Token Of Time">
						<artistref idref="a3"/>
					<artist beginyear="1991" country="Finland" genre="Metal" id="a2" name="Ensiferum" type="Group"/><release id="r222" length="00:32:00" title="Ensiferum" type="Album" year="1999"/></track><track id="t4" length="00:05:00" order="4" title="Guardians Of Fate"><artist beginyear="1991" country="Finland" genre="Metal" id="a2" name="Ensiferum" type="Group"/><release id="r222" length="00:32:00" title="Ensiferum" type="Album" year="1999"/></track><track id="t5" length="00:05:00" order="5" title="Old Man"><artist beginyear="1991" country="Finland" genre="Metal" id="a2" name="Ensiferum" type="Group"/><release id="r222" length="00:32:00" title="Ensiferum" type="Album" year="1999"/></track><track id="t6" length="00:05:00" order="6" title="Little Dreamer"><artist beginyear="1991" country="Finland" genre="Metal" id="a2" name="Ensiferum" type="Group"/><release id="r222" length="00:32:00" title="Ensiferum" type="Album" year="1999"/></track><track id="t7" length="00:05:00" order="7" title="Battle Song"><artist beginyear="1991" country="Finland" genre="Metal" id="a2" name="Ensiferum" type="Group"/><release id="r222" length="00:32:00" title="Ensiferum" type="Album" year="1999"/></track><track id="t20" length="00:05:00" order="8" title="The Battle Song"><artist beginyear="1991" country="Finland" genre="Metal" id="a2" name="Ensiferum" type="Group"/><release id="r222" length="00:32:00" title="Ensiferum" type="Album" year="1999"/></track><track id="t21" length="00:05:00" order="9" title="Epic Battle Song"><artist beginyear="1991" country="Finland" genre="Metal" id="a2" name="Ensiferum" type="Group"/><release id="r222" length="00:32:00" title="Ensiferum" type="Album" year="1999"/></track><track id="t22" length="00:05:00" order="10" title="Very Epic Battle Song"><artist beginyear="1991" country="Finland" genre="Metal" id="a2" name="Ensiferum" type="Group"/><release id="r222" length="00:32:00" title="Ensiferum" type="Album" year="1999"/></track><track id="t10" length="00:05:00" order="1" title="Poker Face"><artist beginyear="2002" country="United States" genre="Pop" id="a1" name="Lady Gaga" type="Person"/><release id="r221" title="The Cherrytree Seasons" type="EP"/></track><track id="t11" length="00:05:00" order="2" title="Just Dance"><artist beginyear="2002" country="United States" genre="Pop" id="a1" name="Lady Gaga" type="Person"/><release id="r221" title="The Cherrytree Seasons" type="EP"/></track><track id="t12" length="00:05:00" order="3" title="Eh, eh"><artist beginyear="2002" country="United States" genre="Pop" id="a1" name="Lady Gaga" type="Person"/><release id="r221" title="The Cherrytree Seasons" type="EP"/></track></tracks></musicdb>