<?xml version="1.0" encoding="UTF-8" standalone="no"?><pujcovana>
	<pobocka>
		<nazev>Prvni-Mobilni</nazev>
		<adresa>
			<ulice>Jeremi?sova</ulice>
			<c.p>1825</c.p>
			<PSC>15600</PSC>
			<mesto>Praha</mesto>
			<stat>cr</stat>
		</adresa>
		<kontakt>732578994</kontakt>
		<seznamTelefonu>
			<znacka id="nokia">
				
				<telefon>
					<pouzival vid_ref="id_2"/>
					<model>6220</model>
					<imei>561686146516</imei>
					<procesor>DX99</procesor>
					<rozliseni>320x240</rozliseni>
					<vydrz>3dni</vydrz>
					<fotoaparat>true</fotoaparat>
					<java>true</java>
					<mp3>true</mp3>
					<video>3gp</video>
					<cena>10000</cena>
				</telefon>
			</znacka>
		</seznamTelefonu>
	</pobocka>
	<pobocka>
		<nazev>Druh?-Mobilni</nazev>
		<adresa>
			<ulice>Jeremi?sova</ulice>
			<c.p>1825</c.p>
			<PSC>156 00</PSC>
			<mesto>Praha</mesto>
			<stat>cr</stat>
		</adresa>
		<kontakt>7325784</kontakt>
		<seznamTelefonu>
			<znacka id="nokia">
				
				<telefon>
					<pouzival vid_ref="id_2"/>
					<model>6220</model>

					<imei>561686146516</imei>
					<procesor>DX99</procesor>
					<rozliseni>320x240</rozliseni>
					<vydrz>3 dni</vydrz>
					<fotoaparat>true</fotoaparat>
					<java>true</java>
					<mp3>true</mp3>
					<video>3gp</video>
					<cena>10000</cena>
				</telefon>
				<telefon>
					<pouzival vid_ref="id_2"/>
					<model>6420</model>

					<imei>561686145516</imei>
					<procesor>DX99</procesor>
					<rozliseni>320x240</rozliseni>
					<vydrz>3 dni</vydrz>
					<fotoaparat>true</fotoaparat>
					<java>true</java>
					<mp3>true</mp3>
					<video>3gp</video>
					<cena>11000</cena>
				</telefon>
			</znacka>
		</seznamTelefonu>
	</pobocka>
	<seznam>
		<zakaznik>
			<firma oid="id_1">
				<IC>156</IC>
				<DIC>64516</DIC>
				<adresa>
					<ulice>belusova</ulice>
					<c.p>1825</c.p>
					<PSC>156 00</PSC>
					<mesto>Praha</mesto>
					<stat>cr</stat>
				</adresa>
				<telefon>732578994</telefon>
			<nazev>alza</nazev></firma>
		</zakaznik>
		<zakaznik>
			<firma oid="id_2">
				<IC>15625</IC>
				<DIC>645156</DIC>
				<adresa>
					<ulice>belusovaaa</ulice>
					<c.p>182</c.p>
					<PSC>156 05</PSC>
					<mesto>Praha 5</mesto>
					<stat>cr</stat>
				</adresa>
				<telefon>732578394</telefon>
			<nazev>beta</nazev></firma>
		</zakaznik>
	</seznam>
	<osoby>
		
		
		
		
	<zamestnanec id="blanka@seznam.cz">
			<jmeno>
				<krestni>Jana</krestni>
				<prijmeni>Blan?</prijmeni>
			</jmeno>
			<kontakt>652654484</kontakt>
			<plat>36200</plat>
			<email>blanka@seznam.cz</email>
		</zamestnanec><zamestnanec id="mkys@gmail.com">
			<jmeno>
				<krestni>Martina</krestni>
				<prijmeni>Kysel?</prijmeni>
			</jmeno>
			<kontakt>66565554</kontakt>
			<plat>61200</plat>
			<email>mkys@gmail.com</email>
		</zamestnanec><zamestnanec id="neco@cvut.cz">
			<jmeno>
				<krestni>Karel</krestni>
				<prijmeni>Nov?k</prijmeni>
			</jmeno>
			<kontakt>733698854</kontakt>
			<plat>32400</plat>
			<email>neco@cvut.cz</email>
		</zamestnanec><zamestnanec id="mproch@seznam.cz">
			<jmeno>
				<krestni>Martina</krestni>
				<prijmeni>Proch?zkov?</prijmeni>
			</jmeno>
			<kontakt>603654484</kontakt>
			<plat>11200</plat>
			<email>mproch@seznam.cz</email>
		</zamestnanec></osoby>
</pujcovana>