<html>
   <head>
      <meta http-equiv="Content-Type" content="text/html; charset=UTF-8">
      <title>Seznam promitanych filmu</title>
   </head>
   <body>
      <table>
         <caption>Promitan� filmy</caption>
         <thead>
            <tr>
               <th>nazev</th>
               <th>zeme</th>
               <th>rok</th>
               <th>reziser</th>
               <th>hudba</th>
               <th>delka</th>
               <th>titulky</th>
               <th>divacke ohodnoceni</th>
               <th>3D</th>
            </tr>
         </thead>
         <tbody>
            <tr>
               <td>Moneyball</td>
               <td>USA</td>
               <td>2011</td>
               <td>Bennett Miller</td>
               <td>Mychael Danna</td>
               <td>2:13</td>
               <td>Ano</td>
               <td>79%</td>
               <td>ne</td>
            </tr>
            <tr>
               <td>Ocelová pěst</td>
               <td>USA</td>
               <td>2011</td>
               <td>Shawn Levy</td>
               <td>Danny Elfman</td>
               <td>2:7</td>
               <td>Ne</td>
               <td>75%</td>
               <td>ano</td>
            </tr>
            <tr>
               <td>Temný rytíř</td>
               <td>USA</td>
               <td>2008</td>
               <td>Christopher Nolan</td>
               <td>Hans Zimmer</td>
               <td>2:38</td>
               <td>Ne</td>
               <td>90%</td>
               <td>ne</td>
            </tr>
         </tbody>
      </table>
   </body>
</html>