<?xml version="1.0" encoding="UTF-8" standalone="no"?><StavebniFirma>
	<InformaceOVypisu>
		<DatumVygenerovani><?php echo Date("d.m.Y")?></DatumVygenerovani>
		<OdpovednyPracovnik>Dokument vygeneroval: ing. Fanda Sl??ma</OdpovednyPracovnik>
	</InformaceOVypisu>
	
	<!-- Seznam klient? firmy - soukrom? osoby, nebo organizace -->
	<Klienti>
		<Klient kid="k_1">
			<Osoba>
				<JmenoOsoby>
					<Jmeno>Petr</Jmeno>
					<Prijmeni>Jackson</Prijmeni>
				</JmenoOsoby>
				<RodneCislo>611031/6188</RodneCislo>
				<Telefon>123456789</Telefon>
				<E-mail>fanda.slama@gmail.cz</E-mail>
				<Adresa>
					<Ulice>N?b?e?? Ludv?ka Svobody</Ulice>
					<CisloPopisne>1222/12</CisloPopisne>
					<Obec>Praha 1</Obec>
					<PSC>110 00</PSC>
				</Adresa>
			</Osoba>
		</Klient>
		
		
		
		<Klient kid="k_3">
			<Organizace>
				<JmenoOrganizace>Tycoon transport s.r.o.</JmenoOrganizace>	
				<ICO>484 45 252</ICO>			
				<Telefon>456852951</Telefon>
				<E-mail>transport@tycoon.eu</E-mail>
				<Adresa>
					<Ulice>N?b?e?? Edvarda Bene?e</Ulice>
					<CisloPopisne>4</CisloPopisne>
					<Obec>Praha 1</Obec>
					<PSC>118 01</PSC>
				</Adresa>
			</Organizace>
		</Klient>
		
		<Klient kid="k_4">
			<Osoba>
				<JmenoOsoby>
					<Titul>ing</Titul>
					<Jmeno>Tim</Jmeno>
					<Prijmeni>Burton</Prijmeni>
				</JmenoOsoby>
				<RodneCislo>691230/8888</RodneCislo>
				<Telefon>987654321</Telefon>
				<Telefon>257 041 111</Telefon>
				<E-mail>tim.burton@gmail.cz</E-mail>
				<E-mail>stavba@burton.cz</E-mail>
				<Adresa>
					<Ulice>Letensk?</Ulice>
					<CisloPopisne>525/15</CisloPopisne>
					<Obec>Praha 1</Obec>
					<PSC>118 00</PSC>
				</Adresa>
			</Osoba>
		</Klient>
		
		<Klient kid="k_5">
			<Osoba>
				<JmenoOsoby>
					<Jmeno>Edward</Jmeno>
					<Jmeno>Davis</Jmeno>
					<Prijmeni>Wood</Prijmeni>
				</JmenoOsoby>
				<RodneCislo>241010/6666</RodneCislo>
				<Telefon>159357159</Telefon>
				<E-mail>ed@wood.cz</E-mail>
				<Adresa>
					<Ulice>N?m?st? Hrdin?</Ulice>
					<CisloPopisne>3</CisloPopisne>
					<Obec>Praha 4</Obec>
					<PSC>140 21</PSC>
				</Adresa>
			</Osoba>
		</Klient>
		
		<Klient kid="k_6">
			<Organizace>
				<JmenoOrganizace>?EZ a.s.</JmenoOrganizace>	
				<ICO>452 74 649</ICO>			
				<Telefon>211 041 111</Telefon>
				<E-mail>cez@cez.cz</E-mail>
				<Adresa>
					<Ulice>Duhov?</Ulice>
					<CisloPopisne>2</CisloPopisne>
					<Obec>Praha 4</Obec>
					<PSC>140 53</PSC>
				</Adresa>
			</Organizace>
		</Klient>
		
	</Klienti>
	
	<!-- Seznam firem dod?vaj?c?ch materi?l, nebo prov?d?j?c?ch pr?ci -->
	<Dodavatele>
		<Dodavatel did="d_1">
			<Organizace>
				<JmenoOrganizace>Metrostav</JmenoOrganizace>	
				<ICO>000 14 915</ICO>			
				<Telefon>266 709 110</Telefon>
				<E-mail>info@metrostav.cz</E-mail>
				<Adresa>
					<Ulice>Ko?elu?sk?</Ulice>
					<CisloPopisne>2246</CisloPopisne>
					<Obec>Praha 8</Obec>
					<PSC>180 00</PSC>
				</Adresa>
			</Organizace>
		</Dodavatel>
		
		<Dodavatel did="d_2">
			<Organizace>
				<JmenoOrganizace>Cement?rny a v?penky Prachovice</JmenoOrganizace>	
				<ICO>000 14 974</ICO>			
				<Telefon>123 123 123</Telefon>
				<E-mail>info@cvp.cz</E-mail>
				<Adresa>
					<Ulice>Prachovice</Ulice>
					<CisloPopisne>190</CisloPopisne>
					<Obec>Prachovice</Obec>
					<PSC>538 04</PSC>
				</Adresa>
			</Organizace>
		</Dodavatel>
		
		<Dodavatel did="d_3">
			<Organizace>
				<JmenoOrganizace>Stavebn? izolace Praha</JmenoOrganizace>	
				<ICO>000 14 869</ICO>			
				<Telefon>444 444 444</Telefon>
				<E-mail>info@sip.cz</E-mail>
				<Adresa>
					<Ulice>N?rodn?</Ulice>
					<CisloPopisne>27</CisloPopisne>
					<Obec>Praha 1</Obec>
					<PSC>110 00</PSC>
				</Adresa>
			</Organizace>
		</Dodavatel>
	</Dodavatele>
	
	<!-- Seznam zak?zek -->
	<Zakazky>
		<!-- Na?e prvn? zak?zka :-D -->
		<Zakazka CisloSmlouvy="123456" DatumPlanovanehoUkonceni="1.1.2006" DatumUkonceni="1.12.2006" DatumZacatkuStavby="1.1.2004" Odberatel="k_1" StavStavby="Ukon?en?" ZaplacenaCastka="1000000" Zaplaceno="Ano" zid="z_1">
			
			<PopisStavby>Rodinn? d?m</PopisStavby>
			
			<Stavbyvedouci>
				<JmenoOsoby>
					<Jmeno>Sam</Jmeno>
					<Prijmeni>Raimi</Prijmeni>
				</JmenoOsoby>
			</Stavbyvedouci>
			
			<MistoPrace>
				<Adresa>
					<Ulice>N?b?e?? Ludv?ka Svobody</Ulice>
					<CisloPopisne>1222/12</CisloPopisne>
					<Obec>Praha 1</Obec>
					<PSC>110 00</PSC>
				</Adresa>
			</MistoPrace>
			
			<PraceNaProjektu>
				<Prace CenaPrace="400000" DatumPrace="5.8.2004">
					<PopisPrace>Vystav?n? obvodov? zdi</PopisPrace>
				</Prace>
				<Prace CenaPrace="200000" DatumPrace="7.5.2005">
					<PopisPrace>St?echa</PopisPrace>
				</Prace>
				<Prace CenaPrace="30000" DatumPrace="1.7.2006">
					<PopisPrace>Betonov?n? podlah</PopisPrace>
				</Prace>
				<Prace CenaPrace="200000" DatumPrace="1.12.2006">
					<PopisPrace>Dokon?uj?c? pr?ce</PopisPrace>
					<Komentar>A m?me hotovo!!!</Komentar>
				</Prace>
			</PraceNaProjektu>
			
			<Komentar>
				<![CDATA[<b>Tohle byl n?? prvn? firemn? projekt. Moc jsme si to u?ili, p???t? zkus?me n?co <u>v?t??ho</u>.</b>]]> 
			</Komentar>
			
		</Zakazka>
		
		
		
		<Zakazka CisloSmlouvy="456123" DatumPlanovanehoUkonceni="1.1.2010" DatumUkonceni="1.1.2012" DatumZacatkuStavby="1.1.2008" Odberatel="k_3" StavStavby="Ukon?en?" ZaplacenaCastka="40000000" Zaplaceno="Ano" zid="z_3">
			
			<PopisStavby>N?dra??</PopisStavby>
			
			<Stavbyvedouci>
				<JmenoOsoby>
					<Jmeno>Jan</Jmeno>
					<Prijmeni>H?ebejk</Prijmeni>
				</JmenoOsoby>
			</Stavbyvedouci>
			
			<MistoPrace>
				<Adresa>
					<CisloPopisne>84</CisloPopisne>
					<Obec>Bristol</Obec>
					<PSC>784 58</PSC>
				</Adresa>
			</MistoPrace>
			
			<PraceNaProjektu>
				<Prace CenaPrace="20000000" DatumPrace="18.10.2009">
					<PopisPrace>Stavba n?dra?n? budovy</PopisPrace>
					<DodavatelePrace>
						<DodavatelPrace did="d_1"/>
						<DodavatelPrace did="d_2"/>
						<DodavatelPrace did="d_3"/>
					</DodavatelePrace>
				</Prace>
				<Prace CenaPrace="20000000" DatumPrace="24.12.2009">
					<PopisPrace>pokl?d?n? kolej?</PopisPrace>
				</Prace>
			</PraceNaProjektu>

		</Zakazka>
		
		<Zakazka CisloSmlouvy="987654" DatumPlanovanehoUkonceni="1.1.2013" DatumUkonceni="1.1.2013" DatumZacatkuStavby="1.1.2009" Odberatel="k_3" StavStavby="Ukon?en?" ZaplacenaCastka="50000000" Zaplaceno="Ano" zid="z_4">
			
			<PopisStavby>N?dra??</PopisStavby>
			
			<Stavbyvedouci>
				<JmenoOsoby>
					<Jmeno>Ridley</Jmeno>
					<Prijmeni>Scott</Prijmeni>
				</JmenoOsoby>
			</Stavbyvedouci>
			
			<MistoPrace>
				<Adresa>
					<CisloPopisne>4755</CisloPopisne>
					<Obec>Cardif</Obec>
					<PSC>884 68</PSC>
				</Adresa>
			</MistoPrace>
			
			<PraceNaProjektu>
				<Prace CenaPrace="35000000" DatumPrace="6.7.2012">
					<PopisPrace>Stavba n?dra?n? budovy</PopisPrace>
					<DodavatelePrace>
						<DodavatelPrace did="d_1"/>
						<DodavatelPrace did="d_2"/>
						<DodavatelPrace did="d_3"/>
					</DodavatelePrace>
				</Prace>
				<Prace CenaPrace="2100000" DatumPrace="4.10.2012">
					<PopisPrace>pokl?d?n? kolej?</PopisPrace>
				</Prace>
			</PraceNaProjektu>

		</Zakazka>		
		
		
		
		<Zakazka CisloSmlouvy="346519" DatumPlanovanehoUkonceni="1.2.2010" DatumUkonceni="20.1.2010" DatumZacatkuStavby="8.10.2009" Odberatel="k_5" StavStavby="Ukon?en?" ZaplacenaCastka="45000" Zaplaceno="Ano" zid="z_6">
			
			<PopisStavby>Rekostrukce podkrovn?ho bytu</PopisStavby>
			
			<Stavbyvedouci>
				<JmenoOsoby>
					<Jmeno>Sam</Jmeno>
					<Prijmeni>Raimi</Prijmeni>
				</JmenoOsoby>
			</Stavbyvedouci>
			
			<MistoPrace>
				<Adresa>
					<Ulice>N?m?st? Hrdin?</Ulice>
					<CisloPopisne>3</CisloPopisne>
					<Obec>Praha 4</Obec>
					<PSC>140 21</PSC>
				</Adresa>
			</MistoPrace>
			
			<PraceNaProjektu>
				<Prace CenaPrace="20000" DatumPrace="8.11.2009">
					<PopisPrace>Zateplen? st?echy</PopisPrace>
				</Prace>
				<Prace CenaPrace="10000" DatumPrace="8.11.2009">
					<PopisPrace>Instalace s?drokartonov?ch podlhled?</PopisPrace>
				</Prace>
				<Prace CenaPrace="15000" DatumPrace="8.11.2009">
					<PopisPrace>Plovouc? podlahy</PopisPrace>
				</Prace>
			</PraceNaProjektu>

		</Zakazka>
		
		<Zakazka CisloSmlouvy="2158" DatumPlanovanehoUkonceni="1.2.2014" DatumZacatkuStavby="8.10.2010" Odberatel="k_3" StavStavby="Prob?h?" Zaplaceno="Ne" zid="z_7">
			
			<PopisStavby>Stavba leti?t?</PopisStavby>
			
			<Stavbyvedouci>
				<JmenoOsoby>
					<Jmeno>Sam</Jmeno>
					<Prijmeni>Cameron</Prijmeni>
				</JmenoOsoby>
			</Stavbyvedouci>
			
			<MistoPrace>
				<Adresa>
					<Ulice>Packmanova</Ulice>
					<CisloPopisne>30</CisloPopisne>
					<Obec>Bath</Obec>
					<PSC>356 36</PSC>
				</Adresa>
			</MistoPrace>
			
			<PraceNaProjektu>
				<Prace CenaPrace="50000000" DatumPrace="16.4.2011">
					<PopisPrace>Betonov?n? runway1</PopisPrace>
					<DodavatelePrace>
						<DodavatelPrace did="d_2"/>
					</DodavatelePrace>
				</Prace>
				<Prace CenaPrace="6000000" DatumPrace="16.9.2012">
					<PopisPrace>Kontroln? v??</PopisPrace>
				</Prace>
			</PraceNaProjektu>

		</Zakazka>		
		
		<Zakazka CisloSmlouvy="54852" DatumPlanovanehoUkonceni="13.12.2012" DatumUkonceni="13.12.2012" DatumZacatkuStavby="4.11.2010" Odberatel="k_4" StavStavby="Ukon?en?" Zaplaceno="Ne" zid="z_8">
			
			<PopisStavby>Hobit? nora</PopisStavby>
			
			<Stavbyvedouci>
				<JmenoOsoby>
					<Jmeno>Clint</Jmeno>
					<Prijmeni>Eastwood</Prijmeni>
				</JmenoOsoby>
			</Stavbyvedouci>
			
			<MistoPrace>
				<Adresa>
					<Ulice>Dno pytle</Ulice>
					<Obec>Hobit?n</Obec>
					<PSC>198 12</PSC>
				</Adresa>
			</MistoPrace>
			
			<PraceNaProjektu>
				<Prace CenaPrace="1000000" DatumPrace="12.8.2011">
					<PopisPrace>Hlouben? nory</PopisPrace>
					<DodavatelePrace>
						<DodavatelPrace did="d_1"/>
					</DodavatelePrace>
				</Prace>
				<Prace CenaPrace="2000000" DatumPrace="13.12.2012">
					<PopisPrace>Za??zen? spy??rny</PopisPrace>
				</Prace>
			</PraceNaProjektu>

		</Zakazka>
		
		<Zakazka CisloSmlouvy="987654" DatumZacatkuStavby="1.1.2014" Odberatel="k_4" StavStavby="Studie" Zaplaceno="Ne" zid="z_9">
			
			<PopisStavby>Str??n? v??</PopisStavby>
			
			<Stavbyvedouci>
				<JmenoOsoby>
					<Jmeno>Andy</Jmeno>
					<Prijmeni>Serkins</Prijmeni>
				</JmenoOsoby>
			</Stavbyvedouci>
			
			<MistoPrace>
				<Adresa>
					<Ulice>Legolasova</Ulice>
					<CisloPopisne>5452</CisloPopisne>
					<Obec>Minas Tirith</Obec>
					<PSC>621 44</PSC>
				</Adresa>
			</MistoPrace>
			
		</Zakazka>
		
		<Zakazka CisloSmlouvy="987654" DatumZacatkuStavby="1.1.2015" Odberatel="k_6" StavStavby="Studie" Zaplaceno="Ne" zid="z_10">
			
			<PopisStavby>Dostavba jadern? elektr?rny</PopisStavby>
			
			<Stavbyvedouci>
				<JmenoOsoby>
					<Jmeno>Terry</Jmeno>
					<Prijmeni>Jones</Prijmeni>
				</JmenoOsoby>
			</Stavbyvedouci>
			
			<MistoPrace>
				<Adresa>
					<Ulice>Jadern? elektr?rna Temel?n</Ulice>
					<Obec>Temel?n</Obec>
					<PSC>373 05</PSC>
				</Adresa>
			</MistoPrace>
			
		</Zakazka>
	<Zakazka CisloSmlouvy="2495" DatumPlanovanehoUkonceni="Wed Aug 26 00:00:00 CEST 2015" DatumZacatkuStavby="Mon Mar 18 00:00:00 CET 2013" Odberatel="k_3" StavStavby="Probiha" Zaplaceno="Ne" zid="z_11"><PopisStavby>Heliport stanford</PopisStavby><JmenoOsoby><Jmeno>James</Jmeno><Prijmeni>Cameron</Prijmeni></JmenoOsoby><Adresa><Ulice>Shakespeare street</Ulice><CisloPopisne>25</CisloPopisne><Obec>Stanford</Obec><PSC>254 22</PSC></Adresa></Zakazka></Zakazky>
	
</StavebniFirma>