<?xml version="1.0" encoding="UTF-8"?>
<StrukturaLigy><!--Rekurzivni rozdeleni ligy na konference, divize a jednotlive tymy--><cast>
      <Nazev>Zapadni konference</Nazev>
      <PocetPodcasti>3</PocetPodcasti>
      <Podcasti>
         <cast>
            <Nazev>Centralni divize</Nazev>
            <PocetPodcasti>5</PocetPodcasti>
            <Podcasti>
               <cast>
                  <Nazev>St. Louis Blues</Nazev>
                  <PocetPodcasti>0</PocetPodcasti>
                  <Podcasti/>
               </cast>
               <cast>
                  <Nazev>Nashville Predators</Nazev>
                  <PocetPodcasti>0</PocetPodcasti>
                  <Podcasti/>
               </cast>
               <cast>
                  <Nazev>Detroit Red Wings</Nazev>
                  <PocetPodcasti>0</PocetPodcasti>
                  <Podcasti/>
               </cast>
               <cast>
                  <Nazev>Chicago Blackhawks</Nazev>
                  <PocetPodcasti>0</PocetPodcasti>
                  <Podcasti/>
               </cast>
               <cast>
                  <Nazev>Columbus Blue Jackets</Nazev>
                  <PocetPodcasti>0</PocetPodcasti>
                  <Podcasti/>
               </cast>
            </Podcasti>
         </cast>
         <cast>
            <Nazev>Severozapadni divize</Nazev>
            <PocetPodcasti>5</PocetPodcasti>
            <Podcasti>
               <cast>
                  <Nazev>Vancouver Canucks</Nazev>
                  <PocetPodcasti>0</PocetPodcasti>
                  <Podcasti/>
               </cast>
               <cast>
                  <Nazev>Calgary Flames</Nazev>
                  <PocetPodcasti>0</PocetPodcasti>
                  <Podcasti/>
               </cast>
               <cast>
                  <Nazev>Colorado Avalanche</Nazev>
                  <PocetPodcasti>0</PocetPodcasti>
                  <Podcasti/>
               </cast>
               <cast>
                  <Nazev>Minnesota Wild</Nazev>
                  <PocetPodcasti>0</PocetPodcasti>
                  <Podcasti/>
               </cast>
               <cast>
                  <Nazev>Edmonton Oilers</Nazev>
                  <PocetPodcasti>0</PocetPodcasti>
                  <Podcasti/>
               </cast>
            </Podcasti>
         </cast>
         <cast>
            <Nazev>Pacificka divize</Nazev>
            <PocetPodcasti>5</PocetPodcasti>
            <Podcasti>
               <cast>
                  <Nazev>Phoenix Coyotes</Nazev>
                  <PocetPodcasti>0</PocetPodcasti>
                  <Podcasti/>
               </cast>
               <cast>
                  <Nazev>San Jose Sharks</Nazev>
                  <PocetPodcasti>0</PocetPodcasti>
                  <Podcasti/>
               </cast>
               <cast>
                  <Nazev>Los Angeles Kings</Nazev>
                  <PocetPodcasti>0</PocetPodcasti>
                  <Podcasti/>
               </cast>
               <cast>
                  <Nazev>Dallas Stars</Nazev>
                  <PocetPodcasti>0</PocetPodcasti>
                  <Podcasti/>
               </cast>
               <cast>
                  <Nazev>Anaheim Ducks</Nazev>
                  <PocetPodcasti>0</PocetPodcasti>
                  <Podcasti/>
               </cast>
            </Podcasti>
         </cast>
      </Podcasti>
   </cast>
   <cast>
      <Nazev>Vychodni konference</Nazev>
      <PocetPodcasti>3</PocetPodcasti>
      <Podcasti>
         <cast>
            <Nazev>Atlanticka divize</Nazev>
            <PocetPodcasti>5</PocetPodcasti>
            <Podcasti>
               <cast>
                  <Nazev>NY Rangers</Nazev>
                  <PocetPodcasti>0</PocetPodcasti>
                  <Podcasti/>
               </cast>
               <cast>
                  <Nazev>Pittsburgh Penguins</Nazev>
                  <PocetPodcasti>0</PocetPodcasti>
                  <Podcasti/>
               </cast>
               <cast>
                  <Nazev>Philadelphia Flyers</Nazev>
                  <PocetPodcasti>0</PocetPodcasti>
                  <Podcasti/>
               </cast>
               <cast>
                  <Nazev>New Jersey Devils</Nazev>
                  <PocetPodcasti>0</PocetPodcasti>
                  <Podcasti/>
               </cast>
               <cast>
                  <Nazev>NY Islanders</Nazev>
                  <PocetPodcasti>0</PocetPodcasti>
                  <Podcasti/>
               </cast>
            </Podcasti>
         </cast>
         <cast>
            <Nazev>Severovychodni divize</Nazev>
            <PocetPodcasti>5</PocetPodcasti>
            <Podcasti>
               <cast>
                  <Nazev>Boston Bruins</Nazev>
                  <PocetPodcasti>0</PocetPodcasti>
                  <Podcasti/>
               </cast>
               <cast>
                  <Nazev>Ottawa Senators</Nazev>
                  <PocetPodcasti>0</PocetPodcasti>
                  <Podcasti/>
               </cast>
               <cast>
                  <Nazev>Buffalo Sabres</Nazev>
                  <PocetPodcasti>0</PocetPodcasti>
                  <Podcasti/>
               </cast>
               <cast>
                  <Nazev>Toronto Maple Leafs</Nazev>
                  <PocetPodcasti>0</PocetPodcasti>
                  <Podcasti/>
               </cast>
               <cast>
                  <Nazev>Montreal Canadiens</Nazev>
                  <PocetPodcasti>0</PocetPodcasti>
                  <Podcasti/>
               </cast>
            </Podcasti>
         </cast>
         <cast>
            <Nazev>Jihovychodni divize</Nazev>
            <PocetPodcasti>5</PocetPodcasti>
            <Podcasti>
               <cast>
                  <Nazev>Florida Panthers</Nazev>
                  <PocetPodcasti>0</PocetPodcasti>
                  <Podcasti/>
               </cast>
               <cast>
                  <Nazev>Washington Capitals</Nazev>
                  <PocetPodcasti>0</PocetPodcasti>
                  <Podcasti/>
               </cast>
               <cast>
                  <Nazev>Tampa Bay Lightning</Nazev>
                  <PocetPodcasti>0</PocetPodcasti>
                  <Podcasti/>
               </cast>
               <cast>
                  <Nazev>Winnipeg Jets</Nazev>
                  <PocetPodcasti>0</PocetPodcasti>
                  <Podcasti/>
               </cast>
               <cast>
                  <Nazev>Carolina Hurricanes</Nazev>
                  <PocetPodcasti>0</PocetPodcasti>
                  <Podcasti/>
               </cast>
            </Podcasti>
         </cast>
      </Podcasti>
   </cast>
</StrukturaLigy>