<?xml version="1.0" encoding="UTF-8"?>
<Videozaznamy><!--Vypise videozaznamy ze zapasu, ktere jsou dohormady delsi nez 50 minut a kazdy ma zaroven vice nez 20 minut.--><ZapasSDlouhymZaznamem><!--Pokud v danem zapase hrala CR, tak se vytvori specialni element, pokud ne, vytvori se element ostatnich zaznamu--><DlouhyZaznamZapasuCR>
         <Videozaznam xmlns:xsi="http://www.w3.org/2001/XMLSchema-instance" cesta="video1.avi"
                      delka="51">Video1</Videozaznam>
      </DlouhyZaznamZapasuCR>
   </ZapasSDlouhymZaznamem>
   <ZapasSDlouhymZaznamem><!--Pokud v danem zapase hrala CR, tak se vytvori specialni element, pokud ne, vytvori se element ostatnich zaznamu--><OstatniDlouheZaznamy>
         <Videozaznam xmlns:xsi="http://www.w3.org/2001/XMLSchema-instance" cesta="video1.avi"
                      delka="116">Video1</Videozaznam>
         <Videozaznam xmlns:xsi="http://www.w3.org/2001/XMLSchema-instance" cesta="video2.avi"
                      delka="21">Video2</Videozaznam>
      </OstatniDlouheZaznamy>
   </ZapasSDlouhymZaznamem>
</Videozaznamy>