<?xml version="1.0" encoding="UTF-8"?>
<SeznamOsob><!--Dotaz vypise vsecnhy osoby pohybujici se v okoli hokeje--><Osoba><!--Vypise trenery a informace o nich--><Jmeno>Alois</Jmeno>
      <Prijmeni>Hadamczik</Prijmeni>
      <Vek>52</Vek> let 		
</Osoba>
   <Osoba><!--Vypise trenery a informace o nich--><Jmeno>Vjaceslav</Jmeno>
      <Prijmeni> Bykov</Prijmeni>
      <Vek>53</Vek> let 		
</Osoba>
   <Osoba><!--Vypise trenery a informace o nich--><Jmeno>Juka</Jmeno>
      <Prijmeni>Jahonnen</Prijmeni>
      <Vek>58</Vek> let 		
</Osoba>
   <Osoba><!--Vypise trenery a informace o nich--><Jmeno>Ben Oke</Jmeno>
      <Prijmeni> Gustavson</Prijmeni>
      <Vek>48</Vek> let 		
</Osoba>
   <Osoba><!--Vypise kapitany a informace o nich--><Jmeno>Tomas</Jmeno>
      <Prijmeni>Rolinek</Prijmeni>
      <Vek>32</Vek> let 		
</Osoba>
   <Osoba><!--Vypise kapitany a informace o nich--><Jmeno>Alexander</Jmeno>
      <Prijmeni>Radulov</Prijmeni>
      <Vek>26</Vek> let 		
</Osoba>
   <Osoba><!--Vypise kapitany a informace o nich--><Jmeno>Oli</Jmeno>
      <Prijmeni>Jokinen</Prijmeni>
      <Vek>28</Vek> let 		
</Osoba>
   <Osoba><!--Vypise kapitany a informace o nich--><Jmeno>Mats</Jmeno>
      <Prijmeni>Sundin</Prijmeni>
      <Vek>40</Vek> let 		
</Osoba>
   <Osoba><!--Vypise rozhodci a informace o nich--><Jmeno>Josef</Jmeno>
      <Prijmeni>Mlynar</Prijmeni>
      <Vek>51</Vek> let 		
</Osoba>
   <Osoba><!--Vypise rozhodci a informace o nich--><Jmeno>Dimitri</Jmeno>
      <Prijmeni>Guskulov</Prijmeni>
      <Vek>38</Vek> let 		
</Osoba>
   <Osoba><!--Vypise rozhodci a informace o nich--><Jmeno>Jarri</Jmeno>
      <Prijmeni>Latvala</Prijmeni>
      <Vek>54</Vek> let 		
</Osoba>
   <Osoba><!--Vypise rozhodci a informace o nich--><Jmeno>Martin</Jmeno>
      <Prijmeni>Hradil</Prijmeni>
      <Vek>31</Vek> let 		
</Osoba>
</SeznamOsob>