<html>
   <!--Dotaz vypise vsechny tymy. K tymum vytvori tabulku a vypise vsechny hrane zapasy daneho tymu, plus jejich vysledku. Vystup dotazu je v XHTML-->
   <head>
      <meta http-equiv="Content-Type" content="text/html; charset=UTF-8">
      <title>Tymy a jejich zapasy</title>
   </head>
   <body>
      <!--Projde vsechny tymy-->
      <table border="2">
         <thead>
            <Nazev>Ceska republika</Nazev>
         </thead>
         <tr>
            <td align="center" width="200">Zapasy</td>
            <td align="center" width="50">Goly</td>
         </tr>
         <!--Vybere zapas, jehoz se dany tym ucastnil-->
         <tr>
            <!--Vse se zapise do tabulky-->
            <td>
               <JmenoTymu xmlns:xsi="http://www.w3.org/2001/XMLSchema-instance">Ceska republika</JmenoTymu> : 
               <JmenoTymu xmlns:xsi="http://www.w3.org/2001/XMLSchema-instance">Rusko</JmenoTymu>
            </td>
            <td align="center">
               <Goly xmlns:xsi="http://www.w3.org/2001/XMLSchema-instance">5</Goly> : 
               <Goly xmlns:xsi="http://www.w3.org/2001/XMLSchema-instance">2</Goly>
            </td>
         </tr>
         <tr>
            <!--Vse se zapise do tabulky-->
            <td>
               <JmenoTymu xmlns:xsi="http://www.w3.org/2001/XMLSchema-instance">Ceska republika</JmenoTymu> : 
               <JmenoTymu xmlns:xsi="http://www.w3.org/2001/XMLSchema-instance">Svedsko</JmenoTymu>
            </td>
            <td align="center">
               <Goly xmlns:xsi="http://www.w3.org/2001/XMLSchema-instance">4</Goly> : 
               <Goly xmlns:xsi="http://www.w3.org/2001/XMLSchema-instance">2</Goly>
            </td>
         </tr>
         <tr>
            <!--Vse se zapise do tabulky-->
            <td>
               <JmenoTymu xmlns:xsi="http://www.w3.org/2001/XMLSchema-instance">Ceska republika</JmenoTymu> : 
               <JmenoTymu xmlns:xsi="http://www.w3.org/2001/XMLSchema-instance">Finsko</JmenoTymu>
            </td>
            <td align="center">
               <Goly xmlns:xsi="http://www.w3.org/2001/XMLSchema-instance">3</Goly> : 
               <Goly xmlns:xsi="http://www.w3.org/2001/XMLSchema-instance">1</Goly>
            </td>
         </tr>
      </table>
      <table border="2">
         <thead>
            <Nazev>Finsko</Nazev>
         </thead>
         <tr>
            <td align="center" width="200">Zapasy</td>
            <td align="center" width="50">Goly</td>
         </tr>
         <!--Vybere zapas, jehoz se dany tym ucastnil-->
         <tr>
            <!--Vse se zapise do tabulky-->
            <td>
               <JmenoTymu xmlns:xsi="http://www.w3.org/2001/XMLSchema-instance">Finsko</JmenoTymu> : 
               <JmenoTymu xmlns:xsi="http://www.w3.org/2001/XMLSchema-instance">Svedsko</JmenoTymu>
            </td>
            <td align="center">
               <Goly xmlns:xsi="http://www.w3.org/2001/XMLSchema-instance">3</Goly> : 
               <Goly xmlns:xsi="http://www.w3.org/2001/XMLSchema-instance">1</Goly>
            </td>
         </tr>
         <tr>
            <!--Vse se zapise do tabulky-->
            <td>
               <JmenoTymu xmlns:xsi="http://www.w3.org/2001/XMLSchema-instance">Finsko</JmenoTymu> : 
               <JmenoTymu xmlns:xsi="http://www.w3.org/2001/XMLSchema-instance">Rusko</JmenoTymu>
            </td>
            <td align="center">
               <Goly xmlns:xsi="http://www.w3.org/2001/XMLSchema-instance">1</Goly> : 
               <Goly xmlns:xsi="http://www.w3.org/2001/XMLSchema-instance">5</Goly>
            </td>
         </tr>
         <tr>
            <!--Vse se zapise do tabulky-->
            <td>
               <JmenoTymu xmlns:xsi="http://www.w3.org/2001/XMLSchema-instance">Ceska republika</JmenoTymu> : 
               <JmenoTymu xmlns:xsi="http://www.w3.org/2001/XMLSchema-instance">Finsko</JmenoTymu>
            </td>
            <td align="center">
               <Goly xmlns:xsi="http://www.w3.org/2001/XMLSchema-instance">3</Goly> : 
               <Goly xmlns:xsi="http://www.w3.org/2001/XMLSchema-instance">1</Goly>
            </td>
         </tr>
      </table>
      <table border="2">
         <thead>
            <Nazev>Rusko</Nazev>
         </thead>
         <tr>
            <td align="center" width="200">Zapasy</td>
            <td align="center" width="50">Goly</td>
         </tr>
         <!--Vybere zapas, jehoz se dany tym ucastnil-->
         <tr>
            <!--Vse se zapise do tabulky-->
            <td>
               <JmenoTymu xmlns:xsi="http://www.w3.org/2001/XMLSchema-instance">Ceska republika</JmenoTymu> : 
               <JmenoTymu xmlns:xsi="http://www.w3.org/2001/XMLSchema-instance">Rusko</JmenoTymu>
            </td>
            <td align="center">
               <Goly xmlns:xsi="http://www.w3.org/2001/XMLSchema-instance">5</Goly> : 
               <Goly xmlns:xsi="http://www.w3.org/2001/XMLSchema-instance">2</Goly>
            </td>
         </tr>
         <tr>
            <!--Vse se zapise do tabulky-->
            <td>
               <JmenoTymu xmlns:xsi="http://www.w3.org/2001/XMLSchema-instance">Finsko</JmenoTymu> : 
               <JmenoTymu xmlns:xsi="http://www.w3.org/2001/XMLSchema-instance">Rusko</JmenoTymu>
            </td>
            <td align="center">
               <Goly xmlns:xsi="http://www.w3.org/2001/XMLSchema-instance">1</Goly> : 
               <Goly xmlns:xsi="http://www.w3.org/2001/XMLSchema-instance">5</Goly>
            </td>
         </tr>
         <tr>
            <!--Vse se zapise do tabulky-->
            <td>
               <JmenoTymu xmlns:xsi="http://www.w3.org/2001/XMLSchema-instance">Rusko</JmenoTymu> : 
               <JmenoTymu xmlns:xsi="http://www.w3.org/2001/XMLSchema-instance">Svedsko</JmenoTymu>
            </td>
            <td align="center">
               <Goly xmlns:xsi="http://www.w3.org/2001/XMLSchema-instance">1</Goly> : 
               <Goly xmlns:xsi="http://www.w3.org/2001/XMLSchema-instance">3</Goly>
            </td>
         </tr>
      </table>
      <table border="2">
         <thead>
            <Nazev>Svedsko</Nazev>
         </thead>
         <tr>
            <td align="center" width="200">Zapasy</td>
            <td align="center" width="50">Goly</td>
         </tr>
         <!--Vybere zapas, jehoz se dany tym ucastnil-->
         <tr>
            <!--Vse se zapise do tabulky-->
            <td>
               <JmenoTymu xmlns:xsi="http://www.w3.org/2001/XMLSchema-instance">Finsko</JmenoTymu> : 
               <JmenoTymu xmlns:xsi="http://www.w3.org/2001/XMLSchema-instance">Svedsko</JmenoTymu>
            </td>
            <td align="center">
               <Goly xmlns:xsi="http://www.w3.org/2001/XMLSchema-instance">3</Goly> : 
               <Goly xmlns:xsi="http://www.w3.org/2001/XMLSchema-instance">1</Goly>
            </td>
         </tr>
         <tr>
            <!--Vse se zapise do tabulky-->
            <td>
               <JmenoTymu xmlns:xsi="http://www.w3.org/2001/XMLSchema-instance">Ceska republika</JmenoTymu> : 
               <JmenoTymu xmlns:xsi="http://www.w3.org/2001/XMLSchema-instance">Svedsko</JmenoTymu>
            </td>
            <td align="center">
               <Goly xmlns:xsi="http://www.w3.org/2001/XMLSchema-instance">4</Goly> : 
               <Goly xmlns:xsi="http://www.w3.org/2001/XMLSchema-instance">2</Goly>
            </td>
         </tr>
         <tr>
            <!--Vse se zapise do tabulky-->
            <td>
               <JmenoTymu xmlns:xsi="http://www.w3.org/2001/XMLSchema-instance">Rusko</JmenoTymu> : 
               <JmenoTymu xmlns:xsi="http://www.w3.org/2001/XMLSchema-instance">Svedsko</JmenoTymu>
            </td>
            <td align="center">
               <Goly xmlns:xsi="http://www.w3.org/2001/XMLSchema-instance">1</Goly> : 
               <Goly xmlns:xsi="http://www.w3.org/2001/XMLSchema-instance">3</Goly>
            </td>
         </tr>
      </table>
   </body>
</html>