<?xml version="1.0" encoding="UTF-8" standalone="no"?><bookstore>
	<!-- catalog of books -->
	<catalog>
		<book>
			<title>N?kaza</title>
			<title_original>The Fall</title_original>
			<authors>
				<author>Guillermo del Toro</author>
				<author>Chuck Hogan</author>
			</authors>
			<categories>
				<category>Adventure</category>
				<category>Thriller</category>
			</categories>
			<price>11.12 EUR</price>
		<isbn>i9788055123622</isbn><instock>yes</instock></book>
		<book>
			<title>One day</title>
			<title_original>One day</title_original>
			<authors>
				<author>David Nicholls</author>
			</authors>
			<categories>
				<category>Drama</category>
			</categories>
			<price>7.40 EUR</price>
		<isbn>i9780340896969</isbn><instock>yes</instock></book>
		<book>
			<title>M?sta ?esk? historie</title>
			<title_original>M?sta ?esk? historie</title_original>
			<categories>
				<category>History</category>
			</categories>
			<price>11.29 EUR</price>
		<isbn>i9788073461249</isbn><instock>no</instock></book>
		<book>
			<title>Lektorsk? finty</title>
			<title_original>Lektorsk? finty</title_original>
			<categories>
				<category>Coursebook</category>
			</categories>
			<price>5.68 EUR</price>
		<isbn>i9788024736754</isbn><instock>no</instock></book>
		<book>
			<title>Prekliate miesto</title>
			<authors>
				<author>Fred Vargas</author>
			</authors>
			<categories>
				<category>Fantasy</category>
			</categories>
			<price>8.86 EUR</price>
		<isbn>i9788080856816</isbn><instock>no</instock></book>
		<book>
			<title>Rusk? elita</title>
			<categories>
				<category>History</category>
			</categories>
			<price>7.79 EUR</price>
		<isbn>i9788020611833</isbn><instock>yes</instock></book>
		<book>
			<title>Ohl?sen? vra?da</title>
			<authors>
				<author>Agatha Christie</author>
			</authors>
			<categories>
				<category>Crime</category>
			</categories>
			<price>3.62 EUR</price>
		<isbn>i9788022013932</isbn><instock>yes</instock></book>
	</catalog>
</bookstore>