<?xml version="1.0" encoding="UTF-8"?>
<diff>
   <skladba kde="AB">
      <jmeno>Margaretha</jmeno>
      <skladatel>Erasmus Widmann</skladatel>
   </skladba>
   <skladba kde="AB">
      <jmeno>Anna</jmeno>
      <skladatel>Erasmus Widmann</skladatel>
   </skladba>
   <skladba kde="AB">
      <jmeno>4. Psalm 118 </jmeno>
      <skladatel>Jacob van Eyck</skladatel>
   </skladba>
   <skladba kde="AB">
      <jmeno>10. Sarabande</jmeno>
      <skladatel>Jacob van Eyck</skladatel>
   </skladba>
   <skladba kde="AB">
      <jmeno>19. Psalm 68</jmeno>
      <skladatel>Jacob van Eyck</skladatel>
   </skladba>
   <skladba kde="AB">
      <jmeno>20. l'Amie Cillæ</jmeno>
      <skladatel>Jacob van Eyck</skladatel>
   </skladba>
   <skladba kde="AB">
      <jmeno>28. Engels Nachtegaeltje</jmeno>
      <skladatel>Jacob van Eyck</skladatel>
   </skladba>
   <skladba kde="AB">
      <jmeno>29. Ach Moorderesse</jmeno>
      <skladatel>Jacob van Eyck</skladatel>
   </skladba>
   <skladba kde="AB">
      <jmeno>30. Lanterlu</jmeno>
      <skladatel>Jacob van Eyck</skladatel>
   </skladba>
   <skladba kde="AB">
      <jmeno>38. Engels Lied</jmeno>
      <skladatel>Jacob van Eyck</skladatel>
   </skladba>
   <skladba kde="AB">
      <jmeno>39. Philis quam Philander tegen</jmeno>
      <skladatel>Jacob van Eyck</skladatel>
   </skladba>
   <skladba kde="AB">
      <jmeno>Tutti venite amati</jmeno>
      <skladatel>Giovanni Gastoldi</skladatel>
   </skladba>
   <skladba kde="AB">
      <jmeno>Bransle double</jmeno>
      <skladatel>Michael Praetorius</skladatel>
   </skladba>
   <skladba kde="AB">
      <jmeno>Almande pousinghe</jmeno>
      <skladatel>Pierre Phalèse</skladatel>
   </skladba>
   <skladba kde="AB">
      <jmeno>Galliarde: Aujoly boys</jmeno>
      <skladatel>Pierre Phalèse</skladatel>
   </skladba>
   <skladba kde="AB">
      <jmeno>Allemande und Tripla</jmeno>
      <skladatel>Johann Hermann Schein</skladatel>
   </skladba>
   <skladba kde="AB">
      <jmeno>Courante</jmeno>
      <skladatel>Thomas Simpson</skladatel>
   </skladba>
   <skladba kde="AB">
      <jmeno>Volta</jmeno>
      <skladatel>Thomas Simpson</skladatel>
   </skladba>
   <skladba kde="A">
      <jmeno>3</jmeno>
      <skladatel>John Adson</skladatel>
   </skladba>
   <skladba kde="A">
      <jmeno>Daphne</jmeno>
      <skladatel>anonym</skladatel>
   </skladba>
   <skladba kde="A">
      <jmeno>Pavane et Galiarde</jmeno>
      <skladatel>anonym</skladatel>
   </skladba>
   <skladba kde="A">
      <jmeno>Felicitas</jmeno>
      <skladatel>Erasmus Widmann</skladatel>
   </skladba>
   <skladba kde="A">
      <jmeno>Catharina</jmeno>
      <skladatel>Erasmus Widmann</skladatel>
   </skladba>
   <skladba kde="A">
      <jmeno>Barbara</jmeno>
      <skladatel>Erasmus Widmann</skladatel>
   </skladba>
   <skladba kde="A">
      <jmeno>1. Preludium of Voorspel</jmeno>
      <skladatel>Jacob van Eyck</skladatel>
   </skladba>
   <skladba kde="A">
      <jmeno>4* Psalm 118 (1644 version)</jmeno>
      <skladatel>Jacob van Eyck</skladatel>
   </skladba>
   <skladba kde="A">
      <jmeno>5. Malle Symen (Malsimmes)</jmeno>
      <skladatel>Jacob van Eyck</skladatel>
   </skladba>
   <skladba kde="A">
      <jmeno>8. Pavaen Lachrymæ</jmeno>
      <skladatel>Jacob van Eyck</skladatel>
   </skladba>
   <skladba kde="A">
      <jmeno>9. Lavignone </jmeno>
      <skladatel>Jacob van Eyck</skladatel>
   </skladba>
   <skladba kde="A">
      <jmeno>13. d'Lof-zangh Marie</jmeno>
      <skladatel>Jacob van Eyck</skladatel>
   </skladba>
   <skladba kde="A">
      <jmeno>14. Frans Ballet</jmeno>
      <skladatel>Jacob van Eyck</skladatel>
   </skladba>
   <skladba kde="A">
      <jmeno>15. Stil, stil een reys</jmeno>
      <skladatel>Jacob van Eyck</skladatel>
   </skladba>
   <skladba kde="A">
      <jmeno>18. Onan of Tanneken</jmeno>
      <skladatel>Jacob van Eyck</skladatel>
   </skladba>
   <skladba kde="A">
      <jmeno>23. Van Goosen</jmeno>
      <skladatel>Jacob van Eyck</skladatel>
   </skladba>
   <skladba kde="A">
      <jmeno>24. Si vous me voules guerir</jmeno>
      <skladatel>Jacob van Eyck</skladatel>
   </skladba>
   <skladba kde="A">
      <jmeno>25. Courante</jmeno>
      <skladatel>Jacob van Eyck</skladatel>
   </skladba>
   <skladba kde="A">
      <jmeno>33. Comagain</jmeno>
      <skladatel>Jacob van Eyck</skladatel>
   </skladba>
   <skladba kde="A">
      <jmeno>34. Courant </jmeno>
      <skladatel>Jacob van Eyck</skladatel>
   </skladba>
   <skladba kde="A">
      <jmeno>35. Tweede Daphne </jmeno>
      <skladatel>Jacob van Eyck</skladatel>
   </skladba>
   <skladba kde="A">
      <jmeno>40. Al hebben de Princen hare</jmeno>
      <skladatel>Jacob van Eyck</skladatel>
   </skladba>
   <skladba kde="A">
      <jmeno>43. Wilhelmus van Nassouwen</jmeno>
      <skladatel>Jacob van Eyck</skladatel>
   </skladba>
   <skladba kde="A">
      <jmeno>44. Noch een veranderingh van Wilhelmus</jmeno>
      <skladatel>Jacob van Eyck</skladatel>
   </skladba>
   <skladba kde="A">
      <jmeno>45. Meysje wilje by</jmeno>
      <skladatel>Jacob van Eyck</skladatel>
   </skladba>
   <skladba kde="A">
      <jmeno>Drei deutsche Tänze</jmeno>
      <skladatel>Valentin Hausmann</skladatel>
   </skladba>
   <skladba kde="A">
      <jmeno>Intermezzo</jmeno>
      <skladatel>anonym</skladatel>
   </skladba>
   <skladba kde="A">
      <jmeno>Bransle de montirandé</jmeno>
      <skladatel>Michael Praetorius</skladatel>
   </skladba>
   <skladba kde="A">
      <jmeno>Bransle simple</jmeno>
      <skladatel>Michael Praetorius</skladatel>
   </skladba>
   <skladba kde="A">
      <jmeno>My Robin is the greenwood gone</jmeno>
      <skladatel>anonym</skladatel>
   </skladba>
   <skladba kde="A">
      <jmeno>Strawberry Leaves</jmeno>
      <skladatel>anonym</skladatel>
   </skladba>
   <skladba kde="A">
      <jmeno>Die schöne Lilien</jmeno>
      <skladatel>anonym</skladatel>
   </skladba>
   <skladba kde="A">
      <jmeno>Adiago</jmeno>
      <skladatel>Franz Rossel</skladatel>
   </skladba>
   <skladba kde="A">
      <jmeno>Menuett</jmeno>
      <skladatel>Johann Sebastian Bach</skladatel>
   </skladba>
   <skladba kde="A">
      <jmeno>Choral from cantata No 119</jmeno>
      <skladatel>Johann Sebastian Bach</skladatel>
   </skladba>
   <skladba kde="A">
      <jmeno>Primo Tono</jmeno>
      <skladatel>Giovanni Pierluigi da Palestrina</skladatel>
   </skladba>
   <skladba kde="A">
      <jmeno>Galliarda</jmeno>
      <skladatel>Johann Staden</skladatel>
   </skladba>
   <skladba kde="A">
      <jmeno>Couranta</jmeno>
      <skladatel>Johann Staden</skladatel>
   </skladba>
   <skladba kde="B">
      <jmeno>Tickle my toe</jmeno>
      <skladatel>anonym</skladatel>
   </skladba>
   <skladba kde="B">
      <jmeno>A toy</jmeno>
      <skladatel>anonym</skladatel>
   </skladba>
   <skladba kde="B">
      <jmeno>La Cattarina á 2. Violiny</jmeno>
      <skladatel>Tarquinio Merula</skladatel>
   </skladba>
   <skladba kde="B">
      <jmeno>2. Onse Vader in Hemelryck</jmeno>
      <skladatel>Jacob van Eyck</skladatel>
   </skladba>
   <skladba kde="B">
      <jmeno>3. Doen Daphne d'over schoone Maeght</jmeno>
      <skladatel>Jacob van Eyck</skladatel>
   </skladba>
   <skladba kde="B">
      <jmeno>11. Rosemont </jmeno>
      <skladatel>Jacob van Eyck</skladatel>
   </skladba>
   <skladba kde="B">
      <jmeno>12. Courant, of Ach treurt myn bedroefde</jmeno>
      <skladatel>Jacob van Eyck</skladatel>
   </skladba>
   <skladba kde="B">
      <jmeno>21. Bravade</jmeno>
      <skladatel>Jacob van Eyck</skladatel>
   </skladba>
   <skladba kde="B">
      <jmeno>37. Lus de mi alma</jmeno>
      <skladatel>Jacob van Eyck</skladatel>
   </skladba>
   <skladba kde="B">
      <jmeno>46. Courante Mars</jmeno>
      <skladatel>Jacob van Eyck</skladatel>
   </skladba>
   <skladba kde="B">
      <jmeno>Canzon Decima</jmeno>
      <skladatel>Girolamo Frescobaldi</skladatel>
   </skladba>
</diff>