<?xml version="1.0" encoding="UTF-8" standalone="no"?><evidence>
    <media>
        <medium idMedia="m2" reziser="chrino" zanr="filmovy">
            <nosic>DVD</nosic>
            <titul>Batman zacina</titul>
            <vydani>2005</vydani>
            <delka jednotka="min">140</delka>
        </medium><medium idMedia="m5" reziser="chrino" zanr="filmovy">
            <nosic>CD</nosic>
            <titul>Batman zacina</titul>
            <vydani>2005</vydani>
            <delka jednotka="min">140</delka>
        </medium><medium idMedia="m4" zanr="hudebni">
            <nosic>CD</nosic>
            <titul>Western Dream</titul>
            <vydani>2006</vydani>
        </medium>
        
        
        
        
    </media>
    <osoby>
        <osoba idOsoby="bryada">
            <jmeno>Bryan</jmeno>
            <prijmeni>Adams</prijmeni>
            <narozen>1975</narozen>
            <narodnost>CAN;</narodnost>
            <kontakt>
                <email>bryada@evidence.cz</email>
                <telefon>728672987</telefon>
                <telefon>241744093</telefon>
                <web>http://bryada.com</web>
                <bydliste>
                    <ulice>K tankodromu
                        <cp>49</cp>
                    </ulice>
                    <obec>Praha
                        <psc>14800</psc>
                    </obec>
                    <stat>CR;</stat>
                </bydliste>
            </kontakt>
            <zanry>Rock,Soft-Rock</zanry>
            <nastroje>Zpev, baskytara, kytara, piano, harmonika</nastroje>
            <prvni_album><![CDATA[If>Wishes>Were>Horses]]>
            </prvni_album>
            <oceneni>Order of Canada, Order of British Columbia</oceneni>
            <poznamka>Je zajimave, ze uz v 15 letech ukoncil skolu. V zacatcich si vydelaval mytim nadobi, jako prodavac ve zverimexu nebo v obchodu s hudbou.</poznamka>
        <role>interpret</role></osoba>
        <osoba idOsoby="chrino">
            <jmeno>Christopher</jmeno>
            <prijmeni>Nolan</prijmeni>
            <narozen>1970</narozen>
            <narodnost>GB;</narodnost>
            <kontakt>
                <telefon>372183458</telefon>
                <web>http://chrino.com</web>
                <bydliste>
                    <ulice>K pristavisti
                        <cp>454</cp>
                    </ulice>
                    <obec>Brno
                        <psc>57001</psc>
                    </obec>
                    <stat>GB;</stat>
                </bydliste>
            </kontakt>
        <role>reziser</role></osoba>
        <osoba idOsoby="bobsin">
            <jmeno>Bob</jmeno>
            <prijmeni>Sinclair</prijmeni>
            <narozen>1986</narozen>
            <narodnost>FRA;</narodnost>
            <kontakt>
                <email>bobsin@evidence.cz</email>
                <telefon>792632987</telefon>
                <telefon>241774993</telefon>
                <web>http://bobsin.com</web>
                <bydliste>
                    <ulice>K dolum
                        <cp>49</cp>
                    </ulice>
                    <obec>Praha
                        <psc>14800</psc>
                    </obec>
                    <stat>CR;</stat>
                </bydliste>
            </kontakt>
        <role>interpret</role></osoba>
    </osoby>
    <pisne>
        <pisen album="m1" interpret="bryada">
            <titul>I'm Ready</titul>
            <delka jednotka="sec">265</delka>
            <vydani>1983</vydani>
        </pisen>
        <pisen album="m1" interpret="bryada">
            <titul>Back To You</titul>
            <delka jednotka="sec">235</delka>
            <vydani>1986</vydani>
        </pisen>
        <pisen album="m1" interpret="bryada">
            <titul>Summer Of '69</titul>
            <delka jednotka="sec">213</delka>
            <vydani>1985</vydani>
            <soubor umisteni="mp3/summer_off_'69"/>
        </pisen>
        <pisen album="m4" interpret="bobsin">
            <titul>Love Generation</titul>
            <delka jednotka="sec">243</delka>
            <vydani>2005</vydani>
        </pisen>
        <pisen album="m4" interpret="bobsin">
            <titul>Sing my song</titul>
            <delka jednotka="sec">285</delka>
            <vydani>2004</vydani>
        </pisen>
    </pisne>
</evidence>