<html>
   <head>
      <meta http-equiv="Content-Type" content="text/html; charset=UTF-8">
      <title>DVDs and FILMs</title>
   </head>
   <body>
      <h1>DVDs</h1>
      <div>
         <p>Name: 3000 Miles to Graceland</p>
         <p>Genre: action</p>
         <p>No info about director.</p>
      </div>
      <div>
         <p>Name: 16 Blocks</p>
         <p>Genre: action</p>
         <p>No info about director.</p>
      </div>
      <div>
         <p>Name: Gone in Sixty Seconds</p>
         <p>Genre: action</p>
         <p>Director: Dominic Sena</p>
      </div>
      <div>
         <p>Name: Big Momma's House 2</p>
         <p>Genre: comedy</p>
         <p>No info about director.</p>
      </div>
      <div>
         <p>Name: Original Sin</p>
         <p>Genre: drama</p>
         <p>No info about director.</p>
      </div>
      <div>
         <p>Name: 300 Thermopyl's</p>
         <p>Genre: fantasy</p>
         <p>No info about director.</p>
      </div>
      <div>
         <p>Name: Amytville Horor</p>
         <p>Genre: horor</p>
         <p>No info about director.</p>
      </div>
      <div>
         <p>Name: 5th element</p>
         <p>Genre: sci-fi</p>
         <p>No info about director.</p>
      </div>
      <div>
         <p>Name: Aeon Flux</p>
         <p>Genre: sci-fi</p>
         <p>No info about director.</p>
      </div>
      <div>
         <p>Name: Bicenntial Man</p>
         <p>Genre: sci-fi</p>
         <p>Director: Chris Columbus</p>
      </div>
      <div>
         <p>Name: I, Robot</p>
         <p>Genre: sci-fi</p>
         <p>Director: Alex Proyas</p>
      </div>
      <div>
         <p>Name: Great Raid</p>
         <p>Genre: war</p>
         <p>No info about director.</p>
      </div>
      <h1>FILMs</h1>
      <div>
         <p>Name: Crow</p>
         <p>Genre: fantasy</p>
         <p>Director: Alex Proyas</p>
      </div>
      <div>
         <p>Name: Iron Man</p>
         <p>Genre: sci-fi</p>
         <p>Director: Jon Favreau</p>
      </div>
   </body>
</html>