<?xml version="1.0" encoding="UTF-8"?><html xmlns="http://www.w3.org/1999/xhtml" xml:lang="en" lang="en">
   <head>
      <meta http-equiv="Content-Type" content="text/html; charset=UTF-8" />
      <title>Prelezene cesty, jejichz kazdy prelezce byl v klubu "HO-Klada"</title>
   </head>
   <body>
      <h1>HO-Klada</h1>
      <div>Jihov?chodn? Sp?ra: 1</div>
      <div>P?evisl? Cesta: 1</div>
      <div>Cesta St?edem: 1</div>
      <div>Uncle Beans: 3</div>
      <div>Spalovac: 1</div>
   </body>
</html>