<html>
   <head>
      <meta http-equiv="Content-Type" content="text/html; charset=UTF-8">
      <title>Vypise lezce a body za nejtezsi cestu, kterou vylezli, pocita jen lezce, kteri maji v souctu nalezeno vic nez 600 bodu</title>
   </head>
   <body>
      <table>
         <tr>
            <td>Jiri K</td>
            <td>750</td>
         </tr>
         <tr>
            <td>Ales N</td>
            <td>700</td>
         </tr>
         <tr>
            <td>Jakub K</td>
            <td>700</td>
         </tr>
         <tr>
            <td>Martina P</td>
            <td>700</td>
         </tr>
      </table>
   </body>
</html>