<html>
   <body>
      <div>rank9p_10minus</div>
      <div>rank10minus</div>
      <div>rank10minus_</div>
      <div>rank10m_10</div>
      <div>rank10</div>
      <div>rank10_10plus</div>
      <div>rank10plus</div>
      <div>rank10p_11minus</div>
      <div>rank11minus</div>
      <div>rank11minus_</div>
      <div>rank11m_11</div>
      <div>rank11m_11_</div>
      <div>rank11</div>
      <div>rank11_11plus</div>
      <div>rank11plus</div>
      <div>rank11p_12minus</div>
      <div>rank12minus</div>
      <div>rank5plus</div>
      <div>rank6minus</div>
      <div>rank6</div>
      <div>rank6_</div>
      <div>rank6plus</div>
      <div>rank6p_7minus</div>
      <div>rank7minus</div>
      <div>rank7m_7</div>
      <div>rank7</div>
      <div>rank7_7plus</div>
      <div>rank7plus</div>
      <div>rank7plus_</div>
      <div>rank7p_8minus</div>
      <div>rank8minus</div>
      <div>rank8minus_</div>
      <div>rank8m_8</div>
      <div>rank8</div>
      <div>rank8_8plus</div>
      <div>rank8plus</div>
      <div>rank8plus_</div>
      <div>rank8p_9minus</div>
      <div>rank9minus</div>
      <div>rank9minus_</div>
      <div>rank9m_9</div>
      <div>rank9</div>
      <div>rank9_9plus</div>
      <div>rank9plus</div>
      <div>rank9plus_</div>
   </body>
</html>