<html>
   <head>
      <meta http-equiv="Content-Type" content="text/html; charset=UTF-8">
      <title>Vypise lezce a body za nejtezsi cestu, kterou vylezli, pocita jen lezce, kteri maji v souctu nalezeno vic nez 600 bodu</title>
   </head>
   <body>
      <table>
         <tr>
            <td>Jiri K</td>
            <td>Kladar</td>
            <td>750</td>
            <td>
               <p>8+</p>
               <p>8</p>
               <p>7</p>
               <p>4</p>
            </td>
         </tr>
         <tr>
            <td>Ales N</td>
            <td>Kladar</td>
            <td>700</td>
            <td>
               <p>8</p>
               <p>7</p>
               <p>6+</p>
            </td>
         </tr>
         <tr>
            <td>Jakub K</td>
            <td>Kladar</td>
            <td>700</td>
            <td>
               <p>8</p>
               <p>6-</p>
               <p>5-</p>
            </td>
         </tr>
         <tr>
            <td>Martina P</td>
            <td>HO-Bobr</td>
            <td>700</td>
            <td>
               <p>8</p>
               <p>8-</p>
               <p>7</p>
            </td>
         </tr>
      </table>
   </body>
</html>