<html>
   <head>
      <meta http-equiv="Content-Type" content="text/html; charset=UTF-8">
      <title>Rekurzivni vypis oblasti, sektoru, cest (s pocty prelezu)</title>
   </head>
   <body>
      <div>
         <h2>Srbsko u Prahy</h2>
         <div>
            <h2>Vlastina st?na</h2>
            <div>
               <h2>spodn? ??st</h2>
               <table>
                  <tr>
                     <td>Uncle Beans</td>
                     <td>3</td>
                  </tr>
                  <tr>
                     <td>Spalovac</td>
                     <td>1</td>
                  </tr>
               </table>
            </div>
            <table></table>
         </div>
         <div>
            <h2>Bl??ina st?na</h2>
            <div>
               <h2>prav? ??st</h2>
               <table>
                  <tr>
                     <td>Blackman</td>
                     <td>0</td>
                  </tr>
                  <tr>
                     <td>Blackjack</td>
                     <td>2</td>
                  </tr>
                  <tr>
                     <td>Ocel</td>
                     <td>1</td>
                  </tr>
               </table>
            </div>
            <table></table>
         </div>
         <div>
            <h2>Ani??ina st?na</h2>
            <table>
               <tr>
                  <td>Ani??ina cesta</td>
                  <td>3</td>
               </tr>
            </table>
         </div>
         <table></table>
      </div>
      <div>
         <h2>Such? sk?ly</h2>
         <div>
            <h2>Alabastrov? V??</h2>
            <table>
               <tr>
                  <td>Alabastrov? St?na</td>
                  <td>0</td>
               </tr>
               <tr>
                  <td>Alabastrov? Koutek</td>
                  <td>0</td>
               </tr>
               <tr>
                  <td>Cesta St?edem</td>
                  <td>1</td>
               </tr>
               <tr>
                  <td>Jihoz?padn? Hrana</td>
                  <td>0</td>
               </tr>
               <tr>
                  <td>Ji?n? St?na</td>
                  <td>0</td>
               </tr>
               <tr>
                  <td>JV Hrana</td>
                  <td>0</td>
               </tr>
               <tr>
                  <td>Lev? Z?padn? Sp?ra</td>
                  <td>0</td>
               </tr>
               <tr>
                  <td>??len? Smutn? Maru?ka</td>
                  <td>0</td>
               </tr>
               <tr>
                  <td>Z?padn? St?na</td>
                  <td>0</td>
               </tr>
               <tr>
                  <td>Zapomenut? Cesta</td>
                  <td>0</td>
               </tr>
            </table>
         </div>
         <div>
            <h2>Baba</h2>
            <table>
               <tr>
                  <td>Jihov?chodn? Sp?ra</td>
                  <td>1</td>
               </tr>
               <tr>
                  <td>P?vodn? Cesta</td>
                  <td>0</td>
               </tr>
               <tr>
                  <td>Severn? Sp?ra</td>
                  <td>0</td>
               </tr>
               <tr>
                  <td>Severn? St?na</td>
                  <td>0</td>
               </tr>
               <tr>
                  <td>Severn? Traverz</td>
                  <td>0</td>
               </tr>
               <tr>
                  <td>Severn? Traverz - Variant</td>
                  <td>0</td>
               </tr>
               <tr>
                  <td>Star? Cesta</td>
                  <td>0</td>
               </tr>
               <tr>
                  <td>V?chodn? St?na</td>
                  <td>0</td>
               </tr>
               <tr>
                  <td>Z?padn? St?na</td>
                  <td>0</td>
               </tr>
            </table>
         </div>
         <div>
            <h2>Hlavn? V??</h2>
            <table>
               <tr>
                  <td>Bundalova Droga</td>
                  <td>0</td>
               </tr>
               <tr>
                  <td>Bundalova Droga Var.</td>
                  <td>0</td>
               </tr>
               <tr>
                  <td>Cesta "L"</td>
                  <td>0</td>
               </tr>
               <tr>
                  <td>D?dkova Z?v??</td>
                  <td>0</td>
               </tr>
               <tr>
                  <td>Du?i?kov? Lev?</td>
                  <td>0</td>
               </tr>
               <tr>
                  <td>Du?i?kov? Prav?</td>
                  <td>0</td>
               </tr>
               <tr>
                  <td>Fr?d?tejnsk?</td>
                  <td>0</td>
               </tr>
               <tr>
                  <td>H?eben Po Srsti</td>
                  <td>0</td>
               </tr>
               <tr>
                  <td>H?eben Proti Srsti</td>
                  <td>1</td>
               </tr>
               <tr>
                  <td>Jihov?chodn? Roh</td>
                  <td>1</td>
               </tr>
               <tr>
                  <td>Ji?n? Sp?ra</td>
                  <td>2</td>
               </tr>
               <tr>
                  <td>Kladivo Na ?arod?jnice</td>
                  <td>0</td>
               </tr>
               <tr>
                  <td>Klikat? Cesta</td>
                  <td>0</td>
               </tr>
               <tr>
                  <td>Kom?n S Vkl?n?n?mi Balvany</td>
                  <td>0</td>
               </tr>
               <tr>
                  <td>Leteck?</td>
                  <td>0</td>
               </tr>
               <tr>
                  <td>Lev? Ruka</td>
                  <td>0</td>
               </tr>
               <tr>
                  <td>Nov? Cesta</td>
                  <td>0</td>
               </tr>
               <tr>
                  <td>Otova Cesta</td>
                  <td>0</td>
               </tr>
               <tr>
                  <td>Pil??</td>
                  <td>0</td>
               </tr>
               <tr>
                  <td>Poledn?</td>
                  <td>0</td>
               </tr>
               <tr>
                  <td>Posledn? V?le</td>
                  <td>0</td>
               </tr>
               <tr>
                  <td>P?ehnan?</td>
                  <td>0</td>
               </tr>
               <tr>
                  <td>P?evisl? Cesta</td>
                  <td>1</td>
               </tr>
               <tr>
                  <td>P??m? "L" Cesta</td>
                  <td>0</td>
               </tr>
               <tr>
                  <td>Sevoroz?padn? Hrana V??i?ky</td>
                  <td>0</td>
               </tr>
               <tr>
                  <td>Stoperov? V?lka</td>
                  <td>0</td>
               </tr>
               <tr>
                  <td>?ikm? Cesta</td>
                  <td>0</td>
               </tr>
               <tr>
                  <td>Tempo</td>
                  <td>0</td>
               </tr>
               <tr>
                  <td>Ukraden? Cesta</td>
                  <td>0</td>
               </tr>
               <tr>
                  <td>Varianta "L" Cesty</td>
                  <td>0</td>
               </tr>
               <tr>
                  <td>Varianta Jihov?chodn? Roh </td>
                  <td>0</td>
               </tr>
               <tr>
                  <td>Velikono?n? Cesta</td>
                  <td>0</td>
               </tr>
               <tr>
                  <td>Vzpom?nkov? Cesta</td>
                  <td>0</td>
               </tr>
               <tr>
                  <td>Z?padn? Cesta</td>
                  <td>0</td>
               </tr>
               <tr>
                  <td>Z?padn? Sp?ra</td>
                  <td>0</td>
               </tr>
               <tr>
                  <td>Zl? Cesta</td>
                  <td>0</td>
               </tr>
               <tr>
                  <td>?eleznobrodsk?</td>
                  <td>0</td>
               </tr>
               <tr>
                  <td>?eleznobrodsk?</td>
                  <td>0</td>
               </tr>
            </table>
         </div>
         <table></table>
      </div>
   </body>
</html>