<?xml version="1.0" encoding="UTF-8" standalone="no"?><doc xmlns:xsi="http://www.w3.org/2001/XMLSchema-instance" xsi:noNamespaceSchemaLocation="C:\Users\Venda\Documents\School\XML\data.xsd">

<darci>

	<darce did="did2">
		<organy>
				
			<organref oid="oid8" stav="spatny"/>
				<organref oid="oid1" stav="spatny" strana="leva"/>
				<organref oid="oid1" stav="spatny" strana="prava"/>
				</organy>
			<info Adresa="Praha 8" Dobrovolny="ne" Jmeno="Karel" Nazivu="ne" Pohlavi="muz" Prijmeni="Datel" RokNarozeni="1964">	
			<Smrt title="Dopravni nehoda">
				<![CDATA[ Tento pan zemrel <b>nestastnou</b> nahodou. ]]>
						</Smrt>
				</info>
			</darce>
		<darce did="did1">
		<organy>
			<organref oid="oid1" stav="neznamy" strana="leva"/>
				<organref oid="oid1" stav="neznamy" strana="prava"/>
				</organy>
			<info Adresa="Praha 1" Dobrovolny="ano" Jmeno="Milan" Nazivu="ano" Pohlavi="muz" Prijmeni="Hodn?" RokNarozeni="1956"/>
			</darce>
		</darci>	
	<organyinfo>
	<organinfo cena="15000" nazev="tlustestrevo" organid="oid10"/>
		<organinfo cena="45000" nazev="tenkestrevo" organid="oid9"/>
		<organinfo cena="50000" nazev="zaludek" organid="oid8"/>
		<organinfo cena="80000" nazev="oko" organid="oid7"/>
		<organinfo cena="1000000" nazev="mozek" organid="oid6"/>
		<organinfo cena="100000" nazev="srdce" organid="oid5"/>
		<organinfo cena="50000" nazev="plice" organid="oid4"/>
		<organinfo cena="5000" nazev="zlucnik" organid="oid3"/>
		<organinfo cena="15000" nazev="jatra" organid="oid2"/>
		<organinfo cena="10000" nazev="ledvina" organid="oid1"/>
		</organyinfo>
	<datum><?php echo Date("Y-M-d")?></datum>
	</doc>