<?xml version="1.0" encoding="UTF-8"?>
<shipList>
   <shipType>
      <name>Hammerhead class battlecruiser</name>
      <weaponCount>58</weaponCount>
   </shipType>
   <shipType>
      <name>Venator class</name>
      <weaponCount>20</weaponCount>
   </shipType>
   <shipType>
      <name>Demon class battleship</name>
      <weaponCount>88</weaponCount>
   </shipType>
   <shipType>
      <name>Paul Atreides</name>
      <weaponCount>3</weaponCount>
   </shipType>
   <shipType>
      <name>Errant Venture</name>
      <weaponCount>0</weaponCount>
   </shipType>
</shipList>