<?xml version="1.0" encoding="UTF-8"?>
<officers>
   <officer>
      <name>Buckey Hack</name>
      <superiorCount>0</superiorCount>
   </officer>
   <officer>
      <name>Wedan Anadrian</name>
      <superiorCount>1</superiorCount>
   </officer>
   <officer>
      <name>Jeremiah Fayer</name>
      <superiorCount>1</superiorCount>
   </officer>
   <officer>
      <name>John Tessarian</name>
      <superiorCount>2</superiorCount>
   </officer>
   <officer>
      <name>Mutell Turio</name>
      <superiorCount>0</superiorCount>
   </officer>
</officers>