<html>
   <head>
      <meta http-equiv="Content-Type" content="text/html; charset=UTF-8">
      <title>Ship list</title>
   </head>
   <body>
      <ul>
         <li>U.N.S Basilisk</li>
         <li>U.N.S Blue Ridge</li>
         <li>U.N.S Endurance - Capital ship </li>
         <li>U.N.S Griffin</li>
         <li>U.N.S Idaho</li>
         <li>U.N.S Manticore</li>
         <li>U.N.S Observer</li>
         <li>U.N.S Phoenix</li>
         <li>U.N.S Raven</li>
         <li>U.N.S Valiant</li>
      </ul>
   </body>
</html>