<html>
   <head>
      <meta http-equiv="Content-Type" content="text/html; charset=UTF-8">
      <title>Tabulka hracu</title>
   </head>
   <body>
      <h1>Hraci</h1>
      <table>
         <tr>
            <td>Lionel</td>
            <td>Messi</td>
            <td>25</td>
         </tr>
         <tr>
            <td>Xavi</td>
            <td>Hernandez</td>
            <td>30</td>
         </tr>
         <tr>
            <td>Cesc</td>
            <td>Fabregas</td>
            <td>24</td>
         </tr>
         <tr>
            <td>Carles</td>
            <td>Puyol</td>
            <td>35</td>
         </tr>
         <tr>
            <td>Andres</td>
            <td>Iniesta</td>
            <td>23</td>
         </tr>
         <tr>
            <td>David</td>
            <td>Villa</td>
            <td>27</td>
         </tr>
         <tr>
            <td>Dani</td>
            <td>Alves</td>
            <td>31</td>
         </tr>
         <tr>
            <td>Victor</td>
            <td>Valdes</td>
            <td>34</td>
         </tr>
         <tr>
            <td>Jordi</td>
            <td>Alba</td>
            <td>20</td>
         </tr>
         <tr>
            <td>Gerard</td>
            <td>Pique</td>
            <td>33</td>
         </tr>
      </table>
   </body>
</html>