<?xml version="1.0" encoding="UTF-8"?>
<player>
   <name>
						Lionel
						Messi				
					</name>
   <name>
						Xavi
						Hernandez				
					</name>
   <name>
						Cesc
						Fabregas				
					</name>
   <name>
						Carles
						Puyol				
					</name>
   <name>
						Andres
						Iniesta				
					</name>
   <name>
						David
						Villa				
					</name>
   <name>
						Dani
						Alves				
					</name>
   <name>
						Victor
						Valdes				
					</name>
   <name>
						Jordi
						Alba				
					</name>
   <name>
						Gerard
						Pique				
					</name>
</player>