<html>
   <head>
      <meta http-equiv="Content-Type" content="text/html; charset=UTF-8">
   </head>
   <body>
      <table>
         <tr>
            <th>Player</th>
            <th>Can press O?</th>
         </tr>
         <tr>
            <td>Jan Novák</td>
            <td>No</td>
         </tr>
         <tr>
            <td>Jan Starý</td>
            <td>Yes</td>
         </tr>
         <tr>
            <td>Prokop Buben</td>
            <td>Yes</td>
         </tr>
      </table>
   </body>
</html>