<html>
   <head>
      <meta http-equiv="Content-Type" content="text/html; charset=UTF-8">
   </head>
   <body>
      <h1>Hierarcihe pozvaných hráčů</h1>
      <ul>
         <li>Jan Novák : 500 (
            <score>500</score>)
            
         </li>
         <li>Jan Starý : 1090 (
            <score>900</score>)
            
            <ul>
               <li>Petr Starý : 190 (
                  <score>90</score>)
                  
                  <ul>
                     <li>Petr Mladý : 100 (
                        <score>100</score>)
                        
                     </li>
                  </ul>
               </li>
               <li>Homer Simpson : 0 (
                  <score>0</score>)
                  
               </li>
            </ul>
         </li>
         <li>Prokop Buben : 20 (
            <score>20</score>)
            
         </li>
      </ul>
   </body>
</html>