<?xml version="1.0" encoding="UTF-8" standalone="no"?><eshop xmlns:xsi="http://www.w3.org/2001/XMLSchema-instance" xsi:noNamespaceSchemaLocation="data1.xsd">
	<products>
		<product pid="PID1">
			<name>Big hammer</name>
			<description>
				Great tool for breaking resistant things.
			</description>
			<price>1000</price>
			<weight>700</weight>
			<stock>257</stock>
		</product>
		
		
		
		
		
		
		
		
		
		
		
		
		
		
	</products>
	<customers>
		<customer cid="CID0">
			<name>Privileged user</name>
			<contacts>
				<address>
					<street>Market street</street>
					<housenumber>18</housenumber>
					<postalcode>18249</postalcode>
					<city>London</city>
					<state>Great Britain</state>
				</address>
				<email>john.doe@gmail.com</email>
				<phone>+245893503823</phone>
			</contacts>
		</customer>
		
	</customers>
	<orders>
		<order cid="CID1" done="yes" oid="OID1" state="shipped">
			<items>
				<item count="3" pid="PID1"/>
			</items>
			<message>stateok</message>
			<processby>
				<?php processorder("manual override") ?>&gt;</processby>
		</order>
		
		
		
		
	</orders>
</eshop>