<?xml version="1.0" encoding="UTF-8" standalone="no"?><vystava datum="23.2.2014" nazev="DUO_CACIB_BRNO">
	<rozhodci jmeno="Adam_Ostrowski" narodnost="PL"/>
	<rozhodci jmeno="Antonin_Mudra"/>
	<rozhodci jmeno="Lenka_Frncova"/>
	<rozhodci jmeno="Peter_Mazura"/>
	<rozhodci jmeno="Piotr_Krol"/>
	<kruh cislo="P30" rozhodci="Adam_Ostrowski">
		<rasa jmeno="tibetsky_spanel">
			<trida nazev="mlady">
				<pes chovatel="Sarka_Hajkova" datum_narozeni="23.2.2013" jmeno="Angelic_flas_pearl_of_the_moon" majitel="Petra_Dockalova" matka="Ximicca_Perla_Mahagon" otec="Allister_Bohemian_by_Birth" poradi="8500" registracni_cislo="CMKU_TS_1562_13">
					<posudek>
					</posudek>					
				</pes>
				<pes chovatel="Jama_Zajicova" datum_narozeni="23.10.2012" jmeno="Kale_Zlaty_Klondike" majitel="Jana_Zajicova" matka="Eve_Zlaty_Klondike" otec="Bergrabbens_Zhaman_Rocky" poradi="8501" registracni_cislo="CMKU_TS_1530_12">
					<posudek hodnoceni="Vyborna">
						<![CDATA[Mohl by b?t < ne? ostatn? psi.]]>
					</posudek>
				</pes>
			</trida>
			<trida nazev="mezitrida">
				<fena chovatel="Jama_Zajicova" datum_narozeni="23.10.2012" jmeno="Karkulka_Zlaty_Klondike" majitel="Milada_Papikova" matka="Eve_Zlaty_Klondike" otec="Bergrabbens_Zhaman_Rocky" poradi="8515" registracni_cislo="CMKU_TS_1533_12">
					<posudek hodnoceni="Velmi_dobra">
						Dobr? hlava a postoj.
					</posudek>
				</fena>
			</trida>
		<trida nazev="mezitrida"><pes chovatel="Holm-hansen Julie a Morten R." datum_narozeni="12.4.2012" jmeno="Holm-hansens alpha" majitel="Lucie Jelinkova" matka="Tantra tsamo vom Summestarn" otec="Kham-pa zeus sommerlysts" poradi="8503" registracni_cislo="CMKU/TS/1539/-12/12"><posudek>Hezk??? pes.</posudek></pes></trida></rasa>
	</kruh>
	<kruh cislo="P31" rozhodci="Antonin_Mudra">
		<rasa jmeno="Cinsky_chocholaty_pes_bez_srsti">
			<trida nazev="otevrena">
				<pes chovatel="Eva Nutzova" datum_narozeni="10.1.2012" jmeno="Fan_fan_tulip_queen_malverne" majitel="Miriam_Stolcova" matka="Ginger_plysovy_pritel" otec="Sea_fire_yabba_dabba_doo" poradi="8003" registracni_cislo="CMKU_CIN_4919_12_13">
					<posudek>
					</posudek>
				</pes>
			</trida>
		</rasa>
	</kruh>
	<kruh cislo="P10" rozhodci="Lenka_Frncova">
		<rasa jmeno="Beagle">
			<trida nazev="sampioni">
				<fena chovatel="Vaclav_Sicha" datum_narozeni="5.9.2010" jmeno="Anda_z_kamenskych_vrchu" majitel="Vaclav_Sicha" matka="Cammie_mantis" otec="Original_tergy" poradi="7121" registracni_cislo="CLP_BEA_6619">
					<posudek>
					</posudek>
				</fena>
			</trida>
		</rasa>
	</kruh>
	<kruh cislo="F41" rozhodci="Piotr_Krol">
		<rasa jmeno="Tibetska_doga">
			<trida nazev="otevrena">
				<pes chovatel="Zdenek_Krajicek" datum_narozeni="9.12.2010" jmeno="Archie_z_bileckeho_lesa" majitel="Zdenek_Krajicek" matka="Cedra_grags_pa" otec="Bill_board_z_kaskay" poradi="6201" registracni_cislo="REG_TD_2159_10">
					<posudek>
						o?kliv? pes, ale p?kn? postoj
					</posudek>
				</pes>
			</trida>
		</rasa>
	</kruh>
	<poznamka>
		?daje jsou platn? k <datum><?php echo Date("d.m.Y")?></datum>.
	</poznamka>
</vystava>