<?xml version="1.0" encoding="UTF-8"?>
<uzivatele>
   <uzivatel id="u001" avatar="avatar1.jpg" jmeno="Jarda">
      <o-sobe/>
   </uzivatel>
   <uzivatel id="u002" avatar="avatar3.jpg" jmeno="Carda">
      <o-sobe/>
   </uzivatel>
   <uzivatel id="u003" avatar="avatar3.jpg" jmeno="Pepa">
      <o-sobe/>
   </uzivatel>
   <uzivatel id="u004" avatar="avatar2.jpg" jmeno="Karel">
      <o-sobe/>
   </uzivatel>
   <uzivatel id="u005" avatar="" jmeno="Zbyšek">
      <o-sobe/>
   </uzivatel>
   <uzivatel id="" avatar="&#xA;&#x9;&#x9;&#x9;treneri/foto3.jpg&#x9;&#x9;&#x9;&#xA;&#x9;&#x9;" jmeno="Pavel">
      <o-sobe info="Lektor na spinning"/>
   </uzivatel>
   <uzivatel id="" avatar="&#xA;&#x9;&#x9;&#x9;treneri/foto1.jpg&#xA;&#x9;&#x9;" jmeno="Petr">
      <o-sobe info="Lekce jogy"/>
   </uzivatel>
   <uzivatel id="" avatar="&#xA;&#x9;&#x9;&#x9;treneri/foto2.jpg&#xA;&#x9;&#x9;" jmeno="Karel">
      <o-sobe info="Pivni kursy"/>
   </uzivatel>
   <uzivatel id="" avatar="&#xA;&#x9;&#x9;&#x9;treneri/foto3.jpg&#xA;&#x9;&#x9;" jmeno="Standa">
      <o-sobe info="Plavani"/>
   </uzivatel>
</uzivatele>