<html>
   <head>
      <meta http-equiv="Content-Type" content="text/html; charset=UTF-8">
      <META charset="utf-8">
      <title>Sportovní deník</title>
   </head>
   <div id="content" class="body">
      <section id="treninky">
         <tr>
            <td> -</td>
            <td></td>
            <td>2001-10-26T21:32:52</td>
            <td>
               <jmeno xmlns:xsi="http://www.w3.org/2001/XMLSchema-instance">Jarda</jmeno>
            </td>
         </tr>
         <tr>
            <td> -</td>
            <td></td>
            <td>2011-06-22T00:00:00</td>
            <td>
               <jmeno xmlns:xsi="http://www.w3.org/2001/XMLSchema-instance">Zbyšek</jmeno>
            </td>
         </tr>
         <tr>
            <td> -</td>
            <td></td>
            <td>2011-06-25T00:00:00</td>
            <td>
               <jmeno xmlns:xsi="http://www.w3.org/2001/XMLSchema-instance">Jarda</jmeno>
            </td>
         </tr>
         <tr>
            <td>Horni ves -</td>
            <td>Dolni ves</td>
            <td>2011-06-25T00:00:00</td>
            <td>
               <jmeno xmlns:xsi="http://www.w3.org/2001/XMLSchema-instance">Carda</jmeno>
            </td>
         </tr>
         <tr>
            <td>Aš -</td>
            <td>Aš</td>
            <td>2011-06-30T00:00:00</td>
            <td>
               <jmeno xmlns:xsi="http://www.w3.org/2001/XMLSchema-instance">Jarda</jmeno>
            </td>
         </tr>
         <tr>
            <td>Gauč -</td>
            <td>Postel</td>
            <td>2011-07-05T00:00:00</td>
            <td>
               <jmeno xmlns:xsi="http://www.w3.org/2001/XMLSchema-instance">Karel</jmeno>
            </td>
         </tr>
      </section>
   </div>
</html>