<?xml version="1.0" encoding="UTF-8"?>
<zamestnanci>
   <zamestnanec>
      <firstName>John</firstName>
      <lastName>Smith</lastName>
      <name>Production</name>
   </zamestnanec>
   <zamestnanec>
      <firstName>Peter</firstName>
      <lastName>Brown</lastName>
      <name>Accounting</name>
   </zamestnanec>
   <zamestnanec>
      <firstName>Peter</firstName>
      <lastName>Blue</lastName>
      <name>Accounting</name>
   </zamestnanec>
   <zamestnanec>
      <firstName>Arthur</firstName>
      <lastName>Taylor</lastName>
      <name>Engineering</name>
   </zamestnanec>
   <zamestnanec>
      <firstName>Martin</firstName>
      <lastName>Smith</lastName>
      <name>Development</name>
   </zamestnanec>
</zamestnanci>