<html>
   <head>
      <meta http-equiv="Content-Type" content="text/html; charset=UTF-8">
   </head>
   <body>
      <ul>
         <li><strong>
               <firstName>John</firstName>
               <lastName>Smith</lastName></strong><name>Production</name>
         </li>
         <li><strong>
               <firstName>Peter</firstName>
               <lastName>Brown</lastName></strong><name>Accounting</name>
         </li>
         <li><strong>
               <firstName>Peter</firstName>
               <lastName>Blue</lastName></strong><name>Accounting</name>
         </li>
         <li><strong>
               <firstName>Arthur</firstName>
               <lastName>Taylor</lastName></strong><name>Engineering</name>
         </li>
         <li><strong>
               <firstName>Martin</firstName>
               <lastName>Smith</lastName></strong><name>Development</name>
         </li>
      </ul>
   </body>
</html>