<?xml version="1.0" encoding="UTF-8"?>
<overview>
   <port id="0">
      <varCount>3</varCount>
      <freeSize>212</freeSize>
      <variables>
         <variable id="RADA"/>
         <variable id="VR"/>
         <variable id="CISLO"/>
      </variables>
   </port>
   <port id="1">
      <varCount>0</varCount>
      <freeSize>240</freeSize>
   </port>
   <port id="2">
      <varCount>0</varCount>
      <freeSize>240</freeSize>
   </port>
   <port id="3">
      <varCount>0</varCount>
      <freeSize>240</freeSize>
   </port>
   <port id="4">
      <varCount>0</varCount>
      <freeSize>240</freeSize>
   </port>
   <port id="5">
      <varCount>0</varCount>
      <freeSize>240</freeSize>
   </port>
   <port id="6">
      <varCount>0</varCount>
      <freeSize>240</freeSize>
   </port>
   <port id="7">
      <varCount>0</varCount>
      <freeSize>240</freeSize>
   </port>
   <port id="8">
      <varCount>0</varCount>
      <freeSize>240</freeSize>
   </port>
   <port id="9">
      <varCount>0</varCount>
      <freeSize>240</freeSize>
   </port>
   <port id="10">
      <varCount>0</varCount>
      <freeSize>240</freeSize>
   </port>
   <port id="11">
      <varCount>0</varCount>
      <freeSize>240</freeSize>
   </port>
   <port id="12">
      <varCount>0</varCount>
      <freeSize>240</freeSize>
   </port>
   <port id="13">
      <varCount>0</varCount>
      <freeSize>240</freeSize>
   </port>
   <port id="18">
      <varCount>0</varCount>
      <freeSize>240</freeSize>
   </port>
   <port id="19">
      <varCount>0</varCount>
      <freeSize>240</freeSize>
   </port>
   <port id="20">
      <varCount>18</varCount>
      <freeSize>88</freeSize>
      <variables>
         <variable id="VST1A"/>
         <variable id="VST1C"/>
         <variable id="VST1B"/>
         <variable id="VST2A"/>
         <variable id="VST2C"/>
         <variable id="VST2B"/>
         <variable id="R0"/>
         <variable id="R1"/>
         <variable id="VYST1R"/>
         <variable id="VYST1V"/>
         <variable id="VYST1Z"/>
         <variable id="VYST2R"/>
         <variable id="VYST2V"/>
         <variable id="VYST2Z"/>
         <variable id="VYST3R"/>
         <variable id="VYST3V"/>
         <variable id="VYST3Z"/>
         <variable id="UBAT"/>
      </variables>
   </port>
   <port id="21">
      <varCount>0</varCount>
      <freeSize>240</freeSize>
   </port>
   <port id="22">
      <varCount>0</varCount>
      <freeSize>240</freeSize>
   </port>
   <port id="23">
      <varCount>0</varCount>
      <freeSize>240</freeSize>
   </port>
   <port id="24">
      <varCount>0</varCount>
      <freeSize>240</freeSize>
   </port>
   <port id="25">
      <varCount>12</varCount>
      <freeSize>144</freeSize>
      <variables>
         <variable id="DVE1LA"/>
         <variable id="DVE1LB"/>
         <variable id="DVE1LC"/>
         <variable id="DVE1PA"/>
         <variable id="DVE1PB"/>
         <variable id="DVE1PC"/>
         <variable id="DVE2LA"/>
         <variable id="DVE2LB"/>
         <variable id="DVE2LC"/>
         <variable id="DVE2PA"/>
         <variable id="DVE2PB"/>
         <variable id="DVE2PC"/>
      </variables>
   </port>
   <port id="26">
      <varCount>4</varCount>
      <freeSize>176</freeSize>
      <variables>
         <variable id="VODA_WC"/>
         <variable id="FRIED"/>
         <variable id="ODDIL"/>
         <variable id="KOMUNI"/>
      </variables>
   </port>
   <port id="27">
      <varCount>0</varCount>
      <freeSize>240</freeSize>
   </port>
   <port id="28">
      <varCount>0</varCount>
      <freeSize>240</freeSize>
   </port>
   <port id="29">
      <varCount>0</varCount>
      <freeSize>240</freeSize>
   </port>
</overview>