<html xml:lang="en" lang="en">
   <head>
      <meta http-equiv="Content-Type" content="text/html; charset=UTF-8">
      <title>Variable overview</title>
   </head>
   <body>
      <h1>Variable overview</h1>
      <table>
         <thead>
            <tr>
               <th>ID</th>
               <th>Port</th>
               <th>Offset</th>
               <th>Size</th>
               <th>Description</th>
               <th>Composite</th>
            </tr>
         </thead>
         <tbody>
            <tr>
               <td>RADA</td>
               <td>0</td>
               <td>0</td>
               <td>12</td>
               <td>Obsahuje konstantni hodnotu 043 kodovanou v BCD kódu.</td>
               <td>false</td>
            </tr>
            <tr>
               <td>VR</td>
               <td>0</td>
               <td>3</td>
               <td>4</td>
               <td>Obsahuje konstantni hodnotu 0 kodovanou v BCD kódu.</td>
               <td>false</td>
            </tr>
            <tr>
               <td>CISLO</td>
               <td>0</td>
               <td>4</td>
               <td>12</td>
               <td>Obsahuje identifikační číslo vozu v rámci dané řady.</td>
               <td>false</td>
            </tr>
            <tr>
               <td>nextStation</td>
               <td>14</td>
               <td>0</td>
               <td>240</td>
               <td>Obsahuje název příští zástávky na cestě.</td>
               <td>false</td>
            </tr>
            <tr>
               <td>mimText</td>
               <td>15</td>
               <td>0</td>
               <td>240</td>
               <td>TODO:KDO VI</td>
               <td>false</td>
            </tr>
            <tr>
               <td>importantRouteStations</td>
               <td>16</td>
               <td>0</td>
               <td>240</td>
               <td>Obsahuje seznam stanic přes které se jede na cestě.</td>
               <td>false</td>
            </tr>
            <tr>
               <td>finalStation</td>
               <td>17</td>
               <td>0</td>
               <td>240</td>
               <td>Obsahuje název cílové stanice na cestě.</td>
               <td>false</td>
            </tr>
            <tr>
               <td>VST1A</td>
               <td>20</td>
               <td>0</td>
               <td>8</td>
               <td>TODO:KDO VI</td>
               <td>true</td>
            </tr>
            <tr>
               <td>VST1C</td>
               <td>20</td>
               <td>1</td>
               <td>8</td>
               <td>RESERVED</td>
               <td>false</td>
            </tr>
            <tr>
               <td>VST1B</td>
               <td>20</td>
               <td>16</td>
               <td>8</td>
               <td>TODO:KDO VI</td>
               <td>true</td>
            </tr>
            <tr>
               <td>VST2A</td>
               <td>20</td>
               <td>24</td>
               <td>8</td>
               <td>TODO:KDO VI</td>
               <td>true</td>
            </tr>
            <tr>
               <td>VST2C</td>
               <td>20</td>
               <td>4</td>
               <td>8</td>
               <td>RESERVED</td>
               <td>false</td>
            </tr>
            <tr>
               <td>VST2B</td>
               <td>20</td>
               <td>32</td>
               <td>8</td>
               <td>TODO:KDO VI</td>
               <td>true</td>
            </tr>
            <tr>
               <td>R0</td>
               <td>20</td>
               <td>6</td>
               <td>16</td>
               <td>RESERVED</td>
               <td>false</td>
            </tr>
            <tr>
               <td>R1</td>
               <td>20</td>
               <td>8</td>
               <td>8</td>
               <td>RESERVED</td>
               <td>false</td>
            </tr>
            <tr>
               <td>VYST1R</td>
               <td>20</td>
               <td>72</td>
               <td>8</td>
               <td>TODO:KDO VI</td>
               <td>true</td>
            </tr>
            <tr>
               <td>VYST1V</td>
               <td>20</td>
               <td>80</td>
               <td>8</td>
               <td>TODO:KDO VI</td>
               <td>true</td>
            </tr>
            <tr>
               <td>VYST1Z</td>
               <td>20</td>
               <td>88</td>
               <td>8</td>
               <td>TODO:KDO VI</td>
               <td>true</td>
            </tr>
            <tr>
               <td>VYST2R</td>
               <td>20</td>
               <td>96</td>
               <td>8</td>
               <td>TODO:KDO VI</td>
               <td>true</td>
            </tr>
            <tr>
               <td>VYST2V</td>
               <td>20</td>
               <td>104</td>
               <td>8</td>
               <td>TODO:KDO VI</td>
               <td>true</td>
            </tr>
            <tr>
               <td>VYST2Z</td>
               <td>20</td>
               <td>112</td>
               <td>8</td>
               <td>TODO:KDO VI</td>
               <td>true</td>
            </tr>
            <tr>
               <td>VYST3R</td>
               <td>20</td>
               <td>120</td>
               <td>8</td>
               <td>TODO:KDO VI</td>
               <td>true</td>
            </tr>
            <tr>
               <td>VYST3V</td>
               <td>20</td>
               <td>16</td>
               <td>8</td>
               <td>RESERVED</td>
               <td>false</td>
            </tr>
            <tr>
               <td>VYST3Z</td>
               <td>20</td>
               <td>136</td>
               <td>8</td>
               <td>TODO:KDO VI</td>
               <td>true</td>
            </tr>
            <tr>
               <td>UBAT</td>
               <td>20</td>
               <td>18</td>
               <td>8</td>
               <td>Napětí baterky</td>
               <td>false</td>
            </tr>
            <tr>
               <td>DVE1LA</td>
               <td>25</td>
               <td>0</td>
               <td>8</td>
               <td>TODO:KDO VI</td>
               <td>true</td>
            </tr>
            <tr>
               <td>DVE1LB</td>
               <td>25</td>
               <td>8</td>
               <td>8</td>
               <td>TODO:KDO VI</td>
               <td>true</td>
            </tr>
            <tr>
               <td>DVE1LC</td>
               <td>25</td>
               <td>16</td>
               <td>8</td>
               <td>TODO:KDO VI</td>
               <td>true</td>
            </tr>
            <tr>
               <td>DVE1PA</td>
               <td>25</td>
               <td>24</td>
               <td>8</td>
               <td>TODO:KDO VI</td>
               <td>true</td>
            </tr>
            <tr>
               <td>DVE1PB</td>
               <td>25</td>
               <td>32</td>
               <td>8</td>
               <td>TODO:KDO VI</td>
               <td>true</td>
            </tr>
            <tr>
               <td>DVE1PC</td>
               <td>25</td>
               <td>40</td>
               <td>8</td>
               <td>TODO:KDO VI</td>
               <td>true</td>
            </tr>
            <tr>
               <td>DVE2LA</td>
               <td>25</td>
               <td>48</td>
               <td>8</td>
               <td>TODO:KDO VI</td>
               <td>true</td>
            </tr>
            <tr>
               <td>DVE2LB</td>
               <td>25</td>
               <td>56</td>
               <td>8</td>
               <td>TODO:KDO VI</td>
               <td>true</td>
            </tr>
            <tr>
               <td>DVE2LC</td>
               <td>25</td>
               <td>64</td>
               <td>8</td>
               <td>TODO:KDO VI</td>
               <td>true</td>
            </tr>
            <tr>
               <td>DVE2PA</td>
               <td>25</td>
               <td>72</td>
               <td>8</td>
               <td>TODO:KDO VI</td>
               <td>true</td>
            </tr>
            <tr>
               <td>DVE2PB</td>
               <td>25</td>
               <td>80</td>
               <td>8</td>
               <td>TODO:KDO VI</td>
               <td>true</td>
            </tr>
            <tr>
               <td>DVE2PC</td>
               <td>25</td>
               <td>88</td>
               <td>8</td>
               <td>TODO:KDO VI</td>
               <td>true</td>
            </tr>
            <tr>
               <td>VODA_WC</td>
               <td>26</td>
               <td>0</td>
               <td>16</td>
               <td>Pole obsahujicí status zásoby vody na WC.</td>
               <td>true</td>
            </tr>
            <tr>
               <td>FRIED</td>
               <td>26</td>
               <td>16</td>
               <td>16</td>
               <td>TODO: KDO VI</td>
               <td>true</td>
            </tr>
            <tr>
               <td>ODDIL</td>
               <td>26</td>
               <td>32</td>
               <td>16</td>
               <td>TODO: KDO VI</td>
               <td>true</td>
            </tr>
            <tr>
               <td>KOMUNI</td>
               <td>26</td>
               <td>48</td>
               <td>16</td>
               <td>TODO: KDO VI</td>
               <td>true</td>
            </tr>
         </tbody>
      </table>
   </body>
</html>