<?xml version="1.0" encoding="UTF-8"?>
<variables>
   <variable>
      <id>VST1A</id>
      <port id="20" offset="0" size="8"/>
      <composite>
         <part name="XM2" type="BOOLEAN1"/>
         <part name="XM1" type="BOOLEAN1"/>
      </composite>
   </variable>
   <variable>
      <id>VST1B</id>
      <port id="20" offset="16" size="8"/>
      <composite>
         <part name="VS4" type="BOOLEAN1"/>
         <part name="VS3" type="BOOLEAN1"/>
         <part name="VS2" type="BOOLEAN1"/>
         <part name="VS1" type="BOOLEAN1"/>
         <part name="VS6" type="BOOLEAN1"/>
         <part name="DNZ" type="BOOLEAN1"/>
         <part name="DLZ" type="BOOLEAN1"/>
         <part name="DPZ" type="BOOLEAN1"/>
      </composite>
   </variable>
   <variable>
      <id>VST2A</id>
      <port id="20" offset="24" size="8"/>
      <composite>
         <part name="OSC4" type="BOOLEAN1"/>
         <part name="OSC3" type="BOOLEAN1"/>
         <part name="OSC2" type="BOOLEAN1"/>
         <part name="OSC1" type="BOOLEAN1"/>
      </composite>
   </variable>
   <variable>
      <id>VST2B</id>
      <port id="20" offset="32" size="8"/>
      <composite>
         <part name="PTSM" type="BOOLEAN1"/>
         <part name="!DVE" type="BOOLEAN1"/>
         <part name="!PTS" type="BOOLEAN1"/>
         <part name="!WC" type="BOOLEAN1"/>
         <part name="RUCB" type="BOOLEAN1"/>
         <part name="CHG1" type="BOOLEAN1"/>
      </composite>
   </variable>
   <variable>
      <id>VYST1R</id>
      <port id="20" offset="72" size="8"/>
      <composite>
         <part name="SG1" type="BOOLEAN1"/>
         <part name="SG2" type="BOOLEAN1"/>
         <part name="SG3" type="BOOLEAN1"/>
         <part name="SG4" type="BOOLEAN1"/>
         <part name="SGC" type="BOOLEAN1"/>
         <part name="DNZ" type="BOOLEAN1"/>
         <part name="DPZ" type="BOOLEAN1"/>
         <part name="DLZ" type="BOOLEAN1"/>
      </composite>
   </variable>
   <variable>
      <id>VYST1V</id>
      <port id="20" offset="80" size="8"/>
      <composite>
         <part name="SG1" type="BOOLEAN1"/>
         <part name="SG2" type="BOOLEAN1"/>
         <part name="SG3" type="BOOLEAN1"/>
         <part name="SG4" type="BOOLEAN1"/>
         <part name="SGC" type="BOOLEAN1"/>
         <part name="DNZ" type="BOOLEAN1"/>
         <part name="DPZ" type="BOOLEAN1"/>
         <part name="DLZ" type="BOOLEAN1"/>
      </composite>
   </variable>
   <variable>
      <id>VYST1Z</id>
      <port id="20" offset="88" size="8"/>
      <composite>
         <part name="SG1" type="BOOLEAN1"/>
         <part name="SG2" type="BOOLEAN1"/>
         <part name="SG3" type="BOOLEAN1"/>
         <part name="SG4" type="BOOLEAN1"/>
         <part name="SGC" type="BOOLEAN1"/>
         <part name="DNZ" type="BOOLEAN1"/>
         <part name="DPZ" type="BOOLEAN1"/>
         <part name="DLZ" type="BOOLEAN1"/>
      </composite>
   </variable>
   <variable>
      <id>VYST2R</id>
      <port id="20" offset="96" size="8"/>
      <composite>
         <part name="XM7" type="BOOLEAN1"/>
         <part name="XM4" type="BOOLEAN1"/>
         <part name="XM3" type="BOOLEAN1"/>
      </composite>
   </variable>
   <variable>
      <id>VYST2V</id>
      <port id="20" offset="104" size="8"/>
      <composite>
         <part name="XM7" type="BOOLEAN1"/>
         <part name="XM4" type="BOOLEAN1"/>
         <part name="XM3" type="BOOLEAN1"/>
      </composite>
   </variable>
   <variable>
      <id>VYST2Z</id>
      <port id="20" offset="112" size="8"/>
      <composite>
         <part name="XM7" type="BOOLEAN1"/>
         <part name="XM4" type="BOOLEAN1"/>
         <part name="XM3" type="BOOLEAN1"/>
      </composite>
   </variable>
   <variable>
      <id>VYST3R</id>
      <port id="20" offset="120" size="8"/>
      <composite>
         <part name="NAP1" type="BOOLEAN1"/>
         <part name="NAP2" type="BOOLEAN1"/>
         <part name="CHG1" type="BOOLEAN1"/>
      </composite>
   </variable>
   <variable>
      <id>VYST3Z</id>
      <port id="20" offset="136" size="8"/>
      <composite>
         <part name="NAP1" type="BOOLEAN1"/>
         <part name="NAP2" type="BOOLEAN1"/>
         <part name="CHG1" type="BOOLEAN1"/>
      </composite>
   </variable>
   <variable>
      <id>DVE1LA</id>
      <port id="25" offset="0" size="8"/>
      <composite>
         <part name="ZK1" type="BOOLEAN1"/>
         <part name="PR1" type="BOOLEAN1"/>
         <part name="ZK2" type="BOOLEAN1"/>
         <part name="PR2" type="BOOLEAN1"/>
         <part name="ZK3" type="BOOLEAN1"/>
         <part name="PR3" type="BOOLEAN1"/>
         <part name="ZK4" type="BOOLEAN1"/>
         <part name="PR4" type="BOOLEAN1"/>
      </composite>
   </variable>
   <variable>
      <id>DVE1LB</id>
      <port id="25" offset="8" size="8"/>
      <composite>
         <part name="TLMAN" type="BOOLEAN1"/>
         <part name="POSUV" type="BOOLEAN1"/>
         <part name="ZAPAD" type="BOOLEAN1"/>
         <part name="SPIMZ" type="BOOLEAN1"/>
         <part name="OPTZA" type="BOOLEAN1"/>
      </composite>
   </variable>
   <variable>
      <id>DVE1LC</id>
      <port id="25" offset="16" size="8"/>
      <composite>
         <part name="P=0" type="BOOLEAN1"/>
         <part name="NOUZ" type="BOOLEAN1"/>
         <part name="ZAMC" type="BOOLEAN1"/>
         <part name="CENZA" type="BOOLEAN1"/>
         <part name="NEODJ" type="BOOLEAN1"/>
         <part name="NEZAV" type="BOOLEAN1"/>
         <part name="V&gt;5" type="BOOLEAN1"/>
      </composite>
   </variable>
   <variable>
      <id>DVE1PA</id>
      <port id="25" offset="24" size="8"/>
      <composite>
         <part name="ZK1" type="BOOLEAN1"/>
         <part name="PR1" type="BOOLEAN1"/>
         <part name="ZK2" type="BOOLEAN1"/>
         <part name="PR2" type="BOOLEAN1"/>
         <part name="ZK3" type="BOOLEAN1"/>
         <part name="PR3" type="BOOLEAN1"/>
         <part name="ZK4" type="BOOLEAN1"/>
         <part name="PR4" type="BOOLEAN1"/>
      </composite>
   </variable>
   <variable>
      <id>DVE1PB</id>
      <port id="25" offset="32" size="8"/>
      <composite>
         <part name="TLMAN" type="BOOLEAN1"/>
         <part name="POSUV" type="BOOLEAN1"/>
         <part name="ZAPAD" type="BOOLEAN1"/>
         <part name="SPIMZ" type="BOOLEAN1"/>
         <part name="OPTZA" type="BOOLEAN1"/>
      </composite>
   </variable>
   <variable>
      <id>DVE1PC</id>
      <port id="25" offset="40" size="8"/>
      <composite>
         <part name="P=0" type="BOOLEAN1"/>
         <part name="NOUZ" type="BOOLEAN1"/>
         <part name="ZAMC" type="BOOLEAN1"/>
         <part name="CENZA" type="BOOLEAN1"/>
         <part name="NEODJ" type="BOOLEAN1"/>
         <part name="NEZAV" type="BOOLEAN1"/>
         <part name="V&gt;5" type="BOOLEAN1"/>
      </composite>
   </variable>
   <variable>
      <id>DVE2LA</id>
      <port id="25" offset="48" size="8"/>
      <composite>
         <part name="ZK1" type="BOOLEAN1"/>
         <part name="PR1" type="BOOLEAN1"/>
         <part name="ZK2" type="BOOLEAN1"/>
         <part name="PR2" type="BOOLEAN1"/>
         <part name="ZK3" type="BOOLEAN1"/>
         <part name="PR3" type="BOOLEAN1"/>
         <part name="ZK4" type="BOOLEAN1"/>
         <part name="PR4" type="BOOLEAN1"/>
      </composite>
   </variable>
   <variable>
      <id>DVE2LB</id>
      <port id="25" offset="56" size="8"/>
      <composite>
         <part name="TLMAN" type="BOOLEAN1"/>
         <part name="POSUV" type="BOOLEAN1"/>
         <part name="ZAPAD" type="BOOLEAN1"/>
         <part name="SPIMZ" type="BOOLEAN1"/>
         <part name="OPTZA" type="BOOLEAN1"/>
      </composite>
   </variable>
   <variable>
      <id>DVE2LC</id>
      <port id="25" offset="64" size="8"/>
      <composite>
         <part name="P=0" type="BOOLEAN1"/>
         <part name="NOUZ" type="BOOLEAN1"/>
         <part name="ZAMC" type="BOOLEAN1"/>
         <part name="CENZA" type="BOOLEAN1"/>
         <part name="NEODJ" type="BOOLEAN1"/>
         <part name="NEZAV" type="BOOLEAN1"/>
         <part name="V&gt;5" type="BOOLEAN1"/>
      </composite>
   </variable>
   <variable>
      <id>DVE2PA</id>
      <port id="25" offset="72" size="8"/>
      <composite>
         <part name="ZK1" type="BOOLEAN1"/>
         <part name="PR1" type="BOOLEAN1"/>
         <part name="ZK2" type="BOOLEAN1"/>
         <part name="PR2" type="BOOLEAN1"/>
         <part name="ZK3" type="BOOLEAN1"/>
         <part name="PR3" type="BOOLEAN1"/>
         <part name="ZK4" type="BOOLEAN1"/>
         <part name="PR4" type="BOOLEAN1"/>
      </composite>
   </variable>
   <variable>
      <id>DVE2PB</id>
      <port id="25" offset="80" size="8"/>
      <composite>
         <part name="TLMAN" type="BOOLEAN1"/>
         <part name="POSUV" type="BOOLEAN1"/>
         <part name="ZAPAD" type="BOOLEAN1"/>
         <part name="SPIMZ" type="BOOLEAN1"/>
         <part name="OPTZA" type="BOOLEAN1"/>
      </composite>
   </variable>
   <variable>
      <id>DVE2PC</id>
      <port id="25" offset="88" size="8"/>
      <composite>
         <part name="P=0" type="BOOLEAN1"/>
         <part name="NOUZ" type="BOOLEAN1"/>
         <part name="ZAMC" type="BOOLEAN1"/>
         <part name="CENZA" type="BOOLEAN1"/>
         <part name="NEODJ" type="BOOLEAN1"/>
         <part name="NEZAV" type="BOOLEAN1"/>
         <part name="V&gt;5" type="BOOLEAN1"/>
      </composite>
   </variable>
   <variable>
      <id>VODA_WC</id>
      <port id="26" offset="0" size="16"/>
      <composite>
         <part name="ZK1" type="BOOLEAN1"/>
         <part name="PR1" type="BOOLEAN1"/>
         <part name="ZK2" type="BOOLEAN1"/>
         <part name="PR2" type="BOOLEAN1"/>
         <part name="ZK3" type="BOOLEAN1"/>
         <part name="PR3" type="BOOLEAN1"/>
         <part name="ZK4" type="BOOLEAN1"/>
         <part name="PR4" type="BOOLEAN1"/>
         <part name="MYTI" type="BOOLEAN1"/>
         <part name="OVLWC" type="BOOLEAN1"/>
         <part name="TPVYP" type="BOOLEAN1"/>
         <part name="SENZO" type="BOOLEAN1"/>
         <part name="TERMO" type="BOOLEAN1"/>
         <part name="VODA0" type="BOOLEAN1"/>
         <part name="UBAT" type="BOOLEAN1"/>
         <part name="T5C" type="BOOLEAN1"/>
      </composite>
   </variable>
   <variable>
      <id>FRIED</id>
      <port id="26" offset="16" size="16"/>
      <composite>
         <part name="VOLIC" type="BOOLEAN1"/>
         <part name="F70" type="BOOLEAN1"/>
         <part name="KM7" type="BOOLEAN1"/>
         <part name="KM6" type="BOOLEAN1"/>
         <part name="HORAK" type="BOOLEAN1"/>
         <part name="ZARIZ" type="BOOLEAN1"/>
         <part name="!FRIE" type="BOOLEAN1"/>
         <part name="HLIDAC" type="BOOLEAN1"/>
         <part name="TERMO" type="BOOLEAN1"/>
         <part name="C_KAN" type="BOOLEAN1"/>
         <part name="C_VEN" type="BOOLEAN1"/>
         <part name="CID3" type="BOOLEAN1"/>
         <part name="CID2" type="BOOLEAN1"/>
         <part name="CID1" type="BOOLEAN1"/>
         <part name="OSLV" type="BOOLEAN1"/>
      </composite>
   </variable>
   <variable>
      <id>ODDIL</id>
      <port id="26" offset="32" size="16"/>
      <composite>
         <part name="ZK1-1" type="BOOLEAN1"/>
         <part name="PR1-1" type="BOOLEAN1"/>
         <part name="ZK2-1" type="BOOLEAN1"/>
         <part name="PR2-1" type="BOOLEAN1"/>
         <part name="ZK1-2" type="BOOLEAN1"/>
         <part name="PR1-2" type="BOOLEAN1"/>
         <part name="ZK2-2" type="BOOLEAN1"/>
         <part name="PR2-2" type="BOOLEAN1"/>
         <part name="ZK1-3" type="BOOLEAN1"/>
         <part name="PR1-3" type="BOOLEAN1"/>
         <part name="ZK2-3" type="BOOLEAN1"/>
         <part name="PR2-3" type="BOOLEAN1"/>
         <part name="ZK1-4" type="BOOLEAN1"/>
         <part name="PR1-4" type="BOOLEAN1"/>
         <part name="ZK2-4" type="BOOLEAN1"/>
         <part name="PR2-4" type="BOOLEAN1"/>
      </composite>
   </variable>
   <variable>
      <id>KOMUNI</id>
      <port id="26" offset="48" size="16"/>
      <composite>
         <part name="DVE1" type="BOOLEAN1"/>
         <part name="DVE2" type="BOOLEAN1"/>
         <part name="VODA" type="BOOLEAN1"/>
         <part name="ODD1" type="BOOLEAN1"/>
         <part name="ODD2" type="BOOLEAN1"/>
         <part name="ODD3" type="BOOLEAN1"/>
         <part name="ODD4" type="BOOLEAN1"/>
         <part name="FRIE" type="BOOLEAN1"/>
      </composite>
   </variable>
   <variable>
      <id>LOKO</id>
      <port id="1" offset="0" size="2"/>
      <composite>
         <part name="TRA1" type="BOOLEAN1"/>
         <part name="TRA2" type="BOOLEAN1"/>
         <part name="POR1" type="BOOLEAN1"/>
         <part name="POR2" type="BOOLEAN1"/>
         <part name="OTA1" type="INT6"/>
         <part name="OTA2" type="INT6"/>
      </composite>
   </variable>
   <variable>
      <id>RYCHL</id>
      <port id="1" offset="2" size="4"/>
      <composite>
         <part name="UTRAL" type="BOOLEAN1"/>
         <part name="TAH" type="BOOLEAN1"/>
         <part name="STUPEN" type="BCD4"/>
         <part name="SRYCHL" type="INT13"/>
         <part name="PRYCH" type="INT13"/>
      </composite>
   </variable>
   <variable>
      <id>BRZDA</id>
      <port id="1" offset="6" size="2"/>
      <composite>
         <part name="STUPEN" type="BCD2"/>
         <part name="SBRZDA" type="INT7"/>
         <part name="PBRZDA" type="INT7"/>
      </composite>
   </variable>
</variables>