<?xml version="1.0" encoding="UTF-8"?>
<variables>
   <variable id="LOKO">
      <subvariables>
         <variable id="TRA1"/>
         <variable id="TRA2"/>
         <variable id="POR1"/>
         <variable id="POR2"/>
         <variable id="OTA1"/>
         <variable id="OTA2"/>
      </subvariables>
   </variable>
   <variable id="RYCHL">
      <subvariables>
         <variable id="UTRAL"/>
         <variable id="TAH"/>
         <variable id="STUPEN"/>
         <variable id="SRYCHL"/>
         <variable id="PRYCH"/>
      </subvariables>
   </variable>
   <variable id="BRZDA">
      <subvariables>
         <variable id="STUPEN"/>
         <variable id="SBRZDA"/>
         <variable id="PBRZDA"/>
      </subvariables>
   </variable>
</variables>