<?xml version="1.0" encoding="UTF-8"?>
<ports>
   <simple>
      <port>0</port>
      <port>14</port>
      <port>15</port>
      <port>16</port>
      <port>17</port>
   </simple>
   <complex>
      <port>20</port>
      <port>25</port>
      <port>26</port>
   </complex>
   <overview>
      <port id="0">
         <varCount>3</varCount>
         <totalSize>28</totalSize>
         <variables>
            <variable id="RADA"/>
            <variable id="VR"/>
            <variable id="CISLO"/>
         </variables>
      </port>
      <port id="14">
         <varCount>1</varCount>
         <totalSize>240</totalSize>
         <variables>
            <variable id="nextStation"/>
         </variables>
      </port>
      <port id="15">
         <varCount>1</varCount>
         <totalSize>240</totalSize>
         <variables>
            <variable id="mimText"/>
         </variables>
      </port>
      <port id="16">
         <varCount>1</varCount>
         <totalSize>240</totalSize>
         <variables>
            <variable id="importantRouteStations"/>
         </variables>
      </port>
      <port id="17">
         <varCount>1</varCount>
         <totalSize>240</totalSize>
         <variables>
            <variable id="finalStation"/>
         </variables>
      </port>
      <port id="20">
         <varCount>18</varCount>
         <totalSize>152</totalSize>
         <variables>
            <variable id="VST1A"/>
            <variable id="VST1C"/>
            <variable id="VST1B"/>
            <variable id="VST2A"/>
            <variable id="VST2C"/>
            <variable id="VST2B"/>
            <variable id="R0"/>
            <variable id="R1"/>
            <variable id="VYST1R"/>
            <variable id="VYST1V"/>
            <variable id="VYST1Z"/>
            <variable id="VYST2R"/>
            <variable id="VYST2V"/>
            <variable id="VYST2Z"/>
            <variable id="VYST3R"/>
            <variable id="VYST3V"/>
            <variable id="VYST3Z"/>
            <variable id="UBAT"/>
         </variables>
      </port>
      <port id="25">
         <varCount>12</varCount>
         <totalSize>96</totalSize>
         <variables>
            <variable id="DVE1LA"/>
            <variable id="DVE1LB"/>
            <variable id="DVE1LC"/>
            <variable id="DVE1PA"/>
            <variable id="DVE1PB"/>
            <variable id="DVE1PC"/>
            <variable id="DVE2LA"/>
            <variable id="DVE2LB"/>
            <variable id="DVE2LC"/>
            <variable id="DVE2PA"/>
            <variable id="DVE2PB"/>
            <variable id="DVE2PC"/>
         </variables>
      </port>
      <port id="26">
         <varCount>4</varCount>
         <totalSize>64</totalSize>
         <variables>
            <variable id="VODA_WC"/>
            <variable id="FRIED"/>
            <variable id="ODDIL"/>
            <variable id="KOMUNI"/>
         </variables>
      </port>
   </overview>
</ports>