<?xml version="1.0" encoding="UTF-8" standalone="no"?><dvd_rental>
    <dvds>
        <dvd cz_name="3000 mil na ?t?ku" genre="action" id="dvd_id_0" orig_name="3000 Miles to Graceland">
            <description TextValue="A gang of ex-cons rob a casino during Elvis convention week.">
            	<cast>
            		<actor name="Kurt Russel">
            			<character name="Michael Zane"/>
            		</actor>
            		<actor name="Kevin Costner"/>
            	</cast></description>
            <hrefs>
                <href type="imdb" url="http://www.imdb.com/title/tt0233142/"/>
                <href type="csfd" url="http://www.csfd.cz/film/11557"/>
            </hrefs>
            <recommendations>
                <recommendation dvd_id="dvd_id_1"/>
                <recommendation dvd_id="dvd_id_2"/>
            </recommendations>
        </dvd>
        <dvd cz_name="16 blok?" genre="action" id="dvd_id_1" orig_name="16 Blocks">
            <description TextValue="An aging cop is assigned the ordinary task of escorting a fast-talking witness from police custody to a courthouse. There are however forces at work trying to stop prevent them from making it.">
            	<cast>
            		<actor name="Bruce Willis"/>
            		<actor name="Mos Def">
            			<character name="Eddie Bunker"/>
            		</actor>
            	</cast></description>
            <hrefs>
                <href type="imdb" url="http://www.imdb.com/title/tt0450232/"/>
            </hrefs>
            <recommendations>
                <recommendation dvd_id="dvd_id_4"/>
            </recommendations>
        </dvd>
        <dvd cz_name="3:15 zem?e?" genre="horor" id="dvd_id_2" orig_name="Amytville Horor">
            <hrefs>
                <href type="unspecified" url="http://www.amityvillehorrormovie.com/"/>
            </hrefs>
            <recommendations>
                <recommendation dvd_id="dvd_id_4"/>
            </recommendations>
        </dvd>
        <dvd cz_name="300 Bitva u Thermopyl" genre="fantasy" id="dvd_id_3" orig_name="300 Thermopyl's">
            <hrefs>
                <href type="csfd" url="http://www.csfd.cz/film/221337"/>
            </hrefs>
        </dvd>
        <dvd cz_name="5. element" genre="sci-fi" id="dvd_id_4" orig_name="5th element">
            <description TextValue="In the colorful future, a cab driver unwittingly becomes the central figure in the search for a legendary cosmic weapon to keep Evil and Mr Zorg at bay.">
            	<cast>
    	    		<actor name="Bruce Willis"/>
	            </cast></description>
            <recommendations>
                <recommendation dvd_id="dvd_id_10"/>
                <recommendation dvd_id="dvd_id_9"/>
            </recommendations>
        </dvd>
        <dvd cz_name="6. Batalion" genre="war" id="dvd_id_5" orig_name="Great Raid">
            <description>
                <short_description TextValue="Taking place towards the end of WWII, 500 American Soldiers have been entrapped in a camp for 3 years. Beginning to give up hope they will ever be rescued, a group of Rangers goes on a dangerous mission to try and save them."/>
                <full_description TextValue="Set in the Philippines in 1945 towards the end of WWII, under the command of Lieutenant Colonel Henry Mucci and Captain Robert Prince, the 6th Ranger Battalion undertake a daring rescue mission against all odds. Traveling thirty miles behind enemy lines, they intend to liberate over 500 American Soldiers from the notorious Cabanatuan Japanese POW camp in the most audacious rescue ever."/>
            </description>
        </dvd>
        <dvd cz_name="60 sekund" genre="action" id="dvd_id_6" orig_name="Gone in Sixty Seconds">
            <description>
                <director name="Dominic Sena"/>
                <cast>
                    <actor name="Nicolas Cage">
                        <character name="Memphis Raines"/>
                    </actor>
                    <actor name="Angelina Jolie">
                        <character name="Sara 'Sway' Wayland"/>
                    </actor>
                    <actor name="Christopher Eccleston"/>
                </cast>
                <short_description TextValue="A retired master car thief must come back to the industry and steal 50 cars with his crew in one night to save his brother's life."/>
            </description>
        </dvd>
        <dvd cz_name="Sedm? h??ch" genre="drama" id="dvd_id_7" orig_name="Original Sin">
            <description>
                <![CDATA[<div style='float:left;width:425px;padding-top:10px;font-weight:normal'>Kuba, devaten?ct? stolet?. Bohat? obchodn?k Luis Vargas (Antonio Banderas) hodl? upevnit sv? spole?ensk? postaven? s?atkem s Ameri?ankou. Nehled? skute?nou l?sku a dohoda je uzav?ena ?ist? na obchodn?m z?klad?. O to v?c je pak p?ekvapen, kdy? mu do ?ivota m?sto prost? ?eny vstoup? sv?dn? Julia (Angelina Jolie). Netrv? dlouho a Vargas se do n? zamiluje. Zanedlouho se objev? i tajemn? a podez??vav? Walter Downs (Thomas Jane), kter? tvrd?, ?e Julia nen? t?m, k?m se b?t zd?. Vargas sice zpo??tku odm?t? uv??it, ale kdy? man?elka zmiz? i s jeho pen?zi, rozhodne se zjistit, jak se v?ci doopravdy maj?. Vyd?v? se na pou? temnou str?nou ...&nbsp;</div>]]>
            </description>
            <hrefs>
                <href type="csfd" url="http://www.csfd.cz/film/18430"/>
            </hrefs>
        </dvd>
        <dvd cz_name="Aeon Flux" genre="sci-fi" id="dvd_id_8" orig_name="Aeon Flux">
            <description>
                <full_description TextValue="400 years in the future, set in the year 2415, Aeon Flux is a mysterious assassin. Four centuries after a virus nearly decimated the human race, leaving only five million survivors in a utopian city called Bregna. Aeon is struggling to destroy the Goodchild regime led by its namesake, Trevor Goodchild, the ruler of Bregna and a descendant of the man who found a cure for the deadly virus. As instructed by the Handler, Aeon is assigned to assassinate Goodchild, but there are deeper secrets to be discovered, and conspiracies to be foiled." language="CZ"/>
                <cast>
                    <actor name="Charlize Theron">
                        <character name="?on Flux"/>
                    </actor>
                </cast>
            </description>
        </dvd>
        <dvd cz_name="Agent v sukni 2" genre="comedy" id="dvd_id_9" orig_name="Big Momma's House 2">
            <description TextValue="Big Momma's House 2 is a 2006 comedy starring Martin Lawrence and co-starring Nia Long, Emily Procter, Zachary Levi and Mark Moses. It is the sequel to 2000's Big Momma's House. It was released on January 27, 2006. The movie was critically panned as critics felt that a sequel was unnecessary. For some time the movie had been placed in IMDB's bottom 100. However, it had a decent showing at the box office. The film was released on DVD on May 9."/>
            <hrefs>
                <href type="unspecified" url="http://en.wikipedia.org/wiki/Big_Momma%27s_House_2"/>
            </hrefs>
        </dvd>
        <dvd cz_name="Andrew - ?len na?? rodiny" genre="sci-fi" id="dvd_id_10" orig_name="Bicenntial Man">
            <description>
                <director name="Chris Columbus"/>
                <short_description TextValue="An android endeavors to become human as he gradually acquires emotions."/>
                <cast>
                	<actor name="Robin Williams"/>
                </cast>
            </description>
            <hrefs>
                <href type="imdb" url="http://www.imdb.com/title/tt0182789/"/>
            </hrefs>
        </dvd>
        <dvd cz_name="J?, robot" genre="sci-fi" id="dvd_id_11" orig_name="I, Robot">
            <description TextValue="Will Smith, v hlavnej ?lohe tohto ak?n?ho thrilleru, ktor? je in?pirovan? zbierkou kr?tkych poviedok Isaaca Asimova, nato?il re?is?r AlexProyas (Dark City, Vrana). V roku 2035, s? roboty s??as?ou ka?dej dom?cnosti a ?udia im d?veruj?, okrem jedn?ho trochu paranoidn?ho detekt?va Del Spoonera (Will Smith) , ktor? je presved?en?, ?e zlo?in, ktor? pr?ve vy?etruje sp?chal robot. Vy?etrovanie ho privedie, k objaveniu desivej hrozby pre ?udsk? rasu...">
                <director name="Alex Proyas"/>
                <cast>
                    <actor name="Will Smith">
                        <character name="Del Spooner"/>
                    </actor>
                    <actor name="Alan Tudyk">
                        <character name="Sonny"/>
                    </actor>
                </cast></description>
            <hrefs>
                <href type="imdb" url="http://www.imdb.com/title/tt0343818/"/>
                <href type="csfd" url="http://www.csfd.cz/film/91975"/>
            </hrefs>
        </dvd>
    </dvds>
    
    <films>
        <film genre="fantasy" id="film_id_0" name="Crow">
            <director name="Alex Proyas"/>
            <hrefs>
                <href type="csfd" url="http://www.csfd.cz/film/16745"/>
                <href type="imdb" url="http://www.imdb.com/title/tt0109506/"/>
            </hrefs>
            <type>
                <release version="dvd_rip"/>
                <size size="697 MB"/>
            </type>
            <type>
                <release version="dvd_rip"/>
                <size size="705 MB"/>
            </type>
            <type>
                <release version="dvd_rip"/>
                <size size="1154 MB"/>
            </type>
        </film>
        <film genre="sci-fi" id="film_id_1" name="Dark City">
            <director name="Alex Proyas"/>
            <hrefs>
                <href type="csfd" url="http://www.csfd.cz/film/18233"/>
            </hrefs>
            <type>
                <release version="dvd_rip"/>
                <size size="718 MB"/>
            </type>
            <type>
                <release version="dvd_rip"/>
                <size size="518 MB"/>
            </type>
        </film>
        <film genre="sci-fi" id="film_id_2" name="Iron Man">
            <director name="Jon Favreau"/>
            <hrefs>
                <href type="csfd" url="http://www.csfd.cz/film/223262"/>
                <href type="imdb" url="http://www.imdb.com/title/tt0371746/"/>
            </hrefs>
            <type>
                <release version="cam_rip"/>
                <size size="725 MB"/>
            </type>
        </film>
    </films>
    
    <borrowings>
        <borrowing date="12.3.2009" dvd_id="dvd_id_8">
            <user name="Pepa Kulda">
                <contact>
                    <email address="pepa@seznam.cz"/>
                </contact>
            </user>
            <instructions>
                <?echo "Pepa Kulda - dvd_id_8" >> 12_3_2009_borrovings ?>
            </instructions>
            <note TextValue="Prodlou?en? v?p?j?ka."/>
        </borrowing>
        <borrowing date="14.3.2009" dvd_id="dvd_id_10">
            <user name="Petr Von?sek">
                <contact TextValue="U Potoka 13, 284 15 Kocourkov"><email address="empty@mail.address"/>
                    <phone number="123456789"/>
                </contact>
            </user>
            <instructions>
                <?echo "Petr Von?sek - dvd_id_10" >> 14_3_2009_borrovings ?>
            </instructions>
        </borrowing>
        <borrowing date="15.3.2009" dvd_id="dvd_id_1">
            <user name="Majda ?ilhav?">
                <contact>
                    <email address="majda@centrum.cz"/>
                    <phone number="000000000"/>
                </contact>
            </user>
            <instructions>
                <?echo "Majda ?ilhav? - dvd_id_1" >> 15_3_2009_borrovings ?>
            </instructions>
        </borrowing>
        <borrowing date="15.3.2009" dvd_id="dvd_id_5">
            <user name="Lud?k Vokurka">
                <contact TextValue="Za N?vs? 23, 456 12 Ps?kov">
                    <phone number="321654987"/></contact>
            </user>
            <instructions>
                <?echo "Lud?k Vokurka - dvd_id_5" >> 15_3_2009_borrovings ?>
            </instructions>
            <note TextValue="V?puj?ka bude pravd?podobn? prodlou?ena o t?den."/>
        </borrowing>
    </borrowings>
</dvd_rental>