<?xml version="1.0" encoding="utf-8" standalone="no"?><!--3. z?po?tov? ?kol z p?edm?tu Technologie XML--><katalog>
	<metadata>
		<autor>
			<jmeno>V?clav</jmeno>
			<prijmeni>Brodec</prijmeni>
			<pozice>hlavn? v?voj??</pozice>
			<email><typ>soukromy</typ>v-brody@seznam.cz</email>
			<email><typ>firemni</typ>brodec@Blablacorp.cz</email>
			<icq>666666666</icq>
			<www>http://www.bcorp.com</www>
			<adresa>
				<ulice>Smetanova</ulice>
				<cp>1224</cp>
				<psc>36301</psc>
				<mesto>Ostrov</mesto>
				<stat><kod>CZ</kod>?esk? republika</stat>
			</adresa>
			<telefon>+420775445490</telefon>
			<fax>+420333666999</fax>
			<fotografie><src>foto-autor.jpg</src></fotografie>
			<firma>
				<nazev>Blablacorp, a. s.</nazev>
				<ic>798721321</ic>
				<dic>298182132</dic>
				<adresa>
					<ulice>Lisztova</ulice>
					<cp>12</cp>
					<psc>36301</psc>
					<mesto>Ostrov</mesto>
					<stat><kod>CZ</kod>?esk? republika</stat>
				</adresa>
				<html-kontakty>
					<ul>
						<li><a><href>mailto:inbox@bcorp.com</href>Kontaktn? e-mail</a></li>
						<li><a><href>http://www.bcorp.com/</href>Ofici?ln? web</a></li>
						<li><a><href>http://www.bcorpfoundation.org/</href>Ofici?ln? web dobro?inn? nadace</a></li>
					</ul>
				</html-kontakty>
			</firma>
		</autor>
		<verze>1.0</verze>
		<datum-vytvoreni>5. 3. 2010.</datum-vytvoreni>
<!--Pokus? se zjistit datum pomoc? skriptovac?ho jazyka-->
		<aktualni-datum>28. 3. 2012</aktualni-datum>
	</metadata>
	<demo>
		<prezentace><src>demosnimek1</src></prezentace>
	</demo>
	<filmy>
		<film><id>id0001</id><distribucni-kody>DCZ01 TPOE 2CZ</distribucni-kody>
			<typ>hran?</typ>
			<nazev>Dv? cesty zla</nazev>
			<rok-vyroby>2007</rok-vyroby>
			<reziseri>
				<osoba-link><id>id1001</id></osoba-link>
			</reziseri>
			<herci>
				<osoba-link><id>id1001</id></osoba-link>
				<osoba-link><id>id1002</id></osoba-link>
			</herci>
			<skladatele>
				<osoba-link><id>id1003</id></osoba-link>
			</skladatele>
			<popis> Mlad? p?r (v hlavn? roli slavn? <osoba-link><id>id1001</id>sv?dce ?en Gutierez</osoba-link> a megahv?zda <osoba-link><id>id1004</id>Agnetha Ulrichovna</osoba-link>) se vyd? na dramatickou plavbu na lodi...</popis>
			<obrazky>
				<fotografie><src>dcz-2589.jpg</src></fotografie>
			</obrazky>
			<videa>
				<video>
					<titulek>Upout?vka 1</titulek>
					<videosoubor><src>video</src></videosoubor>
				</video>
			</videa>
		</film>
		<film><id>id0002</id>
			<typ>animovan?</typ>
			<nazev>Krte?ek Unleashed</nazev>
			<rok-vyroby>2002</rok-vyroby>
			<reziseri>
				<osoba-link><id>id1005</id></osoba-link>
				<osoba-link><id>id1006</id></osoba-link>
			</reziseri>
			<herci>
				<osoba-link><id>id1001</id></osoba-link>
			</herci>
			<skladatele/>
			<popis>Fenomen?ln? film <osoby-linky><ids>id1005 id1006</ids>brat?? Bob?</osoby-linky>, kter? dosud nebyl v ?R uveden.</popis>
			<obrazky>
				<fotografie><src>ku-2500.jpg</src></fotografie>
				<fotografie><src>ku-2590.jpg</src></fotografie>
			</obrazky>
			<videa>
				<video>
					<titulek>P?edfilm</titulek>
					<videosoubor><src>video</src></videosoubor>
				</video>
			</videa>
		</film>
		<film><id>id0003</id>
			<typ>hran?</typ>
			<nazev>Termin?l</nazev>
			<rok-vyroby>2004</rok-vyroby>
			<reziseri>
				<osoba-link><id>id1007</id></osoba-link>
			</reziseri>
			<herci>
				<osoba-link><id>id1008</id></osoba-link>
				<osoba-link><id>id1009</id></osoba-link>
			</herci>
			<skladatele/>
			<popis>Dojemn? film s hv?zdami prvn? velikosti - Oscary ov?n?en?mi <osoba-link><id>id1008</id>Tomem Hanksem</osoba-link> a <osoba-link><id>id1009</id>Catherine Zeta-Jones</osoba-link>.</popis>
			<obrazky>
				<fotografie><src>t-21312.jpg</src></fotografie>
				<fotografie><src>t-212832.jpg</src></fotografie>
				<fotografie><src>t-214832.jpg</src></fotografie>
			</obrazky>
			<videa/>
		</film>
		<film><id>id0004</id>
			<typ>hran?</typ>
			<nazev>The Last Gun</nazev>
			<rok-vyroby>1956</rok-vyroby>
			<reziseri>
				<osoba-link><id>id1007</id></osoba-link>
			</reziseri>
			<herci/>
			<skladatele/>
			<popis>Re?is?r nato?il v 13 letech.</popis>
			<obrazky/>
			<videa/>
		</film>
		<film><id>id0005</id>
			<typ>hran?</typ>
			<nazev>Chy? m?, kdy? to dok??e?</nazev>
			<rok-vyroby>2002</rok-vyroby>
			<reziseri>
				<osoba-link><id>id1007</id></osoba-link>
			</reziseri>
			<herci>
				<osoba-link><id>id1010</id></osoba-link>
				<osoba-link><id>id1008</id></osoba-link>				
				<osoba-link><id>id1011</id></osoba-link>
			</herci>
			<skladatele/>
			<popis>Hrav? komedie podle skute?n?ch ud?lost?</popis>
			<obrazky/>
			<videa/>
		</film>
		<film><id>id0006</id>
			<typ>hran?</typ>
			<nazev>Sucker Punch</nazev>
			<rok-vyroby>2011</rok-vyroby>
			<reziseri>
				<osoba-link><id>id1012</id></osoba-link>
			</reziseri>
			<herci>
			</herci>
			<skladatele/>
			<popis>Vizu?ln? n??ez roku.</popis>
			<obrazky/>
			<videa/>
		</film>
		<film><id>id0007</id>
			<typ>hran?</typ>
			<nazev>Ospal? d?ra</nazev>
			<rok-vyroby>1999</rok-vyroby>
			<reziseri/>
			<herci>
				<osoba-link><id>id1013</id></osoba-link>
				<osoba-link><id>id1011</id></osoba-link>
			</herci>
			<skladatele/>
			<popis>Gotick? horror.</popis>
			<obrazky/>
			<videa/>
		</film>
	</filmy>
	<osoby>
		<osoba><id>id1001</id>
			<jmeno>Benito</jmeno>
			<prijmeni>Gutierez</prijmeni>
			<datum-narozeni>24. 1. 1980</datum-narozeni>
			<obcanstvi>Argentina</obcanstvi>
		</osoba>
		<osoba><id>id1002</id>
			<jmeno>Alfredo</jmeno>
			<prijmeni>Lotredo</prijmeni>
			<datum-narozeni>2. 11. 1950</datum-narozeni>
			<obcanstvi>It?lie</obcanstvi>
		</osoba>
		<osoba><id>id1003</id>
			<jmeno>Ennio</jmeno>
			<prijmeni>Fefferone</prijmeni>
			<datum-narozeni>2. 11. 1930</datum-narozeni>
			<obcanstvi>It?lie</obcanstvi>
		</osoba>
		<osoba><id>id1004</id>
			<jmeno>Agnetha</jmeno>
			<prijmeni>Ulrichovna</prijmeni>
			<datum-narozeni>22. 11. 1970</datum-narozeni>
			<obcanstvi>Kazachst?n</obcanstvi>
		</osoba>
		<osoba><id>id1005</id>
			<jmeno>Billy</jmeno>
			<prijmeni>Bob</prijmeni>
			<datum-narozeni>1. 1. 1971</datum-narozeni>
			<obcanstvi>Spojen? st?ty americk?</obcanstvi>
		</osoba>
		<osoba><id>id1006</id>
			<jmeno>Joey</jmeno>
			<prijmeni>Bob</prijmeni>
			<datum-narozeni>1. 1. 1971</datum-narozeni>
			<obcanstvi>Spojen? st?ty americk?</obcanstvi>
		</osoba>
		<osoba><id>id1007</id>
			<jmeno>Steven</jmeno>
			<prijmeni>Spielberg</prijmeni>
			<datum-narozeni>18. 12. 1946</datum-narozeni>
			<obcanstvi>Spojen? st?ty americk?</obcanstvi>
		</osoba>
		<osoba><id>id1008</id>
			<jmeno>Tom</jmeno>
			<prijmeni>Hanks</prijmeni>
			<datum-narozeni>9. 7. 1956</datum-narozeni>
			<obcanstvi>Spojen? st?ty americk?</obcanstvi>
		</osoba>
		<osoba><id>id1009</id>
			<jmeno>Catherine</jmeno>
			<prijmeni>Zeta-Jones</prijmeni>
			<datum-narozeni>25. 9. 1969</datum-narozeni>
			<obcanstvi>Spojen? kr?lovstv? Velk? Brit?nie a Severn?ho Irska</obcanstvi>
		</osoba>
		<osoba><id>id1010</id>
			<jmeno>Leonardo</jmeno>
			<prijmeni>DiCaprio</prijmeni>
			<datum-narozeni>11. 11. 1974</datum-narozeni>
			<obcanstvi>Spojen? st?ty americk?</obcanstvi>
		</osoba>
		<osoba><id>id1011</id>
			<jmeno>Christopher</jmeno>
			<prijmeni>Walken</prijmeni>
			<datum-narozeni>31. 3. 1943</datum-narozeni>
			<obcanstvi>Spojen? st?ty americk?</obcanstvi>
		</osoba>
		<osoba><id>id1012</id>
			<jmeno>Zack</jmeno>
			<prijmeni>Snyder</prijmeni>
			<datum-narozeni>1. 3. 1966</datum-narozeni>
			<obcanstvi>Spojen? st?ty americk?</obcanstvi>
		</osoba>
		<osoba><id>id1013</id>
			<jmeno>Christopher</jmeno>
			<prijmeni>Lee</prijmeni>
			<datum-narozeni>27. 5. 1922</datum-narozeni>
			<obcanstvi>Spojen? kr?lovstv? Velk? Brit?nie a Severn?ho Irska</obcanstvi>
		</osoba>
	</osoby>
</katalog>