<html>
   <head>
      <meta http-equiv="Content-Type" content="text/html; charset=UTF-8">
      <title>
         			Organy a jejich cetnost
         		
      </title>
   </head>
   <body>
      <table>
         <tr>
            <td> Jmeno  </td>
            <td>Prijmeni </td>
            <td> Nazivu</td>
         </tr>
         <tr>
            <td>ledvina</td>
            <td>4</td>
         </tr>
         <tr>
            <td>zaludek</td>
            <td>1</td>
         </tr>
      </table>
   </body>
</html>