<html>
   <head>
      <meta http-equiv="Content-Type" content="text/html; charset=UTF-8">
      <title>Organy a u nich seznam darcu</title>
   </head>
   <body>
      <table>
         <tr>
            <td>ledvina</td>
            <td>
               <table>
                  <tr>
                     <td>Milan</td>
                     <td>Hodný</td>
                  </tr>
                  <tr>
                     <td>Karel</td>
                     <td>Datel</td>
                  </tr>
               </table>
            </td>
         </tr>
         <tr>
            <td>zaludek</td>
            <td>
               <table>
                  <tr>
                     <td>Karel</td>
                     <td>Datel</td>
                  </tr>
               </table>
            </td>
         </tr>
      </table>
   </body>
</html>