<html>
   <head>
      <meta http-equiv="Content-Type" content="text/html; charset=UTF-8">
      <title>
         			Darci
         		
      </title>
   </head>
   <body>
      <table>
         <tr>
            <td> Jmeno  </td>
            <td>Prijmeni </td>
            <td> Nazivu</td>
         </tr>
         <tr>
            <td>Karel</td>
            <td>Datel</td>
            <td>ne</td>
            <td>
               <ul>
                  <li>Milan</li>
                  <li>Hodný</li>
               </ul>
            </td>
         </tr>
         <tr>
            <td>Milan</td>
            <td>Hodný</td>
            <td>ano</td>
            <td>
               <ul>
                  <li>Karel</li>
                  <li>Datel</li>
               </ul>
            </td>
         </tr>
      </table>
   </body>
</html>