<?xml version="1.0" encoding="UTF-8"?>
<darci>
   <darce Jmeno="Milan" Prijmeni="Hodný" Dobrovolny="ano" Nazivu="ano">
      <darce-organy>
         <darce-organ oid="oid1" strana="prava" stav="neznamy"/>
         <darce-organ oid="oid1" strana="leva" stav="neznamy"/>
      </darce-organy>
   </darce>
   <darce Jmeno="Karel" Prijmeni="Datel" Dobrovolny="ne" Nazivu="ne">
      <darce-organy>
         <darce-organ oid="oid1" strana="prava" stav="spatny"/>
         <darce-organ oid="oid1" strana="leva" stav="spatny"/>
         <darce-organ oid="oid8" stav="spatny"/>
      </darce-organy>
   </darce>
   <darce Jmeno="Petr" Prijmeni="Muk" Dobrovolny="ne" Nazivu="ano">
      <darce-organy>
         <darce-organ oid="oid8" stav="neznamy"/>
         <darce-organ oid="oid9" stav="neznamy"/>
      </darce-organy>
   </darce>
   <darce Jmeno="Agata" Prijmeni="Hanychova" Dobrovolny="ne" Nazivu="ano">
      <darce-organy>
         <darce-organ oid="oid7" strana="prava" stav="zachovaly"/>
         <darce-organ oid="oid7" strana="leva" stav="zachovaly"/>
         <darce-organ oid="oid8" stav="spatny"/>
      </darce-organy>
   </darce>
</darci>