<?xml version="1.0" encoding="UTF-8" standalone="no"?><!-- Data represents tasks and information about them --><TODO-list>
	<people>
		<person id="prsn_101">
			<name>Jan</name>
			<surname>Nov?k</surname>
		</person>
		<person id="prsn_102">
			<name>Franti?ek</name>
			<surname>Vopi?ka</surname>
		</person>
		<person id="prsn_103">
			<name>Lenka</name>
			<surname>Hol?</surname>
		</person>
	<person id="prsn_104"><name>Pavel</name><surname>Hora</surname></person></people>
	<teams>
		<team id="tm_201">
			<name>IT</name>
			<members>
				<person-ref ref="prsn_101"/>
			</members>
		</team>
		
	</teams>
	<tasks>
		<task done="No">
			<title shortname="Dou?ek">Tvorba software pro firmu Dou?ek a spol.</title>
			<solver ref="tm_201"/>
			<notes>
				<note>Podklady p?ijdou 5.3.2014.</note>
				<note>Tak kde jsou ty podklady?</note>
				<note>Podklady vlo?eny na filehosting.</note>
				<note>P?edejte to kluk?m k testov?n?.</note>
				<note>V?te n?kdo, kdy p?ijde kone?n? Dave do pr?ce?</note>
				<note>Po tom v?erej?ku asi hned tak ne :)</note>
				<note>To by <b>sta?ilo</b>! V?nujte se rad?ji pr?ci.</note>
				<note>
					M??ete mi ??ct, kdo dal do k?du tohle:
					<![CDATA[
						tree.root.compose << tree.root;
					]]>
					Vyhodilo to po?adavek na <?php echo pow(2, 64); ?> byt? pam?ti.
				</note>
				<note>Tak prvn? vla?tovka. P?edve?te to n?kdo klientovi, a? m?me zp?tnou vazbu.</note>
				<note>Vyj?d?en? klienta m?te v mailech.</note>
			</notes>
		</task>
	</tasks>
</TODO-list>