<?xml version="1.0" encoding="UTF-8" standalone="no"?><!--
    Author: Bc. CHOMUT Miroslav 11070237
    First homework
--><!-- External Private DTD --><!-- root element --><finswimming>

    <!-- Document reliability info -->
    <generated>
        <generatedDate><![CDATA[<? echo date('d.m.Y H:i:s'); ?>]]></generatedDate>
        <serverStamp><![CDATA[<? phpinfo(); ?>]]></serverStamp>
    </generated>

    <!-- Physical people -->
    <!-- Contains data specific for phzsical people -->
    <people>
        <person avatar="avatGodLike" id="per1" name="Xerxes" surname="FastSwim">
            <address>
                <street>My street</street>
                <city>Utopia</city>
                <state>Imaginary</state>
            </address>
            <biometrics>
                <height>
                    <SI_meter>2</SI_meter>
                    <SI_centimeter>10</SI_centimeter>
                </height>
                <weight>
                    <SI_kilogram>100</SI_kilogram>
                </weight>
            </biometrics>
            <HTMLSignature>
                <![CDATA[
                <b>Hello</b> <h2>WORLD</h2>
                ]]>
            </HTMLSignature>
        </person>
        <person id="per2" middlename="Van falubert ' s" name="John" surname="the first">
            <address>
                <street>My street</street>
                <city>Utopia</city>
                <state>Imaginary</state>
                <inspection year="1989"/>
            </address>
            <biometrics>
                <height>
                    <NonSI_feet>4</NonSI_feet>
                </height>
                <weight>
                    <NonSI_pound>100</NonSI_pound>
                </weight>
            </biometrics>
            <HTMLSignature>
                <![CDATA[
                <b>Hello</b> <h2>WORLD</h2> <small>and NUMA CPUs</small>
                ]]>
            </HTMLSignature>
            <ANYSignature>
                AHOJ
            </ANYSignature>
            <ANYSignature>
                Can I Have Multiple of these (sure I can):
                <HTMLSignature>
                    <![CDATA[
                    <big>GOTCHA!!! Second HTML signature<big>
                    ]]>
            </HTMLSignature>
            </ANYSignature>
        </person>
        <person avatar="avatThick" id="per3" name="Anna" surname="KArenina">
            <address>
                <city>Literature</city>
                <state>HardToLearnOne</state>
            </address>
            <biometrics>
                <height>
                    <SI_meter>1</SI_meter>
                    <SI_centimeter>70</SI_centimeter>
                </height>
                <weight>
                    <SI_kilogram>78</SI_kilogram>
                </weight>
            </biometrics>
            <HTMLSignature>
                <![CDATA[
                <a href="mailto:me@here.now">Write me :)</a>
                ]]>
            </HTMLSignature>
        </person>
    <person id="per4" name="Miroslav" surname="Chomut"><address><street>Doma</street><city>Zvolen</city><state>Slovakia</state><inspection year="2012"/></address><biometrics><height><SI_Meter>1</SI_Meter><SI_centimeter>74</SI_centimeter></height><weight><SI_kilogram>57</SI_kilogram></weight></biometrics><HTMLSignatue>&lt;![CDATA[
&lt;b&gt;Hello&lt;/b&gt; &lt;h2&gt;WORLD&lt;/h2&gt;
]]&gt;</HTMLSignatue><ANYSignatue>chmirko</ANYSignatue></person></people>
    
    <!-- CMAS Region -->
    <!-- Contains CMAS Licences and CMAS Championships -->
    <CMAS>
        <CMAS_Competitors>
            <CMAS_Competitor id="CMASCom1" person="per1">
                <CMAS_PP>
                    
                    <Licence id="CMASLic53" year="2011"/>
                    <Licence id="CMASLic56" year="2012"/>
                </CMAS_PP>
                <CMAS_OP>
                    
                    <Licence id="CMASLic57" year="2012"/>
                </CMAS_OP>
                <CMAS_DPP>
                    <Licence id="CMASLic54" year="2011"/>
                    <Licence id="CMASLic58" year="2012"/>
                </CMAS_DPP>
            </CMAS_Competitor>
            <CMAS_Competitor id="CMASCom2" person="per2">
                <CMAS_PP>
                    
                    
                    
                </CMAS_PP>
                <CMAS_OP>
                    
                    
                </CMAS_OP>
                <CMAS_DPP>
                    
                    
                </CMAS_DPP>
            </CMAS_Competitor>
            <CMAS_Competitor id="CMASCom3" person="per2">
                <CMAS_PP>
                    <Licence id="CMASLic55" year="2011"/>
                    <Licence id="CMASLic59" year="2012"/>
                </CMAS_PP>
                <CMAS_OP>
                    <Licence id="CMASLic60" year="2012"/>
                </CMAS_OP>
                <CMAS_DPP>
                    <Licence id="CMASLic61" year="2012"/>
                </CMAS_DPP>
            </CMAS_Competitor>
        </CMAS_Competitors>
        <CMAS_Championships>
            <CMAS_Championship date="08.08.2006" id="CMAS_ch01">
                <champname>Conf??d??ration Mondiale des Activit??s Subaquatiques organised competition</champname>
                <address>
                    <city>Beograd</city>
                    <state>Serbia</state>
                </address>
            </CMAS_Championship>
            <CMAS_Championship date="09.09.2007" id="CMAS_wch01" worldCupRound="1">
                <champname>Conf??d??ration Mondiale des Activit??s Subaquatiques World cup first round</champname>
                <address>
                    <city>Torun</city>
                    <state>Poland</state>
                </address>
            </CMAS_Championship>
            <CMAS_Championship date="10.10.2007" id="CMAS_wch02" worldCupRound="2">
                <champname>Conf??d??ration Mondiale des Activit??s Subaquatiques World cup second round</champname>
                <address>
                    <city>Eger</city>
                    <state>Hungary</state>
                </address>
            </CMAS_Championship>
            <CMAS_Championship date="30.10.2007" id="CMAS_wch03" worldCupRound="2">
                <champname>Conf??d??ration Mondiale des Activit??s Subaquatiques World cup third round</champname>
                <address>
                    <city>Lignano</city>
                    <state>Italy</state>
                </address>
            </CMAS_Championship>
            <CMAS_Championship date="11.11.2007" id="CMAS_wchGF1" prerequisities="CMAS_wch01 CMAS_wch02 CMAS_wch01" worldCupRound="GoldenFinal">
                <champname>Conf??d??ration Mondiale des Activit??s Subaquatiques World cup Golden Final (at least three rounds required)</champname>
                <address>
                    <city>Alexandria</city>
                    <state>Egypt</state>
                </address>
            </CMAS_Championship>
        </CMAS_Championships>
    </CMAS>
    
    <!-- international region -->
    <!-- Contains international data like categories and disciplines -->
    <international>
        <categories>
            <category ageFrom="7" ageTo="11" id="catE" name="E"/>
            <category ageTo="13" id="catD" name="D"/>
            <category ageTo="15" id="catC" name="C"/>
            <category ageTo="17" id="catB" name="B"/>
            <category ageTo="120" id="catA" name="A"/>
            <category ageFrom="20" ageTo="120" id="catM" name="Masters"/>
            <category ageFrom="50" ageTo="120" id="catM2" name="GrandMasters"/>
            <category ageTo="120" id="catOOC" name="OutOfCompetition"/>
        </categories>
        <disciplines>
            <!-- PP surface -->
            <discipline distance="50" id="disc50PP" subtype="PP" type="typePool"/>
            <discipline distance="100" id="disc100PP" subtype="PP" type="typePool"/>
            <discipline distance="200" id="disc200PP" subtype="PP" type="typePool"/>
            <discipline distance="400" id="disc400PP" subtype="PP" type="typePool"/>
            <discipline distance="800" id="disc800PP" subtype="PP" type="typePool"/>
            <discipline distance="1500" id="disc1500PP" subtype="PP" type="typePool"/>
            <discipline distance="1850" id="disc1850PP" subtype="PP" type="typePool"/>
            
            <!-- PP Apnoea -->
            <discipline distance="15" id="disc15AP" subtype="AP" type="typePool"/>
            <discipline distance="25" id="disc1510AP" subtype="AP" type="typePool"/>
            <discipline distance="25" id="disc25AP" subtype="AP" type="typePool"/>
            <discipline distance="50" id="disc50AP" subtype="PP" type="typePool"/>
            
            <!-- PP Immersion -->
            <discipline distance="100" id="disc100IM" subtype="IM" type="typePool"/>
            <discipline distance="400" id="disc400IM" subtype="IM" type="typePool"/>
            <discipline distance="800" id="disc800IM" subtype="IM" type="typePool"/>
            
            <!-- OP -->
            <discipline distance="400" id="discOPMonk" type="typeOrient"/>
            <discipline distance="600" id="discOPCross" type="typeOrient"/>
            <discipline distance="600" id="discOPMash" type="typeOrient"/>
            
            <!-- DPP -->
            <discipline distance="600" id="discDPPKids" type="typeDistant"/>
            <discipline distance="1000" id="discDPP1" type="typeDistant"/>
            <discipline distance="2000" id="discDPP2" type="typeDistant"/>
            <discipline distance="4000" id="discDPP4" type="typeDistant"/>
            <discipline distance="5000" id="discDPP5" type="typeDistant"/>
            <discipline distance="6000" id="discDPP6" type="typeDistant"/>
            <discipline distance="8000" id="discDPP8" type="typeDistant"/>
            <discipline distance="10000" id="discDPP10" type="typeDistant"/>
            <discipline distance="34000" id="discDPPLaManche" type="typeDistant"/>
            
        </disciplines>
    </international>
    
    <!-- national region -->
    <!-- Contains national specific data for each nation like championships and competitors 
	(including possible national licence for active competitors - competitor does not need a licence for inactive year) -->
    <national>
        <nation code="sk">
            <championships>
                <championship date="26.04.1986" id="ch01">
                    <champname>The Ghoul' s price</champname>
                    <address>
                        <street>Glowing One</street>
                        <GPS>51?24'22.87"N  30?03'23.05"E</GPS>
                        <city>EarthTookBack</city>
                        <state>NonExistent</state>
                    </address>
                </championship>
                <championship date="29.05.1989" id="ch03">
                    <champname>Board of for Finswimming</champname>
                    <address>
                        <street>Near Submarine</street>
                        <GPS>69?26'8.64"N  32?21'10.60"E</GPS>
                        <city>Wet One</city>
                        <state>FrozenLand</state>
                    </address>
                </championship>
            </championships>
            <competitors>
                <competitor biotype="Human" person="per1">
                    <Licence id="skNationalLic7450" year="2012"/>
                    <Licence id="skNationalLic6800" year="2011"/>
                    
                    
                    
                    
                    
                    
                </competitor>
                <competitor biotype="Human" person="per2"/>
            </competitors>
        </nation>
        <nation code="cz">
            <championships/>
            <competitors/>
        </nation>
    </national>
    
    <!-- results region -->
    <!-- championship results are here, along results textual data are mixed within them 
		 possible comments to championship, whatewer, let's assume it as assignement enforced feature -->
    <results>
        <champResults championship="ch01">
            SOMEHOW MIXED DATA IS HERE TO MAKE PARSING EVEN MORE COMPLEX
            <champResult discipline="disc50PP" swimmer="per1">
                <resTime>00:20,59</resTime>
                <resPosition>4</resPosition>
                <resPoints>650</resPoints>
            </champResult>
            <champResult discipline="disc1500PP" swimmer="per1">
                <resTime>14:30,71</resTime>
                <resPosition>3</resPosition>
                <resPoints>650</resPoints>
            </champResult>
            <champResult discipline="disc1500PP" swimmer="per2">
                <resTime>14:59,32</resTime>
                <resPosition>8</resPosition>
                <resPoints>320</resPoints>
            </champResult>
            <champResult discipline="disc50PP" swimmer="per2">
                <resTime>00:20,47</resTime>
                <resPosition>2</resPosition>
                <resPoints>738</resPoints>
            </champResult>
            SOME RUBBISH DATA IS MIXED HERE AS WELL
        </champResults>
    </results>
    
</finswimming>