<?xml version="1.0" encoding="UTF-8"?>
<Zakaznici>
   <Zakaznik>
      <Kontakt ID="z12">
			      <KontaktniOsoba>Pavel Chytrý</KontaktniOsoba>
		    </Kontakt>
      <NezaplaceneFaktury>
         <Faktura>2012001</Faktura>
         <Faktura>2012251</Faktura>
         <Faktura>2012352</Faktura>
      </NezaplaceneFaktury>
   </Zakaznik>
   <Zakaznik>
      <Kontakt ID="z1">
			      <KontaktniOsoba>Pavel Skoupý</KontaktniOsoba>
		    </Kontakt>
      <NezaplaceneFaktury>
         <Faktura>2012002</Faktura>
         <Faktura>2012005</Faktura>
      </NezaplaceneFaktury>
   </Zakaznik>
   <Zakaznik>
      <Kontakt ID="z5">
			      <KontaktniOsoba>Pavel Novák</KontaktniOsoba>
			      <Adresa>
				        <Ulice>Ulice</Ulice>
				        <Mesto>Město</Mesto>
				        <PSC>10100</PSC>
			      </Adresa>
			      <Telefon>123456789</Telefon>
			      <Mail>info@domena.cz</Mail>		
		    </Kontakt>
      <NezaplaceneFaktury>
         <Faktura>2012103</Faktura>
      </NezaplaceneFaktury>
   </Zakaznik>
   <Zakaznik>
      <Kontakt ID="z2">
			      <KontaktniOsoba>Jan Novotný</KontaktniOsoba>
			      <Firma>Firma s.r.o.</Firma>
			      <Adresa>
				        <Ulice>Ulice</Ulice>
				        <Mesto>Město</Mesto>
				        <PSC>10100</PSC>
			      </Adresa>
			      <Telefon>123456789</Telefon>
			      <Mail>info@domena.cz</Mail>		
		    </Kontakt>
      <NezaplaceneFaktury>
         <Faktura>2012003</Faktura>
         <Faktura>2012004</Faktura>
      </NezaplaceneFaktury>
   </Zakaznik>
   <Zakaznik>
      <Kontakt ID="s5">
			      <Firma>Alza.cz a.s.</Firma>
		    </Kontakt>
      <NezaplaceneFaktury>
         <Faktura>2012351</Faktura>
      </NezaplaceneFaktury>
   </Zakaznik>
</Zakaznici>