<html xml:lang="cs">
   <head>
      <meta http-equiv="Content-Type" content="text/html; charset=UTF-8">
      <title>Přehled poboček</title>
   </head>
   <body>
      <h1>Přehled poboček</h1>
      <h2 Jmeno="Praha"></h2>
      <table>
         <tr>
            <th>Vydaných faktur:</th>
            <td>3</td>
         </tr>
         <tr>
            <th>Přijatých faktur:</th>
            <td>0</td>
         </tr>
         <tr>
            <th>Celkem vyfakturováno:</th>
            <td>23078 Kč</td>
         </tr>
         <tr>
            <th>Celkem vydáno:</th>
            <td>0 Kč</td>
         </tr>
      </table>
      <h2 Jmeno="Praha 4"></h2>
      <table>
         <tr>
            <th>Vydaných faktur:</th>
            <td>1</td>
         </tr>
         <tr>
            <th>Přijatých faktur:</th>
            <td>0</td>
         </tr>
         <tr>
            <th>Celkem vyfakturováno:</th>
            <td>7200 Kč</td>
         </tr>
         <tr>
            <th>Celkem vydáno:</th>
            <td>0 Kč</td>
         </tr>
      </table>
      <h2 Jmeno="Spořilov"></h2>
      <table>
         <tr>
            <th>Vydaných faktur:</th>
            <td>1</td>
         </tr>
         <tr>
            <th>Přijatých faktur:</th>
            <td>0</td>
         </tr>
         <tr>
            <th>Celkem vyfakturováno:</th>
            <td>86400 Kč</td>
         </tr>
         <tr>
            <th>Celkem vydáno:</th>
            <td>0 Kč</td>
         </tr>
      </table>
      <h2 Jmeno="Pankrác"></h2>
      <table>
         <tr>
            <th>Vydaných faktur:</th>
            <td>0</td>
         </tr>
         <tr>
            <th>Přijatých faktur:</th>
            <td>0</td>
         </tr>
         <tr>
            <th>Celkem vyfakturováno:</th>
            <td>0 Kč</td>
         </tr>
         <tr>
            <th>Celkem vydáno:</th>
            <td>0 Kč</td>
         </tr>
      </table>
      <h2 Jmeno="Brno"></h2>
      <table>
         <tr>
            <th>Vydaných faktur:</th>
            <td>2</td>
         </tr>
         <tr>
            <th>Přijatých faktur:</th>
            <td>1</td>
         </tr>
         <tr>
            <th>Celkem vyfakturováno:</th>
            <td>86400 Kč</td>
         </tr>
         <tr>
            <th>Celkem vydáno:</th>
            <td>180 Kč</td>
         </tr>
      </table>
   </body>
</html>