<?xml version="1.0" encoding="UTF-8"?>
<Faktury><!-- Seznam faktur, které obsahují nějakou položku, která má nulovou sazbu DPH --><VydanaFaktura ID="i1" Stav="Zaplacena" Zadal="Nováková" PouzitDph="true"
                  Zkontrolovana="false">
			   <Hlavicka>
				     <Cislo>2012001</Cislo>
				     <Dodavatel ID="d2"/>
				     <Zakaznik ID="z12" Poznamka="overit kontaktni telefon"/>
				     <VariabilniSymbol>123</VariabilniSymbol>
				     <SpecifickySymbol>32</SpecifickySymbol>
				     <DatumSplatnosti>2012-02-01</DatumSplatnosti>
				     <DatumVytvoreni>2012-01-01</DatumVytvoreni>
				     <DatumUZP>2012-01-14</DatumUZP>
				     <OznaceniZakaznika>Moje poznámka</OznaceniZakaznika>
				     <Mena>CZK</Mena>
			   </Hlavicka>
			   <Polozky>
				     <Polozka ID="p1">
					       <Jmeno>
					Kabely velikosti &lt; 5m
				</Jmeno>
					       <Mnozstvi Jednotka="kus">1</Mnozstvi>
					       <Popis>UTP cat5e</Popis>
					       <Cena>10</Cena>
					       <Dph>dph-zakladni</Dph>
				     </Polozka>
				     <Polozka ID="p2">
					       <Jmeno>LCD Monitor</Jmeno>
					       <Popis>22"</Popis>
					       <Mnozstvi Jednotka="kus">1</Mnozstvi>
					       <Cena>1000</Cena>
					       <Dph>dph-zakladni</Dph>
				     </Polozka>
				     <Polozka ID="p3">
					       <Jmeno>Napájecí zdroj</Jmeno>
					       <Mnozstvi Jednotka="kus">1</Mnozstvi>
					       <Cena>500</Cena>
					       <Dph>dph-zakladni</Dph>
				     </Polozka>
				     <Polozka ID="p4">
					       <Jmeno>Skříň</Jmeno>
					       <Mnozstvi Jednotka="kus">1</Mnozstvi>
					       <Cena>1500</Cena>
					       <Dph>dph-zakladni</Dph>
				     </Polozka>
				     <Polozka ID="p5">
					       <Jmeno>Audio kabel</Jmeno>
					       <Popis>3metry</Popis>
					       <Mnozstvi Jednotka="kus">10</Mnozstvi>
					       <Cena>50</Cena>
					       <Dph>dph-zakladni</Dph>
				     </Polozka>
				     <Polozka ID="p6">
					       <Jmeno>CPU</Jmeno>
					       <Popis>Intel Core i7</Popis>
					       <Mnozstvi Jednotka="kus">1</Mnozstvi>
					       <Cena>4500</Cena>
					       <Dph>dph-zakladni</Dph>
				     </Polozka>
				     <Polozka ID="p7">
					       <Jmeno>Paměť RAM</Jmeno>
					       <Popis>DDR3 2GB</Popis>
					       <Mnozstvi Jednotka="kus">1</Mnozstvi>
					       <Cena>430</Cena>
					       <Dph>dph-zakladni</Dph>
				     </Polozka>
				     <Polozka ID="p8">
					       <Jmeno>Grafická karta</Jmeno>
					       <Mnozstvi Jednotka="kus">1</Mnozstvi>
					       <Cena>2500</Cena>
					       <Dph>dph-zakladni</Dph>
				     </Polozka>
				     <Polozka ID="p9">
					       <Jmeno>Zvuková karta</Jmeno>
					       <Mnozstvi Jednotka="kus">1</Mnozstvi>
					       <Cena>1500</Cena>
					       <Dph>dph-zakladni</Dph>
				     </Polozka>
				     <Polozka ID="p10">
					       <Jmeno>Montáž</Jmeno>
					       <Mnozstvi Jednotka="hodina">3</Mnozstvi>
					       <Cena>500</Cena>
					       <Dph>dph-zakladni</Dph>
				     </Polozka>
				     <Polozka ID="p11">
					       <Jmeno>Asistence</Jmeno>
					       <Mnozstvi>1</Mnozstvi>
					       <Cena>50</Cena>
					       <Dph>dph-zadne</Dph>
				     </Polozka>
			   </Polozky>
		</VydanaFaktura>
</Faktury>