<?xml version="1.0" encoding="UTF-8"?>
<Pobocky>
   <Pobocka>
      <Jmeno>Praha</Jmeno>
      <Vydanych>3</Vydanych>
      <Prijatych>0</Prijatych>
      <Pobocka>
         <Jmeno>Praha 4</Jmeno>
         <Vydanych>1</Vydanych>
         <Prijatych>0</Prijatych>
         <Pobocka>
            <Jmeno>Spořilov</Jmeno>
            <Vydanych>1</Vydanych>
            <Prijatych>0</Prijatych>
         </Pobocka>
         <Pobocka>
            <Jmeno>Pankrác</Jmeno>
            <Vydanych>0</Vydanych>
            <Prijatych>0</Prijatych>
         </Pobocka>
      </Pobocka>
   </Pobocka>
   <Pobocka>
      <Jmeno>Brno</Jmeno>
      <Vydanych>2</Vydanych>
      <Prijatych>1</Prijatych>
   </Pobocka>
</Pobocky>