<html>
   <head>
      <meta http-equiv="Content-Type" content="text/html; charset=UTF-8">
      <title>Rozvrhovani</title><style type="text/css">
	table {
		border-collapse:collapse;
	}
	table td {
		border:1px solid #000;
		vertical-align:top;
	}
</style></head>
   <body>
      <h1>Rozvrhovani</h1>
      <h2>Casova okna</h2>
      <table>
         <tr>
            <th>Nazev</th>
            <th>Cas od-do</th>
            <th>Kategorie</th>
            <th>Pravidla</th>
         </tr>
         <tr>
            <td><a name="okno-okno1">#</a>Priprava do skoly pondeli
            </td>
            <td>15:30 - 17:00</td>
            <td>
               <ul>
                  <li><a href="#kat-skola">Skola</a></li>
               </ul>
            </td>
            <td>
               <ul>
                  <li>den
                     <ul>
                        <li>jak: geq</li>
                        <li>hodnota: 2012-02-20</li>
                     </ul>
                  </li>
                  <li>den
                     <ul>
                        <li>jak: leq</li>
                        <li>hodnota: 2012-05-25</li>
                     </ul>
                  </li>
                  <li>denvtydnu
                     <ul>
                        <li>jak: eq</li>
                        <li>hodnota: 1</li>
                     </ul>
                  </li>
               </ul>
            </td>
         </tr>
         <tr>
            <td><a name="okno-okno2">#</a>Povinnosti v breznu
            </td>
            <td>10:00 - 15:00</td>
            <td>
               <ul>
                  <li><a href="#kat-prace">Prace</a></li>
                  <li><a href="#kat-skola">Skola</a></li>
               </ul>
            </td>
            <td>
               <ul>
                  <li>den
                     <ul>
                        <li>jak: geq</li>
                        <li>hodnota: 2012-03-01</li>
                     </ul>
                  </li>
                  <li>den
                     <ul>
                        <li>jak: lt</li>
                        <li>hodnota: 2012-04-01</li>
                     </ul>
                  </li>
                  <li>pracovniden
                     <ul></ul>
                  </li>
               </ul>
            </td>
         </tr>
         <tr>
            <td><a name="okno-okno3">#</a>Bez akt Po - Ct
            </td>
            <td>06:00 - 08:00</td>
            <td>
               <ul></ul>
            </td>
            <td>
               <ul>
                  <li>pracovniden
                     <ul></ul>
                  </li>
                  <li>denvtydnu
                     <ul>
                        <li>jak: leq</li>
                        <li>hodnota: 4</li>
                     </ul>
                  </li>
               </ul>
            </td>
         </tr>
         <tr>
            <td><a name="okno-oknoKazdyDen">#</a>Okno bez pravidel
            </td>
            <td>07:00 - 15:00</td>
            <td>
               <ul>
                  <li><a href="#kat-prace">Prace</a></li>
                  <li><a href="#kat-skola">Skola</a></li>
                  <li><a href="#kat-volneaktivity">Volne aktivity</a></li>
               </ul>
            </td>
            <td>
               <ul></ul>
            </td>
         </tr>
      </table>
      <h2>Kategorie</h2>
      <p>Zvyraznene nemaji spjate zadne okno</p>
      <table>
         <tr>
            <th>Nazev</th>
            <th>Popis</th>
            <th>Okna</th>
         </tr>
         <tr>
            <td><a name="kat-prace">#</a>Prace
            </td>
            <td>Just work</td>
            <td>
               <ul>
                  <li><a href="#okno-okno2">Povinnosti v breznu</a></li>
                  <li><a href="#okno-oknoKazdyDen">Okno bez pravidel</a></li>
               </ul>
            </td>
         </tr>
         <tr>
            <td><a name="kat-skola">#</a>Skola
            </td>
            <td>Ukoly a jine povinnosti do skoly</td>
            <td>
               <ul>
                  <li><a href="#okno-okno1">Priprava do skoly pondeli</a></li>
                  <li><a href="#okno-okno2">Povinnosti v breznu</a></li>
                  <li><a href="#okno-oknoKazdyDen">Okno bez pravidel</a></li>
               </ul>
            </td>
         </tr>
         <tr>
            <td><a name="kat-volneaktivity">#</a>Volne aktivity
            </td>
            <td>Aktivity ve volnem case</td>
            <td>
               <ul>
                  <li><a href="#okno-oknoKazdyDen">Okno bez pravidel</a></li>
               </ul>
            </td>
         </tr>
         <tr style="background:pink">
            <td><a name="kat-jine">#</a>Jine aktivity
            </td>
            <td></td>
            <td>
               <ul></ul>
            </td>
         </tr>
      </table>
      <h2>Aktivity</h2>
      <p>Serazene od nejkratsi</p>
      <table>
         <tr>
            <th>Nazev</th>
            <th>Popis</th>
            <th>Kategorie</th>
            <th>Delka</th>
         </tr>
         <tr>
            <td>Boulder</td>
            <td>Jit si zalest :]</td>
            <td><a href="#kat-volneaktivity">Volne aktivity</a></td>
            <td>120 minut</td>
         </tr>
         <tr>
            <td>Pripravit analyzu pro inovaci IT prostredku ve firme</td>
            <td></td>
            <td><a href="#kat-prace">Prace</a></td>
            <td>180 minut</td>
         </tr>
         <tr>
            <td>Zapoctak DBAPP</td>
            <td></td>
            <td><a href="#kat-skola">Skola</a></td>
            <td>300 minut</td>
         </tr>
         <tr>
            <td>Jina</td>
            <td>Jina aktivita</td>
            <td><a href="#kat-jine">Jine aktivity</a></td>
            <td>60 minut</td>
         </tr>
         <tr>
            <td>Udelat ukol 2 na XML</td>
            <td>Viz http://xmlcheck.projekty.ms.mff.cuni.cz/#studentAssignments#69</td>
            <td><a href="#kat-skola">Skola</a></td>
            <td>90 minut</td>
         </tr>
         <tr>
            <td>Bakalarka</td>
            <td>Pracovat na bakalarske praci</td>
            <td><a href="#kat-skola">Skola</a></td>
            <td>9000 minut</td>
         </tr>
      </table>
   </body>
</html>