<?xml version="1.0" encoding="UTF-8"?>
<exportKategorii xmlns:xsi="http://www.w3.org/2001/XMLSchema-instance" casovepasmo="Prague"
                 xsi:noNamespaceSchemaLocation="data.xsd">
   <kategorie id="prace">
			   <nazev>Prace</nazev>
			   <description>Just work</description>
		    <aktivity>
         <aktivita>
			         <nazev>Pripravit analyzu pro inovaci IT prostredku ve firme</nazev>
			         <description/>
			
			         <delka>180</delka>
			         <pravidla>
				           <dokoncenoPred procent="100" kdy="2012-04-01T15:00:00Z"/>
				           <neprerusitelne/>
			         </pravidla>
		       </aktivita>
      </aktivity>
   </kategorie>
   <kategorie id="skola">
			   <nazev>Skola</nazev>
			   <description>Ukoly a jine povinnosti do skoly</description>
		    <aktivity>
         <aktivita>
			         <nazev>Udelat ukol 2 na XML</nazev>
			         <description>Viz http://xmlcheck.projekty.ms.mff.cuni.cz/#studentAssignments#69</description>
			
			         <!-- delka aktivity v minutach, tj sirka na casove ose pro rozvrzeni -->
			<delka>90</delka>
			         <!-- aktivita muze definovat pravidla, kdy ma byt rozvrzena. Pro jednoduchost pouze "hard" podminky -->
			<pravidla>
				           <dokoncenoPred procent="100" kdy="2012-03-22T23:59:00Z"/>
				           <dokoncenoPred procent="90" kdy="2012-03-22T23:00:00Z"/>
			         </pravidla>
		       </aktivita>
         <aktivita>
			         <nazev>Zapoctak DBAPP</nazev>
			         <description/>
			
			         <delka>300</delka>
			         <pravidla>
				           <dokoncenoPred procent="100" kdy="2012-03-25T12:00:00Z"/>
			         </pravidla>
		       </aktivita>
         <aktivita>
			         <nazev>Bakalarka</nazev>
			         <description>Pracovat na bakalarske praci</description>
			
			         <delka>9000</delka>
			         <pravidla>
				           <dokoncenoPred procent="100" kdy="2012-05-25T12:00:00Z"/>
				           <dokoncenoPred procent="50" kdy="2012-04-25T12:00:00Z"/>
				           <dokoncenoPred procent="25" kdy="2012-04-01T02:00:00Z"/>
			         </pravidla>
		       </aktivita>
      </aktivity>
   </kategorie>
   <kategorie id="volneaktivity">
			   <nazev>Volne aktivity</nazev>
			   <description>Aktivity ve volnem case</description>
		    <aktivity>
         <aktivita>
			         <nazev>Boulder</nazev>
			         <description>Jit si zalest :]</description>
			
			         <!-- delka aktivity v minutach, tj sirka na casove ose pro rozvrzeni -->
			<delka>120</delka>
			         <!-- aktivita muze definovat pravidla, kdy ma byt rozvrzena. Pro jednoduchost pouze "hard" podminky -->
			<pravidla>
				           <zacatek kdy="2012-03-19T18:00:00Z"/>
				           <neprerusitelne/>
			         </pravidla>
		       </aktivita>
      </aktivity>
   </kategorie>
   <kategorie id="jine">
			   <nazev>Jine aktivity</nazev>
			   <description/>
		    <aktivity>
         <aktivita>
			         <nazev>Jina</nazev>
			         <description>Jina aktivita</description>
			
			         <delka>60</delka>
			         <pravidla>
				           <dokoncenoPred mekke="true" procent="100" kdy="2012-04-01T15:00:00Z"/>
				           <minSouvislyBlok mekke="true" delka="15"/>
				           <neprerusitelne/>
			         </pravidla>
		       </aktivita>
      </aktivity>
   </kategorie>
</exportKategorii>