<?xml version="1.0" encoding="UTF-8" standalone="no"?><?xml-stylesheet type="text/css" href="style.css"?>
<!-- koment?? --><servers>
    <list>

        


        <server game-id="game1" id="s2">
            <name>Jm?no 2</name>
            <rank>3</rank>
            <host>server2.example.com</host>
            <port>1234</port>
            <query-port>4321</query-port>
            <type>Game</type>
            <status online="1"/>
            <location>Czech Republic</location>

            <description>
                Server pat?? do skupin
                <group-id gid="g1"/>
            </description>

            <stats>
                <stat online="0" timestamp="123456789">
                    <ping>0</ping>
                    <players/>
                </stat>       
                <stat online="0" timestamp="123456790">
                    <ping>0</ping>
                    <players/>
                </stat>
            </stats>

        </server>

        <server game-id="game1" id="s3">
            <name>Jm?no 3</name>
            <rank>3</rank>
            <host>server2.example.com</host>
            <port>1234</port>
            <query-port>4321</query-port>
            <type>Game</type>
            <status online="1"/>
            <location>Czech Republic</location>

            <description>
                Server pat?? do skupin
                <group-id gid="g1"/>
            </description>

            <stats>
                <stat online="1" timestamp="123456789">
                    <ping>12</ping>
                    <players>
                        <player>
                            <name>Nekdo</name>
                        </player>
                        <player>
                            <name>player1</name>
                            <nick>nick1</nick>
                        </player>

                        <player>
                            <name>player2</name>
                        </player>
                    </players>
                </stat>       
                <stat online="1" timestamp="123456790">
                    <ping>12</ping>
                    <players/>
                </stat>
            </stats>

        </server>

    <server game-id="game2" id="s00"><name>Generated server</name><rank>1</rank><host>localhost</host><port>4321</port><query-port>4322</query-port><type>Game</type><status online="1"/><location>&amp;cs;</location><description>Popis</description><stats><stat online="1" timestamp="6516964645"><ping>50</ping><players><player><name>name0</name><nick>nick0</nick></player><player><name>name1</name><nick>nick1</nick></player><player><name>name2</name><nick>nick2</nick></player><player><name>name3</name><nick>nick3</nick></player><player><name>name4</name><nick>nick4</nick></player></players></stat></stats></server></list>

    <games>
        <game id="game1" name="hra1"/>
        <game id="game2" name="hra2"/>
    </games>

    <groups>
        <group gid="g1">
            <name>Group 1</name>
        </group>
        <group gid="g2">
            <name>Group 1</name>
        </group>
    </groups>

</servers>