<html>
   <head>
      <meta http-equiv="Content-Type" content="text/html; charset=UTF-8">
   </head>
   <body>
      <table>
         <thead>
            <tr>
               <th>osoba</th>
               <th>mail</th>
               <th>mesto</th>
            </tr>
         </thead>
         <tbody>
            <tr>
               <td>Norbert Kaderabek</td>
               <td>norbert@seznam.com</td>
               <td>norbert@seznam.com</td>
            </tr>
            <tr>
               <td>Karel Nemec</td>
               <td>karel@seznam.com</td>
               <td>karel@seznam.com</td>
            </tr>
            <tr>
               <td>Petr Pavel</td>
               <td>petr@pavel.com</td>
               <td>petr@pavel.com</td>
            </tr>
         </tbody>
      </table>
   </body>
</html>