<?xml version="1.0" encoding="UTF-8"?>
<list_audiovizualni_obsah>
   <audiovizualni_obsah>
      <pocetOskaru>0</pocetOskaru>
      <film>
			Obsah		
		</film>
   </audiovizualni_obsah>
   <audiovizualni_obsah>
      <pocetOskaru>1</pocetOskaru>
      <film>		
			don't blame 		
		</film>
   </audiovizualni_obsah>
   <audiovizualni_obsah>
      <pocetOskaru>1</pocetOskaru>
      <film>
		Titanikus
		</film>
   </audiovizualni_obsah>
   <audiovizualni_obsah>
      <pocetOskaru>2</pocetOskaru>
      <film>
		Spartakus
		</film>
   </audiovizualni_obsah>
   <audiovizualni_obsah>
      <pocetOskaru>4</pocetOskaru>
      <film>
		Tomb Rider
		</film>
   </audiovizualni_obsah>
</list_audiovizualni_obsah>