<?xml version="1.0" encoding="UTF-8"?>
<statistika>
   <audiovizualniObsahySViceNezNulaNosici>
      <obsah>
			Obsah		
		</obsah>
      <obsah>		
			don't blame 		
		</obsah>
      <obsah>
		Titanikus
		</obsah>
      <obsah>
		Spartakus
		</obsah>
      <obsah>
		Tomb Rider
		</obsah>
   </audiovizualniObsahySViceNezNulaNosici>
   <PocetZakazniku>3</PocetZakazniku>
   <pocetZamestnancuTypuSlave>0</pocetZamestnancuTypuSlave>
   <nosicCoNebylVypujcen>
      <nosic id_of_nosic="n_3" typ_nosice="Blue-ray" id_of_audiovizualni_obsah="a_1"/>
      <nosic id_of_nosic="n_4" typ_nosice="DVD" id_of_audiovizualni_obsah="a_2"/>
      <nosic id_of_nosic="n_5" typ_nosice="DVD" id_of_audiovizualni_obsah="a_3"/>
      <nosic id_of_nosic="n_6" typ_nosice="DVD" id_of_audiovizualni_obsah="a_3"/>
      <nosic id_of_nosic="n_7" typ_nosice="DVD" id_of_audiovizualni_obsah="a_3"/>
      <nosic id_of_nosic="n_8" typ_nosice="Blue-ray" id_of_audiovizualni_obsah="a_4"/>
      <nosic id_of_nosic="n_9" typ_nosice="WHS" id_of_audiovizualni_obsah="a_4"/>
   </nosicCoNebylVypujcen>
</statistika>