<?xml version="1.0" encoding="UTF-8"?>
<zakaznici>
   <zakaznik>
      <jmenoPrijmeni>Petr Pavel</jmenoPrijmeni>
      <vypujcky>
         <vypujcka>
			Obsah		
		</vypujcka>
         <vypujcka>
			Obsah		
		</vypujcka>
      </vypujcky>
   </zakaznik>
   <zakaznik>
      <jmenoPrijmeni>Norbert Kaderabek</jmenoPrijmeni>
      <vypujcky>
         <vypujcka>
			Obsah		
		</vypujcka>
         <vypujcka>
		Titanikus
		</vypujcka>
      </vypujcky>
   </zakaznik>
   <zakaznik>
      <jmenoPrijmeni>Karel Nemec</jmenoPrijmeni>
      <vypujcky>
         <vypujcka>
			Obsah		
		</vypujcka>
         <vypujcka>
		Titanikus
		</vypujcka>
      </vypujcky>
   </zakaznik>
</zakaznici>