<html>
   <body>
      <h2>Zoznam uzivatelov</h2>
      <ul>
         <li>
            <Uzivatel>ALEX23MA</Uzivatel>
         </li>
         <li>
            <Uzivatel>AlenkaAli</Uzivatel>
         </li>
         <li>
            <Uzivatel>Alien333</Uzivatel>
         </li>
         <li>
            <Uzivatel>Alina12</Uzivatel>
         </li>
         <li>
            <Uzivatel>Berghuz3</Uzivatel>
         </li>
         <li>
            <Uzivatel>Fatima</Uzivatel>
         </li>
         <li>
            <Uzivatel>Imro</Uzivatel>
         </li>
         <li>
            <Uzivatel>IvanMaltez</Uzivatel>
         </li>
         <li>
            <Uzivatel>Kaja2</Uzivatel>
         </li>
         <li>
            <Uzivatel>Kika</Uzivatel>
         </li>
         <li>
            <Uzivatel>MajaKLM</Uzivatel>
         </li>
         <li>
            <Uzivatel>MarekUltra</Uzivatel>
         </li>
         <li>
            <Uzivatel>MariaKal</Uzivatel>
         </li>
         <li>
            <Uzivatel>Marka</Uzivatel>
         </li>
         <li>
            <Uzivatel>Martuska34</Uzivatel>
         </li>
         <li>
            <Uzivatel>Merver214</Uzivatel>
         </li>
         <li>
            <Uzivatel>Moric76</Uzivatel>
         </li>
         <li>
            <Uzivatel>Partes2134</Uzivatel>
         </li>
         <li>
            <Uzivatel>PeterNT</Uzivatel>
         </li>
         <li>
            <Uzivatel>Pukancek</Uzivatel>
         </li>
         <li>
            <Uzivatel>SaraM</Uzivatel>
         </li>
         <li>
            <Uzivatel>Smejko48</Uzivatel>
         </li>
         <li>
            <Uzivatel>ValeriaMH</Uzivatel>
         </li>
         <li>
            <Uzivatel>Varinet1234</Uzivatel>
         </li>
         <li>
            <Uzivatel>Zuzka123</Uzivatel>
         </li>
      </ul>
   </body>
</html>