<html>
   <body>
      <h1>VITAJTE vo Vašej elektronickej kuchárke! Želáme Vám príjemné varenie!</h1>
      <h3>Dnes pre Vas vyberame:</h3>
      <p> Citrónovo-oregánové mini zemiaky </p>
      <p>Ingediencie:
         					    900 g malých zemiakov, 
         					    1/2 šálky strúhaného Parmezánu,
         					    3 PL nasekaného čerstvého Parmezánu,
         					    2 PL oleja,
         					    2 PL bieleho jogurtu,
         					    šťava a nastrúhaná kôra z 1/2 citróna,
         					    soľ,
         					    mleté čierne korenie. 
         					    
      </p>
      <p>Postup pripravy:
         					    Zemiaky rozrežeme na polovicu a nad parou udusíme do mäkka. 
         					    Asi 10 minút. Keď zemiaky vychladnú, lyžičkou vyškrabeme 
         					    zemiaky a odložíme. Vydlabané šupky poukladáme na plech. 
         					    Odloženú zemiakovú zmes zmiešame s polovicou Parmezánu, 
         					    2 PL oregána, 1 PL oleja a ostatné suroviny. Zmes dobre 
         					    premiešame a rozdelíme do pripravených šupiek. Vrch posypeme 
         					    zbytkom Parmezánu a pokvapkáme zbytkom oleja. Pečieme v rúre
         					     vyhriatej na 230°C do zlatohneda. Upečené posypeme zbytkom oregána.
         					     
      </p>
      <p>Prajeme Vám dobrú chuť</p>
   </body>
</html>