<html>
   <body>
      <Zoznam>
         <h2>Zoznam jednotlivych prispievatelov a ich receptov</h2><br><br><Prispievatel><font>Prispievatel ALEX23MA a jeho recepty:</font><p>Zemiakový šalát s majonézou / ala Iva</p>
         </Prispievatel>
         <Prispievatel><font>Prispievatel AlenkaAli a jeho recepty:</font><p>Zajac pečený na smotane</p>
            <p>Dusená jahňacia pečeň</p>
         </Prispievatel>
         <Prispievatel><font>Prispievatel Alien333 a jeho recepty:</font><p>Punčová torta  </p>
         </Prispievatel>
         <Prispievatel><font>Prispievatel Alina12 a jeho recepty:</font><p>Šošovicový šalát s údeninou</p>
         </Prispievatel>
         <Prispievatel><font>Prispievatel Berghuz3 a jeho recepty:</font><p>Zeleninová polievka</p>
         </Prispievatel>
         <Prispievatel><font>Prispievatel Fatima a jeho recepty:</font><p> Arabská kuracia polievka </p>
         </Prispievatel>
         <Prispievatel><font>Prispievatel Imro a jeho recepty:</font><p>Veľkonočná sekaná</p>
         </Prispievatel>
         <Prispievatel><font>Prispievatel IvanMaltez a jeho recepty:</font><p>Vypražené krupicové mesiačiky</p>
         </Prispievatel>
         <Prispievatel><font>Prispievatel Kaja2 a jeho recepty:</font><p>Žemľová knedľa bez múky</p>
         </Prispievatel>
         <Prispievatel><font>Prispievatel Kika a jeho recepty:</font><p> Domáci krémeš </p>
         </Prispievatel>
         <Prispievatel><font>Prispievatel MajaKLM a jeho recepty:</font><p>Šalát s kuracím mäsom</p>
         </Prispievatel>
         <Prispievatel><font>Prispievatel MarekUltra a jeho recepty:</font><p>Zapekané teľacie rezne na paradajkách</p>
         </Prispievatel>
         <Prispievatel><font>Prispievatel MariaKal a jeho recepty:</font><p>Zapekaný karfiol  </p>
         </Prispievatel>
         <Prispievatel><font>Prispievatel Marka a jeho recepty:</font><p>Tostadas s baklažánom</p>
         </Prispievatel>
         <Prispievatel><font>Prispievatel Martuska34 a jeho recepty:</font><p>Paradajkovo syrový šalát</p>
            <p>Marocká ryba  </p>
            <p> Bravčové stehno v smotanovej omáčke </p>
            <p>Bryndzové pirohy</p>
            <p>Tvarohové tiramisu</p>
            <p> Citrónovo-oregánové mini zemiaky </p>
         </Prispievatel>
         <Prispievatel><font>Prispievatel Merver214 a jeho recepty:</font><p>Pomarančovo datlový</p>
            <p>Šalát z banánov, jabĺk a mrkvy</p>
         </Prispievatel>
         <Prispievatel><font>Prispievatel Moric76 a jeho recepty:</font><p>Perfektné pečené kurča</p>
            <p>Pesto-morčací burger </p>
         </Prispievatel>
         <Prispievatel><font>Prispievatel Partes2134 a jeho recepty:</font><p> Rybacia polievka z kapra </p>
            <p>Petržlenová polievka s pangasiusom</p>
         </Prispievatel>
         <Prispievatel><font>Prispievatel PeterNT a jeho recepty:</font><p> Pizza z listkového cesta </p>
         </Prispievatel>
         <Prispievatel><font>Prispievatel Pukancek a jeho recepty:</font><p> Zeleninové chipsy </p>
         </Prispievatel>
         <Prispievatel><font>Prispievatel SaraM a jeho recepty:</font><p> Pudingové kocky </p>
         </Prispievatel>
         <Prispievatel><font>Prispievatel Smejko48 a jeho recepty:</font><p>Hovädzie na hubách</p>
         </Prispievatel>
         <Prispievatel><font>Prispievatel ValeriaMH a jeho recepty:</font><p>Kačica pečená s pomarančom</p>
         </Prispievatel>
         <Prispievatel><font>Prispievatel Varinet1234 a jeho recepty:</font><p> Kuracia polievka s ryžou </p>
         </Prispievatel>
         <Prispievatel><font>Prispievatel Zuzka123 a jeho recepty:</font><p>Gnocchi s plodmi mora</p>
         </Prispievatel>
      </Zoznam>
   </body>
</html>