<html>
   <body>
      <h2>Zoznam Top jedal</h2>
      <ul>
         <TopRecept><font>Cislo: pch01</font><Nazov stav="Novy">Tostadas s baklažánom</Nazov>
         </TopRecept>
         <TopRecept><font>Cislo: ph02</font><Nazov> Arabská kuracia polievka </Nazov>
         </TopRecept>
         <TopRecept><font>Cislo: hkr01</font><Nazov stav="Novy">Zajac pečený na smotane</Nazov>
         </TopRecept>
         <TopRecept><font>Cislo: hmu01</font><Nazov stav="Novy">Bryndzové pirohy</Nazov>
         </TopRecept>
         <TopRecept><font>Cislo: st01</font><Nazov>Punčová torta  </Nazov>
         </TopRecept>
         <TopRecept><font>Cislo: priz01</font><Nazov> Citrónovo-oregánové mini zemiaky </Nazov>
         </TopRecept>
      </ul>
   </body>
</html>