<html>
   <body>
      <h2>Recepty v kucharke</h2>
      <ul>
         <li>
            <Recept> Arabská kuracia polievka </Recept>
         </li>
         <li>
            <Recept> Bravčové stehno v smotanovej omáčke </Recept>
         </li>
         <li>
            <Recept> Citrónovo-oregánové mini zemiaky </Recept>
         </li>
         <li>
            <Recept> Domáci krémeš </Recept>
         </li>
         <li>
            <Recept> Kuracia polievka s ryžou </Recept>
         </li>
         <li>
            <Recept> Pizza z listkového cesta </Recept>
         </li>
         <li>
            <Recept> Pudingové kocky </Recept>
         </li>
         <li>
            <Recept> Rybacia polievka z kapra </Recept>
         </li>
         <li>
            <Recept> Zeleninové chipsy </Recept>
         </li>
         <li>
            <Recept>Bryndzové pirohy</Recept>
         </li>
         <li>
            <Recept>Dusená jahňacia pečeň</Recept>
         </li>
         <li>
            <Recept>Gnocchi s plodmi mora</Recept>
         </li>
         <li>
            <Recept>Hovädzie na hubách</Recept>
         </li>
         <li>
            <Recept>Kačica pečená s pomarančom</Recept>
         </li>
         <li>
            <Recept>Marocká ryba  </Recept>
         </li>
         <li>
            <Recept>Paradajkovo syrový šalát</Recept>
         </li>
         <li>
            <Recept>Perfektné pečené kurča</Recept>
         </li>
         <li>
            <Recept>Pesto-morčací burger </Recept>
         </li>
         <li>
            <Recept>Petržlenová polievka s pangasiusom</Recept>
         </li>
         <li>
            <Recept>Pomarančovo datlový</Recept>
         </li>
         <li>
            <Recept>Punčová torta  </Recept>
         </li>
         <li>
            <Recept>Tostadas s baklažánom</Recept>
         </li>
         <li>
            <Recept>Tvarohové tiramisu</Recept>
         </li>
         <li>
            <Recept>Veľkonočná sekaná</Recept>
         </li>
         <li>
            <Recept>Vypražené krupicové mesiačiky</Recept>
         </li>
         <li>
            <Recept>Zajac pečený na smotane</Recept>
         </li>
         <li>
            <Recept>Zapekané teľacie rezne na paradajkách</Recept>
         </li>
         <li>
            <Recept>Zapekaný karfiol  </Recept>
         </li>
         <li>
            <Recept>Zeleninová polievka</Recept>
         </li>
         <li>
            <Recept>Zemiakový šalát s majonézou / ala Iva</Recept>
         </li>
         <li>
            <Recept>Šalát s kuracím mäsom</Recept>
         </li>
         <li>
            <Recept>Šalát z banánov, jabĺk a mrkvy</Recept>
         </li>
         <li>
            <Recept>Šošovicový šalát s údeninou</Recept>
         </li>
         <li>
            <Recept>Žemľová knedľa bez múky</Recept>
         </li>
      </ul>
   </body>
</html>