<html>
   <body>
      <Integracia>
         <SladkeJedla>
            <Recept>
               <Id>sk01</Id>
               <Nazov> Domáci krémeš </Nazov>
               <UdajePridania Cas="14:32:17" Uzivatel="Kika" Datum="2012-02-26"></UdajePridania>
               <p>Poznamka: Vyborne pre celu rodinu</p><br><Priprava><font>Ingrediencie: </font><br><p>
                     <Ingrediencia>250 g hl.múka(príp.polohrubá)</Ingrediencia>
                     <Ingrediencia> 2 dl mlieko</Ingrediencia>
                     <Ingrediencia>150 g Palmarín (Hera,maslo)</Ingrediencia>
                     <Ingrediencia>štipka soli </Ingrediencia>
                     <Ingrediencia>0,5 l mlieko </Ingrediencia>
                     <Ingrediencia>cukor </Ingrediencia>
                     <Ingrediencia>2 Zlaté klasy </Ingrediencia>
                     <Ingrediencia>1 sladká smotana </Ingrediencia>
                     <Ingrediencia>2bal. stužovač </Ingrediencia>
                     <Ingrediencia>horká čokoláda</Ingrediencia>
                  </p><font>Postup: </font><br><p>
                     							Z ingrediencií na líst.cesto vypracujeme tuké cesto. 
                     							Cesto necháme hodinu odležať, potom rozdelíme 
                     							na dve rovnaké časti. Každú časť rozvaľkáme na 
                     							cca 3 mm a poskladáme do štvorca, opakujeme 4 krát. 
                     							Potom cesto ešte raz rozvaľkáme a dáme na plech, 
                     							pečieme 5 minút pri teplote 220°C. 
                     							Pudingový krém: Uvaríme vanilkový puding podľa návodu na obale. 
                     							Šľahačkový krém: Vyšľaháme sladkú smotanu s 2 balíčkami 
                     							stužovača a cukrom.
                     							Na upečený plát natrieme najskôr pudingový krém, nato šľahačku, 
                     							priložíme druhým plátom cesta a polejeme čokoládou. 
                     							
                  </p>
               </Priprava>
            </Recept>
            <Recept>
               <Id>sk02</Id>
               <Nazov> Pudingové kocky </Nazov>
               <UdajePridania Cas="14:32:17" Uzivatel="SaraM" Datum="2012-02-26"></UdajePridania>
               <p>Poznamka: Vyborne pre celu rodinu</p><br><Priprava><font>Ingrediencie: </font><br><p>
                     <Ingrediencia>5 vajec, 5 PL práškového cukru, 3 PL oleja, 3 PL vody, 10 PL polohrubej múky, 1 prášok do pečiva, 1 vanilínový cukor. Krém:
                        1 l mlieka, 6 PL kryštálového cukru, 1 Palmarín(iný stužený tuk), 2 balíky kakaových BE-BE keksov, 2 šľahačky
                     </Ingrediencia>
                  </p><font>Postup: </font><br><p>
                     							Žĺtky vymiešame s cukrom, pridáme olej, vodu, vanil.cukor, múku, prášok do pečiva, Sneh z bielkov, vylejeme na vymastený
                     a pomúčený plech. Upečieme na 180°C.
                     Z mlieka cukru a pudingov uvaríme hustý krém, po vychladnutí vmiešame Palmarín.
                     Na cesto natrieme polovicu krému, na to naukladáme BE-BE keksy a druhú polovicu krému. Natrieme šľahačkou , navrch postrúhame
                     čokoládu.
                     							
                  </p>
               </Priprava>
            </Recept>
            <Recept>
               <Id>sd02</Id>
               <Nazov>Tvarohové tiramisu</Nazov>
               <UdajePridania Cas="12:12:21" Uzivatel="Martuska34" Datum="2011-02-12"></UdajePridania>
               <p>Poznamka: Oblubene tiramisu trochu inak</p><br><Priprava><font>Ingrediencie: </font><br><p>
                     <Ingrediencia>4 žĺtky</Ingrediencia>
                     <Ingrediencia>1 vanilkový cukor </Ingrediencia>
                     <Ingrediencia>4 PL kr. cukru </Ingrediencia>
                     <Ingrediencia>250 g masla Lučina </Ingrediencia>
                     <Ingrediencia>rum </Ingrediencia>
                     <Ingrediencia>250 g tvarohu v kocke-najlepšie hrudkový </Ingrediencia>
                     <Ingrediencia>piškóty (pri blp.určené) </Ingrediencia>
                     <Ingrediencia>kakao </Ingrediencia>
                     <Ingrediencia>1 šľahačka </Ingrediencia>
                     <Ingrediencia>2 dcl silnej instantnej kávy</Ingrediencia>
                     <Ingrediencia>10 - 12 dkg práškového cukru</Ingrediencia>
                  </p><font>Postup: </font><br><p> 
                     							Žĺtky vymiešame s vanilkovým a kryštálovým cukrom 
                     							nad parou do husta. Po vychladnutí vmiešame maslo,
                     							tvaroh s práš. a van. cukrom a vyšľahanú šľahačku. 
                     							Uvaríme kávu, do ktorej pridáme rum ( podla chuti). 
                     							Do tortovej formy poukladáme piškóty namočené v 
                     							káve s rumom, dáme vrstvu krému a opakujeme 1-2 krát. 
                     							Posledná vrstva je krém. Dáme stuhnúť do chladničky 
                     							na cca 10 hodín. Pred podávaním posypeme kakaom.
                     							
                  </p>
               </Priprava>
            </Recept>
            <Recept>
               <Id>st01</Id>
               <Nazov>Punčová torta  </Nazov>
               <UdajePridania Cas="09:32:03" Uzivatel="Alien333" Datum="2010-11-21"></UdajePridania>
               <p>Poznamka: Neodolatelna pochutka</p><br><Priprava><font>Ingrediencie: </font><br><p>
                     <Ingrediencia>9 vajec</Ingrediencia>
                     <Ingrediencia>9 PL kryštálového cukru </Ingrediencia>
                     <Ingrediencia>9 PL hladkej múky </Ingrediencia>
                     <Ingrediencia>džem na potretie korpusu </Ingrediencia>
                     <Ingrediencia>200 g kryštál.cukru </Ingrediencia>
                     <Ingrediencia>2 dl vody </Ingrediencia>
                     <Ingrediencia>rum </Ingrediencia>
                     <Ingrediencia>citrónová šťava </Ingrediencia>
                     <Ingrediencia>potravinárske farbivo </Ingrediencia>
                     <Ingrediencia>punčová poleva (hotová v prášku)</Ingrediencia>
                  </p><font>Postup: </font><br><p> 
                     							Dotuha vyšľahať 9 bielkov, pridať 9 PL kryšt.cukru a 
                     							znova dotuha vyšľahať. Jemne vmiešať 9 žĺtkov a 
                     							9 PL hl.múky. Dať piecť do vopred vyhriatej rúry na 
                     							cca 160°C-180°C na piškótu. Nechať zovrieť 2 dl vody 
                     							s 200 g kr.cukru na sirup, odstaviť a premiešavať, 
                     							pridať štipku potravin.farbiva (červené, oranžové) a 
                     							po vychladnutí pridať trocha citrónovej sťavy a podľa 
                     							vôle aj rumu. Vychladnutý korpus prerezať na 3 diely, 
                     							aby stredný bol hrubší. Natrieť vnút.stranu vrchn.dielu 
                     							džemom., položiť na ňu stredný diel a ten po kvapkách
                     							dôsledne popolievať sirupom. Potrieť džemom aj vnút.stranu 
                     							spodného korpusu a položiť ho na stredný-našťavený sirupom. 
                     							Zaťažiť to na niekoľko hodín ťažkou knihou, obrátiť a popolievať 
                     							punčovou polevou. Pripravuje sa ľahko-podľa návodu a rýchlo 
                     							tuhne na torte. Dať zachladiť do chladničky. Možno si povrch aj 
                     							ľubovoľne dodekorovať (napr.čokoládovou polevou).
                     							
                  </p>
               </Priprava>
            </Recept>
         </SladkeJedla>
      </Integracia>
   </body>
</html>