<?xml version="1.0" encoding="UTF-8"?>
<catalog>
   <game>
      <name>Age of Empires</name>
      <successor>
         <name>Age of Empires 2</name>
         <successor>
            <name>Age of Empires 3</name>
         </successor>
         <successor>
            <name>Age of Empires 2 : Conquerors</name>
         </successor>
      </successor>
      <successor>
         <name>Age of Empires : Rise of Rome</name>
      </successor>
   </game>
   <game>
      <name>Half-Life</name>
      <successor>
         <name>Half-Life 2</name>
      </successor>
   </game>
   <game>
      <name>Civilization 5</name>
   </game>
</catalog>