<?xml version="1.0" encoding="UTF-8"?>
<software>
   <name>Visual Studio 2008</name>
</software>
<software>
   <name>XMLSpy 2011</name>
</software>
<software>
   <name>Microsoft Office</name>
</software>
<software>
   <name>Age of Empires</name>
</software>
<software>
   <name>Age of Empires 2</name>
</software>
<software>
   <name>Age of Empires 3</name>
</software>
<software>
   <name>Age of Empires 2 : Conquerors</name>
</software>
<software>
   <name>Age of Empires : Rise of Rome</name>
</software>
<software>
   <name>Half-Life</name>
</software>
<software>
   <name>Half-Life 2</name>
</software>
<software>
   <name>Civilization 5</name>
</software>