<?xml version="1.0" encoding="UTF-8"?>
<osoby>
   <osoba>
      <jmeno_osoby>Jan</jmeno_osoby>
      <prijmeni_osoby>Strašil</prijmeni_osoby>
   </osoba>
   <osoba>
      <jmeno_osoby>Jana</jmeno_osoby>
      <prijmeni_osoby>Tichá</prijmeni_osoby>
   </osoba>
   <osoba>
      <jmeno_osoby>Josef</jmeno_osoby>
      <prijmeni_osoby>Nový</prijmeni_osoby>
   </osoba>
   <osoba>
      <jmeno_osoby>Bohumil</jmeno_osoby>
      <prijmeni_osoby>Stejskal</prijmeni_osoby>
   </osoba>
   <osoba>
      <jmeno_osoby>Katarína</jmeno_osoby>
      <prijmeni_osoby>Smoleňáková</prijmeni_osoby>
   </osoba>
   <osoba>
      <jmeno_osoby>Petr</jmeno_osoby>
      <prijmeni_osoby>Opatrný</prijmeni_osoby>
   </osoba>
   <osoba>
      <jmeno_osoby>Marek</jmeno_osoby>
      <prijmeni_osoby>Novy</prijmeni_osoby>
   </osoba>
   <osoba>
      <jmeno_osoby>Petra</jmeno_osoby>
      <prijmeni_osoby>Komárková</prijmeni_osoby>
   </osoba>
   <osoba>
      <jmeno_osoby>Kurt</jmeno_osoby>
      <prijmeni_osoby>Schneider</prijmeni_osoby>
   </osoba>
   <osoba>
      <jmeno_osoby>Marek</jmeno_osoby>
      <prijmeni_osoby>Novy</prijmeni_osoby>
   </osoba>
   <osoba>
      <jmeno_osoby>Pavel</jmeno_osoby>
      <prijmeni_osoby>Srstka</prijmeni_osoby>
   </osoba>
   <osoba>
      <jmeno_osoby>Marek</jmeno_osoby>
      <prijmeni_osoby>Novy</prijmeni_osoby>
   </osoba>
</osoby>