<?xml version="1.0" encoding="utf-8" standalone="no"?><databaze-fotografii>
	
	<!-- instrukce pro zpracovani dokumentu nadrazenou aplikaci -->
	<snimek><?muj-xml-procesor [[CURRENT_SNAPSHOT_ID]] ?></snimek>

	<!-- autori priraditelni k celym galeriim nebo jednotlivym fotografiim -->
	<soubor-autoru>

		<autor id="a1a">
			<prijmeni>Wirth</prijmeni>
			<krestni>Michal</krestni>
			<email>wirthmi@rankl.cz</email>
		</autor>
		
		<autor id="a2a">
			<krestni>Pavel</krestni>
			<prijmeni>Nov?k</prijmeni>
			<email>pavel.novak@seznam.cz</email>
		</autor>
		
		<autor id="a3a">
			<email>janicka@post.cz</email>
		</autor>

	</soubor-autoru>


	<!-- stitky priraditelnych k jednotlivym fotografiim napric vsemi galeriemi -->
	<soubor-stitku>

		<stitek id="s1s" jmeno="Klatovy" take="s4s"/>
		<stitek id="s2s" jmeno="budova"/>
		
		<stitek id="s4s" jmeno="m?sto" vaha="5"/>
		<stitek id="s5s" jmeno="automobil" take="s7s s8s"/>
		<stitek id="s6s" jmeno="letadlo" take="s7s s8s"/>
		<stitek id="s7s" jmeno="technika"/>
		<stitek id="s8s" jmeno="doprava"/>
		<stitek id="s9s" jmeno="sch?ma"/>
		<stitek id="s10s" jmeno="uk?zka"/>
		<stitek id="s11s" jmeno="p??roda"/>
		<stitek id="s12s" jmeno="?umava" take="s11s"/>

	<stitek id="s13s" jmeno="Novy stitek"/></soubor-stitku>
	
	
	<!-- vsechny galerie s fotografiemi, ktere jsou v databazi ulozeny -->
	<soubor-galerii>

		<galerie autor="a1a" id="g1g" pristup="verejny">
			<cesta>/home/ja/fotky/20120213-klatovy/</cesta>
			<nazev>Klatovy - l?to 2011</nazev>
			<popis>
				Obsahuje p?r <b>nejlep??ch</b> fotografi? z??m?ho posledn?ho v?letu
				do <a href="http://www.klatovy.cz/">Klatov</a>. Opravdu stoj? za shl?dnut?.
			</popis>
			
			
			<fotografie id="f3f" stitky="s6s s7s s8s s13s">
				<popis>nad n?m?st?m zrovna prol?tl policejn? vrtuln?k</popis>
				<poloha format="GPS">49?23'41.312"N, 13?17'37.841"E</poloha>
				<odkaz-na-soubor>
					<cesta>IMG_3687.JPG</cesta>
					<velikost jednotka="B">2421233</velikost>
					<kontrola algoritmus="sha1">37c659dae7be6e29973ae77be685ff393faf7fc739</kontrola>
					<mime>image/jpeg</mime>
				</odkaz-na-soubor>				
			</fotografie>
			
			<fotografie id="f5f" stitky="s9s s1s s4s s8s s13s">
				<odkaz-na-soubor>
					<cesta>mapa.png</cesta>
					<velikost jednotka="KiB">413</velikost>
					<kontrola algoritmus="md5">38502cd4c86a28acca4aaf0fba33ae781186</kontrola>
					<mime>image/png</mime>
				</odkaz-na-soubor>				
			</fotografie>
			
		</galerie>

		<galerie autor="a1a" id="g2g" pristup="soukromy">
			<cesta>/home/ja/</cesta>
			<nazev>R?zn? zaj?mav? obr?zky</nazev>
			<popis><i><b>... kter? se jinam neve?ly</b></i></popis>
			<fotografie id="f7f" stitky="s9s s10s">
				<popis>
					uk?zkov? obr?zek v <b>PPM form?tu</b> sta?en?
					z??<a href="http://en.wikipedia.org/wiki/Netpbm_format#PPM_example">Wikipedie</a>
				</popis>
				<vlozeny-pnm-soubor sirka="3" varianta="PPM" vyska="2">
					<![CDATA[
						P3 3 2 255
						255   0   0     0 255   0     0   0 255
						255 255   0   255 255 255     0   0   0
					]]>
				</vlozeny-pnm-soubor>
			</fotografie>
			
		</galerie>
		
	</soubor-galerii>
	
</databaze-fotografii>