<HTML>
   <TR>
      <TH>JMENO</TH>
      <TH>PRIJMENI</TH>
      <TH>VEK</TH>
   </TR>
   <tr>
      <td>PETR</td>
      <td>KADLEC</td>
      <td>24</td>
   </tr>
   <tr>
      <td>TOMAS</td>
      <td>CHLADEK</td>
      <td>25</td>
   </tr>
   <tr>
      <td>FILIP</td>
      <td>NOVOTNY</td>
      <td>25</td>
   </tr>
   <tr>
      <td>ONDREJ</td>
      <td>TROJANEK</td>
      <td>30</td>
   </tr>
   <tr>
      <td>PETR</td>
      <td>POCHOP</td>
      <td>30</td>
   </tr>
   <tr>
      <td>TOMAS</td>
      <td>SVOBODA</td>
      <td>30</td>
   </tr>
   <tr>
      <td>MICHAL</td>
      <td>MASA</td>
      <td>34</td>
   </tr>
</HTML>