<html>
   <tr>
      <td>CIRKA</td>
      <td>Junior</td>
   </tr>
   <tr>
      <td>HUBL</td>
      <td>Junior</td>
   </tr>
   <tr>
      <td>CHLADEK</td>
      <td>Senior</td>
   </tr>
   <tr>
      <td>TROJANEK</td>
      <td>Senior</td>
   </tr>
   <tr>
      <td>MASA</td>
      <td>Senior</td>
   </tr>
   <tr>
      <td>KADLEC</td>
      <td>Junior</td>
   </tr>
   <tr>
      <td>TROJANEK</td>
      <td>Junior</td>
   </tr>
   <tr>
      <td>SAMEK</td>
      <td>Junior</td>
   </tr>
   <tr>
      <td>NOVOTNY</td>
      <td>Senior</td>
   </tr>
   <tr>
      <td>POCHOP</td>
      <td>Senior</td>
   </tr>
   <tr>
      <td>SVOBODA</td>
      <td>Senior</td>
   </tr>
</html>