<?xml version="1.0" encoding="UTF-8"?>
<ZAPAS DATUM="12-01-2014" ID_ZAPASU="_1001">
   <HRAJICI_HRACI>
      <HRAJICI_HRAC ID_HRACE="_2" CISLO_DRESU="1" ID_TYMU="_1">
         <POZNAMKA>VYSTRIDAN</POZNAMKA>
      </HRAJICI_HRAC>
      <HRAJICI_HRAC ID_HRACE="_3" CISLO_DRESU="2" ID_TYMU="_1">
         <POZNAMKA>100% UTOK</POZNAMKA>
      </HRAJICI_HRAC>
      <HRAJICI_HRAC ID_HRACE="_4" CISLO_DRESU="3" ID_TYMU="_1">
         <POZNAMKA>ZRANEN</POZNAMKA>
      </HRAJICI_HRAC>
      <HRAJICI_HRAC ID_HRACE="_5" CISLO_DRESU="4" ID_TYMU="_1">
         <POZNAMKA>ZRANEN</POZNAMKA>
      </HRAJICI_HRAC>
      <HRAJICI_HRAC ID_HRACE="_7" CISLO_DRESU="5" ID_TYMU="_1">
         <POZNAMKA>CHYBI LICENCNI KARTA</POZNAMKA>
      </HRAJICI_HRAC>
      <HRAJICI_HRAC ID_HRACE="_6" CISLO_DRESU="6" ID_TYMU="_1">
         <POZNAMKA/>
      </HRAJICI_HRAC>
   </HRAJICI_HRACI>
</ZAPAS>
<ZAPAS DATUM="18-08-2013" ID_ZAPASU="_1003">
   <HRAJICI_HRACI>
	     <HRAJICI_HRAC ID_HRACE="_2" CISLO_DRESU="1" ID_TYMU="_1">
         <POZNAMKA>VYSTRIDAN</POZNAMKA>
      </HRAJICI_HRAC>
   </HRAJICI_HRACI>
</ZAPAS>