<?xml version="1.0" encoding="UTF-8"?>
<tr>
   <td>12-01-2014</td>
   <td>CIRKA</td>
   <td>VYSTRIDAN</td>
</tr>
<tr>
   <td>18-08-2013</td>
   <td>CIRKA</td>
   <td>VYSTRIDAN</td>
</tr>
<tr>
   <td>12-01-2014</td>
   <td>HUBL</td>
   <td>100% UTOK</td>
</tr>
<tr>
   <td>12-02-2013</td>
   <td>HUBL</td>
   <td>VYSTRIDAN</td>
</tr>
<tr>
   <td>12-01-2014</td>
   <td>CHLADEK</td>
   <td>ZRANEN</td>
</tr>
<tr>
   <td>12-02-2013</td>
   <td>CHLADEK</td>
   <td>ZRANEN</td>
</tr>
<tr>
   <td>12-01-2014</td>
   <td>TROJANEK</td>
   <td>ZRANEN</td>
</tr>
<tr>
   <td>12-02-2013</td>
   <td>TROJANEK</td>
   <td>ZLOMENY PRST</td>
</tr>
<tr>
   <td>12-01-2014</td>
   <td>MASA</td>
   <td/>
</tr>
<tr>
   <td>12-01-2014</td>
   <td>KADLEC</td>
   <td>CHYBI LICENCNI KARTA</td>
</tr>
<tr>
   <td>12-02-2013</td>
   <td>SAMEK</td>
   <td/>
</tr>
<tr>
   <td>12-02-2013</td>
   <td>NOVOTNY</td>
   <td>ZLOMENE ZAPESTI</td>
</tr>