<?xml version="1.0" encoding="UTF-8"?>
<fotografie xmlns:xsi="http://www.w3.org/2001/XMLSchema-instance" id="f1f"
            stitky="s1s s2s s3s s4s">
	  <popis>pohled na náměstí Míru s dominantní Černou věží</popis>
	  <poloha format="GPS">49°23'43.012''N, 13°17'36.611''E</poloha>
	  <odkaz-na-soubor>
	     <cesta>IMG_3680.JPG</cesta>
	     <velikost jednotka="B">2765532</velikost>
	     <kontrola algoritmus="md5">4bdf9fe8e0e308ff7fe6f7fac78b640c25c</kontrola>
	     <mime>image/jpeg</mime>
	  </odkaz-na-soubor>
      </fotografie>
<fotografie xmlns:xsi="http://www.w3.org/2001/XMLSchema-instance" id="f2f"
            stitky="s1s s5s s3s s7s s8s">
	  <popis>na náměstí v létě většinou parkuje zmrzlinářský vůz</popis>
	  <popis>zmrzlina zde stojí <i>asi 15 Kč</i>, většinou mají dva druhy - vanilkovou a pak nějakou s příchutí</popis>
	  <poloha format="GPS">49°23'41.664''N, 13°17'37.402''E</poloha>
	  <odkaz-na-soubor>
	     <cesta>IMG_3682.JPG</cesta>
	     <velikost jednotka="MiB">2</velikost>
	     <kontrola algoritmus="md5">89b94a5ac1eb0f8fa8aa9aa756af26915fa990a</kontrola>
	     <mime>image/jpeg</mime>
	  </odkaz-na-soubor>
      </fotografie>
<fotografie xmlns:xsi="http://www.w3.org/2001/XMLSchema-instance" id="f3f"
            stitky="s6s s7s s8s">
	  <popis>nad náměstím zrovna prolétl policejní vrtulník</popis>
	  <poloha format="GPS">49°23'41.312''N, 13°17'37.841''E</poloha>
	  <odkaz-na-soubor>
	     <cesta>IMG_3687.JPG</cesta>
	     <velikost jednotka="B">2421233</velikost>
	     <kontrola algoritmus="sha1">37c659dae7be6e29973ae77be685ff393faf7fc739</kontrola>
	     <mime>image/jpeg</mime>
	  </odkaz-na-soubor>
      </fotografie>
<fotografie xmlns:xsi="http://www.w3.org/2001/XMLSchema-instance" id="f4f"
            stitky="s1s s4s s2s s3s"
            autor="a2a">
	  <popis>na hradbách bylo krásně a užili jsme si pěkný výhled</popis>
	  <poloha format="GPS">N 49° 23.72490', E 13° 17.78852'</poloha>
	  <odkaz-na-soubor>
	     <cesta>IMG_3711.JPG</cesta>
	     <velikost jednotka="B">2547891</velikost>
	     <kontrola algoritmus="sha256">8d528585f00141fef6fe7fd075fda64af06fccdc82b16430f52838054fb386f70fe7c7</kontrola>
	     <mime>image/jpeg</mime>
	  </odkaz-na-soubor>
      </fotografie>
<fotografie xmlns:xsi="http://www.w3.org/2001/XMLSchema-instance" id="f6f"
            stitky="s1s s4s s2s s3s">
	  <popis>šrumec před poštou ...</popis>
	  <poloha format="GPS">N 49° 23.78993', E 13° 17.33145'</poloha>
	  <odkaz-na-soubor>
	     <cesta>IMG_3791.JPG</cesta>
	     <velikost jednotka="B">3020311</velikost>
	     <kontrola algoritmus="md5">7710677b57e02b4a08ae1b04d568475cf</kontrola>
	     <mime>image/jpeg</mime>
	  </odkaz-na-soubor>
      </fotografie>