<?xml version="1.0" encoding="UTF-8"?>
<databaze-fotografii xmlns:xsi="http://www.w3.org/2001/XMLSchema-instance"
                     xsi:noNamespaceSchemaLocation="">
   <snimek/>
   <soubor-autoru>
      <autor id="a1a">
         <prijmeni/>
         <krestni/>
         <email/>
      </autor>
      <autor id="a2a">
         <krestni/>
         <prijmeni/>
         <email/>
      </autor>
      <autor id="a3a">
         <email/>
         <email/>
      </autor>
   </soubor-autoru>
   <soubor-stitku>
      <stitek id="s1s" jmeno="" take=""/>
      <stitek id="s2s" jmeno=""/>
      <stitek id="s3s" jmeno="" vaha=""/>
      <stitek id="s4s" jmeno="" vaha=""/>
      <stitek id="s5s" jmeno="" take=""/>
      <stitek id="s6s" jmeno="" take=""/>
      <stitek id="s7s" jmeno=""/>
      <stitek id="s8s" jmeno=""/>
      <stitek id="s9s" jmeno=""/>
      <stitek id="s10s" jmeno=""/>
      <stitek id="s11s" jmeno=""/>
      <stitek id="s12s" jmeno="" take=""/>
   </soubor-stitku>
   <soubor-galerii>
      <galerie id="g1g" pristup="" autor="a1a">
         <cesta/>
         <nazev/>
         <popis>
            <b/>
            <a href=""/>
         </popis>
         <fotografie id="f1f" stitky="s1s s2s s3s s4s">
            <popis/>
            <poloha format=""/>
            <odkaz-na-soubor>
               <cesta/>
               <velikost jednotka=""/>
               <kontrola algoritmus=""/>
               <mime/>
            </odkaz-na-soubor>
         </fotografie>
         <fotografie id="f2f" stitky="s1s s5s s3s s7s s8s">
            <popis/>
            <popis>
               <i/>
            </popis>
            <poloha format=""/>
            <odkaz-na-soubor>
               <cesta/>
               <velikost jednotka=""/>
               <kontrola algoritmus=""/>
               <mime/>
            </odkaz-na-soubor>
         </fotografie>
         <fotografie id="f3f" stitky="s6s s7s s8s">
            <popis/>
            <poloha format=""/>
            <odkaz-na-soubor>
               <cesta/>
               <velikost jednotka=""/>
               <kontrola algoritmus=""/>
               <mime/>
            </odkaz-na-soubor>
         </fotografie>
         <fotografie id="f4f" stitky="s1s s4s s2s s3s" autor="a2a">
            <popis/>
            <poloha format=""/>
            <odkaz-na-soubor>
               <cesta/>
               <velikost jednotka=""/>
               <kontrola algoritmus=""/>
               <mime/>
            </odkaz-na-soubor>
         </fotografie>
         <fotografie id="f5f" stitky="s9s s1s s4s s8s">
            <odkaz-na-soubor>
               <cesta/>
               <velikost jednotka=""/>
               <kontrola algoritmus=""/>
               <mime/>
            </odkaz-na-soubor>
         </fotografie>
         <fotografie id="f6f" stitky="s1s s4s s2s s3s">
            <popis/>
            <poloha format=""/>
            <odkaz-na-soubor>
               <cesta/>
               <velikost jednotka=""/>
               <kontrola algoritmus=""/>
               <mime/>
            </odkaz-na-soubor>
         </fotografie>
      </galerie>
      <galerie id="g2g" pristup="" autor="a1a">
         <cesta/>
         <nazev/>
         <popis>
            <i>
               <b/>
            </i>
         </popis>
         <fotografie id="f7f" stitky="s9s s10s">
            <popis>
               <b/>
               <a href=""/>
            </popis>
            <vlozeny-pnm-soubor varianta="" sirka="" vyska=""/>
         </fotografie>
         <fotografie id="f8f" stitky="s12s s11s s3s" autor="a3a">
            <popis/>
            <poloha format=""/>
            <vlozeny-pnm-soubor varianta=""/>
         </fotografie>
      </galerie>
   </soubor-galerii>
</databaze-fotografii>