<?xml version="1.0" encoding="utf-8" standalone="no"?><basketball-competition>
    <teams>
        <team>
            <player>
                <height>6-4</height>
                <weigh>210</weigh>
            <id>shannon_brown</id><name>Shannon Brown</name><number>12</number><position>sg</position></player>
            <player>
                <height>6-6</height>
                <weigh>205</weigh>
                <captain/>
            <id>kobe_bryant</id><name>Kobe Bryant</name><number>24</number><position>sf</position></player>
            <player>
                <height>7-0</height>
                <weigh>285</weigh>
            <id>andrew_bynum</id><name>Andrew Bynum</name><number>17</number><position>c</position></player>
            <player>
                <height>6-1</height>
                <weigh>210</weigh>
                <captain/>
            <id>derek_fisher</id><name>Derek Fisher</name><number>2</number><position>pg</position></player>
            <player>
                <height>7-0</height>
                <weigh>250</weigh>
            <id>pau_gasol</id><name>Pau Gasol</name><number>16</number><position>pf</position></player>
            <player>
                <height>6-7</height>
                <weigh>260</weigh>
            <id>ron_artest</id><name>Ron Artest</name><number>15</number><position>sf</position></player>
            <player>
                <height>6-3</height>
                <weigh>172</weigh>
            <id>steve_blake</id><name>Steve Blake</name><number>5</number><position>pg</position></player>
            <player>
                <height>6-9</height>
                <weigh>215</weigh>
            <id>devin_ebanks</id><name>Devin Ebanks</name><number>3</number><position>sf</position></player>
            <player>
                <height>6-10</height>
                <weigh>230</weigh>
            <id>lamar_odom</id><name>Lamar Odom</name><number>7</number><position>pf</position></player>
            <player>
                <height>6-8</height>
                <weigh>235</weigh>
            <id>luke_walton</id><name>Luke Walton</name><number>4</number><position>pf</position></player>
        <coach>Phil Jackson</coach><id>lal</id><name>Los Angeles Lakers</name></team>
        <team>
            <player>
                <height>6-2</height>
                <weigh>190</weigh>
            <id>mario_chalmers</id><name>Mario Chalmers</name><number>15</number><position>pg</position></player>
            <player>
                <height>6-4</height>
                <weigh>220</weigh>
                <captain/>
            <id>dwayne_wade</id><name>Dwayne Wade</name><number>3</number><position>sg</position></player>
            <player>
                <height>6-8</height>
                <weigh>250</weigh>
            <id>lebron_james</id><name>Lebron James</name><number>6</number><position>sf</position></player>
            <player>
                <height>6-11</height>
                <weigh>235</weigh>
            <id>chris_bosh</id><name>Chris Bosh</name><number>1</number><position>pf</position></player>
            <player><id>joel_anthony</id><name>Joel Anthony</name><number>50</number><position>c</position></player>
        <coach>Erik Spoelstra</coach><id>mia</id><name>Miami Heat</name></team>
        <team>
            <player><id>jamal_crawford</id><name>Jamal Crawford</name><number>11</number><position>sg</position></player>
            <player><id>al_horford</id><name>Al Horford</name><number>15</number><position>c</position></player>
            <player>
                <captain/>
            <id>joe_johnson</id><name>Joe Johnson</name><number>2</number><position>sf</position></player>
            <player><id>kirk_hinrich</id><name>Kirk Hinrich</name><number>6</number><position>pg</position></player>
            <player><id>josh_smith</id><name>Josh Smith</name><number>5</number><position>pf</position></player>
        <coach>Larry Drew</coach><id>atl</id><name>Atlanta Hawks</name></team>
    </teams>
    <matches>
        <match>
            <team-stats>
                <player-stats>
                    <points>0</points>
                    <rebounds>2</rebounds>
                    <fouls>2</fouls>
                <player-id>shannon_brown</player-id></player-stats>
                <player-stats>
                    <points>24</points>
                    <rebounds>2</rebounds>
                    <fouls>3</fouls>
                <player-id>kobe_bryant</player-id></player-stats>
                <player-stats>
                    <points>13</points>
                    <rebounds>12</rebounds>
                    <fouls>4</fouls>
                <player-id>andrew_bynum</player-id></player-stats>
                <player-stats>
                    <points>6</points>
                    <rebounds>1</rebounds>
                    <fouls>0</fouls>
                <player-id>derek_fisher</player-id></player-stats>
                <player-stats>
                    <points>20</points>
                    <rebounds>5</rebounds>
                    <fouls>1</fouls>
                <player-id>pau_gasol</player-id></player-stats>
            <score>88</score><team-id>lal</team-id></team-stats>
            <team-stats>
                <player-stats>
                    <points>9</points>
                    <rebounds>5</rebounds>
                    <fouls>2</fouls>
                <player-id>mario_chalmers</player-id></player-stats>
                <player-stats>
                    <points>20</points>
                    <rebounds>5</rebounds>
                    <fouls>1</fouls>
                <player-id>dwayne_wade</player-id></player-stats>
                <player-stats>
                    <points>19</points>
                    <rebounds>8</rebounds>
                    <fouls>1</fouls>
                <player-id>lebron_james</player-id></player-stats>
                <player-stats>
                    <points>24</points>
                    <rebounds>9</rebounds>
                    <fouls>3</fouls>
                <player-id>chris_bosh</player-id></player-stats>
                <player-stats>
                    <points>0</points>
                    <rebounds>1</rebounds>
                    <fouls>2</fouls>
                <player-id>joel_anthony</player-id></player-stats>
            <score>94</score><team-id>mia</team-id></team-stats>
            <comment>
                The <teamref><id>mia</id></teamref> defeated the <teamref><id>lal</id></teamref> 94-88 Thursday at AmericanAirlines Arena. The victory
                snapped a five-game losing streak. Heat PF <playerref><id>chris_bosh</id></playerref> led the way with 24 points and nine
                rebounds. Guard <playerref><id>dwayne_wade</id></playerref> scored 20 points while <playerref><id>lebron_james</id></playerref> added 19. It
                was the Lakers' first loss since the All-Star break, snapping an eight-game winning streak. Guard
                <playerref><id>kobe_bryant</id></playerref> led four players in double figures with 24 points.
            </comment>
        <date>3/10/2011</date></match>
        <match>
            <team-stats>
                <player-stats>
                    <points>7</points>
                    <rebounds>2</rebounds>
                    <fouls>4</fouls>
                <player-id>ron_artest</player-id></player-stats>
                <player-stats>
                    <points>26</points>
                    <rebounds>6</rebounds>
                    <fouls>0</fouls>
                <player-id>kobe_bryant</player-id></player-stats>
                <player-stats>
                    <points>16</points>
                    <rebounds>16</rebounds>
                    <fouls>3</fouls>
                <player-id>andrew_bynum</player-id></player-stats>
                <player-stats>
                    <points>11</points>
                    <rebounds>2</rebounds>
                    <fouls>1</fouls>
                <player-id>derek_fisher</player-id></player-stats>
                <player-stats>
                    <points>14</points>
                    <rebounds>11</rebounds>
                    <fouls>2</fouls>
                <player-id>pau_gasol</player-id></player-stats>
            <score>101</score><team-id>lal</team-id></team-stats>
            <team-stats>
                <player-stats>
                    <points>16</points>
                    <rebounds>6</rebounds>
                    <fouls>3</fouls>
                <player-id>josh_smith</player-id></player-stats>
                <player-stats>
                    <points>17</points>
                    <rebounds>9</rebounds>
                    <fouls>2</fouls>
                <player-id>al_horford</player-id></player-stats>
                <player-stats>
                    <points>11</points>
                    <rebounds>1</rebounds>
                    <fouls>4</fouls>
                <player-id>joe_johnson</player-id></player-stats>
                <player-stats>
                    <points>24</points>
                    <rebounds>9</rebounds>
                    <fouls>3</fouls>
                <player-id>kirk_hinrich</player-id></player-stats>
                <player-stats>
                    <points>12</points>
                    <rebounds>2</rebounds>
                    <fouls>2</fouls>
                <player-id>jamal_crawford</player-id></player-stats>
            <score>87</score><team-id>atl</team-id></team-stats>
            <comment>
                The <teamref><id>atl</id></teamref> wanted to run Tuesday and for a while they did, but the <teamref><id>lal</id></teamref> eventually
                overwhelmed Atlanta with size for their eighth straight win, 101-87. L.A. broke a three-game losing streak in
                Atlanta behind a triple towers-type effort. Big men <playerref><id>andrew_bynum</id></playerref> (16 points, 16 rebounds,
                three blocked shots) and <playerref><id>pau_gasol</id></playerref> (14 points, 11 rebounds) carried action in the paint, and
                <playerref><id>kobe_bryant</id></playerref> led all scorers with 26 points to move into sixth place in NBA history ahead of
                Moses Malone (27,409 career points) with 27,423 career points of his own. Atlanta, which has lost four of five,
                was led by center <playerref><id>al_horford</id></playerref> with 17 points, but the Hawks made just 39.8 percent of their shots.
            </comment>
        <date>3/8/2011</date></match>
    </matches>
</basketball-competition>