<?xml version="1.0" encoding="UTF-8"?>
<vlak vlak_id="vlak1">
   <nejtezsi_lokomotiva>
      <vlak_lokomotiva lokomotiva_ref="l1" poradi="1"/>
   </nejtezsi_lokomotiva>
   <nejtezsi_vagon>
      <vlak_vagon vagon_ref="v9" poradi="7"/>
   </nejtezsi_vagon>
</vlak>
<vlak vlak_id="vlak2">
   <nejtezsi_lokomotiva>
      <vlak_lokomotiva lokomotiva_ref="l2" poradi="1"/>
      <vlak_lokomotiva lokomotiva_ref="l2" poradi="2"/>
      <vlak_lokomotiva lokomotiva_ref="l2" poradi="3"/>
   </nejtezsi_lokomotiva>
   <nejtezsi_vagon/>
</vlak>
<vlak vlak_id="vlak3">
   <nejtezsi_lokomotiva>
      <vlak_lokomotiva lokomotiva_ref="l3" poradi="1"/>
      <vlak_lokomotiva lokomotiva_ref="l3" poradi="3"/>
      <vlak_lokomotiva lokomotiva_ref="l3" poradi="5"/>
      <vlak_lokomotiva lokomotiva_ref="l3" poradi="7"/>
   </nejtezsi_lokomotiva>
   <nejtezsi_vagon>
      <vlak_vagon vagon_ref="v6" poradi="2"/>
      <vlak_vagon vagon_ref="v7" poradi="4"/>
      <vlak_vagon vagon_ref="v8" poradi="6"/>
   </nejtezsi_vagon>
</vlak>