<?xml version="1.0" encoding="UTF-8"?>
<jmena_zamestnancu>
   <jmeno>Angelo Repilado</jmeno>
   <jmeno>Anna Kraupnerová</jmeno>
   <jmeno>Eva Nečesalová</jmeno>
   <jmeno>František Drda</jmeno>
   <jmeno>Iveta Prchalová</jmeno>
   <jmeno>Jakub Vavruška</jmeno>
   <jmeno>Jana Krausová</jmeno>
   <jmeno>Josef Kouma</jmeno>
   <jmeno>Marie Hroudová</jmeno>
   <jmeno>Monika Polenová</jmeno>
   <jmeno>Ondřej Rydl</jmeno>
   <jmeno>Tereza Bufková</jmeno>
   <jmeno>Tomáš Sedlecký</jmeno>
   <jmeno>Veronika Musilová</jmeno>
</jmena_zamestnancu>