<html>
   <head>
      <meta http-equiv="Content-Type" content="text/html; charset=UTF-8">
      <title>Zamestnanci</title>
   </head>
   <body>
      <table>
         <tbody>
            <tr>
               <td>
                  <firstName>Peter</firstName>
               </td>
               <td>
                  <lastName>Brown</lastName>
               </td>
               <td>
                  <email>brown@co.org</email>
               </td>
               <td>
                  <salary>3000</salary>
               </td>
               <td>
                  <worksIn>D2</worksIn>
               </td>
            </tr>
            <tr>
               <td>
                  <firstName>John</firstName>
               </td>
               <td>
                  <lastName>Smith</lastName>
               </td>
               <td>
                  <email>smith@co.org</email>
               </td>
               <td>
                  <salary>2000</salary>
               </td>
               <td>
                  <worksIn>D1</worksIn>
               </td>
            </tr>
            <tr>
               <td>
                  <firstName>Martin</firstName>
               </td>
               <td>
                  <lastName>Smith</lastName>
               </td>
               <td>
                  <email>smith.m@co.org</email>
               </td>
               <td>
                  <salary>2400</salary>
               </td>
               <td>
                  <worksIn>D1.1</worksIn>
               </td>
            </tr>
            <tr>
               <td>
                  <firstName>Arthur</firstName>
               </td>
               <td>
                  <lastName>Taylor</lastName>
               </td>
               <td>
                  <email>taylor@co.org</email>
               </td>
               <td>
                  <salary>2500</salary>
               </td>
               <td>
                  <worksIn>D1.2</worksIn>
               </td>
            </tr>
         </tbody>
      </table>
   </body>
</html>