<?xml version="1.0" encoding="UTF-8"?>
<vsechnaOdd>
   <popis>Vezme oddeleni z employees2 a spocita pomoci funkce kolik ma zamestnancu</popis>
   <oddeleni>
      <nazev>Manufacturing</nazev>
      <pocetZam>1</pocetZam>
   </oddeleni>
   <oddeleni>
      <nazev>Development</nazev>
      <pocetZam>0</pocetZam>
   </oddeleni>
   <oddeleni>
      <nazev>Engineering</nazev>
      <pocetZam>1</pocetZam>
   </oddeleni>
   <oddeleni>
      <nazev>PR</nazev>
      <pocetZam>2</pocetZam>
   </oddeleni>
</vsechnaOdd>