<?xml version="1.0" encoding="UTF-8"?>
<vsechnaOdd>
   <popis>Vsichni zamestanci z ruznym emailem a jejich platy + celkovy plat</popis>
   <zamestnanec>
      <email>smith@co.org</email>
      <salary>2000</salary>
   </zamestnanec>
   <zamestnanec>
      <email>brown@co.org</email>
      <salary>3000</salary>
   </zamestnanec>
   <zamestnanec>
      <email>taylor@co.org</email>
      <salary>2500</salary>
   </zamestnanec>
   <zamestnanec>
      <email>smith.m@co.org</email>
      <salary>2400</salary>
   </zamestnanec>
   <celkovaPlat>9900</celkovaPlat>
</vsechnaOdd>