<?xml version="1.0" encoding="UTF-8"?>
<zamestnanci>
   <popis>Nazvy oddeleni z departmens.xml a kdo v nich pracuje ze souboru employees.xml a employees2.xml</popis>
   <oddeleni>
      <nazev>Production</nazev>
      <jmeno>John Smith</jmeno>
   </oddeleni>
   <oddeleni>
      <nazev>Development</nazev>
      <jmeno>Martin Smith</jmeno>
   </oddeleni>
   <oddeleni>
      <nazev>Engineering</nazev>
      <jmeno>Arthur Taylor</jmeno>
      <jmeno>Kate Stone</jmeno>
   </oddeleni>
   <oddeleni>
      <nazev>Accounting</nazev>
      <jmeno>Peter Brown</jmeno>
   </oddeleni>
</zamestnanci>