<html>
   <head>
      <meta http-equiv="Content-Type" content="text/html; charset=UTF-8">
      <title> Hraci a jejich vek </title>
   </head>
   <body>
      <table>
         <thead>
            <tr>
               <th>Hrac</th>
               <th>Vek</th>
            </tr>
         </thead>
         <tbody>
            <tr>
               <td>The Last One</td>
               <td>75</td>
            </tr>
            <tr>
               <td>The Third</td>
               <td>40</td>
            </tr>
            <tr>
               <td>The Sixer</td>
               <td>36</td>
            </tr>
            <tr>
               <td>The Second</td>
               <td>34</td>
            </tr>
            <tr>
               <td><b>The Fourth</b></td>
               <td>27</td>
            </tr>
            <tr>
               <td>The Seventh</td>
               <td>26</td>
            </tr>
            <tr>
               <td><b>The First</b></td>
               <td>22</td>
            </tr>
            <tr>
               <td>Number Nine</td>
               <td>19</td>
            </tr>
            <tr>
               <td>The Eighth</td>
               <td>18</td>
            </tr>
            <tr>
               <td>Fifth</td>
               <td>17</td>
            </tr>
         </tbody>
      </table>
   </body>
</html>