<html>
   <head>
      <meta http-equiv="Content-Type" content="text/html; charset=UTF-8">
      <title>
         			Prehled produktu, ktere maji novejsi model
         		
      </title>
   </head>
   <body>
      <h1>Prehled produktu, ktere maji novejsi model</h1>
      <table>
         <tr>
            <th>Nazev</th>
            <th>Vyraben od / do </th>
            <th>Cena</th>
         </tr>
         <tr>
            <th>Popis 1. produktu</th>
            <td>2012-01-01 / 2013-02-01</td>
            <td>1500</td>
         </tr>
         <tr>
            <th>Popis 3. produktu</th>
            <td>2012-03-01 / 2013-04-01</td>
            <td>1700</td>
         </tr>
         <tr>
            <th>Popis 4. produktu</th>
            <td>2012-04-01 / 2013-05-01</td>
            <td>1550</td>
         </tr>
         <tr>
            <th>Popis 9. produktu</th>
            <td>2012-09-01 / 2013-10-01</td>
            <td>1450</td>
         </tr>
         <tr>
            <th>Popis 11. produktu
               			
            </th>
            <td>2011-01-01 / 2013-01-01</td>
            <td>1000</td>
         </tr>
         <tr>
            <th>Popis 14. produktu</th>
            <td>2011-04-01 / 2013-06-01</td>
            <td>970</td>
         </tr>
      </table>
   </body>
</html>