<?xml version="1.0" encoding="UTF-8"?>
<produkt>
   <nazev>Popis 1. produktu</nazev>
   <cena>1500</cena>
</produkt>
<produkt>
   <nazev>Popis 2. produktu</nazev>
   <cena>1600</cena>
   <predchozi-typy>
      <produkt>
         <nazev>Popis 1. produktu</nazev>
         <cena>1500</cena>
      </produkt>
   </predchozi-typy>
</produkt>
<produkt>
   <nazev>Popis 3. produktu</nazev>
   <cena>1700</cena>
</produkt>
<produkt>
   <nazev>Popis 4. produktu</nazev>
   <cena>1550</cena>
   <predchozi-typy>
      <produkt>
         <nazev>Popis 1. produktu</nazev>
         <cena>1500</cena>
      </produkt>
   </predchozi-typy>
</produkt>
<produkt>
   <nazev>Popis 5. produktu</nazev>
   <cena>1650</cena>
   <predchozi-typy>
      <produkt>
         <nazev>Popis 4. produktu</nazev>
         <cena>1550</cena>
         <predchozi-typ>
            <produkt>
               <nazev>Popis 1. produktu</nazev>
               <cena>1500</cena>
            </produkt>
         </predchozi-typ>
      </produkt>
   </predchozi-typy>
</produkt>
<produkt>
   <nazev>Popis 6. produktu</nazev>
   <cena>1750</cena>
   <predchozi-typy>
      <produkt>
         <nazev>Popis 3. produktu</nazev>
         <cena>1700</cena>
      </produkt>
   </predchozi-typy>
</produkt>
<produkt>
   <nazev>Popis 7. produktu</nazev>
   <cena>1800</cena>
   <predchozi-typy/>
</produkt>
<produkt>
   <nazev>Popis 8. produktu</nazev>
   <cena>1700</cena>
</produkt>
<produkt>
   <nazev>Popis 9. produktu</nazev>
   <cena>1450</cena>
</produkt>
<produkt>
   <nazev>Popis 10. produktu</nazev>
   <cena>1400</cena>
   <predchozi-typy>
      <produkt>
         <nazev>Popis 9. produktu</nazev>
         <cena>1450</cena>
      </produkt>
   </predchozi-typy>
</produkt>
<produkt>
   <nazev>Popis 11. produktu
			</nazev>
   <cena>1000</cena>
</produkt>
<produkt>
   <nazev>Popis 12. produktu</nazev>
   <cena>990</cena>
   <predchozi-typy>
      <produkt>
         <nazev>Popis 11. produktu
			</nazev>
         <cena>1000</cena>
      </produkt>
   </predchozi-typy>
</produkt>
<produkt>
   <nazev>Popis 13. produktu</nazev>
   <cena>980</cena>
</produkt>
<produkt>
   <nazev>Popis 14. produktu</nazev>
   <cena>970</cena>
</produkt>
<produkt>
   <nazev>Popis 15. produktu
			</nazev>
   <cena>1010</cena>
   <predchozi-typy>
      <produkt>
         <nazev>Popis 14. produktu</nazev>
         <cena>970</cena>
      </produkt>
   </predchozi-typy>
</produkt>
<produkt>
   <nazev>Popis 16. produktu</nazev>
   <cena>1020</cena>
</produkt>