<?xml version="1.0" encoding="utf-8" standalone="no"?><!-- Modelovane ako databaza serialov s pridanim oblubenych --><serials>
	<serial>
		<info>
			<zaner><typ>SCI-FI</typ></zaner>
			<zaner><typ>DOBRODRU?N?</typ></zaner>
			<zaner><typ>AK?N?</typ></zaner>
			<popis>Jeden z najznamejsich scifi serialov nedavnej minulosti</popis>
			<herci>
				<!--zoznam hercov -->
				<herec>Richard Dean Anderson<role>Jack O'Neill</role></herec>
				<herec>Michael Shanks<role>Daniel Jackson</role></herec>
				<herec>Amanda Tapping<role>Samantha Carter</role></herec>
				<herec>Chritopher Judge<role>Teal'c</role></herec>
				<herec>Don S. Davis<role>George Hammond</role></herec>
				<herec>Teryl Rothery<role>Janet Fraiser</role></herec>
				<herec>Ben Browder<role>Cameron Mitchel</role></herec>
				<herec>Beau Bridges<role>Hank Landry</role></herec>
				<herec>Claudia Black<role>Vala Mal Doran</role></herec>
				<herec>Corin Nemec<role>Jonas Quinn</role></herec>
				<herec>Tony Amendola<role>Master Bra'tac</role></herec>
				<herec>Cliff Simon<role>Ba'al</role></herec>
			</herci>
		</info>
		<diely>
			<!-- zoznam serii serialu -->
			<seria>
				<!-- zoznam dielov v serii -->
				<diel>
					<popis>Program Hviezdna Br?na je op?? otvoren?. Jack O'Neill je povolan? sp?? do slu?by po tom, ?o Goa'uld menom Apophis pr?de na Zem cez nepou?ivan? br?nu a unesie jedn?ho str??neho. Po gener?lovy Westovy preber? projekt SGC gener?l Hammond, ktor? chce posla? na Abydos jadrov? bombu. Jack ho v?ak zastav?, preto?e na Abydosu ostal doktor Jackson. Ten na?iel medzit?m nov? kartu?u s mno?stvom ?al??ch adries. Na Abydos za?to?? Apophis a unesie Danielovu man?elku Sha'ri a Skaaru, s ktor?ch urob? Goa'uldov. Team SG-1 je vyslan? ich h?ada? na planetu zvan? Chulac, kde s? v?ak zajat? Apophisom.</popis>
					<trvanie>42:20</trvanie>
				<nazov>Children of the Gods</nazov><hodnotenie>1</hodnotenie><cislo>1</cislo></diel>
				<diel>
					<popis>Major Kowalsky bol v minulom diele infikovan? Goa'uldom. Doktori navrhuj? oper?ciu a Goa'ulda chc? z neho vybra?. I ke? m? ve?mi mal? ?ance na pre?itie, oper?cia sa podarila. Alebo nie...?</popis>
					<trvanie>41:13</trvanie>
				<nazov>The Enemy Within</nazov><hodnotenie>2</hodnotenie><cislo>2</cislo></diel>
				<diel>
					<popis>Team SG-1 cestuje na nezn?mu plan?tu, kde zachr?nia chlapca pred skupinou vlkov. Tunaj?? ?udia s? mongoloidn?ho p?vodu, tak?e ?eny pou?ivaj? len ako predmet obchodu. Sam je unesen? cudz?m chlapom, ktor? ju chce vymeni? za dc?ru n??eln?ka in?ho kme?a. Ale ten nes?hlas? a pon?kne mu len zlato. Samanthu dr?ia v nepriate?skom t?bore proti jej v?li a je teraz na SG-1 ako ju dosta? sp??.</popis>
					<trvanie>40:04</trvanie>
				<nazov>Emancipation</nazov><hodnotenie>5</hodnotenie><cislo>3</cislo></diel>
				<diel>
					<popis>SG-1 cestuje na plan?tu, kde ?udia sa delia na dve skupiny. Na ?ud? svetla (?ist?) a na ne?ist?ch. Bohu?ia? t?to ?udia trpia nezn?mou chorobou, ktor? sp?sobuje ?ialenstvo. Team SG-1 t?to chorobu prinesie i na Zem a sami sa nakazia. Doktorka Fraiser-ov? teraz h?ad? sp?sob, ako v?etk?ch vr?ti? do norm?lneho stavu.
        </popis>
				<nazov>The Broca Divide</nazov><hodnotenie>1</hodnotenie><cislo>4</cislo></diel>
				<diel>
					<popis>Velite? t?mu SG-9, kapit?n Hanson, je na jednej plan?te pova?ovan? za Boha. Obyvatelov tejto plan?ty n?ti aby ho uctievali a postavili mu chr?m. No plan?tu ohrozuje nezn?me ?iarenie a v?etci obyvatelia ?akaj?, ?e kapit?n Hanson tento probl?m vyrie?i. Ten v?ak nevie spusti? goa'uldsk? zariadenie, ktor? by dalo v?etko do poriadku. SG-1 sa vyd?va na plan?tu vyrie?i? probl?m a kapit?na Hansona privies? sp?? domov.
	      </popis>
				<nazov>The First Commandment</nazov><cislo>5</cislo></diel>
				<diel>
					<popis>SG-1 pri?li na plan?tu, kde vidia mno?stvo modr?ch kry?t??ov zni?en?ch ty?ov?mi zbra?mi. Jack v?ak n?jde jeden nezni?en? a pribl??i sa k nemu. V z?p?t? upadne do bezvedomia a kry?t?? preber? Jackovu podobu a vracia sa z ni?-netu?iacim SG t?mon sp?? na Zem. 'Jack' sa vracia k svojej man?elke a chce hovori? so svoj?m synom. No Charlie u? d?vnej?ie zomrel. Medzit?m sa vr?ti prav? O'Neill, ktor? ni?omu nech?pe.
        </popis>
				<nazov>Cold Lazarus</nazov><cislo>6</cislo></diel>
				<diel>
					<popis>Team SG-1 sa dozvie od Teal'ca adresu plan?ty, kde ?ije neviditeln? tvor naz?van? 'Fenri'. A preto?e vl?da tla?? na SGC, aby z?skavala nov? technol?gie v boji proti Goa'uldom, je SG-1 poveren? prinies? tohto tvora. S? v?ak na plan?te napadnut? Goa'uldom a v?etci povra?den?. V tom prich?dzaj? Noxovia.
        </popis>
				<nazov>The Nox</nazov><cislo>7</cislo></diel>
				<diel>
					<popis>SG-1 prich?dza na plan?tu, a zistia, ?e tamoj?? obyvatelia ?iju len sto dn?. Sam zist?, ?e u nich doch?dza k r?chlemu st?rnutiu a ka?d? ve?er v?etci do jedn?ho z ni?oho-ni? zaspia. Probl?m nastane vtedy, ke? Jack za?ne starn?? s nimi. Zvy?ok SG t?mu sa vr?ti na Zem a h?ad? sp?sob ako pom?c? Jackovi. Zistia, ?e za to m??e ur?it? zariadenie v dedine, v ktorej ?ij?.
	      </popis>
				<nazov>Brief Candle</nazov><cislo>8</cislo></diel>
				<diel>
					<popis>SG-1 prich?dzaj? na Chim?riu, kde hne? po prechode br?nou s? skenoven? T?rovim kladivom, ktor? ka?d?ho, kto m? v sebe symbionta prenesie do labyrintu a na jeho konci je symbion vybran? z tela bez toho, aby hostitel zomrel. To v?ak neplat? pre Jaffov, ktor? nedok??u bez symbionta ?i?. Jack s Teal'com s? omylom prenesen? do tohto labyrintu a h?adaj? cestu sp??. Sam a Daniel sa pok??aj? n?js? pomoc u tamoj?ieho obyvate?stva.
	      </popis>
				<nazov>Thor's Hammer</nazov><cislo>9</cislo></diel>
				<diel>
					<popis>Doktor Jackson ?tuduje odtajnen? dokumenty a video-z?znamy t?kaj?ce sa projektu SG v ?asoch, ke? ho mal na starosti profesor Langford. Zistil, ?e tomuto mu?ovi sa podarilo prejs? br?nou na in? plan?tu a po?iada gener?la Hammonda, aby zo zvy?kom SG-1 sa mohli vyda? h?ada? ho. K t?mu sa pripoj? i Kathryn, ktor? priviedla Daniela k projektu Hviezdna br?na. Prejdu br?nou a n?jdu profesora Langforda, ktor? objavil skuto?n? poklad.
	      </popis>
				<nazov>The Torment of Tantalus</nazov><cislo>10</cislo></diel>
				<diel>
					<popis>Team SG-1 sa vyd?va na Chulac, aby zachr?nili Teal'covho syna Rya'ca pred obradom, pri ktorom mu bude implantovan? do tela larva Goa'ulda. SG-1 m? i rozkazy poobzera? sa po larve Goa'ulda a privies? ju na v?skumy na Zem. Teal'covi sa podar? syna zachr?ni?, no ten trp? chorobou a bez symbionta nem??e pre?i?.
	      </popis>
				<nazov>Bloodlines</nazov><cislo>11</cislo></diel>
				<diel>
					<popis>SG-1 sa ne?akane vracaj? sp?? do SGC ale bez Daniela. Na plan?te kde boli, vraj do?lo k erupcii sopky a doktor Jackson pri tom umrel. Ten v?ak je v zajat? Oanesanov.
	      </popis>
				<nazov>Fire and Water</nazov><cislo>12</cislo></diel>
				<diel>
					<popis>Pri vykop?vkach na Maysk?ch pyram?dach je objaven? sarkof?g s egyptsk?mi hieroglyfmi. Sarkof?g prines? doktorovi Jacksonovi do SGC na ?al?? v?skum. V tej istej dobe v?ak ist? ?ena sa dob?ja do SGC a hovor?, ?e vie o existencii Hviezdnej br?ny. Je to Goa'uldsk? kr??ovn? Hathor, ktor? ovl?dne v?etk?ch mu?ov v SGC pomocou ur?itej l?tky. Chce zo v?etk?ch urobi? hostite?ov pre Goa'uldsk? larvy. Tentokr?t je to v?etko na Sam a ostatn? ?eny v SGC.
	      </popis>
				<nazov>Hathor</nazov><cislo>13</cislo></diel>
				<diel>
					<popis>Na plan?te P8X-987 je zriaden? pozemsk? z?klad?a, z ktorej bud? ma? vedci mo?nos? prvykr?t zdokumentova? ?iernu dieru. Ale ke? na plan?tu pr?de SG-1 zistia, ?e v?etci s? m?tvi. Jedin? kto pre?il je mal? diev?atko menom Cassandra. Prived? ju na Zem kde ale zistia, ?e v?etko nie je v poriadku. Cassandra je s??as?ov Goa'uldsk?ho pl?nu ako zni?i? Zem.
	      </popis>
				<nazov>Singularity</nazov><cislo>14</cislo></diel>
				<diel>
					<popis>SG-1 prich?dza na plan?tu P3X-1279. Jeden z obyvate?ov si v?ak pam?t? Teal'ca e?te ke? bol v slu?b?ch Apophisa. Obvin? ho z vra?dy svojho otca a nasleduje 'Cor-ai' s?d. Ten rozhodne, ?e Teal'ca ?ak? smr? a on sa proti tomuto rozhodnutiu nijak nebr?ni. Medzit?m v?ak na plan?tu prich?dzaj? Goa'uldi a situ?cia sa r?zom men?.
	      </popis>
				<nazov>Cor-Ai</nazov><cislo>15</cislo></diel>
				<diel>
					<popis>SG-1 prich?dza na plan?tu, na ktorej to vyzer? ako po katastrofe. Bl?zko br?ny v?ak n?jdu e?te ?iv?ch ?ud? a zober? ich r?chlo na Zem k o?etreniu. Od nich zistia, ?e sa naz?vaj? Toll?ni. Je to moc vyspel? rasa, ktor? bola napadnut? a preto evakuovali svojich ?ud? na in? planetu. No to sa v?ak nepodarilo. SGC teraz h?ad? vhodn? plan?tu, kde by mohli Toll?ni ?i?. No v?etky rasy s? pre nich primit?vne. V?etko sa e?te skomplikuje, ke? Toll?ni maj? by? umiestnen? mimo SGC, aby americk? vl?da mohli z?ska? ich technol?gie.</popis>
					<trvanie>43:40</trvanie>
				<nazov>Enigma</nazov><cislo>16</cislo></diel>
				<diel>
					<popis>SG-1 prech?dza br?nou, aby sa dostali sp?? na Zem. No br?na m? poruchu a v SGC sa objav? len Daniel a Teal'c. Samantha a Jack s? uv?znen? na nezn?mej plan?te celej z ?adu. Pok??aj? sa zada? adresu sp?? ale ne?spe?ne. Doch?dza im potrava i voda a vyzer? to s nimi ve?mi zle. Daniel sa zatia? pok??a zisti kde vlastne s? a zist?, ?e Sam aj Jack s? po cel? dobu u? na Zemi.
	      </popis>
				<nazov>Solitudes</nazov><cislo>17</cislo></diel>
				<diel>
					<popis>SG-1 prich?dza na plan?tu ob?van? len jednou osobou. Po pr?chode sa ale v?etci dostan? do bezvedomia. V?etci sa prebudia v inej miestnosti na le?adl?ch a okam?ite sa chc? vr?ti? sp?? do SGC. Ten mu? ich od n?vratu odhov?ra, ale nepodar? sa mu ich zastavi?. Po pr?chode sa v?etci podrobuj? lek?rskej prehliadke, kde je zisten?, ?e s? to len repliky. Skuto?n? SG-1 t?m je st?le na nezn?mej plan?te.
	      </popis>
				<nazov>Tin Man</nazov><cislo>18</cislo></diel>
				<diel>
					<popis>
	      SG-1 prich?dza na plan?tu, na ktorej n?jdu b?val? vedeck? laborat?rium. Daniel tu preskum?va r?zne predmety. Objav? i zvl??tne zrkadlo, v ktorom v?ak nevid? svoj odraz. Dotkne sa ho a okrem zvl??tneho z?blesku sa ni? nestane. Vtedy si v?imne, ?e zvy?ok SG-1 tu u? nie je a vracia sa sp?? na Zem. No v SGC v?ak zis?uje, ?e ho nikto nespozn?va a na Zem pr?ve ?to?ia goa'uldi.
	      </popis>
				<nazov>There But for the Grace of God</nazov><cislo>19</cislo></diel>
				<diel>
					<popis>
	      Do SGC prich?dza sen?tor Kinsey, ktor? nie je spokojn? s programom Hviezdna br?na. Tvrd?, ?e SG t?my nie s? dos? razantn? v z?skavan? mimozemsk?ch technol?gii. Sen?tor d?va v?ak SG-1 ?ancu, aby ho presved?ili o opaku, inak hroz?, ?e program Hviezdnej br?ny ukon??.
	      </popis>
				<nazov>Politics</nazov><cislo>20</cislo></diel>
				<diel>
					<popis>Projekt Hviezdna br?na je ukon?en?. Team SG-1 sa ale rozhodne, ?e p?jde na plan?tu, z ktorej goa'uldi v alternat?vnom svete viedli svoj ?tok na Zem. Takto chc? zabr?ni? zni?eniu Zeme.
	      </popis>
				<nazov>Within the Serpent's Grasp</nazov><cislo>21</cislo></diel>
			<cislo>1</cislo></seria>
			<seria>
				<diel>
					<popis>SG-1 je zajat? goa'uldom, ktor? chyst? ?tok na Zem. Cel? plan?ta sa chyst? na najhor?ie a najd?le?itej??ch ?ud? za?n? posiela? na stanovi?te beta mimo Zeme. Medzit?m sa v?ak t?m SG-1 pok??a zastavi? ?tok na svoju plan?tu a ocit? sa na jednej z ?to?iacich lod?. Spolu s SG-1 bojuje proti goa'uldom aj majster Bra'tac no Daniel v boji zahynie.
	      </popis>
				<nazov>The Serpent's Lair</nazov><cislo>1</cislo></diel>
				<diel>
					<popis>SG-1 prich?dza na plan?tu Nasya, kde na tamoj??ch obyvate?ov ?to?ili goa'uldi. T?m SG-1 evakuuje zbytok ?ud?. S? v?ak pod ?a?kou pa?bou. Sam poskytne jedn?mu mu?ovi prv? pomoc, d?chanie z ?st do ?st, pri ktorom do nej prenikne goa'uld. V?etci sa vracaj? na Zem. Cassandra v?ak spozn?, ?e Sam je pod nadvl?dou goa'ulda a je uv?znen?. Jack sa pok??a prehovori? goa'ulda aby opustil Samanthu, no ten tvrd? ?e s goa'uldami nem? ni? spolo?n?.
	      </popis>
				<nazov>In the Line of Duty</nazov><cislo>2</cislo></diel>
				<diel>
					<popis>SG-1 je na plan?te, kde povrch je tvoren? len da??ov?mi pralesmi. Pri n?vrate na Zem stretn? v?ak nezn?meho mu?a, ktor? pros? o pomoc. V tom je cel? t?m prenesen? do ve?kej miestnosti, kde sa dozvedia, ?e mu? ktor?mu pom?hali je zlo?inec a oni sa st?vaj? spoluvinn?kmi z jeho zlo?inov. V zap?t? s? poslan? br?nou na plan?tu, ktor? pou??vaj? ako trestaneck? kol?niu. Tu stret?vaj? ?enu, ktor? by im mohla pom?c? utiec?. Medzit?m gener?l Hammond sa pok??a vyjedn?va? s nezn?mou rasou o n?vrate SG-1.
	      </popis>
				<nazov>Prisoners</nazov><cislo>3</cislo></diel>
				<diel>
					<popis>SG-1 prich?dza na plan?tu P7J-989, kde sa nach?dzaj? kr?sne z?hrady. Na plan?te objavia i zvl??tny d?m, v ktorom sa nach?dza mno?stvo kovov?ch boxov. V zap?t? s? do t?chto boxov uv?znen? a v?etci zaspia. Nesk?r sa preb?dzaj? a zis?uj?, ?e pre??vaj? ?as? svojich ?ivotov, ktor? sa stali v minulosti. Pozoruj? ich pri tom nezn?mi ?udia.
	      </popis>
				<nazov>The Gamekeeper</nazov><cislo>4</cislo></diel>
				<diel>
					<popis>SG-1 sa vyd?va na plan?tu P3R-636, kde Daniel zabr?ni jednej ?ene v samovra?de. N?sledne je obklopen? jaffmi a obvinen? s pokusu o vra?du. Pri ?teku Daniel zomrie. Ostatn? zis?uj?, ?e na plan?te je goa'uldsk? pyram?da ale ?iadny goa'uld. Cel? t?m je poslan? na n?ten? pr?ce do dolov na naquadah. Zachr?nen? diev?ina 'Shyla' je dc?rou miestneho vl?dcu a zamiluje sa do Daniela. Ten pod vplyvom goa'uldsk?ho sarkof?gu je vylie?en? a po mnoh?ch pobytoch v sarkof?gu chce osta? ?i? na plan?te po boku Shyli.
	      </popis>
				<nazov>Need</nazov><cislo>5</cislo></diel>
				<diel>
	      <nazov>Thor's Chariot</nazov><hodnotenie>2</hodnotenie><cislo>6</cislo></diel>
				<diel>
					<popis>Team SG-1 je vyslan? na plan?tu P5C-353, ktor? sa v?ak podob? sk?r na Mesiac. Nem? d?chateln? atmosf?ru a po mnoho rokov je neob?van?. ?lenovia SG-1 tu objavia ur?it? mimozemsk? zariadenie, ktor? m? podobu gule a spolu s n?m sa vracaj? na Zem. Tu zistia, ?e gu?a je schr?nkou mimozemsk?ch organizmov, ktor? ?akali na to, k?m sa dostan? do vhodn?ho prostredia. Ke? zariadenie za?ne prejavova? zn?mky radi?cie SG-1 sa ho pok??a vr?ti? na svoju plan?tu no je u? neskoro. Jack sa stane ich rukojemn?kom a gener?lovy Hammondovi a zvy?ku t?mu SG-1 ost?vaj? tri hodiny na vyrie?enie tohto probl?mu.
	      </popis>
				<nazov>Message in a Bottle</nazov><cislo>7</cislo></diel>
				<diel>
					<popis>SGC je kontaktovan? majstrom Bra'tacom. Ten prich?dza so zlou spr?vou. Apophis uniesol Teal'covho syna Rya'ca. Gener?l d?va t?mu zelen? (?o u? m? len robi?) a SG-1 prich?dza na Chulac. T?m zis?uje ?e Apophis vymyl Ray'covi mozog a pova?uje Teal'ca za zradcu (Shol'va) a Apophisa za svojho boha. Nakoniec sa v?ak podar? SG-1 dosta? Teal'covu ?enu i jeho syna na Zem. No Ray'c v?etko len predstiera a st?va sa pre SGC hrozbou.
	      </popis>
				<nazov>Family</nazov><cislo>8</cislo></diel>
				<diel>
					<popis>Daniel sa spolu s Teal'com vracaj? na Abydos, tak ako to s??bil Kasufovi. Doktor Jackson zist?, ?e na Abydosu je ukryt? Apophisova ?ena Amonet alias Sha're, ktor? ?ak? jeho die?a. Apophis chce die?a pou?i? ako nov?ho hostite?a. Medzit?m je plukovn? O'Neill a kapit?n Carterov? vo Washingtone D.C., kde preberaj? medailu za stato?nos?. Jack je tu kontaktovan? novin?rom Selig-om, ktor? vie o projektu Hviezdna br?na a hroz?, ?e v?etko odhal? verejnosti. Nesk?r je pred o?ami Jacka zabit? pri autonehode. Samantha sa stret?va so svoj?m otcom, ktor? jej povedal, ?e trp? rakovinou. Hovor?, ?e zohnal Sam nov? miesto v NASA, aby sa jej splnil sen by? vo vesm?re. No t? nem??e prezradi? svoje teraj?ie p?sobenie. Sha're sa na Abydosu stret?va s Danielom. V dobe tehotenstva je sama sebou, lebo Amonet nem? nad ?ou ?iadnu moc. No na Abydos prich?dza Heru'ur a za ka?du cenu chce z?ska? Sha're a jeho syna.
	      </popis>
				<nazov>Secrets</nazov><cislo>9</cislo></diel>
				<diel>
					<popis>Team SG-1 je na plan?te BP6-3Q1. Je tu vyspel? architekt?ra no plan?ta je ?udopr?zdna. Zrazu je SG-1 napadnut? rojom obrovsk?ch kom?rov a jeden z nich bodne Teal'ca. Medzit?m sa vr?tia na Zem, ale Teal'covi je ?oraz hor?ie. Zist? sa, ?e Teal'cova DNA je modifikovan? a ani jeho symbiont to nevie napravi?. Sam si nevie rady a prich?dza plukovn?k Maybourn, ktor? Teal'ca nech? premiestni? na in? miesto k pozorovanie. Ten v?ak ute?ie a sk?va sa v jednej starej budove. Spriatel? sa s mladou diev?inou menom Ally. Teal'covi u? neost?va ve?a ?asu.
	      </popis>
				<nazov>Bane</nazov><cislo>10</cislo></diel>
				<diel>
					<popis>Samanthe sa zd? sen, v ktorom vid? Jolinar (?as? 2-02) a ostatn?ch Tok'rov ako evakuuj? plan?tu napadnutou goa'uldom. T?m SG-1 sa vyd?va na plan?tu, ktor? videla Sam vo sne a stret?vaj? sa s Tok'rami, s ktor?mi pri?li uzatvori? mier. Oni v?ak chc? na opl?tku tie? nie?o z?ska?, preto?e prezradenie, ktor? im hroz?, je pr?li? ve?k?. Sam sa dozvedela od Tok'ri Martoufa o jeho vz?ahu k Jolinar. Tok'rovia stoja len o jednu vec. ?iadaj? nov?ch hostite?ov, do ktor?ch by mohli implantova? ?al??ch symbiontov. No nikto si nechce da? 'zavies? hada do hlavy'. Tok'rovia s? u? z?fal?, lebo umiera hostite? jeden z najv??enej??ch Tok'rov Selmak.
	      </popis>
				<nazov>Tok'ra</nazov><cislo>11</cislo></diel>
				<diel>
					<popis>Tok'rovia odmietli spojenectvo so Zemou, nako?ko im ?udia nemaj? ?o pon?knu?. Ani to ?e nena?li hostite?a pre Selmak nijako nepom?ha situ?cii. Sam V?ak dostane n?pad, aby sa jej chor? otec Jacob (?as? 2-09) stal nov?m hostite?om. T7m sa zachr?ni i on a Tok'ra Selmak. Medzit?m sa goa'uldi dozvedeli od ?pi?na polohu z?kladne Tok'rov a chystaj? sa na ?tok. Na plan?te prebieha evaku?cia a Sam odmieta opusti? svojho otca pokia? ho Selmak nevylie?i.
	      </popis>
				<nazov>The Tok'ra</nazov><cislo>12</cislo></diel>
				<diel>
					<popis>T?m SG-11 sa vracia z plan?ty PXY-887, kde ?a?ili nov? kov naz?van? Trinium, Ktor? je stokr?t ?ah?? a pri tom pevnej?? ako oce?. No namiesto SG-11 v?ak br?nou prejde len ??p z trinia a traf? Jacka. Zvy?ok SG-1 sa vyberie na PXY-887 h?ada? SG-11. Tu narazia na indi?nsky kme? Salishov, ktor? im povedali, ?e SG-11 s? zajat? Duchmi. Radia im aby si prehovorili priamo s Duchmi, ktor? maj? podobu vlka a havrana.
	      </popis>
				<nazov>Spirits</nazov><cislo>13</cislo></diel>
				<diel>
					<popis>Team, ktor? sa vyd?va za SG-1 ukradol z plan?ty Madrona sv?t? kame?, pomocou ktor?ho riadili po?asie na svojej plan?te. Obyvatelia tejto plan?ty s? teraz ods?den? k smrti, lebo na planete z?ria snehov? burky a neost?va im ve?a ?asu. SG-1 s??bi, ?e n?jde sv?t? kame?. Zis?uj?, ?e na zemi sa za?ne meni? po?asie a jedinou pr??inou m??e by? sv?t? kame?. Jedinou mo?nos?ou ako sa dostal na Zem je druh? br?na.
	      </popis>
				<nazov>Touchstone</nazov><cislo>14</cislo></diel>
				<diel>
					<popis>Pri pokusu o z?chranu t?mu SG-10, ktor? ostal na plan?te P3X-451 d?jde k tomu, ?e pod vplyvom ?iernej diery nejde br?na zatvori?. Pri pokuse kde sa Teal'c a ser?ant Siller pok??ali vypn?? nap?jacie zariadenie boli poranen?. Nakoniec sa im podarilo zariadenie vypn?? no br?na sa nechce zatvori?. SG-1 neost?va ve?a ?asu, lebo v SGC sa za?ala prejavova? dilat?cia ?asu.
	      </popis>
				<nazov>A Matter of Time </nazov><cislo>15</cislo></diel>
				<diel>
					<popis>SG-1 prich?dza na plan?tu kde Daniel objavil text v rovnakom jazyku ako na plan?te, kde sa sch?dzali ?tyri najvyspelej?ie rasy (?as? 1-10). Po tom, ?o Jack sa pozrel do pr?stroja, ktor? sa nach?dzal na tejto plan?te, boli mu do hlavy nahran? v?etky znalosti antikou, rasy ktor? postavila syst?m hviezdnych br?n. Na zemi Jack stavia zvl??tne zariadenie ktor? ani on nevie na ?o vlastne sl??i. Za?ina hovori? cudz?m jazykom a nikto mu u? nerozumie. Chce sa dosta? na jednu plan?tu, ktorej adresa tvor? 8 znakov. Tu sa stret?va s Asgardami.
	      </popis>
				<nazov>The Fifth Race</nazov><hodnotenie>1</hodnotenie><cislo>16</cislo></diel>
				<diel>
					<popis>SG-1 n?jde na plan?te P3W-924 star?ho mu?a menom Machello, ktor? tvrd? ?e je ve?k? bojovn?k proti goa'uldom. Pri sk?man? jedn?ho pr?stroja myse? Daniela prejde do Machella a naopak. Machello sa potom v tele doktora Jacksona vracia do SGC. Berie si dovolenku a chce spozna? Zem.
	      </popis>
				<nazov>Holiday</nazov><cislo>17</cislo></diel>
				<diel>
					<popis>SG-1 dostali odkaz. Kr?tko potom ako pri?li na dohodnut? plan?tu havaruje tu goa'uldsk? klz?k. Bol v ?om samotn? Apophis, ktor? utek? pre svojim nepriate?om, goa'uldom Sokarom. SG-1 uv?zn? Apophisa a ber? ho so sebou do SGC. Ten pomaly umiera a ?iada od ?ud? nov?ho hostite?a a na opl?tku im povie v?etky znalosti goa'uldov. Medzit?m na iris ?to?? Sokar a ?iada vydanie Apophisa.
	      </popis>
				<nazov>Serpent's Song</nazov><cislo>18</cislo></diel>
				<diel>
					<popis>V priebehu letu sa prieskumn? UAV lietadlo zr?ti na plan?te PJ2-445 na kaktusovo vyzeraj?ce rastliny bielej farby. SG-1 je poslan?, aby lietadlo na?la. Na plan?te n?jdu ?ud? podobn?ch humanoidom, ktor? v?ak nehovoria a s? cel? biely. Kr?tko potom v?ak t?to ?udia za?n? upada? do k?matu. Cel? t?m sa boj? ?e na plan?tu priniesli nezn?mu chorobu, ktor? m??e sp?sobi? vyh?adenie cel?ho obyvate?stva.
	      </popis>
				<nazov>One False Step</nazov><cislo>19</cislo></diel>
				<diel>
					<popis>V SGC d?jde neopr?vnenej aktiv?cii br?ni. Na z?klad?u pr?de mal? chlapec so slovami, ?e pri?iel varova? Zem pred ?tokom goa'uldom. Hovor?, ?e o SGC mu povedala matka, ktor? sa u? dlh?iu dobu tu zdr?uje. Ich rasa sa naz?va Reeteliani a s? schopn? sa urobi? nevidite?n?. Ich rasa bola takmer vyh?aden? goa'uldami a teraz chc? oni zne?kodni? v?etk?ch potencion?lnych hostite?ov a tak aj zni?i? goa'uldov. Teda aj ?udsk? rasu. Na pomoc im pr?du Tok'rovia.
	      </popis>
				<nazov>Show And Tell</nazov><cislo>20</cislo></diel>
				<diel>
					<popis>SG-1 sa pripravuje na misiu. Gener?l Hammond si v?imne jazvu na Samanthinej ruke a ihne? nap??e odkaz, s t?m ?e ho bude nesk?r potrebova?. N?sledne prejde SG-1 br?nou, no ocitne sa sp?? na Zemi. Av?ak v 70. rokoch. T?m je v zajat? a je pova?ovan? za ?pi?nov. V?etk?ch maj? premiestni? na in? miesto a vtedy zistia, ?e im pri ?teku pom?ha poru??k Hammond. Teraz sa pok??aj? dosta? sp?? do svojho ?asu.
	      </popis>
				<nazov>1969</nazov><hodnotenie>2</hodnotenie><cislo>21</cislo></diel>
				<diel>
					<popis>Jack sa prebud? v bud?cnosti na z?kladne SGC. Je v tejto dobe rozmrazen? a je mu povedan?, ?e pre?il iba on z SG-1. Prebral sa po 70 rokov. Zis?uje, ?e Zem je st?le v boji proti goa'uldom a potrebuj? od neho pomoc. M? si spomen?? na v?etko ?o sa stalo ke? velil SG-1. V tej dobe s? rozmrazovan? i ?al?? ?lenovia SG-1 a je im povedan? to ist? ako Jackovi. Ten pri prech?dzke objavy Sam a v?etko sa komplikuje, ke? sa po SGC prech?dzaj? jaffovia.
	      </popis>
				<nazov>Out of Mind</nazov><cislo>22</cislo></diel>
			<cislo>2</cislo></seria>
			<seria>
				<diel>
					<popis>Jack zistil, ?e v?bec neopustil svoj ?as ale je v zajat? Hathor a ?al??ch goa'uldov, ktor? sa chceli od SG-1 dozvedie? najnov?ie inform?cie o ostatn? vl?dcov s?stavy. Vyu?ili ich a teraz spolu h?adaj? cestu ako sa dosta? z tejto pasce von.
	      </popis>
				<nazov>Into The Fire</nazov><cislo>1</cislo></diel>
				<diel>
					<popis>Na Zem prich?dza Selmak alias Jacob Carter, aby informoval SGC o tom, ?e ne Zemi sa ukr?va goa'uld m?nom Seth. Toho n?jdu v dobre str??enom objekte, kde si vybudoval svoje vlastn? kr??ovstvo. V?etk?ch ?ud? ovl?da podobnou l?tkou ako Hathor a tak SG-1 mus? vymyslie? ako prenikn?? do jeho skr??e bez toho, aby pod?ahli tejto l?tke. Situ?cia sa komplikuje, ke? Sethova skr?? je sledovan? i tajnou vl?dnou organiz?ciou.
	      </popis>
				<nazov>Seth</nazov><cislo>2</cislo></diel>
				<diel>
					<popis>
	      </popis>
				<nazov>Fair Play</nazov><cislo>3</cislo></diel>
				<diel>
					<popis>
	      </popis>
				<nazov>Legacy</nazov><cislo>4</cislo></diel>
				<diel>
					<popis>
	      </popis>
				<nazov>Learning Curve</nazov><cislo>5</cislo></diel>
				<diel>
					<popis>V oblasti 51, kde s? sk?man? v?etky technol?gie, ktor? boli z?skan? t?mami SG sa aktivuje kvantov? zrkadlo, ktor? sl??i na prechod medzi alternat?vnymi svetmi. Vych?dzaju z neho doktorka Carterov? a major Kowalsky, ktor? ?iadaj? o pomoc SGC, nako?ko ich svet je pod ?tokom goa'uldov. SG-1 m? zelen? a s pomocou Teal'ca chc? oslobodi? ich svet.
	      </popis>
				<nazov>Point Of View</nazov><cislo>6</cislo></diel>
				<diel>
					<popis>
	      </popis>
				<nazov>Deadman</nazov><cislo>7</cislo></diel>
				<diel>
	      <nazov>Demons</nazov><cislo>8</cislo></diel>
				<diel>
	      <nazov>Rules Of Engagement</nazov><cislo>9</cislo></diel>
				<diel>
	      <nazov>Forever In A Day</nazov><cislo>10</cislo></diel>
			<cislo>3</cislo></seria>
			<seria>
				<diel>
	      <nazov/><cislo>1</cislo></diel>
			<cislo>4</cislo></seria>
		</diely>
	<nazov>StarGate</nazov><cislo>1</cislo></serial>
	<serial>
		<info>
			<zaner><typ>SITCOM</typ></zaner>
			<zaner><typ>ROMANTICK?</typ></zaner>
			<herci>
				<!--zoznam hercov -->
				<herec>Jennifer Aniston<role>Reachel Green</role></herec>
				<herec>Matthew Perry<role>Chandler Bing</role></herec>
				<herec>Courteney Cox<role>Monica Geller</role></herec>
				<herec>Lisa Kudrow<role>Ross Geller</role></herec>
				<herec>Lisa Kudrow<role>Phoebe Buffay</role></herec>
				<herec>Matt LeBlanc<role>Joey Tribbiani</role></herec>
			</herci>
		</info>
		<diely>
			<seria>
				<diel>
					<popis>
	      </popis>
					<trvanie>23:21</trvanie>
				<nazov>The One Where Monica Gets a Roommate</nazov><hodnotenie>2</hodnotenie><cislo>1</cislo></diel>
			<cislo>1</cislo></seria>
			<seria>
				<diel>
					<popis>
	      </popis>
				<nazov>The One with Ross's New Girlfriend</nazov><cislo>1</cislo></diel>
			<cislo>2</cislo></seria>
			<seria>
				<diel>
					<popis>
	      </popis>
				<nazov>The One with the Princess Leia Fantasy</nazov><cislo>1</cislo></diel>
			<cislo>3</cislo></seria>
		</diely>
	<nazov>Friends</nazov><cislo>2</cislo></serial>
	<!-- Popis a odkazy k oblubenym serialom-->
	<oblubene>
    Jeden z mojich najoblubenejsich a najpozeranejsich serialov 
    <ref><id_ref>StarGate</id_ref></ref>.
     Tiez celostevov znami serial    <ref><id_ref>Friends</id_ref></ref>
	</oblubene>
	<!--Datum vytvorenia dokumentu vypise medzi < a > -->
	<aktualizovane>
  Finalna verzia
  <![CDATA[
    document.write("<");
  ]]><?php echo Date("d.m.Y") ?><![CDATA[
    document.write(">");
  ]]></aktualizovane>
</serials>