<?xml version="1.0" encoding="UTF-8"?>
<result>
   <department>
      <name>Production</name>
      <employees>
         <name>Ferda Smith</name>
         <name>Ferda Mravenec</name>
      </employees>
   </department>
   <department>
      <name>Development</name>
      <employees>
         <name>Martin Smith</name>
      </employees>
   </department>
   <department>
      <name>Engineering</name>
      <employees>
         <name>Arthur Taylor</name>
         <name>Kate Stone</name>
      </employees>
   </department>
   <department>
      <name>Accounting</name>
      <employees>
         <name>Peter Brown</name>
      </employees>
   </department>
   <delim/>
   <department>
      <name>Manufacturing</name>
      <employees>
         <name>Martin Owen</name>
      </employees>
   </department>
   <department>
      <name>PR</name>
      <employees>
         <name>Carl Banks</name>
         <name>Philip Stein</name>
      </employees>
   </department>
</result>