<?xml version="1.0" encoding="UTF-8"?>
<result>
   <Production>
      <manager>
         <firstName>John</firstName>
         <lastName>Smith</lastName>
      </manager>
      <salarySum>4220</salarySum>
      <employees>
         <employee>
            <firstName>Ferda</firstName>
            <lastName>Mravenec</lastName>
            <email>ferda@co.org</email>
            <salary>2220</salary>
         </employee>
         <employee>
            <firstName>Ferda</firstName>
            <lastName>Smith</lastName>
            <email>smith@co.org</email>
            <salary>2000</salary>
         </employee>
      </employees>
      <subdepartments>
         <Development>
            <manager/>
            <salarySum>2400</salarySum>
            <employees>
               <employee>
                  <firstName>Martin</firstName>
                  <lastName>Smith</lastName>
                  <email>smith.m@co.org</email>
                  <salary>2400</salary>
               </employee>
            </employees>
            <subdepartments/>
         </Development>
         <Engineering>
            <manager>
               <firstName>Arthur</firstName>
               <lastName>Taylor</lastName>
            </manager>
            <salarySum>2500</salarySum>
            <employees>
               <employee>
                  <firstName>Arthur</firstName>
                  <lastName>Taylor</lastName>
                  <email>taylor@co.org</email>
                  <salary>2500</salary>
               </employee>
            </employees>
            <subdepartments/>
         </Engineering>
      </subdepartments>
   </Production>
   <Accounting>
      <manager/>
      <salarySum>3000</salarySum>
      <employees>
         <employee>
            <firstName>Peter</firstName>
            <lastName>Brown</lastName>
            <email>brown@co.org</email>
            <salary>3000</salary>
         </employee>
      </employees>
      <subdepartments/>
   </Accounting>
</result>