<?xml version="1.0" encoding="UTF-8"?>
<hodnoceni_knih>
   <kniha>
      <název>Heureka</název>
      <podtitul>BUBABO</podtitul>
      <recenze>Absolutni trhak. Doporucujeme vsem rtenarum</recenze>
      <hodnocení>95%</hodnocení>
   </kniha>
   <kniha>
      <název>Mikes</název>
      <podtitul>Kocour v botach</podtitul>
      <recenze>Poutave cteni pro nenarocneho ctenare.</recenze>
      <hodnocení>60%</hodnocení>
   </kniha>
   <kniha>
      <název>Lotrando a Zubejda</název>
      <podtitul>Loupeznicka pohadka</podtitul>
      <recenze>Propadak. Na tuhle knizku se tu jen prasi... spalit!</recenze>
      <hodnocení>2%</hodnocení>
   </kniha>
</hodnoceni_knih>