<?xml version="1.0" encoding="UTF-8"?>
<externiRecenze>
   <kniha>
      <ISBN>**978-80-7300-229-9**</ISBN>
      <hodnoceni_od_uzivatelu>
         <hodnoceni>
            <name>Roman</name>
            <value>30</value>
         </hodnoceni>
         <hodnoceni>
            <name>Jarmila</name>
            <value>30</value>
         </hodnoceni>
         <hodnoceni>
            <name>Petr</name>
            <value>70</value>
         </hodnoceni>
         <hodnoceni>
            <name>Marek</name>
            <value>50</value>
         </hodnoceni>
         <hodnoceni>
            <name>Jitka</name>
            <value>20</value>
         </hodnoceni>
         <hodnoceni>
            <name>Lida</name>
            <value>30</value>
         </hodnoceni>
         <hodnoceni xmlns:xsi="http://www.w3.org/2001/XMLSchema-instance">
				        <name>Ivan</name>
				        <value>72</value>
			      </hodnoceni>
         <hodnoceni xmlns:xsi="http://www.w3.org/2001/XMLSchema-instance">
				        <name>Jaroslab</name>
				        <value>68</value>
			      </hodnoceni>
      </hodnoceni_od_uzivatelu>
   </kniha>
   <kniha>
      <ISBN>**944-6-7440-11-2**</ISBN>
      <hodnoceni_od_uzivatelu>
         <hodnoceni>
            <name>Roman</name>
            <value>90</value>
         </hodnoceni>
         <hodnoceni>
            <name>Petr</name>
            <value>80</value>
         </hodnoceni>
         <hodnoceni>
            <name>Marek</name>
            <value>95</value>
         </hodnoceni>
         <hodnoceni>
            <name>Jitka</name>
            <value>88</value>
         </hodnoceni>
         <hodnoceni>
            <name>Lida</name>
            <value>56</value>
         </hodnoceni>
         <hodnoceni xmlns:xsi="http://www.w3.org/2001/XMLSchema-instance">
				        <name>Ivan</name>
				        <value>95</value>
			      </hodnoceni>
         <hodnoceni xmlns:xsi="http://www.w3.org/2001/XMLSchema-instance">
				        <name>Jaroslab</name>
				        <value>80</value>
			      </hodnoceni>
      </hodnoceni_od_uzivatelu>
   </kniha>
   <kniha>
      <ISBN>**118-80-7400-114-9**</ISBN>
      <hodnoceni_od_uzivatelu>
         <hodnoceni>
            <name>Roman</name>
            <value>0</value>
         </hodnoceni>
         <hodnoceni>
            <name>Petr</name>
            <value>20</value>
         </hodnoceni>
         <hodnoceni>
            <name>Marek</name>
            <value>15</value>
         </hodnoceni>
         <hodnoceni>
            <name>Jitka</name>
            <value>8</value>
         </hodnoceni>
         <hodnoceni>
            <name>Lida</name>
            <value>6</value>
         </hodnoceni>
         <hodnoceni xmlns:xsi="http://www.w3.org/2001/XMLSchema-instance">
				        <name>Ivan</name>
				        <value>8</value>
			      </hodnoceni>
         <hodnoceni xmlns:xsi="http://www.w3.org/2001/XMLSchema-instance">
				        <name>Jaroslab</name>
				        <value>10</value>
			      </hodnoceni>
      </hodnoceni_od_uzivatelu>
   </kniha>
</externiRecenze>