<html>
   <head>
      <meta http-equiv="Content-Type" content="text/html; charset=UTF-8">
      <title>Knihy s hodnocením 50+</title>
   </head>
   <body>
      <h2>Seznam knih s průměrným hodnocením 50+ </h2>
      <table>
         <tr>
            <td>ISBN</td>
            <td>PRUMERNE HODNOCENI</td>
         </tr>
         <tr>
            <td>**978-80-7300-229-9**</td>
            <td>38.333333333333336</td>
         </tr>
         <tr>
            <td>**944-6-7440-11-2**</td>
            <td>81.8</td>
         </tr>
      </table>
   </body>
</html>