<?xml version="1.0" encoding="UTF-8" standalone="no"?><magazine>  
    <workers>
       <!--list of workers-->
       <worker wId="A1">
           <address PSC="12000" city="Prague" street="Italska"/>
            <RC>142352</RC>
            <name>
                <firstname>Ekaterina</firstname>
                <secondname>Znatkova</secondname>
            </name>
            <salary>13000</salary>
            <job type="editor"/>
            <email>znatkeka@fel.cvut.cz</email>
        </worker>
        <worker wId="A4">
            <RC>12423352</RC>
            <name>
                <firstname>Lana</firstname>
                <secondname>Kupcenkova</secondname>
            </name>
            <salary>11000</salary>
            <job type="seller"/>
            <email>kupcn@seznam.cz</email>
        </worker>
         <worker wId="A121">
              <address PSC="13100" city="Prague" street="Ternova"/>
            <RC>141342</RC>
            <name>
                <firstname>Irina</firstname>
                <secondname>Kalinina</secondname>
            </name>
            <salary>23000</salary>
            <job type="manager"/>
            <email>kalinina@gmail.com</email>
        </worker>
        
       <worker wId="A31">
            <RC>42352</RC>
            <name>
                <firstname>Svetlana</firstname>
                <secondname>Svobodova</secondname>
            </name>
            <salary>21000</salary>
            <job type="author"/>
            <email>svobodova@seznam.cz</email>
        </worker>
        <worker wId="A2">
            <RC>124124</RC>
            <name>
                <firstname>Jiri</firstname>
                <secondname>Petrov</secondname>
            </name>
            <salary>20000</salary>
            <job type="author"/>
            <email>pet@seznam.cz</email>
        </worker>
    </workers>
    <articles>
        <article>
        <!--part with some php code and there is used a copyright entity-->   
            <content><![CDATA[
        <?php echo "News Magazine 2012"?>
       ]]>
                Here is a text of some article.
            </content>
            <author widref="A2">
                  <name>
                      <firstname>Jiri</firstname>
                      <secondname>Petrov</secondname>
                  </name>
                <surname>Jiri Pet</surname>
                <email>publicpet@seznam.cz</email>
            </author>
            <category region="Europe" subject="politics"/>
            <date day="23" month="march" year="2012"/>
        </article>
    <article><content>Some new article</content><author widref="A2">
            <name>
                <firstname>Jiri</firstname>
                <secondname>Petrov</secondname>
            </name>
            <surname>Jiri Pet</surname>
            <email>publicpet@seznam.cz</email>
        </author><date day="15" month="may" year="2012"/><category region="Europe" subject="sport"/></article></articles>
    <advertisements>
      <!--The examples of advertisments-->  
      <!--address can be used or not, depends on clients-->
        <advertisement>
            <client>
                <name>
                    <firstname>Marek</firstname>
                    <secondname>Kruh</secondname>
                </name>
                <email>kruh@seznam.cz</email>
            </client>
            <payment>
                <id>451095</id>
                <date day="12" month="january" year="2011"/>
                <howMuch>20000</howMuch>
            </payment>
            <date day="23" month="april" year="2012"/>
            <text>
                <content>Buy the cheapest furniture</content>
                <address city="Prague" street="Wernerova"/>
                <tel>7435742</tel>
            </text>
        </advertisement>
        <advertisement>
            <!--Here is used just an IC-->
            <IC>523525</IC>
            <payment><id>521111</id><date day="21" month="august" year="2013"/><howMuch>45000</howMuch></payment>
            <date day="23" month="may" year="2012"/>
            <text>
                <content>All computer here!</content>
                <address city="Prague" street="Stepanska"/>
                <tel>74324132</tel>
            </text>
        </advertisement>
    </advertisements>
    <listauthors>
        <author widref="A31">
            <name>
                <firstname>Svetlana</firstname>
                <secondname>Svobodova</secondname>
            </name>
            <surname>Svetlana S.</surname>
            <email>svobodova@seznam.cz</email>
        </author>
        
    </listauthors>
 <languages>
    <!--All languages can be used in this magazine in different regions--> 
     <language>Czech</language>
     <language>English</language>
     <language>Russian</language>
     <language>German</language>
     <language>Slovak</language>
     <language>French</language>
     <language>Italian</language>
     <language>Spanish</language>
     <language>Polish</language>
     <language>Swedish</language>
 </languages>   
</magazine>