<?xml version="1.0" encoding="UTF-8"?>
<knihy>
   <kniha>
      <nazov>Pravepodnobnostné algoritmy</nazov>
   </kniha>
   <kniha>
      <nazov>Pravepodnobnostné algoritmy 2</nazov>
   </kniha>
   <kniha>
      <nazov>Pravepodnobnostné algoritmy 3</nazov>
   </kniha>
   <kniha>
      <nazov>Pravepodnobnost 4</nazov>
   </kniha>
   <kniha>
      <nazov>Programovani v C++</nazov>
   </kniha>
   <kniha>
      <nazov>Programovani v Php</nazov>
   </kniha>
   <kniha>
      <nazov>Webove technologie</nazov>
   </kniha>
</knihy>