<html>
   <head>
      <meta http-equiv="Content-Type" content="text/html; charset=UTF-8">
      <title>Vypis knih</title>
   </head>
   <body>
      <div>
         <h6>Pravepodnobnostné algoritmy</h6>
         <ul>
            <li>Marián Labuda</li>
            <li>Martin Antovič</li>
         </ul>
      </div>
      <div>
         <h6>Pravepodnobnost 4</h6>
         <ul>
            <li>Martin Antovič</li>
         </ul>
      </div>
      <div>
         <h6>Pravepodnobnostné algoritmy 2</h6>
         <ul>
            <li>Marián Labuda</li>
            <li>Martin Antovič</li>
            <li>Martin Krakovsky</li>
         </ul>
      </div>
   </body>
</html>