<?xml version="1.0" encoding="UTF-8"?>
<seznam>
   <oddeleni>
      <name>Production</name>
      <zamestnanec>John Smith</zamestnanec>
   </oddeleni>
   <oddeleni>
      <name>Development</name>
      <zamestnanec>Martin Smith</zamestnanec>
   </oddeleni>
   <oddeleni>
      <name>Engineering</name>
      <zamestnanec>Arthur Taylor</zamestnanec>
      <zamestnanec>Kate Stone</zamestnanec>
   </oddeleni>
   <oddeleni>
      <name>Accounting</name>
      <zamestnanec>James Bond</zamestnanec>
      <zamestnanec>Peter Brown</zamestnanec>
   </oddeleni>
</seznam>