<?xml version="1.0" encoding="UTF-8"?><html xmlns="http://www.w3.org/1999/xhtml">
   <head>
      <meta http-equiv="Content-Type" content="text/html; charset=UTF-8" />
      <title>Seznam zanru</title>
   </head>
   <body><b>Obsah</b><SeznamOsoba xmlns="">
         	
         <student s_id="1">
            		
            <jmeno>Petr</jmeno>
            		
            <prijimeni>Cemus</prijimeni>
            		
            <kniha>Stopařův průvodce po galaxii</kniha>	
            	
         </student>
         	
         <student s_id="2">
            		
            <jmeno>Thang</jmeno>
            		
            <prijimeni>Tran</prijimeni>
            		
            <kniha>Computer</kniha>	
            	
         </student>
         
      </SeznamOsoba>
   </body>
</html>