<?xml version="1.0" encoding="UTF-8"?>
<autori>
   <autor>
      <jmeno>
				Douglas
				Adams
				
							
										Kitty s.r.o.
							
							6477544412
				
			</jmeno>
      <knihy>
         <kniha id_kniha="k1">Stopařův průvodce po galaxii</kniha>
      </knihy>
   </autor>
   <autor>
      <jmeno>
				Roy
				Crowd
				
							
										Express a.s.
							
							13647501
				
			</jmeno>
      <knihy>
         <kniha id_kniha="k3">Computer</kniha>
      </knihy>
   </autor>
   <autor>
      <jmeno>
				Moss
				Crowd
				
							
										Express a.s.
							
							13647501
				
			</jmeno>
      <knihy>
         <kniha id_kniha="k3">Computer</kniha>
      </knihy>
   </autor>
   <autor>
      <jmeno>
				Jarda
				Carda
				
							
										Tetra s.r.o.
							
							9763133
				
			</jmeno>
      <knihy>
         <kniha id_kniha="k4">Fejeton o ničem</kniha>
      </knihy>
   </autor>
   <autor>
      <jmeno>
				Frederik
				Pohl
				
							
										ABC a.s.
							
							73354654
				
			</jmeno>
      <knihy>
         <kniha id_kniha="k6">Gateway</kniha>
      </knihy>
   </autor>
</autori>