<?xml version="1.0" encoding="UTF-8"?>
<chyba>
   <kniha knihovni_kod="k4" typ_publikace="clanek">
			   <nazev>Fejeton o ničem</nazev>
			   <autor>
				     <jmeno>Jarda</jmeno>
				     <prijmeni>Carda</prijmeni>
				     <vytisknul>
							     <spolecnost>
										     <nazev_s>Tetra s.r.o.</nazev_s>
							     </spolecnost>
							     <tel>9763133</tel>
				     </vytisknul>
			   </autor>
			   <do_zanru zanr_i="z5"/>
			   <isbn>0122226789</isbn>
			   <cena>9</cena>
			   <pocet_s>10</pocet_s>
			   <rok_v>2001</rok_v>
		</kniha>
</chyba>