<?xml version="1.0" encoding="UTF-8"?>
<rozvrhovani xmlns:xsi="http://www.w3.org/2001/XMLSchema-instance" casovepasmo="Prague"
             xsi:noNamespaceSchemaLocation="data.xsd">
	<!-- casove okno je casovy interval v ramci 1 dne ve kterem je mozne umistovat aktivity rozvrhu. Okna se mohou opakovat podle pravidel -->
	<!-- interval muze byt pouze v rozmezi 00:00 - 23:59 s granularitou na minuty. K intervalu je uvedeno odpovidajici casove pasmo. Intervali pres pulnoc lze modelovat jako 2 rozdelene -->
	<casovaokna>
		    <okno id="okno1">
			      <nazev>Priprava do skoly pondeli</nazev>
			      <casOd>15:30</casOd>
			      <casDo>17:00</casDo>
			      <!-- pravidlo opakovani ve dnech. Okno je aktivni ve dnech, odpovidajicich konjunkci vyrazu. nebo lze modelovat vice okny -->
			<!-- vyjimky jsou uvedeny zvlast -->
			<pravidla>
				        <den jak="geq" hodnota="2012-02-20"/>
				        <den jak="leq" hodnota="2012-05-25"/>
				        <denvtydnu jak="eq" hodnota="1"/>
			      </pravidla>
			      <!-- seznam kategorii aktivit, ktere je mozne rozvrhovat do tohoto okna-->
			<!-- mode urcuje zda jsou vyjmenovane kategorii pouze ty mozne (including) nebo ty vyloucene (excluding) -->
			<aktivity mode="including">
				        <kategorie kategorieId="skola"/>
			      </aktivity>
		    </okno>
		    <okno id="okno2">
			      <nazev>Povinnosti v breznu</nazev>
			      <casOd>10:00</casOd>
			      <casDo>15:00</casDo>
			      <pravidla>
				        <den jak="geq" hodnota="2012-03-01"/>
				        <den jak="lt" hodnota="2012-04-01"/>
				        <pracovniden/>
			      </pravidla>
			      <aktivity mode="excluding">
				        <kategorie kategorieId="volneaktivity"/>
				        <kategorie kategorieId="jine"/>
			      </aktivity>
		    </okno>
		    <okno id="okno3">
			      <nazev>Bez akt Po - Ct</nazev>
			      <casOd>06:00</casOd>
			      <casDo>08:00</casDo>
			      <pravidla>
				        <pracovniden/>
				        <denvtydnu jak="leq" hodnota="4"/>
			      </pravidla>
			      <aktivity mode="including">
			</aktivity>
		    </okno>
		    <okno id="oknoKazdyDen">
			      <nazev>Okno bez pravidel</nazev>
			      <casOd>07:00</casOd>
			      <casDo>15:00</casDo>
			      <pravidla/>
			
			      <aktivity mode="excluding">
				        <kategorie kategorieId="jine"/>
			      </aktivity>
		    </okno>
		    <!-- vyjimky z pravidelnych oken. smysl maji jen zaporne vyjimky. Pridani ma stejny smysl jako samotne okno s pravidlem pro jeden den -->
		<vyjimky>
			      <odeber oknoId="okno1" vyskyt="5"/>
			      <odeber oknoId="okno2" vyskyt="3"/>
		    </vyjimky>
	  </casovaokna>
	  <!-- kategorie aktivit -->
	<kategorieAktivit><!--preneseno z exportu--><kategorie id="prace">
         <nazev>Prace</nazev>
         <description>Ukoly a jine povinnosti v praci</description>
      </kategorie>
      <!--preneseno z exportu--><kategorie id="skola">
         <nazev>Skola</nazev>
         <description>Ukoly a jine povinnosti do skoly</description>
      </kategorie>
      <kategorie id="volneaktivity">
			      <nazev>Volne aktivity</nazev>
			      <description>Aktivity ve volnem case</description>
		    </kategorie>
      <kategorie id="jine">
			      <nazev>Jine aktivity</nazev>
			      <description/>
		    </kategorie>
   </kategorieAktivit>
	  <!-- seznam aktivit urcenych pro rozvrzeni -->
	<aktivity>
		    <aktivita>
			      <nazev>Udelat ukol 2 na XML</nazev>
			      <description>Viz http://xmlcheck.projekty.ms.mff.cuni.cz/#studentAssignments#69</description>
			      <kategorie kategorieId="skola"/>
			      <!-- delka aktivity v minutach, tj sirka na casove ose pro rozvrzeni -->
			<delka>90</delka>
			      <!-- aktivita muze definovat pravidla, kdy ma byt rozvrzena. Pro jednoduchost pouze "hard" podminky -->
			<pravidla>
				        <dokoncenoPred procent="100" kdy="2012-03-22T23:59:00Z"/>
				        <dokoncenoPred procent="90" kdy="2012-03-22T23:00:00Z"/>
			      </pravidla>
		    </aktivita>
		    <aktivita>
			      <nazev>Zapoctak DBAPP</nazev>
			      <description/>
			      <kategorie kategorieId="skola"/>
			      <delka>300</delka>
			      <pravidla>
				        <dokoncenoPred procent="100" kdy="2012-03-25T12:00:00Z"/>
			      </pravidla>
		    </aktivita>
		    <aktivita>
			      <nazev>Boulder</nazev>
			      <description>Jit si zalest :]</description>
			      <kategorie kategorieId="volneaktivity"/>
			      <!-- delka aktivity v minutach, tj sirka na casove ose pro rozvrzeni -->
			<delka>120</delka>
			      <!-- aktivita muze definovat pravidla, kdy ma byt rozvrzena. Pro jednoduchost pouze "hard" podminky -->
			<pravidla>
				        <zacatek kdy="2012-03-19T18:00:00Z"/>
				        <neprerusitelne/>
			      </pravidla>
		    </aktivita>
		    <aktivita>
			      <nazev>Bakalarka</nazev>
			      <description>Pracovat na bakalarske praci</description>
			      <kategorie kategorieId="skola"/>
			      <delka>9000</delka>
			      <pravidla>
				        <dokoncenoPred procent="100" kdy="2012-05-25T12:00:00Z"/>
				        <dokoncenoPred procent="50" kdy="2012-04-25T12:00:00Z"/>
				        <dokoncenoPred procent="25" kdy="2012-04-01T02:00:00Z"/>
			      </pravidla>
		    </aktivita>
		    <aktivita>
			      <nazev>Pripravit analyzu pro inovaci IT prostredku ve firme</nazev>
			      <description/>
			      <kategorie kategorieId="prace"/>
			      <delka>180</delka>
			      <pravidla>
				        <dokoncenoPred procent="100" kdy="2012-04-01T15:00:00Z"/>
				        <neprerusitelne/>
			      </pravidla>
		    </aktivita>
		    <aktivita>
			      <nazev>Jina</nazev>
			      <description>Jina aktivita</description>
			      <kategorie kategorieId="jine"/>
			      <delka>60</delka>
			      <pravidla>
				        <dokoncenoPred mekke="true" procent="100" kdy="2012-04-01T15:00:00Z"/>
				        <minSouvislyBlok mekke="true" delka="15"/>
				        <neprerusitelne/>
			      </pravidla>
		    </aktivita>
	     <!--preneseno z exportu--><aktivita>
				     <nazev>Vytvorit sablonu</nazev>
				     <description/>
				     <delka>120</delka>
				     <pravidla>
					       <dokoncenoPred procent="100" kdy="2012-04-01T15:00:00Z"/>
					       <neprerusitelne/>
				     </pravidla>
			      <kategorie kategorieId="prace"/>
      </aktivita>
      <!--preneseno z exportu--><aktivita>
				     <nazev>Oprava chyb v systemu</nazev>
				     <description>Viz bugzilla</description>
				     <!-- delka aktivity v minutach, tj sirka na casove ose pro rozvrzeni -->
				<delka>480</delka>
				     <!-- aktivita muze definovat pravidla, kdy ma byt rozvrzena. Pro jednoduchost pouze "hard" podminky -->
				<pravidla>
					       <zacatek kdy="2012-03-19T18:00:00Z"/>
					       <neprerusitelne/>
				     </pravidla>
			      <kategorie kategorieId="prace"/>
      </aktivita>
      <!--preneseno z exportu--><aktivita>
				     <nazev>Deployment</nazev>
				     <description>Hledat reseni deploymentu pro novy system</description>
				     <delka>960</delka>
				     <pravidla>
					       <dokoncenoPred procent="100" kdy="2012-05-25T12:00:00Z"/>
					       <dokoncenoPred procent="50" kdy="2012-04-25T12:00:00Z"/>
					       <dokoncenoPred procent="25" kdy="2012-04-01T02:00:00Z"/>
				     </pravidla>
			      <kategorie kategorieId="prace"/>
      </aktivita>
      <!--preneseno z exportu--><aktivita>
			      <nazev>Zapoctak Pokrocili C#</nazev>
			      <description/>
			      <delka>300</delka>
			      <pravidla>
				        <dokoncenoPred procent="100" kdy="2012-03-25T12:00:00Z"/>
			      </pravidla>
		       <kategorie kategorieId="skola"/>
      </aktivita>
   </aktivity>
</rozvrhovani>