<?xml version="1.0" encoding="UTF-8"?>
<casovaokna>
   <casoveokno>
      <nazev>Priprava do skoly pondeli</nazev>
      <seznamKategorii>
         <kategorie>
            <kod>skola</kod>
            <nazev>Skola</nazev>
         </kategorie>
      </seznamKategorii>
      <seznamAktivit>
         <aktivita xmlns:xsi="http://www.w3.org/2001/XMLSchema-instance">
			         <nazev>Udelat ukol 2 na XML</nazev>
			         <description>Viz http://xmlcheck.projekty.ms.mff.cuni.cz/#studentAssignments#69</description>
			         <kategorie kategorieId="skola"/>
			         <!-- delka aktivity v minutach, tj sirka na casove ose pro rozvrzeni -->
			<delka>90</delka>
			         <!-- aktivita muze definovat pravidla, kdy ma byt rozvrzena. Pro jednoduchost pouze "hard" podminky -->
			<pravidla>
				           <dokoncenoPred procent="100" kdy="2012-03-22T23:59:00Z"/>
				           <dokoncenoPred procent="90" kdy="2012-03-22T23:00:00Z"/>
			         </pravidla>
		       </aktivita>
         <aktivita xmlns:xsi="http://www.w3.org/2001/XMLSchema-instance">
			         <nazev>Zapoctak DBAPP</nazev>
			         <description/>
			         <kategorie kategorieId="skola"/>
			         <delka>300</delka>
			         <pravidla>
				           <dokoncenoPred procent="100" kdy="2012-03-25T12:00:00Z"/>
			         </pravidla>
		       </aktivita>
         <aktivita xmlns:xsi="http://www.w3.org/2001/XMLSchema-instance">
			         <nazev>Bakalarka</nazev>
			         <description>Pracovat na bakalarske praci</description>
			         <kategorie kategorieId="skola"/>
			         <delka>9000</delka>
			         <pravidla>
				           <dokoncenoPred procent="100" kdy="2012-05-25T12:00:00Z"/>
				           <dokoncenoPred procent="50" kdy="2012-04-25T12:00:00Z"/>
				           <dokoncenoPred procent="25" kdy="2012-04-01T02:00:00Z"/>
			         </pravidla>
		       </aktivita>
      </seznamAktivit>
   </casoveokno>
   <casoveokno>
      <nazev>Povinnosti v breznu</nazev>
      <seznamKategorii>
         <kategorie>
            <kod>prace</kod>
            <nazev>Prace</nazev>
         </kategorie>
         <kategorie>
            <kod>skola</kod>
            <nazev>Skola</nazev>
         </kategorie>
      </seznamKategorii>
      <seznamAktivit>
         <aktivita xmlns:xsi="http://www.w3.org/2001/XMLSchema-instance">
			         <nazev>Udelat ukol 2 na XML</nazev>
			         <description>Viz http://xmlcheck.projekty.ms.mff.cuni.cz/#studentAssignments#69</description>
			         <kategorie kategorieId="skola"/>
			         <!-- delka aktivity v minutach, tj sirka na casove ose pro rozvrzeni -->
			<delka>90</delka>
			         <!-- aktivita muze definovat pravidla, kdy ma byt rozvrzena. Pro jednoduchost pouze "hard" podminky -->
			<pravidla>
				           <dokoncenoPred procent="100" kdy="2012-03-22T23:59:00Z"/>
				           <dokoncenoPred procent="90" kdy="2012-03-22T23:00:00Z"/>
			         </pravidla>
		       </aktivita>
         <aktivita xmlns:xsi="http://www.w3.org/2001/XMLSchema-instance">
			         <nazev>Zapoctak DBAPP</nazev>
			         <description/>
			         <kategorie kategorieId="skola"/>
			         <delka>300</delka>
			         <pravidla>
				           <dokoncenoPred procent="100" kdy="2012-03-25T12:00:00Z"/>
			         </pravidla>
		       </aktivita>
         <aktivita xmlns:xsi="http://www.w3.org/2001/XMLSchema-instance">
			         <nazev>Bakalarka</nazev>
			         <description>Pracovat na bakalarske praci</description>
			         <kategorie kategorieId="skola"/>
			         <delka>9000</delka>
			         <pravidla>
				           <dokoncenoPred procent="100" kdy="2012-05-25T12:00:00Z"/>
				           <dokoncenoPred procent="50" kdy="2012-04-25T12:00:00Z"/>
				           <dokoncenoPred procent="25" kdy="2012-04-01T02:00:00Z"/>
			         </pravidla>
		       </aktivita>
         <aktivita xmlns:xsi="http://www.w3.org/2001/XMLSchema-instance">
			         <nazev>Pripravit analyzu pro inovaci IT prostredku ve firme</nazev>
			         <description/>
			         <kategorie kategorieId="prace"/>
			         <delka>180</delka>
			         <pravidla>
				           <dokoncenoPred procent="100" kdy="2012-04-01T15:00:00Z"/>
				           <neprerusitelne/>
			         </pravidla>
		       </aktivita>
      </seznamAktivit>
   </casoveokno>
   <casoveokno>
      <nazev>Bez akt Po - Ct</nazev>
      <seznamKategorii/>
      <seznamAktivit/>
   </casoveokno>
   <casoveokno>
      <nazev>Okno bez pravidel</nazev>
      <seznamKategorii>
         <kategorie>
            <kod>prace</kod>
            <nazev>Prace</nazev>
         </kategorie>
         <kategorie>
            <kod>skola</kod>
            <nazev>Skola</nazev>
         </kategorie>
         <kategorie>
            <kod>volneaktivity</kod>
            <nazev>Volne aktivity</nazev>
         </kategorie>
      </seznamKategorii>
      <seznamAktivit>
         <aktivita xmlns:xsi="http://www.w3.org/2001/XMLSchema-instance">
			         <nazev>Udelat ukol 2 na XML</nazev>
			         <description>Viz http://xmlcheck.projekty.ms.mff.cuni.cz/#studentAssignments#69</description>
			         <kategorie kategorieId="skola"/>
			         <!-- delka aktivity v minutach, tj sirka na casove ose pro rozvrzeni -->
			<delka>90</delka>
			         <!-- aktivita muze definovat pravidla, kdy ma byt rozvrzena. Pro jednoduchost pouze "hard" podminky -->
			<pravidla>
				           <dokoncenoPred procent="100" kdy="2012-03-22T23:59:00Z"/>
				           <dokoncenoPred procent="90" kdy="2012-03-22T23:00:00Z"/>
			         </pravidla>
		       </aktivita>
         <aktivita xmlns:xsi="http://www.w3.org/2001/XMLSchema-instance">
			         <nazev>Zapoctak DBAPP</nazev>
			         <description/>
			         <kategorie kategorieId="skola"/>
			         <delka>300</delka>
			         <pravidla>
				           <dokoncenoPred procent="100" kdy="2012-03-25T12:00:00Z"/>
			         </pravidla>
		       </aktivita>
         <aktivita xmlns:xsi="http://www.w3.org/2001/XMLSchema-instance">
			         <nazev>Boulder</nazev>
			         <description>Jit si zalest :]</description>
			         <kategorie kategorieId="volneaktivity"/>
			         <!-- delka aktivity v minutach, tj sirka na casove ose pro rozvrzeni -->
			<delka>120</delka>
			         <!-- aktivita muze definovat pravidla, kdy ma byt rozvrzena. Pro jednoduchost pouze "hard" podminky -->
			<pravidla>
				           <zacatek kdy="2012-03-19T18:00:00Z"/>
				           <neprerusitelne/>
			         </pravidla>
		       </aktivita>
         <aktivita xmlns:xsi="http://www.w3.org/2001/XMLSchema-instance">
			         <nazev>Bakalarka</nazev>
			         <description>Pracovat na bakalarske praci</description>
			         <kategorie kategorieId="skola"/>
			         <delka>9000</delka>
			         <pravidla>
				           <dokoncenoPred procent="100" kdy="2012-05-25T12:00:00Z"/>
				           <dokoncenoPred procent="50" kdy="2012-04-25T12:00:00Z"/>
				           <dokoncenoPred procent="25" kdy="2012-04-01T02:00:00Z"/>
			         </pravidla>
		       </aktivita>
         <aktivita xmlns:xsi="http://www.w3.org/2001/XMLSchema-instance">
			         <nazev>Pripravit analyzu pro inovaci IT prostredku ve firme</nazev>
			         <description/>
			         <kategorie kategorieId="prace"/>
			         <delka>180</delka>
			         <pravidla>
				           <dokoncenoPred procent="100" kdy="2012-04-01T15:00:00Z"/>
				           <neprerusitelne/>
			         </pravidla>
		       </aktivita>
      </seznamAktivit>
   </casoveokno>
</casovaokna>