<?xml version="1.0" encoding="UTF-8" standalone="no"?><!-- dr?hy - osobn? p?eprava --><drahy>
<!--	<nazev>Foo Bar</nazev> -->
	<stanice>
		<nadrazi nadrazi_id="n1">
			<nazev>Praha - Sm?chov</nazev>
			<poloha>
				<zemepisna_delka>
					<hodiny>14</hodiny>
					<minuty>24</minuty>
				</zemepisna_delka>
				<zemepisna_sirka>
					<hodiny>50</hodiny>
					<minuty>3</minuty>
				</zemepisna_sirka>
			</poloha>
			<nastupiste nastupiste_id="n1n1">
				<delka smer="v">10</delka>
			</nastupiste>
			<nastupiste nastupiste_id="n1n2">
				<delka smer="v">10</delka>
			</nastupiste>
			<nastupiste nastupiste_id="n1n3">
				<delka smer="v">8</delka>
			</nastupiste>
			<nastupiste nastupiste_id="n1n4">
				<delka smer="v">8</delka>
			</nastupiste>
		</nadrazi>
		<nadrazi nadrazi_id="n2">
			<nazev>Wilsonovo - hlavn? n?dra??</nazev>
			<poloha>
				<zemepisna_delka>
					<hodiny>14</hodiny>
					<minuty>26</minuty>
					<sekundy>3</sekundy>
				</zemepisna_delka>
				<zemepisna_sirka>
					<hodiny>50</hodiny>
					<minuty>5</minuty>
					<sekundy>16</sekundy>
				</zemepisna_sirka>
			</poloha>
			<nastupiste nastupiste_id="n2n1">
				<delka smer="v">9</delka>
			</nastupiste>
			<nastupiste nastupiste_id="n2n2">
				<delka smer="v">9</delka>
			</nastupiste>
			<nastupiste nastupiste_id="n2n3">
				<delka smer="v">9</delka>
			</nastupiste>
			<nastupiste nastupiste_id="n2n4">
				<delka smer="v">9</delka>
			</nastupiste>
			<nastupiste nastupiste_id="n2n5">
				<delka smer="v">9</delka>
			</nastupiste>
			<nastupiste nastupiste_id="n2n6">
				<delka smer="v">9</delka>
			</nastupiste>
			<nastupiste nastupiste_id="n2n7">
				<delka smer="v">9</delka>
			</nastupiste>
		</nadrazi>
		<nadrazi nadrazi_id="n3">
			<nazev>Beroun</nazev>
			<poloha>
				<zemepisna_delka>
					<hodiny>14</hodiny>
					<minuty>4</minuty>
				</zemepisna_delka>
				<zemepisna_sirka>
					<hodiny>49</hodiny>
					<minuty>57</minuty>
				</zemepisna_sirka>
			</poloha>
			<nastupiste nastupiste_id="n3n1">
				<delka smer="v">8</delka>
			</nastupiste>
			<nastupiste nastupiste_id="n3n2">
				<delka smer="v">8</delka>
			</nastupiste>
		</nadrazi>
		<nadrazi nadrazi_id="n4">
			<nazev>Plze? hlavn? n?dra??</nazev>
			<poloha>
				<zemepisna_delka>
					<hodiny>13</hodiny>
					<minuty>23</minuty>
				</zemepisna_delka>
				<zemepisna_sirka>
					<hodiny>49</hodiny>
					<minuty>44</minuty>
				</zemepisna_sirka>
			</poloha>
			<nastupiste nastupiste_id="n4n1">
				<delka smer="v">10</delka>
			</nastupiste>
			<nastupiste nastupiste_id="n4n2">
				<delka smer="v">10</delka>
			</nastupiste>
			<nastupiste nastupiste_id="n4n3">
				<delka smer="v">10</delka>
			</nastupiste>
			<nastupiste nastupiste_id="n4n4">
				<delka smer="v">10</delka>
			</nastupiste>
			<nastupiste nastupiste_id="n4n5">
				<delka smer="v">10</delka>
			</nastupiste>
			<nastupiste nastupiste_id="n4n6">
				<delka smer="v">10</delka>
			</nastupiste>
		</nadrazi>
		<nadrazi nadrazi_id="n5">
			<nazev>Ostrava hlavn? n?dra??</nazev>
			<poloha>
				<zemepisna_delka>
					<hodiny>18</hodiny>
					<minuty>16</minuty>
				</zemepisna_delka>
				<zemepisna_sirka>
					<hodiny>49</hodiny>
					<minuty>51</minuty>
				</zemepisna_sirka>
			</poloha>
			<nastupiste nastupiste_id="n5n1">
				<delka smer="v">10</delka>
			</nastupiste>
			<nastupiste nastupiste_id="n5n2">
				<delka smer="v">10</delka>
			</nastupiste>
			<nastupiste nastupiste_id="n5n3">
				<delka smer="v">10</delka>
			</nastupiste>
			<nastupiste nastupiste_id="n5n4">
				<delka smer="v">10</delka>
			</nastupiste>
			<nastupiste nastupiste_id="n5n5">
				<delka smer="v">5</delka>
			</nastupiste>			
		</nadrazi>
	</stanice>
	<stavby>
		<most most_id="most1">
				<nazev>?elezni?n? most</nazev>
				<poloha>
					<zemepisna_delka>
						<hodiny>14</hodiny>
						<minuty>24</minuty>
					</zemepisna_delka>
					<zemepisna_sirka>
						<hodiny>50</hodiny>
						<minuty>4</minuty>
					</zemepisna_sirka>
				</poloha>
		</most>
		<tunel tunel_id="tunel1">
			<nazev>Vinohradsk? tunel</nazev>
			<poloha>
				<zemepisna_delka>
					<hodiny>14</hodiny>
					<minuty>26</minuty>
				</zemepisna_delka>
				<zemepisna_sirka>
					<hodiny>50</hodiny>
					<minuty>4</minuty>
				</zemepisna_sirka>
			</poloha>
		</tunel>
	</stavby>
	<trate>
		<trat trat_id="t1">
			<trat_stanice stanice_ref="n1"/>
			<trat_stanice stanice_ref="n2"/>
			<trat_stavba stavba_ref="tunel1"/>
			<trat_stavba stavba_ref="most1"/>
			<elektrifikovano/>
			<rychlost jednotka="kmh">80</rychlost>
		</trat>
		<trat trat_id="t2">
			<trat_stanice stanice_ref="n1"/>
			<trat_stanice stanice_ref="n3"/>
			<trat_stanice stanice_ref="n4"/>
			<elektrifikovano/>
			<rychlost jednotka="kmh">100</rychlost>
		</trat>
	</trate>
	<vozy>
		<lokomotiva lokomotiva_id="l1" pohon="elektricky">
			<rychlost jednotka="kmh">120</rychlost>
			<hmotnost jednotka="t">84</hmotnost>
			<vykon jednotka="kW">3000</vykon>
		</lokomotiva>
		<lokomotiva lokomotiva_id="l2" pohon="elektricky">
			<rychlost jednotka="kmh">140</rychlost>
			<hmotnost jednotka="t">155</hmotnost>
			<vykon jednotka="kW">2000</vykon>
			<naklad><cestujici/></naklad>
			<kapacita jednotka="osoby"/>
		</lokomotiva>
		<lokomotiva lokomotiva_id="l3" pohon="elektricky">
			<rychlost jednotka="kmh">230</rychlost>
			<hmotnost jednotka="t">385</hmotnost>
			<vykon jednotka="kW">4000</vykon>
			<naklad><cestujici/></naklad>
			<kapacita jednotka="osoby">135</kapacita>
		</lokomotiva>
		<vagon vagon_id="v1">
			<rychlost jednotka="kmh">140</rychlost>
			<naklad><cestujici/></naklad>
			<kapacita jednotka="osoby">54</kapacita>
			<hmotnost jednotka="t">12</hmotnost>
		</vagon>
		<vagon vagon_id="v2">
			<rychlost jednotka="kmh">140</rychlost>
			<naklad><cestujici/></naklad>
			<kapacita jednotka="osoby">54</kapacita>
			<hmotnost jednotka="t">12</hmotnost>
		</vagon>
		<vagon vagon_id="v3">
			<rychlost jednotka="kmh">140</rychlost>
			<naklad><cestujici/></naklad>
			<kapacita jednotka="osoby">54</kapacita>
			<hmotnost jednotka="t">12</hmotnost>
		</vagon>
		<vagon vagon_id="v4">
			<rychlost jednotka="kmh">140</rychlost>
			<naklad><cestujici/></naklad>
			<kapacita jednotka="osoby">54</kapacita>
			<hmotnost jednotka="t">12</hmotnost>
		</vagon>
		<vagon vagon_id="v5">
			<rychlost jednotka="kmh">140</rychlost>
			<naklad><cestujici/></naklad>
			<kapacita jednotka="osoby">54</kapacita>
			<hmotnost jednotka="t">12</hmotnost>
		</vagon>
			<vagon vagon_id="v6">
			<rychlost jednotka="kmh">230</rychlost>
			<naklad><cestujici/></naklad>
			<kapacita jednotka="osoby">70</kapacita>
			<hmotnost jednotka="t">25</hmotnost>
		</vagon>	
			<vagon vagon_id="v7">
			<rychlost jednotka="kmh">230</rychlost>
			<naklad><cestujici/></naklad>
			<kapacita jednotka="osoby">70</kapacita>
			<hmotnost jednotka="t">25</hmotnost>
		</vagon>	
			<vagon vagon_id="v8">
			<rychlost jednotka="kmh">230</rychlost>
			<naklad><cestujici/></naklad>
			<kapacita jednotka="osoby">70</kapacita>
			<hmotnost jednotka="t">25</hmotnost>
		</vagon>
		<vagon vagon_id="v9">
			<rychlost jednotka="kmh">110</rychlost>
			<naklad><posta/><zavazadla/></naklad>
			<kapacita jednotka="m3">50</kapacita>
			<hmotnost jednotka="t">15</hmotnost>
		</vagon>
	</vozy>
	<vlaky>
		<vlak razeni_vozu="l1 v1 v2 v3 v4 v5 v9" vlak_id="vlak1"/>
		<vlak razeni_vozu="l2 l2 l2" vlak_id="vlak2"/>
		<vlak razeni_vozu="l3 v6 l3 v7 l3 v8 l3" vlak_id="vlak3"/>
	</vlaky>
	<spoje>
			<spoj frekvence="den" spoj_id="s1" vlak_ref="vlak1">
				<bod bod_ref="n2n5">
					<odjezd>23:40</odjezd>
				</bod>
				<bod bod_ref="n1n2">
					<prijezd>23:47</prijezd>
					<odjezd>23:48</odjezd>
				</bod>
				<bod bod_ref="n3n1">
					<prijezd>00:16</prijezd>
					<odjezd>00:17</odjezd>
				</bod>
				<bod bod_ref="n4n3">
					<prijezd>01:20</prijezd>
				</bod>
			</spoj>
			<spoj frekvence="den" spoj_id="s2" vlak_ref="vlak2">
				<bod bod_ref="n2n1">
					<odjezd>23:15</odjezd>
				</bod>
				<bod bod_ref="n1n1">
					<prijezd>23:22</prijezd>
					<odjezd>23:23</odjezd>
				</bod>
				<bod bod_ref="n3n2">
					<prijezd>00:04</prijezd>
				</bod>
			</spoj>
			<spoj frekvence="den" spoj_id="s3" vlak_ref="vlak2">
				<bod bod_ref="n3n2">
					<odjezd>05:29</odjezd>
				</bod>
				<bod bod_ref="n1n1">
					<prijezd>06:11</prijezd>
					<odjezd>06:12</odjezd>
				</bod>
				<bod bod_ref="n2n2">
					<prijezd>06:19</prijezd>
				</bod>
			</spoj>
			<spoj frekvence="den" spoj_id="s4" vlak_ref="vlak1">
				<bod bod_ref="n4n1">
					<odjezd>04:10</odjezd>
				</bod>
				<bod bod_ref="n3n1">
					<prijezd>05:15</prijezd>
					<odjezd>05:17</odjezd>
				</bod>
				<bod bod_ref="n1n2">
					<prijezd>05:46</prijezd>
					<odjezd>05:46</odjezd>
				</bod>
				<bod bod_ref="n2n4">
					<prijezd>05:54</prijezd>
				</bod>
			</spoj>
			<spoj frekvence="den" spoj_id="s5" vlak_ref="vlak3">
				<bod bod_ref="n2n1">
					<odjezd>05:13</odjezd>
				</bod>
				<bod bod_ref="n5n2">
					<prijezd>08:18</prijezd>
				</bod>
			</spoj>
 </spoje>
</drahy>