<?xml version="1.0" encoding="UTF-8"?>
<table>
   <thead>
      <tr>
         <th>Firma</th>
         <th>Kontaktní osoby</th>
         <th>Status</th>
      </tr>
   </thead>
   <tbody>
      <tr>
         <td>Firma s. r. o.</td>
         <td>Dominik Janata, Uživatel Pokusný</td>
         <td>Aktivní projekty</td>
      </tr>
      <tr>
         <td>Akciovka a. s.</td>
         <td>Uživatel Šestý, Uživatel Pokusný</td>
         <td>Aktivní projekty</td>
      </tr>
   </tbody>
</table>