<?xml version="1.0" encoding="UTF-8"?>
<table>
   <thead>
      <tr>
         <th>Zaměstnanec</th>
         <th>Zákazníci</th>
      </tr>
   </thead>
   <tbody>
      <tr>
         <td>Dominik Janata</td>
         <td>Firma s. r. o.</td>
         <td>Uživatel Pokusný</td>
         <td>Firma s. r. o., Akciovka a. s., Malá firma v. o. s.</td>
         <td>Uživatel Šestý</td>
         <td>Akciovka a. s.</td>
         <td>Uživatel Čtvrtý</td>
         <td>Malá firma v. o. s.</td>
      </tr>
   </tbody>
</table>