<html>
   <head>
      <meta http-equiv="Content-Type" content="text/html; charset=UTF-8">
      <title>Composite packages</title>
   </head>
   <body>
      <h1>Composite packages</h1>
      <ul>
         <li>
            <p>Name: text editors</p>
            <p>
               <p>Content: </p>
               <ul>
                  <li>
                     <p>Name: vim</p>
                  </li>
                  <li>
                     <p>Name: emacs</p>
                  </li>
               </ul>
            </p>
         </li>
      </ul>
   </body>
</html>