<?xml version="1.0" encoding="UTF-8"?>
<normal-packages>
   <package id="pkg1" name="glibc" packager="packager1">

	     <version primary="4" secondary="3"/>
	  
	     <description>
		Library for C programs. <a href="http://glibc.org/doc">Link to library documentation.</a> Hello.
	  </description>
	  
	     <date day="12" month="3" year="2012"/>
	  
	     <author>GNU</author>
	  
	     <webpage>http://glibc.org</webpage>
	  
	     <files>
	        <file name="libc.so" directory="/lib">
	           <description>Shared library file.</description>
	        </file>
	    
	        <file name="libc.a" directory="/lib">
	           <description>Static library file.</description>
	        </file>
	    
	        <file name="readme" directory="/var/doc/glibc/">
	           <description>Documentation.</description>
	           <content>
		Generated documentation.
	      </content>
	        </file>
	     </files>
	  
	  </package>
   <package id="pkg2" name="sdl" packager="packager2">

	     <version primary="2" secondary="3"/>
	  
	     <description>Game library.<a href="http://sdl.org/doc">Link to library documentation.</a>
      </description>
	  
	     <date day="12" month="4" year="2012"/>
	  
	     <author>Sam Lantinga</author>
	  
	     <webpage>http://sdl.org</webpage>
	  
	     <files>
	        <file name="libsdl.so" directory="/lib">
	           <description>Shared library file.</description>
	        </file>
	     </files>
	  
	     <dependencies>
	        <pkg_ref idref="pkg1"/>
	     </dependencies>
	  
	  </package>
</normal-packages>