<html>
   <head>
      <meta http-equiv="Content-Type" content="text/html; charset=UTF-8">
      <title>Packages</title>
   </head>
   <body>
      <h1>All packages</h1>
      <table>
         <tr>
            <th>Name</th>
            <th>Version</th>
            <th>Date</th>
         </tr>
         <tr>
            <td>glibc</td>
            <td>4.3</td>
            <td>12/3/2012</td>
         </tr>
         <tr>
            <td>sdl</td>
            <td>2.3</td>
            <td>12/4/2012</td>
         </tr>
         <tr>
            <td>vim</td>
            <td>6.4</td>
            <td>13/8/2012</td>
         </tr>
         <tr>
            <td>vim</td>
            <td>5.6</td>
            <td>13/8/2012</td>
         </tr>
         <tr>
            <td>vim</td>
            <td>5.1</td>
            <td>13/8/2011</td>
         </tr>
         <tr>
            <td>emacs</td>
            <td>1.4</td>
            <td>13/5/2012</td>
         </tr>
         <tr>
            <td>text editors</td>
            <td>5.4</td>
            <td>13/5/2012</td>
         </tr>
      </table>
   </body>
</html>