<?xml version="1.0" encoding="UTF-8"?>
<pp>
   <packager>
      <packager>jirka</packager>
      <package>glibc</package>
   </packager>
   <packager>
      <packager>honza</packager>
      <package>sdl</package>
   </packager>
   <packager>
      <packager>jana</packager>
      <package>vim</package>
   </packager>
   <packager>
      <packager>jana</packager>
      <package>vim</package>
   </packager>
   <packager>
      <packager>jana</packager>
      <package>vim</package>
   </packager>
   <packager>
      <packager>pepa</packager>
      <package>emacs</package>
   </packager>
   <packager>
      <packager>lucka</packager>
      <package>text editors</package>
   </packager>
</pp>