<?xml version="1.0" encoding="UTF-8"?>
<address id="a2">
   <country>Czech Republic</country>
   <city>Prague</city>
   <district>Prague 13 - Letnani</district>
   <street>
      <name>Tupolevova</name>
      <number>35</number>
   </street>
   <zipcode>148 12</zipcode>
</address>
<address id="a4">
   <country>Czech Republic</country>
   <city>Prague</city>
   <district>Prague 8 - Liben</district>
   <street>
      <name>U arene</name>
      <number>3</number>
   </street>
   <zipcode>142 05</zipcode>
</address>