<html>
   <table>
      <tr>
         <th colspan="2">Address Union</th>
      </tr>
      <tr>
         <td>City</td>
         <td>Street name</td>
      </tr>
      <tr>
         <td>Cesky Krumlov</td>
         <td>Palarikova</td>
      </tr>
      <tr>
         <td>Ceske Budejovice</td>
         <td>Wilsonova</td>
      </tr>
      <tr>
         <td>Kolin</td>
         <td>Americka</td>
      </tr>
      <tr>
         <td>Bratislava</td>
         <td>Safarikova</td>
      </tr>
      <tr>
         <td>Budapest</td>
         <td>Zsigmond</td>
      </tr>
      <tr>
         <td>Cesky Krumlov</td>
         <td>Palarikova</td>
      </tr>
      <tr>
         <td>Ceske Budejovice</td>
         <td>Wilsonova</td>
      </tr>
      <tr>
         <td>Kolin</td>
         <td>Americka</td>
      </tr>
      <tr>
         <td>Bratislava</td>
         <td>Safarikova</td>
      </tr>
      <tr>
         <td>Budapest</td>
         <td>Zsigmond</td>
      </tr>
      <tr>
         <td>Prague</td>
         <td>Mikuleckeho</td>
      </tr>
      <tr>
         <td>Prague</td>
         <td>Tupolevova</td>
      </tr>
      <tr>
         <td>Prague</td>
         <td>U stadionu</td>
      </tr>
      <tr>
         <td>Prague</td>
         <td>U arene</td>
      </tr>
   </table>
</html>