<html>
   <body>
      <table>
         <tr>
            <td>10000</td>
            <td>EUR</td>
         </tr>
         <tr>
            <td>12000</td>
            <td>CZK</td>
         </tr>
         <tr>
            <td>17000</td>
            <td>CZK</td>
         </tr>
         <tr>
            <td>10000</td>
            <td>EUR</td>
         </tr>
         <tr>
            <td>150000</td>
            <td>CZK</td>
         </tr>
         <tr>
            <td>4000</td>
            <td>CZK</td>
         </tr>
         <tr>
            <td>12000</td>
            <td>CZK</td>
         </tr>
         <tr>
            <td>17000</td>
            <td>CZK</td>
         </tr>
         <tr>
            <td>10000</td>
            <td>EUR</td>
         </tr>
         <tr>
            <td>150000</td>
            <td>CZK</td>
         </tr>
      </table>
   </body>
</html>