<?xml version="1.0" encoding="UTF-8"?><html xmlns="http://www.w3.org/1999/xhtml" xml:lang="en">
   <head>
      <meta http-equiv="Content-Type" content="text/html; charset=UTF-8" />
      <title>HDD velikosti</title>
   </head>
   <body>
      <table border="1">
         <tr>
            <th>Prumerna velikost</th>
            <th>Maximalni velikost</th>
            <th>Minimalni velikost</th>
         </tr>
         <tr>
            <td>325000</td>
            <td>500000</td>
            <td>150000</td>
         </tr>
      </table><br /><p>HW typy s MAX velikosti: PC</p>
      <p>HW type s MIN velikosti: notebook</p>
   </body>
</html>