<?xml version="1.0" encoding="UTF-8"?>
<clientList>
   <client>
                <macAddress>00:00:90:FF:00:01</macAddress>
                <ipHostNumber>192.168.242.51</ipHostNumber>
                
            <image>PCimage</image>
            <hwTypeName>test PC</hwTypeName>
            <harddisk device="sda" size="500000">
              <partition>
                <password/>
                <partSize>5000</partSize>
                <partMount>swap</partMount>
                <partType>swap</partType>
              </partition>
              <partition>
                <password/>
                <partSize>495000</partSize>
                <partMount>/</partMount>
                <partType>ext4</partType>
              </partition>
            </harddisk>
        
                <bootedImage>PCimage-2;1332344895</bootedImage>
            </client>
   <client>
                <macAddress>00:00:90:FF:00:02</macAddress>
                <ipHostNumber>192.168.242.52</ipHostNumber>
                
            <image>PCimage</image>
            <hwTypeName>test PC</hwTypeName>
            <harddisk device="sda" size="500000">
              <partition>
                <password/>
                <partSize>5000</partSize>
                <partMount>swap</partMount>
                <partType>swap</partType>
              </partition>
              <partition>
                <password/>
                <partSize>495000</partSize>
                <partMount>/</partMount>
                <partType>ext4</partType>
              </partition>
            </harddisk>
        
                <bootedImage>PCimage-1;1332344895</bootedImage>
            </client>
   <client>
                <macAddress>00:00:90:FF:00:03</macAddress>
                <ipHostNumber>192.168.242.53</ipHostNumber>
                <hwType>notebook</hwType>
                <bootedImage>NBimage-1;1332344895</bootedImage>
            </client>
</clientList>