<?xml version="1.0" encoding="UTF-8"?>
<departments>
   <Production>
      <manager>
			      <firstName>John</firstName>
			      <lastName>Smith</lastName>
		    </manager>
      <salaries>2000</salaries>
      <Development>
         <salaries>2400</salaries>
      </Development>
      <Engineering>
         <manager>
					       <firstName>Arthur</firstName>
					       <lastName>Taylor</lastName>
				     </manager>
         <salaries>2500</salaries>
      </Engineering>
   </Production>
   <Accounting>
      <salaries>3000</salaries>
   </Accounting>
</departments>