<html>
   <head>
      <meta http-equiv="Content-Type" content="text/html; charset=UTF-8">
      <title>Seznam přestupků řidičů</title>
   </head>
   <body>
      <h1>Přestupky</h1>
      <div>
         <h2>Jan Novotny</h2>
         <div>
            <p><strong>Body:</strong>3
            </p>
            <p>
               Držení telefonního přístroje nebo jiného hovorového nebo
               záznamového zařízení v ruce nebo jiným způsobem při řízení
               vozidla
               
            </p>
         </div>
      </div>
      <div>
         <h2>Petr Nový</h2>
      </div>
      <div>
         <h2>Josef Problémový</h2>
         <div>
            <p><strong>Body:</strong>0
            </p>
            <p>
               Překročení nejvyšší dovolené rychlosti stanovené zákonem nebo dopravní značkou o 20 km/h a více v obci nebo o 30 km/h a více
               mimo obec
               
            </p>
         </div>
         <div>
            <p><strong>Body:</strong>0
            </p>
            <p>
               Překročení nejvyšší dovolené rychlosti stanovené zákonem nebo dopravní značkou o 40 km/h a více v obci nebo o 50 km/h a více
               mimo obec
               
            </p>
         </div>
         <div>
            <p><strong>Body:</strong>0
            </p>
            <p>
               Nedání přednosti v jízdě v případech, ve kterých je řidič povinen dát přednost v jízdě
               
            </p>
         </div>
         <div>
            <p><strong>Body:</strong>0
            </p>
            <p>
               Překročení nejvyšší dovolené rychlosti stanovené zákonem nebo dopravní značkou o 20 km/h a více v obci nebo o 30 km/h a více
               mimo obec
               
            </p>
         </div>
         <div>
            <p><strong>Body:</strong>0
            </p>
            <p>
               Řízení motorového vozidla bez držení příslušné skupiny nebo podskupiny řidičského oprávnění
               
               
            </p>
         </div>
         <div>
            <p><strong>Body:</strong>2
            </p>
            <p>
               Překročení nejvyšší dovolené rychlosti stanovené zákonem nebo dopravní značkou o 20 km/h a více v obci nebo o 30 km/h a více
               mimo obec
               
            </p>
         </div>
         <div>
            <p><strong>Body:</strong>2
            </p>
            <p>
               Překročení nejvyšší dovolené rychlosti stanovené zákonem nebo dopravní značkou o 20 km/h a více v obci nebo o 30 km/h a více
               mimo obec
               
            </p>
         </div>
         <div>
            <p><strong>Body:</strong>2
            </p>
            <p>
               Překročení nejvyšší dovolené rychlosti stanovené zákonem nebo dopravní značkou o 20 km/h a více v obci nebo o 30 km/h a více
               mimo obec
               
            </p>
         </div>
         <div>
            <p><strong>Body:</strong>5
            </p>
            <p>
               Překročení nejvyšší dovolené rychlosti stanovené zákonem nebo dopravní značkou o 40 km/h a více v obci nebo o 50 km/h a více
               mimo obec
               
            </p>
         </div>
         <div>
            <p><strong>Body:</strong>6
            </p>
            <p>
               Předjíždění vozidla v případech, ve kterých je to zákonem zakázáno
               
            </p>
         </div>
      </div>
   </body>
</html>