<html>
   <head>
      <meta http-equiv="Content-Type" content="text/html; charset=UTF-8">
      <title>Seznam aut</title>
   </head>
   <body>
      <h1>Seznam aut z nové i staré db</h1>
      <table>
         <tr>
            <th>Automobilka</th>
            <th>Typ</th>
            <th>SPZ</th>
         </tr>
         <tr>
            <td>Škoda</td>
            <td>Octavia</td>
            <td>1AX 2310</td>
         </tr>
         <tr>
            <td>Volkswagen</td>
            <td>Transporter</td>
            <td>2B3 1256</td>
         </tr>
         <tr>
            <td>Škoda</td>
            <td>Fabia</td>
            <td>1AX 2312</td>
         </tr>
      </table>
   </body>
</html>