<?xml version="1.0" encoding="UTF-8"?>
<catalogue>
   <book>
      <title>Magician</title>
      <sequel>
         <title>Silverthorn</title>
         <sequel>
            <title>A Darkness at Sethanon</title>
         </sequel>
      </sequel>
   </book>
   <book>
      <title>Wizard's First Rule</title>
      <sequel>
         <title>Stone of Tears</title>
         <sequel>
            <title>Blood of the Fold</title>
            <sequel>
               <title>Temple of the Winds</title>
            </sequel>
         </sequel>
      </sequel>
   </book>
   <book>
      <title>Godfather</title>
   </book>
   <book>
      <title>Alchemyst</title>
   </book>
   <book>
      <title>Little Prince</title>
   </book>
   <book>
      <title>Warhammer</title>
   </book>
   <book>
      <title>How to do homeworks for dummies</title>
   </book>
</catalogue>