<?xml version="1.0" encoding="UTF-8"?>
<catalogue>
   <author xmlns:xsi="http://www.w3.org/2001/XMLSchema-instance" authorID="author1">
			   <name>
				     <givenName>Terry</givenName>
				     <surname>Pratchett</surname>
			   </name>
			   <bibliography>
				     <bookID refID="book2"/>
				     <bookID refID="book4"/>
				     <bookID refID="book5"/>
				     <bookID refID="book6"/>
				     <bookID refID="book7"/>
				     <bookID refID="book8"/>
				     <bookID refID="book9"/>
				     <bookID refID="book10"/>
				     <bookID refID="book11"/>
				     <bookID refID="book12"/>
			   </bibliography>
			   <born>28.4.1948</born>
		</author>
   <author xmlns:xsi="http://www.w3.org/2001/XMLSchema-instance" authorID="author4">
			   <name>
				     <givenName>Isaac</givenName>
				     <surname>Assimov</surname>
			   </name>
			   <bibliography>
				     <bookID refID="book1"/>
			   </bibliography>
			   <born>2.1.1920</born>
			   <died>6.4.1992</died>
		</author>
</catalogue>