<?xml version="1.0" encoding="UTF-8"?>
<book>
   <title>Foundation</title>
</book>
<book>
   <title>The Colour of Magic</title>
</book>
<book>
   <title>Lord of the Rings, The: The Fellowship of the Ring</title>
</book>
<book>
   <title>Light Fantastic</title>
</book>
<book>
   <title>Equal Rites</title>
</book>
<book>
   <title>Mort</title>
</book>
<book>
   <title>Sourcery</title>
</book>
<book>
   <title>Wyrd Sisters</title>
</book>
<book>
   <title>Pyramids</title>
</book>
<book>
   <title>Guards, Guards!</title>
</book>
<book>
   <title>Eric</title>
</book>
<book>
   <title>Moving Pictures</title>
</book>
<book>
   <title>A Game of Thrones</title>
</book>
<book>
   <title>Magician</title>
</book>
<book>
   <title>Silverthorn</title>
</book>
<book>
   <title>A Darkness at Sethanon</title>
</book>
<book>
   <title>Wizard's First Rule</title>
</book>
<book>
   <title>Stone of Tears</title>
</book>
<book>
   <title>Blood of the Fold</title>
</book>
<book>
   <title>Temple of the Winds</title>
</book>
<book>
   <title>Godfather</title>
</book>
<book>
   <title>Alchemyst</title>
</book>
<book>
   <title>Little Prince</title>
</book>
<book>
   <title>Warhammer</title>
</book>
<book>
   <title>How to do homeworks for dummies</title>
</book>