<?xml version="1.0" encoding="UTF-8"?>
<authors>
   <author>
      <name>
         <name xmlns:xsi="http://www.w3.org/2001/XMLSchema-instance">
				        <givenName>Terry</givenName>
				        <surname>Pratchett</surname>
			      </name>
      </name>
      <book>
         <title>Eric</title>
         <mainCharacter>Eric Thursley</mainCharacter>
      </book>
      <book>
         <title>The Colour of Magic</title>
         <mainCharacter>Rincewind</mainCharacter>
      </book>
      <book>
         <title>Equal Rites</title>
         <mainCharacter>Esmerelda "Esme" Weatherwax</mainCharacter>
      </book>
      <book>
         <title>Mort</title>
         <mainCharacter>Death</mainCharacter>
      </book>
      <book>
         <title>Light Fantastic</title>
      </book>
      <book>
         <title>Sourcery</title>
      </book>
      <book>
         <title>Wyrd Sisters</title>
         <mainCharacter>Nanny Ogg</mainCharacter>
      </book>
      <book>
         <title>Pyramids</title>
         <mainCharacter>Teppic</mainCharacter>
      </book>
      <book>
         <title>Moving Pictures</title>
         <mainCharacter>Victor Tugelbend</mainCharacter>
      </book>
      <book>
         <title>Guards, Guards!</title>
         <mainCharacter>Havelock Vetinari</mainCharacter>
      </book>
   </author>
   <author>
      <name>
         <name xmlns:xsi="http://www.w3.org/2001/XMLSchema-instance">
				        <givenName>John</givenName>
				        <middleName>Ronald</middleName>
				        <middleName>Reuel</middleName>
				        <surname>Tolkien</surname>
			      </name>
      </name>
      <book>
         <title>Lord of the Rings, The: The Fellowship of the Ring</title>
         <mainCharacter>Frodo Baggins</mainCharacter>
      </book>
   </author>
   <author>
      <name>
         <name xmlns:xsi="http://www.w3.org/2001/XMLSchema-instance">
				        <givenName>George</givenName>
				        <middleName>Raymond</middleName>
				        <middleName>Richard</middleName>
				        <surname>Martin</surname>
			      </name>
      </name>
      <book>
         <title>A Game of Thrones</title>
         <mainCharacter>Eddard Stark</mainCharacter>
      </book>
   </author>
   <author>
      <name>
         <name xmlns:xsi="http://www.w3.org/2001/XMLSchema-instance">
				        <givenName>Isaac</givenName>
				        <surname>Assimov</surname>
			      </name>
      </name>
      <book>
         <title>Foundation</title>
         <mainCharacter>Hari Seldon</mainCharacter>
      </book>
   </author>
</authors>