<?xml version="1.0" encoding="UTF-8"?>
<vliv nazev="Rock and Roll">
   <skupina nazev="Rolling Stones">
      <clen>Mick Jagger</clen>
      <clen>Keith Richards</clen>
      <clen>Charlie Watts</clen>
      <clen>Ron Wood</clen>
   </skupina>
</vliv>
<vliv nazev="Pop rock"/>
<vliv nazev="Blues rock">
   <skupina nazev="Cream">
      <clen>Jack Bruce</clen>
      <clen>Eric Clapton</clen>
      <clen>Ginger Baker</clen>
   </skupina>
   <skupina nazev="The Doors">
      <clen>John Densmore</clen>
      <clen>Robby Krieger</clen>
      <clen>Ray Manzarek</clen>
      <clen>Jim Morrison</clen>
   </skupina>
   <skupina nazev="The Animals">
      <clen>John Steel</clen>
      <clen>Mick Gallagher</clen>
      <clen>Pete Barton</clen>
      <clen>John Williamson</clen>
   </skupina>
</vliv>
<vliv nazev="Folk rock">
   <skupina nazev="The Mamas and The Papas">
      <clen>Denny Doherty</clen>
      <clen>John Phillips</clen>
      <clen>Michelle Phillips</clen>
      <clen>Cass Elliot</clen>
   </skupina>
   <skupina nazev="Simon &amp; Garfunkel">
      <clen>Paul Simon</clen>
      <clen>Art Garfunkel</clen>
   </skupina>
</vliv>
<vliv nazev="Psychedelický rock">
   <skupina nazev="Ping Floyd">
      <clen>Syd Barrett</clen>
      <clen>Roger Waters</clen>
      <clen>Rick Wright</clen>
      <clen>Nick Mason</clen>
   </skupina>
</vliv>
<vliv nazev="Progresivní rock">
   <skupina nazev="The Beatles">
      <clen>John Lennon</clen>
      <clen>Paul McCartney</clen>
      <clen>George Harrison</clen>
      <clen>Ringo Starr</clen>
   </skupina>
   <skupina nazev="The Beach boys">
      <clen>Dennis Wilson</clen>
      <clen>Al Jardine</clen>
      <clen>Mike Love</clen>
      <clen>Bruce Johnston</clen>
      <clen>Carl Wilson</clen>
      <clen>Brian Wilson</clen>
   </skupina>
</vliv>
<vliv nazev="Punk rock">
   <skupina nazev="Ramones">
      <clen>Joey Ramone - Jeffrey Hyman</clen>
      <clen>Johnny Ramone - John Cummings</clen>
      <clen>Dee Dee Ramone - Douglas Colvin</clen>
      <clen>Tommy Ramone - Tamás Erdélyi</clen>
   </skupina>
   <skupina nazev="Sex Pistols">
      <clen>Johnny Rotten</clen>
      <clen>Steve Jones</clen>
      <clen>Paul Cook</clen>
      <clen>Glen Matlock</clen>
      <clen>Sid Vicious</clen>
   </skupina>
</vliv>
<vliv nazev="Hard rock">
   <skupina nazev="Deep Purple">
      <clen>Rod Evans</clen>
      <clen>Ritchie Blackmore</clen>
      <clen>Jon Lord</clen>
      <clen>Nick Simper</clen>
      <clen>Ian Paice</clen>
   </skupina>
   <skupina nazev="ACDC">
      <clen>Brian Johnson</clen>
      <clen>Angus Young</clen>
      <clen>Malcolm Young</clen>
      <clen>Cliff Williams</clen>
      <clen>Phil Rudd</clen>
   </skupina>
   <skupina nazev="Black Sabbath">
      <clen>Ozzy Osbourne</clen>
      <clen>Tony Iommi</clen>
      <clen>Geezer Butler</clen>
      <clen>Bill Ward</clen>
   </skupina>
</vliv>
<vliv nazev="Metal rock">
   <skupina nazev="Metallica">
      <clen>James Hetfield</clen>
      <clen>Kirk Hammett</clen>
      <clen>Robert Trujillo</clen>
      <clen>Lars Ulrich</clen>
   </skupina>
</vliv>