<?xml version="1.0" encoding="UTF-8"?>
<data>
   <author>
      <name>
				Marek
				</name>
      <surname>
				Janecek
				</surname>
      <rank>
				administrator
				</rank>
   </author>
   <author>
      <name>
				Michal
				</name>
      <surname>
				Novak
				</surname>
      <rank>
				administrator
				</rank>
   </author>
   <source>
      <url>http://www.zive.cz/</url>
   </source>
   <source>
      <url>http://www.internetoviny.sk/</url>
   </source>
   <source>
      <url>http://www.imdb.com/</url>
   </source>
</data>