<?xml version="1.0" encoding="UTF-8"?><html xmlns="http://www.w3.org/1999/xhtml" xml:lang="en" lang="en">
   <head>
      <meta http-equiv="Content-Type" content="text/html; charset=UTF-8" />
      <title>Sportovni clanky</title>
   </head>
   <body>
      <h1>Sportovni clanky</h1>
      <p xmlns="">
         <h2>
            				Novy bazen!
            				 (
            				Marek Janecek
            				)
         </h2>
         				Novy bazen byl otevren v Presove.
         				
      </p>
      <p xmlns="">
         <h2>
            				Tradicni vylet.
            				 (
            				Marek Janecek
            				)
         </h2>
         				Mnoho obyvetl Kosic vyslo na tradicni vylet do hor.
         				
      </p>
      <p xmlns="">
         <h2>
            				Velka Pardubicka
            				 (
            				Michal Novak
            				)
         </h2>
         				Tradicni dostihy v Cechach.
         				
      </p>
      <p xmlns="">
         <h2>
            				Horkovzdusne balony v Hradci
            				 (
            				Marek Janecek
            				)
         </h2>
         				Cely vikend probiha v Hradci Kralove akce pri ktere si kdokoliv muze zkusit zdarma let horkovzdusnym balonem.
         				
      </p>
      <p xmlns="">
         <h2>
            				Silnicni zavody.
            				 (
            				Marek Janecek
            				)
         </h2>
         				Svetova jednicka se zucastnila exhibice v Presove.
         				
      </p>
   </body>
</html>