<?xml version="1.0" encoding="UTF-8" standalone="no"?><!-- Databaze pocitacovych programu --><!-- Milan Ryb?? --><databaze>
	
	
	
	
	
<programy><program id="googleEarth">
					<nazev>Google Earth</nazev>
					<popis>
						3D mapa sv?ta slo?en? z dru?icov?ch sn?mk?. Po spu?t?n? je nastaven z?kladn? pohled na celou zem?kouli, se kterou lze r?zn? ot??et a p?ibli?ovat ji pomoc? my?i. Na map? je mo?n? voliteln? zobrazit krom? m?st i r?zn? objekty, jako nap??klad hotely, banky, l?k?rny, leti?t?, nemocnice a mnoho dal??ch.<br/> 
						P?i p?ibli?ov?n? se mapa postupn? zaost?uje. Rychlost zaost?ov?n? je z?visl? na rychlosti p?ipojen? k Internetu, proto?e program si automaticky stahuje pot?ebn? data.<br/>
						N?kter? m?sta si m??ete tak? nechat zobrazit ve 3D, nebo si vymodelovat vlastn? 3D objekt  a vlo?it ho do mapy.<br/>
						Velk?m p??nosem je tak? integrace vrstev, zobrazuj?c?ch r?zn? dodate?n? informace. Aplikace obsahuje tak? virtu?ln? planet?rium, kter? naleznete pod funkc? Sky neboli Obloha.<br/>
						Posledn? verze p?in??? p?ibl??en? z vesm?ru a? na ?rove? ulic, zobrazen? m?st a zn?m?ch budov ve 3D, vyhled?v?n? m?st, tras a dal??ch informac?.<br/>
					</popis>
					<licence typ="freeware"/>
					<vyrobce id="google">
			<nazev>Google Inc.</nazev>
			<stranka>www.google.com</stranka>
		</vyrobce>
					<stranka>http://earth.google.com</stranka>
					<os windows7="ano" windowsXP="ano"/>
					<velikost>716 kB</velikost>
					<stazeno>
						<celkem>1099462</celkem>
						<tyden>3324</tyden>
					</stazeno>
			<vsechnyKategorie><kategorie id="PC">PC</kategorie><kategorie id="Podnik?n?ADom?cnost">Podnik?n? A Dom?cnost</kategorie><kategorie id="Ostatn?">Ostatn?</kategorie></vsechnyKategorie></program><program id="icqProgram">
					<nazev>ICQ</nazev>
					<popis>P?ihla?ov?n? do ICQ je nyn? je?t? snaz?? ne? kdy p?edt?m. Jednodu?e si st?hn?te nov? ICQ, p?ihlaste se pomoc? va?eho Facebook jm?na a hesla a chatujte se v?emi p??teli z Facebooku, Google Talk a ICQ. P?ihl?sit se m??ete tak? pomoc? va?eho mobiln?ho ??sla a chatovat se v?emi kontakty z va?eho seznamu.</popis>
					<licence typ="freeware"/>
					<vyrobce id="icq">
			<nazev>ICQ</nazev>
			<stranka>www.icq.com</stranka>
		</vyrobce>
					<os windows7="ano" windowsXP="ano"/>
					<velikost>16,0 MB</velikost>
					<stazeno>
						<celkem>8023759</celkem>
						<tyden>3675</tyden>
					</stazeno>
					<aktualizace>9. listopadu 2011</aktualizace>
				<vsechnyKategorie><kategorie id="PC">PC</kategorie><kategorie id="Komunikace">Komunikace</kategorie><kategorie id="InstantMessengers">Instant Messengers</kategorie></vsechnyKategorie></program><program id="autoCADLT">
					<nazev>AutoCAD LT</nazev>
					<popis>Komplexn? sada n?stroj?, kter? v?m umo?n? p?esn? a efektivn? tvo?it, dokumentovat a sd?let va?e v?kresy. Pou?it? nativn?ho DWG form?tu zaji??uje stabilitu a kompatibilitu p?i komunikaci s klienty a kolegy. Aplikaci m??ete p?izp?sobit stylu sv? pr?ce ?pravou nab?dek a u?ivatelsk?ho rozhran?. D?ky sv?m v?konn?m vlastnostem je AutoCAD LT ide?ln? aplikac? pro p?esn? r?sov?n?.</popis>
					<licence typ="demo">30 dn?</licence>
					<vyrobce id="Autodesk">
			<nazev>Autodesk</nazev>
			<stranka>www.autodesk.cz</stranka>
		</vyrobce>
					<cena>od 34208,- K?</cena>
					<stranka>http://www.autocadlt.cz</stranka>
					<os windows7="ano" windowsXP="ano"/>
					<velikost>916,0 MB</velikost>
					<stazeno>
						<celkem>12214</celkem>
						<tyden>83</tyden>
					</stazeno>
					<aktualizace>22. listopadu 2009</aktualizace>
				<vsechnyKategorie><kategorie id="PC">PC</kategorie><kategorie id="Podnik?n?ADom?cnost">Podnik?n? A Dom?cnost</kategorie><kategorie id="cad">CAD a technika</kategorie></vsechnyKategorie></program><program id="sunnysoftDictionary">
					<nazev>Sunnysoft Dictionary</nazev>
					<popis>P?ehledn? a srozumiteln? ?esko-anglicko-n?meck? slovn?k pro kapesn? po??ta?e v nov? verzi! U?ijte si p??telsk? a efektivn? rozhran?, rychlou odezvu a okam?it? start. Sou??st? slovn?ku je i speci?ln? syst?m u?en? slov??ek, kter? prosp?je va?? angli?tin? i n?m?in?. A v neposledn? ?ad? slovn?k umo??uje kontextov? p?eklad, d?ky n?mu? si m??ete nechat p?elo?it slovo v jak?koliv aplikaci ve va?em za??zen?.</popis>
					<licence typ="demo">30 dn?</licence>
					<vyrobce id="Sunnysoft">
			<nazev>Sunnysoft, s. r. o.</nazev>
			<stranka>www.sunnysoft.cz</stranka>
		</vyrobce>
					<stranka>http://www.sunnysoft.cz</stranka>
					<os windowsMobile="ano">Windows Mobile 5.0/Mobile 6.0 (1.3 PDA)</os>
					<velikost>3,9 MB</velikost>
					<stazeno>
						<celkem>6097</celkem>
						<tyden>20</tyden>
					</stazeno>
					<aktualizace>11. z??? 2008</aktualizace>
				<vsechnyKategorie><kategorie id="PC">PC</kategorie><kategorie id="Komunikace">Komunikace</kategorie><kategorie id="Mobiln?Telefony">Mobiln? telefony</kategorie></vsechnyKategorie></program></programy></databaze>