<?xml version="1.0" encoding="UTF-8"?>
<departments>
   <department>
      <name>Production</name>
      <salaries>2000</salaries>
      <department>
         <name>Development</name>
         <salaries>2400</salaries>
      </department>
      <department>
         <name>Engineering</name>
         <salaries>2500</salaries>
      </department>
   </department>
   <department>
      <name>Accounting</name>
      <salaries>3000</salaries>
   </department>
   <department>
      <name>Resources</name>
      <salaries/>
      <department>
         <name>HR</name>
         <salaries>3200</salaries>
      </department>
      <department>
         <name>Marketing</name>
         <salaries>3000</salaries>
      </department>
   </department>
</departments>