<?xml version="1.0" encoding="UTF-8"?>
<departments>
   <department>
      <name>Production</name>
      <manager>
			      <firstName>John</firstName>
			      <lastName>Smith</lastName>
		    </manager>
      <sub-departments>2</sub-departments>
      <employees>1</employees>
   </department>
   <department>
      <name>Accounting</name>
      <sub-departments>0</sub-departments>
      <employees>1</employees>
   </department>
   <department>
      <name>Resources</name>
      <manager>
			      <firstName>Michael</firstName>
			      <lastName>Newman</lastName>
		    </manager>
      <sub-departments>2</sub-departments>
      <employees>0</employees>
   </department>
</departments>