<html>
   <head>
      <meta http-equiv="Content-Type" content="text/html; charset=UTF-8">
      <title>Objednavky</title>
   </head>
   <body>
      <objednavka>
         <name titul="None" sex="M">Janko Mrkvička</name>
         <title>Místa české historie</title>
         <title>Lektorské finty</title>
      </objednavka>
      <objednavka>
         <name titul="Doc." sex="F">Sonička Učená</name>
         <title>One day</title>
         <title>Lektorské finty</title>
         <title>Prekliate miesto</title>
      </objednavka>
      <objednavka>
         <name titul="None" sex="M">Adam Šangala</name>
         <title>Nákaza</title>
         <title>One day</title>
         <title>Ruská elita</title>
      </objednavka>
   </body>
</html>