<?xml version="1.0" encoding="ISO-8859-2" standalone="no"?><adresar>
	<!--skupiny kontaktov-->
	<skupiny>
		<!--najblizsia rodina-->
		<skupina><nazov>Rodina</nazov>
			<kontakt><kid>o1</kid></kontakt>
			<kontakt><kid>o2</kid></kontakt>
			<kontakt><kid>o3</kid></kontakt>
		</skupina>
		<!--spolubyvajuci v Prahe-->
		<skupina><nazov>Spolubyvajuci</nazov>
			<kontakt><kid>o7</kid></kontakt>
			<kontakt><kid>o8</kid></kontakt>
			<kontakt><kid>o9</kid></kontakt>
		</skupina>
		<!--kamarati z Kosic-->
		<skupina><nazov>Kosice</nazov>
			<kontakt><kid>o4</kid></kontakt>
			<kontakt><kid>o5</kid></kontakt>
			<kontakt><kid>o6</kid></kontakt>
		</skupina>
		<!--spoluziaci na MFF UK-->
		<skupina><nazov>Spoluziaci</nazov>
			<kontakt><kid>o10</kid></kontakt>
			<kontakt><kid>o7</kid></kontakt>
			<kontakt><kid>o8</kid></kontakt>
		</skupina>
	</skupiny>
	<osoby>
		<!--jednotlive kontakty-->
		<osoba><pohlavie>m</pohlavie><oid>o1</oid>
			<meno>Ondrej</meno>
			<priezvisko>Z?humensk?</priezvisko>
			<narodeniny>1967-12-01</narodeniny>
		
			<adresa>
				<ulica>Europska trieda 11</ulica>
				<poschodie>11</poschodie>
				<psc>04013</psc>
				<mesto>Ko?ice</mesto>
				<stat>SR</stat>
			</adresa>
			<kontakty>
				<telefon>555-329-471</telefon>
				<mail>abc@extel.sk</mail>
				<mail>ondrej@tris.sk</mail>
				<icq><cislo>299-352-632</cislo>
					hoover
				</icq>
			</kontakty>
			<poznamky>
				<poznamka>
				Zavola? kv?li poisteniu. Nezabudn?!
					
				</poznamka>
				<poznamka>
					Pom?c? vybavi? dovolenku.
				</poznamka>
			</poznamky>
		</osoba>
		<osoba><pohlavie>z</pohlavie><oid>o2</oid>
			<meno>Katar?na</meno>
			<priezvisko>Z?humensk?</priezvisko>
			<prezyvka>katka</prezyvka>
			<adresa>
				<ulica>Europska trieda 11</ulica>
				<poschodie>11</poschodie>
				<psc>04013</psc>
				<mesto>Ko?ice</mesto>
				<stat>SR</stat>
			</adresa>
			<kontakty>
				<telefon>555-243-189</telefon>
				<fax>379-241-225</fax>
				<mail>katka@extel.sk</mail>
				<icq><cislo>392-182-738</cislo>
					maminka
				</icq>
			</kontakty>
		</osoba>
		<osoba><pohlavie>z</pohlavie><oid>o3</oid>
			<meno>Barbara</meno>
			<priezvisko>Z?humensk?</priezvisko>
			<prezyvka>babula</prezyvka>
			<adresa>
				<ulica>Europska trieda 11</ulica>
				<poschodie>11</poschodie>
				<psc>04013</psc>
				<mesto>Ko?ice</mesto>
				<stat>SR</stat>
			</adresa>
			<kontakty>
				<telefon>555-243-190</telefon>
				<mail>kengurka@azet.sk</mail>
				<icq><cislo>392-182-738</cislo>
					maminka
				</icq>
				<skype><nick>babula</nick><mail>kengurka2@azet.sk</mail></skype>
				<msn><nick>hadaj</nick><mail>kengurka2@azet.sk</mail></msn>
			</kontakty>
		</osoba>
		<osoba><pohlavie>m</pohlavie><oid>o4</oid>
			<meno>Tom?</meno>
			<priezvisko>Matta</priezvisko>
			<prezyvka>tomiq</prezyvka>
			<adresa>
				<ulica>Havansk? 11</ulica>
				<poschodie>3</poschodie>
				<psc>04013</psc>
				<mesto>Ko?ice</mesto>
				<stat>SR</stat>
			</adresa>
			<kontakty>
				<telefon>555-309-117</telefon>
				<mobil>107-323-689</mobil>
				<mail>fesak@azet.sk</mail>
				<icq><cislo>392-174-552</cislo>
					krasavec
				</icq>
			</kontakty>
		</osoba>
		<osoba><pohlavie>m</pohlavie><oid>o5</oid>
			<meno>Pavol</meno>
			<priezvisko>Regula</priezvisko>
			<prezyvka>pali</prezyvka>
			<adresa>
				<ulica>Jesensk?ho 8</ulica>
				<poschodie>2</poschodie>
				<psc>04001</psc>
				<mesto>Ko?ice</mesto>
				<stat>SR</stat>
			</adresa>
			<kontakty>
				<telefon>555-244-621</telefon>
				<mail>kpali@aol.com</mail>
				<skype><nick>reg4reg</nick><mail>mail@aol.com</mail></skype>
			</kontakty>
		</osoba>
		<osoba><pohlavie>z</pohlavie><oid>o6</oid>
			<meno>Martina</meno>
			<priezvisko>Janitorov?</priezvisko>
			<prezyvka>matulka</prezyvka>
			<adresa>
				<ulica>Na z?humn? 395</ulica>
				<psc>04457</psc>
				<mesto>Haniska</mesto>
				<stat>SR</stat>
			</adresa>
			<kontakty>
				<telefon>555-666-777</telefon>
				<mail>matulka@gmail.com</mail>
				<icq><cislo>220-536-862</cislo>
					sestri?ka
				</icq>
			</kontakty>
		</osoba>
		<osoba><pohlavie>m</pohlavie><oid>o7</oid>
			<meno>Michal</meno>
			<priezvisko>Mi?i?in</priezvisko>
			<prezyvka>mi?o</prezyvka>
			<adresa>
				<ulica>Raisova 806/3</ulica>
				<poschodie>0</poschodie>
				<psc>16200</psc>
				<mesto>Praha</mesto>
				<stat>CR</stat>
			</adresa>
			<kontakty>
				<telefon>555-232-098</telefon>
				<telefon>555-232-099</telefon>
				<telefon>555-232-100</telefon>
				<mail>mizisin@gmail.com</mail>
				<icq><cislo>392-182-265</cislo>
					mi?om
				</icq>
				<skype><nick>volajmi</nick><mail>mail@gmail.com</mail></skype>
			</kontakty>
		</osoba>
		<osoba><pohlavie>m</pohlavie><oid>o8</oid>
			<meno>Matej</meno>
			<priezvisko>Ferenc</priezvisko>
			<prezyvka>ma?u?ky</prezyvka>
			<adresa>
				<ulica>Raisova 806/3</ulica>
				<poschodie>0</poschodie>
				<psc>16200</psc>
				<mesto>Praha</mesto>
				<stat>CR</stat>
			</adresa>
			<kontakty>
				<telefon>555-229-242</telefon>
				<mail>ferenc@gmail.com</mail>
				<icq><cislo>187-245-098</cislo>
					matej.ferenc
				</icq>
			</kontakty>
		</osoba>
		<osoba><pohlavie>z</pohlavie><oid>o9</oid>
			<meno>Lenka</meno>
			<priezvisko>Luk??kov?</priezvisko>
			<adresa>
				<ulica>Raisova 806/3</ulica>
				<poschodie>0</poschodie>
				<psc>16200</psc>
				<mesto>Praha</mesto>
				<stat>CR</stat>
			</adresa>
			<kontakty>
				<telefon>555-222-111</telefon>
				<mail>luksikova@centrum.sk</mail>
			</kontakty>
		</osoba>
		<osoba><pohlavie>m</pohlavie><oid>o10</oid>
			<meno>Luk?</meno>
			<priezvisko>Tomasy</priezvisko>
			<adresa>
				<ulica>Hlavn? 86</ulica>
				<psc>19876</psc>
				<mesto>Ryman?</mesto>
				<stat>CR</stat>
			</adresa>
			<kontakty>
				<fax>555-666-666</fax>
				<mobil>222-369-143</mobil>
				<mail>wholoooloo@gmail.com</mail>
				<icq><cislo>187-245-100</cislo>
						wholooolooo
					</icq>
			</kontakty>
		</osoba>
	</osoby>
</adresar>