<?xml version="1.0" encoding="UTF-8"?>
<items><!-- 
     Vypise seznam vsech faktur, pokladnich a bankovnich polozek
    --><item>
      <id>_123</id>
      <amount>400</amount>
   </item>
   <item>
      <id>_124</id>
      <amount>15000</amount>
   </item>
   <item>
      <id>_125</id>
      <amount>15000</amount>
   </item>
   <item>
      <id>_126</id>
      <amount>15000</amount>
   </item>
   <item>
      <id>_001</id>
      <amount>150270</amount>
   </item>
   <item>
      <id>_P001</id>
      <amount>200</amount>
   </item>
   <item>
      <id>_P002</id>
      <amount>200</amount>
   </item>
   <item>
      <id>_P003</id>
      <amount>200</amount>
   </item>
   <item>
      <id>_P004</id>
      <amount>200</amount>
   </item>
   <item>
      <id>_P005</id>
      <amount>200</amount>
   </item>
   <item>
      <id>_P006</id>
      <amount>200</amount>
   </item>
   <item>
      <id>_P007</id>
      <amount>200</amount>
   </item>
   <item>
      <id>_P008</id>
      <amount>200</amount>
   </item>
   <item>
      <id>_P009</id>
      <amount>200</amount>
   </item>
   <item>
      <id>_P010</id>
      <amount>200</amount>
   </item>
</items>