<html>
   <body>
      <!-- 
     Vypise seznam vsech faktur, jejichz vsechny polozky maji hodnotu vice jak 500,-.
    -->
      <h1>Faktury s polozkami max 500</h1>
      <table>
         <tr style="background-color: #bbb">
            <td>ID</td>
            <td>Kontakt</td>
            <td>Poznamka</td>
         </tr>
         <tr>
            <td>_123</td>
            <td>Jan Novák</td>
            <td>Tato faktura byla zaplacena (HOTOVOST)</td>
         </tr>
      </table>
   </body>
</html>