<html>
   <body>
      <!-- 
     Vypise seznam vsech faktur, jejichz vsechny polozky maji hodnotu vice jak 500,-.
    -->
      <h1>Faktury s polozkami 500+</h1>
      <table>
         <tr style="background-color: #bbb">
            <td>ID</td>
            <td>Kontakt</td>
            <td>Poznamka</td>
         </tr>
         <tr>
            <td>_124</td>
            <td>Jan Novák</td>
            <td></td>
         </tr>
         <tr>
            <td>_125</td>
            <td>Jan Novák</td>
            <td></td>
         </tr>
         <tr>
            <td>_126</td>
            <td>Jan Novák</td>
            <td></td>
         </tr>
      </table>
   </body>
</html>