<html>
   <body>
      <!-- 
     Vypise seznam vsech faktur, ktere maji referenci na nejakou pokladni polozku
     a vypise nazev teto pokladni polozky.
    -->
      <h1>Faktury s referenci</h1>
      <table>
         <tr style="background-color: #bbb">
            <td>ID</td>
            <td>Reference</td>
            <td>Nazev reference</td>
         </tr>
         <tr>
            <td>_123</td>
            <td>_P001</td>
            <td><span>Šrouby</span></td>
         </tr>
         <tr>
            <td>_124</td>
            <td>_P001</td>
            <td><span>Šrouby</span></td>
         </tr>
         <tr>
            <td>_125</td>
            <td>_P002</td>
            <td><span>Šrouby</span></td>
         </tr>
         <tr>
            <td>_126</td>
            <td>_P003</td>
            <td><span>Šrouby</span></td>
         </tr>
      </table>
   </body>
</html>