<?xml version="1.0" encoding="UTF-8"?>
<branches>
   <b1>
      <manager>
         <name>Jiri Klika</name>
      </manager>
      <city>
         <city>Praha-Muzeum</city>
      </city>
      <courses>
         <course id="1">
			         <name>Anglictina pro pokrocile</name>
			         <startDate>6.2.2013</startDate>
			         <endDate>26.6.2013</endDate>
			         <lector>
				           <firstname>Peter</firstname>
				           <surname>Green</surname>
			         </lector>
			         <location>b1</location>
		       </course>
      </courses>
      <rooms>38</rooms>
      <subbranches>
         <b1a>
            <manager>
               <name>Jan Jedlicka</name>
            </manager>
            <city>
               <city>Praha-Vinohrady</city>
            </city>
            <courses>
               <course id="2">
			               <name>Nemcina pro stredne pokrocile</name>
			               <startDate>16.2.2013</startDate>
			               <endDate>16.7.2013</endDate>
			               <lector>
				                 <firstname>Jitka</firstname>
				                 <surname>Nemcova</surname>
			               </lector>
			               <location>b1a</location>
		             </course>
            </courses>
            <rooms>10</rooms>
            <subbranches/>
         </b1a>
         <b1b>
            <manager>
               <name>Pavel Petr</name>
            </manager>
            <city>
               <city>Praha-Smichov</city>
            </city>
            <courses>
               <course id="6">
			               <name>Spanelstina pro zacatecniky</name>
			               <startDate>10.4.2013</startDate>
			               <endDate>10.7.2013</endDate>
			               <lector>
				                 <firstname>Pedro</firstname>
				                 <surname>Rodriguez</surname>
			               </lector>
			               <location>b1b</location>
		             </course>
            </courses>
            <rooms>8</rooms>
            <subbranches/>
         </b1b>
      </subbranches>
   </b1>
   <b2>
      <manager>
         <name>Ondrej Siska</name>
      </manager>
      <city>
         <city>Brno</city>
      </city>
      <courses>
         <course id="3">
			         <name>Anglictina - konverzace pro stredne pokrocile</name>
			         <startDate>2.3.2013</startDate>
			         <endDate>5.5.2013</endDate>
			         <lector>
				           <firstname>Joe</firstname>
				           <surname>Adams</surname>
			         </lector>
			         <location>b2</location>
		       </course>
         <course id="4">
			         <name>Spanelstina pro zacatecniky</name>
			         <startDate>2.4.2013</startDate>
			         <endDate>5.7.2013</endDate>
			         <lector>
				           <firstname>Joe</firstname>
					          <surname>Suarez</surname>
			         </lector>
			         <location>b2</location>
		       </course>
      </courses>
      <rooms>25</rooms>
      <subbranches>
         <b2a>
            <manager>
               <name>Lenka Jankova</name>
            </manager>
            <city>
               <city>Brno-Venkov</city>
            </city>
            <courses/>
            <rooms>10</rooms>
            <subbranches/>
         </b2a>
      </subbranches>
   </b2>
   <b3>
      <manager>
         <name>Jana Zarubova</name>
      </manager>
      <city>
         <city>Zlin</city>
      </city>
      <courses>
         <course id="5">
				        <name>Spanelstina pro pokrocile</name>
				        <startDate>12.4.2013</startDate>
				        <endDate>29.7.2013</endDate>
				        <lector>
					          <firstname>Juan</firstname>
					          <surname>Mata</surname>
				        </lector>
				        <location>b3</location>
		       </course>
      </courses>
      <rooms>17</rooms>
      <subbranches/>
   </b3>
</branches>