<?xml version="1.0" encoding="UTF-8"?>
<knihy>
   <kniha id="z10">
      <nazev>Advanced Course English</nazev>
   </kniha>
   <kniha id="k2">
      <nazev>Babička</nazev>
   </kniha>
   <kniha id="z6">
      <nazev>Bakalářská práce</nazev>
   </kniha>
   <kniha id="z9">
      <nazev>Hobit aneb cesta tam a zase zpátky</nazev>
   </kniha>
   <kniha id="k1">
      <nazev>Hoši od bobří řeky</nazev>
   </kniha>
   <kniha id="z2">
      <nazev>Kapitoly z diskrétní matematiky</nazev>
   </kniha>
   <kniha id="z8">
      <nazev>LaTeX</nazev>
   </kniha>
   <kniha id="z1">
      <nazev>Lorem ipsum</nazev>
   </kniha>
   <kniha id="k3">
      <nazev>Máj</nazev>
   </kniha>
   <kniha id="z4">
      <nazev>Pán Prstenů: Dvě věže</nazev>
   </kniha>
   <kniha id="z5">
      <nazev>Pán Prstenů: Návrat krále</nazev>
   </kniha>
   <kniha id="z3">
      <nazev>Pán Prstenů: Společenstvo prstenu</nazev>
   </kniha>
   <kniha id="z7">
      <nazev>Ztracená tajemná kniha</nazev>
   </kniha>
</knihy>