<html>
   <head>
      <meta http-equiv="Content-Type" content="text/html; charset=UTF-8">
      <title>Film ticket cost analysis</title>
   </head>
   <body>
      <table>
         <tr>
            <th>Price over</th>
            <th>Every satisfies</th>
            <th>Some satisfies</th>
         </tr>
         <tr>
            <td>5$</td>
            <td>Yes</td>
            <td>Yes</td>
         </tr>
         <tr>
            <td>10$</td>
            <td>Yes</td>
            <td>Yes</td>
         </tr>
         <tr>
            <td>20$</td>
            <td>Yes</td>
            <td>Yes</td>
         </tr>
         <tr>
            <td>40$</td>
            <td>Yes</td>
            <td>Yes</td>
         </tr>
         <tr>
            <td>80$</td>
            <td>No</td>
            <td>Yes</td>
         </tr>
         <tr>
            <td>160$</td>
            <td>No</td>
            <td>Yes</td>
         </tr>
         <tr>
            <td>320$</td>
            <td>No</td>
            <td>No</td>
         </tr>
      </table>
   </body>
</html>