<html>
   <head>
      <meta http-equiv="Content-Type" content="text/html; charset=UTF-8">
      <title>Directors table</title>
   </head>
   <body>
      <table>
         <tr>
            <th>Description</th>
            <th>Name</th>
            <th>Age</th>
         </tr>
         <tr>
            <td>Oldest director</td>
            <td>Peter Jackson</td>
            <td>63</td>
         </tr>
         <tr>
            <td>Youngest director</td>
            <td>Sacha Gervasi</td>
            <td>33</td>
         </tr>
         <tr>
            <td>Average director age</td>
            <td>The directors are young!</td>
            <td><i>$averageDirectorAge</i>49.8
            </td>
         </tr>
      </table>
   </body>
</html>