<?xml version="1.0" encoding="UTF-8"?>
<profitInformation>
   <movie>
      <time>12:50</time>
      <movieName>Hitchcock</movieName>
      <movieRevenue>12000</movieRevenue>
      <movieExpenses>1000</movieExpenses>
      <movieProfits>11000</movieProfits>
   </movie>
   <movie>
      <time>13:00</time>
      <movieName>Hobit: Neočekávaná cesta</movieName>
      <movieRevenue>36000</movieRevenue>
      <movieExpenses>100</movieExpenses>
      <movieProfits>35900</movieProfits>
   </movie>
   <movie>
      <time>15:00</time>
      <movieName>Hotel Transylvánie</movieName>
      <movieRevenue>60000</movieRevenue>
      <movieExpenses>2000</movieExpenses>
      <movieProfits>58000</movieProfits>
   </movie>
   <movie>
      <time>15:50</time>
      <movieName>Let</movieName>
      <movieRevenue>100000</movieRevenue>
      <movieExpenses>1500</movieExpenses>
      <movieProfits>98500</movieProfits>
   </movie>
   <movie>
      <time>16:00</time>
      <movieName>Lincoln</movieName>
      <movieRevenue>12000</movieRevenue>
      <movieExpenses>5000</movieExpenses>
      <movieProfits>7000</movieProfits>
   </movie>
   <movie>
      <time>19:00</time>
      <movieName>Nespoutaný Django</movieName>
      <movieRevenue>36000</movieRevenue>
      <movieExpenses>4000</movieExpenses>
      <movieProfits>32000</movieProfits>
   </movie>
   <movie>
      <time>22:00</time>
      <movieName>Čtyřlístek ve službách krále</movieName>
      <movieRevenue>30000</movieRevenue>
      <movieExpenses>3000</movieExpenses>
      <movieProfits>27000</movieProfits>
   </movie>
   <movie>
      <time>00:00</time>
      <movieName>Great Gatsby</movieName>
      <movieRevenue>60000</movieRevenue>
      <movieExpenses>1000</movieExpenses>
      <movieProfits>59000</movieProfits>
   </movie>
   <movie>
      <time>12:50</time>
      <movieName>Dark Knight Rises</movieName>
      <movieRevenue>24000</movieRevenue>
      <movieExpenses>100</movieExpenses>
      <movieProfits>23900</movieProfits>
   </movie>
   <movie>
      <time>13:00</time>
      <movieName>Hitchcock</movieName>
      <movieRevenue>30000</movieRevenue>
      <movieExpenses>2000</movieExpenses>
      <movieProfits>28000</movieProfits>
   </movie>
   <movie>
      <time>15:00</time>
      <movieName>Hobit: Neočekávaná cesta</movieName>
      <movieRevenue>24000</movieRevenue>
      <movieExpenses>1500</movieExpenses>
      <movieProfits>22500</movieProfits>
   </movie>
   <movie>
      <time>15:50</time>
      <movieName>Hotel Transylvánie</movieName>
      <movieRevenue>45000</movieRevenue>
      <movieExpenses>5000</movieExpenses>
      <movieProfits>40000</movieProfits>
   </movie>
   <movie>
      <time>16:00</time>
      <movieName>Let</movieName>
      <movieRevenue>40000</movieRevenue>
      <movieExpenses>4000</movieExpenses>
      <movieProfits>36000</movieProfits>
   </movie>
   <movie>
      <time>19:00</time>
      <movieName>Lincoln</movieName>
      <movieRevenue>18000</movieRevenue>
      <movieExpenses>3000</movieExpenses>
      <movieProfits>15000</movieProfits>
   </movie>
   <movie>
      <time>22:00</time>
      <movieName>Nespoutaný Django</movieName>
      <movieRevenue>48000</movieRevenue>
      <movieExpenses>1000</movieExpenses>
      <movieProfits>47000</movieProfits>
   </movie>
   <movie>
      <time>00:00</time>
      <movieName>Čtyřlístek ve službách krále</movieName>
      <movieRevenue>75000</movieRevenue>
      <movieExpenses>100</movieExpenses>
      <movieProfits>74900</movieProfits>
   </movie>
   <movie>
      <time>12:50</time>
      <movieName>Great Gatsby</movieName>
      <movieRevenue>40000</movieRevenue>
      <movieExpenses>2000</movieExpenses>
      <movieProfits>38000</movieProfits>
   </movie>
   <movie>
      <time>13:00</time>
      <movieName>Dark Knight Rises</movieName>
      <movieRevenue>18000</movieRevenue>
      <movieExpenses>1500</movieExpenses>
      <movieProfits>16500</movieProfits>
   </movie>
   <movie>
      <time>15:00</time>
      <movieName>Hitchcock</movieName>
      <movieRevenue>12000</movieRevenue>
      <movieExpenses>5000</movieExpenses>
      <movieProfits>7000</movieProfits>
   </movie>
   <movie>
      <time>15:50</time>
      <movieName>Hobit: Neočekávaná cesta</movieName>
      <movieRevenue>36000</movieRevenue>
      <movieExpenses>4000</movieExpenses>
      <movieProfits>32000</movieProfits>
   </movie>
   <movie>
      <time>16:00</time>
      <movieName>Hotel Transylvánie</movieName>
      <movieRevenue>60000</movieRevenue>
      <movieExpenses>3000</movieExpenses>
      <movieProfits>57000</movieProfits>
   </movie>
   <movie>
      <time>19:00</time>
      <movieName>Let</movieName>
      <movieRevenue>100000</movieRevenue>
      <movieExpenses>1000</movieExpenses>
      <movieProfits>99000</movieProfits>
   </movie>
   <movie>
      <time>22:00</time>
      <movieName>Lincoln</movieName>
      <movieRevenue>12000</movieRevenue>
      <movieExpenses>100</movieExpenses>
      <movieProfits>11900</movieProfits>
   </movie>
   <movie>
      <time>00:00</time>
      <movieName>Nespoutaný Django</movieName>
      <movieRevenue>36000</movieRevenue>
      <movieExpenses>2000</movieExpenses>
      <movieProfits>34000</movieProfits>
   </movie>
   <movie>
      <time>12:50</time>
      <movieName>Čtyřlístek ve službách krále</movieName>
      <movieRevenue>30000</movieRevenue>
      <movieExpenses>1500</movieExpenses>
      <movieProfits>28500</movieProfits>
   </movie>
   <movie>
      <time>13:00</time>
      <movieName>Great Gatsby</movieName>
      <movieRevenue>60000</movieRevenue>
      <movieExpenses>5000</movieExpenses>
      <movieProfits>55000</movieProfits>
   </movie>
   <movie>
      <time>15:00</time>
      <movieName>Dark Knight Rises</movieName>
      <movieRevenue>24000</movieRevenue>
      <movieExpenses>4000</movieExpenses>
      <movieProfits>20000</movieProfits>
   </movie>
   <movie>
      <time>15:50</time>
      <movieName>Hitchcock</movieName>
      <movieRevenue>30000</movieRevenue>
      <movieExpenses>3000</movieExpenses>
      <movieProfits>27000</movieProfits>
   </movie>
   <movie>
      <time>16:00</time>
      <movieName>Hobit: Neočekávaná cesta</movieName>
      <movieRevenue>24000</movieRevenue>
      <movieExpenses>1000</movieExpenses>
      <movieProfits>23000</movieProfits>
   </movie>
   <movie>
      <time>19:00</time>
      <movieName>Hotel Transylvánie</movieName>
      <movieRevenue>45000</movieRevenue>
      <movieExpenses>100</movieExpenses>
      <movieProfits>44900</movieProfits>
   </movie>
   <movie>
      <time>22:00</time>
      <movieName>Let</movieName>
      <movieRevenue>40000</movieRevenue>
      <movieExpenses>2000</movieExpenses>
      <movieProfits>38000</movieProfits>
   </movie>
   <movie>
      <time>00:00</time>
      <movieName>Lincoln</movieName>
      <movieRevenue>18000</movieRevenue>
      <movieExpenses>1500</movieExpenses>
      <movieProfits>16500</movieProfits>
   </movie>
   <movie>
      <time>12:50</time>
      <movieName>Nespoutaný Django</movieName>
      <movieRevenue>48000</movieRevenue>
      <movieExpenses>5000</movieExpenses>
      <movieProfits>43000</movieProfits>
   </movie>
   <movie>
      <time>13:00</time>
      <movieName>Čtyřlístek ve službách krále</movieName>
      <movieRevenue>75000</movieRevenue>
      <movieExpenses>4000</movieExpenses>
      <movieProfits>71000</movieProfits>
   </movie>
   <movie>
      <time>15:00</time>
      <movieName>Great Gatsby</movieName>
      <movieRevenue>40000</movieRevenue>
      <movieExpenses>3000</movieExpenses>
      <movieProfits>37000</movieProfits>
   </movie>
   <movie>
      <time>15:50</time>
      <movieName>Dark Knight Rises</movieName>
      <movieRevenue>18000</movieRevenue>
      <movieExpenses>1000</movieExpenses>
      <movieProfits>17000</movieProfits>
   </movie>
   <movie>
      <time>16:00</time>
      <movieName>Hitchcock</movieName>
      <movieRevenue>12000</movieRevenue>
      <movieExpenses>100</movieExpenses>
      <movieProfits>11900</movieProfits>
   </movie>
   <movie>
      <time>19:00</time>
      <movieName>Hobit: Neočekávaná cesta</movieName>
      <movieRevenue>36000</movieRevenue>
      <movieExpenses>2000</movieExpenses>
      <movieProfits>34000</movieProfits>
   </movie>
   <movie>
      <time>22:00</time>
      <movieName>Hotel Transylvánie</movieName>
      <movieRevenue>60000</movieRevenue>
      <movieExpenses>1500</movieExpenses>
      <movieProfits>58500</movieProfits>
   </movie>
   <movie>
      <time>00:00</time>
      <movieName>Let</movieName>
      <movieRevenue>100000</movieRevenue>
      <movieExpenses>5000</movieExpenses>
      <movieProfits>95000</movieProfits>
   </movie>
   <movie>
      <time>12:50</time>
      <movieName>Lincoln</movieName>
      <movieRevenue>12000</movieRevenue>
      <movieExpenses>4000</movieExpenses>
      <movieProfits>8000</movieProfits>
   </movie>
   <movie>
      <time>13:00</time>
      <movieName>Nespoutaný Django</movieName>
      <movieRevenue>36000</movieRevenue>
      <movieExpenses>3000</movieExpenses>
      <movieProfits>33000</movieProfits>
   </movie>
   <movie>
      <time>15:00</time>
      <movieName>Čtyřlístek ve službách krále</movieName>
      <movieRevenue>30000</movieRevenue>
      <movieExpenses>1000</movieExpenses>
      <movieProfits>29000</movieProfits>
   </movie>
   <movie>
      <time>15:50</time>
      <movieName>Great Gatsby</movieName>
      <movieRevenue>60000</movieRevenue>
      <movieExpenses>100</movieExpenses>
      <movieProfits>59900</movieProfits>
   </movie>
   <movie>
      <time>16:00</time>
      <movieName>Dark Knight Rises</movieName>
      <movieRevenue>24000</movieRevenue>
      <movieExpenses>2000</movieExpenses>
      <movieProfits>22000</movieProfits>
   </movie>
   <movie>
      <time>19:00</time>
      <movieName>Hitchcock</movieName>
      <movieRevenue>30000</movieRevenue>
      <movieExpenses>1500</movieExpenses>
      <movieProfits>28500</movieProfits>
   </movie>
   <movie>
      <time>22:00</time>
      <movieName>Hobit: Neočekávaná cesta</movieName>
      <movieRevenue>24000</movieRevenue>
      <movieExpenses>5000</movieExpenses>
      <movieProfits>19000</movieProfits>
   </movie>
   <movie>
      <time>00:00</time>
      <movieName>Hotel Transylvánie</movieName>
      <movieRevenue>45000</movieRevenue>
      <movieExpenses>4000</movieExpenses>
      <movieProfits>41000</movieProfits>
   </movie>
   <movie>
      <time>12:50</time>
      <movieName>Let</movieName>
      <movieRevenue>40000</movieRevenue>
      <movieExpenses>3000</movieExpenses>
      <movieProfits>37000</movieProfits>
   </movie>
   <movie>
      <time>13:00</time>
      <movieName>Lincoln</movieName>
      <movieRevenue>18000</movieRevenue>
      <movieExpenses>1000</movieExpenses>
      <movieProfits>17000</movieProfits>
   </movie>
   <movie>
      <time>15:00</time>
      <movieName>Nespoutaný Django</movieName>
      <movieRevenue>48000</movieRevenue>
      <movieExpenses>100</movieExpenses>
      <movieProfits>47900</movieProfits>
   </movie>
   <movie>
      <time>15:50</time>
      <movieName>Čtyřlístek ve službách krále</movieName>
      <movieRevenue>75000</movieRevenue>
      <movieExpenses>2000</movieExpenses>
      <movieProfits>73000</movieProfits>
   </movie>
   <movie>
      <time>16:00</time>
      <movieName>Great Gatsby</movieName>
      <movieRevenue>40000</movieRevenue>
      <movieExpenses>1500</movieExpenses>
      <movieProfits>38500</movieProfits>
   </movie>
   <movie>
      <time>19:00</time>
      <movieName>Dark Knight Rises</movieName>
      <movieRevenue>18000</movieRevenue>
      <movieExpenses>5000</movieExpenses>
      <movieProfits>13000</movieProfits>
   </movie>
   <movie>
      <time>22:00</time>
      <movieName>Hitchcock</movieName>
      <movieRevenue>12000</movieRevenue>
      <movieExpenses>4000</movieExpenses>
      <movieProfits>8000</movieProfits>
   </movie>
   <movie>
      <time>00:00</time>
      <movieName>Hobit: Neočekávaná cesta</movieName>
      <movieRevenue>36000</movieRevenue>
      <movieExpenses>3000</movieExpenses>
      <movieProfits>33000</movieProfits>
   </movie>
   <movie>
      <time>12:50</time>
      <movieName>Hotel Transylvánie</movieName>
      <movieRevenue>60000</movieRevenue>
      <movieExpenses>1000</movieExpenses>
      <movieProfits>59000</movieProfits>
   </movie>
   <movie>
      <time>13:00</time>
      <movieName>Let</movieName>
      <movieRevenue>100000</movieRevenue>
      <movieExpenses>100</movieExpenses>
      <movieProfits>99900</movieProfits>
   </movie>
   <movie>
      <time>15:00</time>
      <movieName>Lincoln</movieName>
      <movieRevenue>12000</movieRevenue>
      <movieExpenses>2000</movieExpenses>
      <movieProfits>10000</movieProfits>
   </movie>
   <movie>
      <time>15:50</time>
      <movieName>Nespoutaný Django</movieName>
      <movieRevenue>36000</movieRevenue>
      <movieExpenses>1500</movieExpenses>
      <movieProfits>34500</movieProfits>
   </movie>
   <movie>
      <time>16:00</time>
      <movieName>Čtyřlístek ve službách krále</movieName>
      <movieRevenue>30000</movieRevenue>
      <movieExpenses>5000</movieExpenses>
      <movieProfits>25000</movieProfits>
   </movie>
   <movie>
      <time>19:00</time>
      <movieName>Great Gatsby</movieName>
      <movieRevenue>60000</movieRevenue>
      <movieExpenses>4000</movieExpenses>
      <movieProfits>56000</movieProfits>
   </movie>
   <movie>
      <time>22:00</time>
      <movieName>Dark Knight Rises</movieName>
      <movieRevenue>24000</movieRevenue>
      <movieExpenses>3000</movieExpenses>
      <movieProfits>21000</movieProfits>
   </movie>
   <movie>
      <time>00:00</time>
      <movieName>Hitchcock</movieName>
      <movieRevenue>30000</movieRevenue>
      <movieExpenses>1000</movieExpenses>
      <movieProfits>29000</movieProfits>
   </movie>
   <movie>
      <time>12:50</time>
      <movieName>Hobit: Neočekávaná cesta</movieName>
      <movieRevenue>24000</movieRevenue>
      <movieExpenses>100</movieExpenses>
      <movieProfits>23900</movieProfits>
   </movie>
   <movie>
      <time>13:00</time>
      <movieName>Hotel Transylvánie</movieName>
      <movieRevenue>45000</movieRevenue>
      <movieExpenses>2000</movieExpenses>
      <movieProfits>43000</movieProfits>
   </movie>
   <movie>
      <time>15:00</time>
      <movieName>Let</movieName>
      <movieRevenue>40000</movieRevenue>
      <movieExpenses>1500</movieExpenses>
      <movieProfits>38500</movieProfits>
   </movie>
   <movie>
      <time>15:50</time>
      <movieName>Lincoln</movieName>
      <movieRevenue>18000</movieRevenue>
      <movieExpenses>5000</movieExpenses>
      <movieProfits>13000</movieProfits>
   </movie>
   <movie>
      <time>16:00</time>
      <movieName>Nespoutaný Django</movieName>
      <movieRevenue>48000</movieRevenue>
      <movieExpenses>4000</movieExpenses>
      <movieProfits>44000</movieProfits>
   </movie>
   <movie>
      <time>19:00</time>
      <movieName>Čtyřlístek ve službách krále</movieName>
      <movieRevenue>75000</movieRevenue>
      <movieExpenses>3000</movieExpenses>
      <movieProfits>72000</movieProfits>
   </movie>
   <movie>
      <time>22:00</time>
      <movieName>Great Gatsby</movieName>
      <movieRevenue>40000</movieRevenue>
      <movieExpenses>1000</movieExpenses>
      <movieProfits>39000</movieProfits>
   </movie>
   <movie>
      <time>00:00</time>
      <movieName>Dark Knight Rises</movieName>
      <movieRevenue>18000</movieRevenue>
      <movieExpenses>100</movieExpenses>
      <movieProfits>17900</movieProfits>
   </movie>
   <movie>
      <time>12:50</time>
      <movieName>Hitchcock</movieName>
      <movieRevenue>12000</movieRevenue>
      <movieExpenses>2000</movieExpenses>
      <movieProfits>10000</movieProfits>
   </movie>
   <movie>
      <time>13:00</time>
      <movieName>Hobit: Neočekávaná cesta</movieName>
      <movieRevenue>36000</movieRevenue>
      <movieExpenses>1500</movieExpenses>
      <movieProfits>34500</movieProfits>
   </movie>
   <movie>
      <time>15:00</time>
      <movieName>Hotel Transylvánie</movieName>
      <movieRevenue>60000</movieRevenue>
      <movieExpenses>5000</movieExpenses>
      <movieProfits>55000</movieProfits>
   </movie>
   <movie>
      <time>15:50</time>
      <movieName>Let</movieName>
      <movieRevenue>100000</movieRevenue>
      <movieExpenses>4000</movieExpenses>
      <movieProfits>96000</movieProfits>
   </movie>
   <movie>
      <time>16:00</time>
      <movieName>Lincoln</movieName>
      <movieRevenue>12000</movieRevenue>
      <movieExpenses>3000</movieExpenses>
      <movieProfits>9000</movieProfits>
   </movie>
   <movie>
      <time>19:00</time>
      <movieName>Nespoutaný Django</movieName>
      <movieRevenue>36000</movieRevenue>
      <movieExpenses>1000</movieExpenses>
      <movieProfits>35000</movieProfits>
   </movie>
   <movie>
      <time>22:00</time>
      <movieName>Čtyřlístek ve službách krále</movieName>
      <movieRevenue>30000</movieRevenue>
      <movieExpenses>100</movieExpenses>
      <movieProfits>29900</movieProfits>
   </movie>
   <movie>
      <time>00:00</time>
      <movieName>Great Gatsby</movieName>
      <movieRevenue>60000</movieRevenue>
      <movieExpenses>2000</movieExpenses>
      <movieProfits>58000</movieProfits>
   </movie>
   <movie>
      <time>12:50</time>
      <movieName>Dark Knight Rises</movieName>
      <movieRevenue>24000</movieRevenue>
      <movieExpenses>1500</movieExpenses>
      <movieProfits>22500</movieProfits>
   </movie>
   <movie>
      <time>13:00</time>
      <movieName>Hitchcock</movieName>
      <movieRevenue>30000</movieRevenue>
      <movieExpenses>5000</movieExpenses>
      <movieProfits>25000</movieProfits>
   </movie>
   <movie>
      <time>15:00</time>
      <movieName>Hobit: Neočekávaná cesta</movieName>
      <movieRevenue>24000</movieRevenue>
      <movieExpenses>4000</movieExpenses>
      <movieProfits>20000</movieProfits>
   </movie>
   <movie>
      <time>15:50</time>
      <movieName>Hotel Transylvánie</movieName>
      <movieRevenue>45000</movieRevenue>
      <movieExpenses>3000</movieExpenses>
      <movieProfits>42000</movieProfits>
   </movie>
   <movie>
      <time>16:00</time>
      <movieName>Let</movieName>
      <movieRevenue>40000</movieRevenue>
      <movieExpenses>1000</movieExpenses>
      <movieProfits>39000</movieProfits>
   </movie>
   <movie>
      <time>19:00</time>
      <movieName>Lincoln</movieName>
      <movieRevenue>18000</movieRevenue>
      <movieExpenses>100</movieExpenses>
      <movieProfits>17900</movieProfits>
   </movie>
   <movie>
      <time>22:00</time>
      <movieName>Nespoutaný Django</movieName>
      <movieRevenue>48000</movieRevenue>
      <movieExpenses>2000</movieExpenses>
      <movieProfits>46000</movieProfits>
   </movie>
   <movie>
      <time>00:00</time>
      <movieName>Čtyřlístek ve službách krále</movieName>
      <movieRevenue>75000</movieRevenue>
      <movieExpenses>1500</movieExpenses>
      <movieProfits>73500</movieProfits>
   </movie>
   <movie>
      <time>12:50</time>
      <movieName>Great Gatsby</movieName>
      <movieRevenue>40000</movieRevenue>
      <movieExpenses>5000</movieExpenses>
      <movieProfits>35000</movieProfits>
   </movie>
   <movie>
      <time>13:00</time>
      <movieName>Dark Knight Rises</movieName>
      <movieRevenue>18000</movieRevenue>
      <movieExpenses>4000</movieExpenses>
      <movieProfits>14000</movieProfits>
   </movie>
   <movie>
      <time>15:00</time>
      <movieName>Hitchcock</movieName>
      <movieRevenue>12000</movieRevenue>
      <movieExpenses>3000</movieExpenses>
      <movieProfits>9000</movieProfits>
   </movie>
   <movie>
      <time>15:50</time>
      <movieName>Hobit: Neočekávaná cesta</movieName>
      <movieRevenue>36000</movieRevenue>
      <movieExpenses>1000</movieExpenses>
      <movieProfits>35000</movieProfits>
   </movie>
   <movie>
      <time>16:00</time>
      <movieName>Hotel Transylvánie</movieName>
      <movieRevenue>60000</movieRevenue>
      <movieExpenses>100</movieExpenses>
      <movieProfits>59900</movieProfits>
   </movie>
   <movie>
      <time>19:00</time>
      <movieName>Let</movieName>
      <movieRevenue>100000</movieRevenue>
      <movieExpenses>2000</movieExpenses>
      <movieProfits>98000</movieProfits>
   </movie>
   <movie>
      <time>22:00</time>
      <movieName>Lincoln</movieName>
      <movieRevenue>12000</movieRevenue>
      <movieExpenses>1500</movieExpenses>
      <movieProfits>10500</movieProfits>
   </movie>
   <movie>
      <time>00:00</time>
      <movieName>Nespoutaný Django</movieName>
      <movieRevenue>36000</movieRevenue>
      <movieExpenses>5000</movieExpenses>
      <movieProfits>31000</movieProfits>
   </movie>
   <movie>
      <time>12:50</time>
      <movieName>Čtyřlístek ve službách krále</movieName>
      <movieRevenue>30000</movieRevenue>
      <movieExpenses>4000</movieExpenses>
      <movieProfits>26000</movieProfits>
   </movie>
   <movie>
      <time>13:00</time>
      <movieName>Great Gatsby</movieName>
      <movieRevenue>60000</movieRevenue>
      <movieExpenses>3000</movieExpenses>
      <movieProfits>57000</movieProfits>
   </movie>
   <movie>
      <time>15:00</time>
      <movieName>Dark Knight Rises</movieName>
      <movieRevenue>24000</movieRevenue>
      <movieExpenses>1000</movieExpenses>
      <movieProfits>23000</movieProfits>
   </movie>
   <movie>
      <time>15:50</time>
      <movieName>Hitchcock</movieName>
      <movieRevenue>30000</movieRevenue>
      <movieExpenses>100</movieExpenses>
      <movieProfits>29900</movieProfits>
   </movie>
   <movie>
      <time>16:00</time>
      <movieName>Hobit: Neočekávaná cesta</movieName>
      <movieRevenue>24000</movieRevenue>
      <movieExpenses>2000</movieExpenses>
      <movieProfits>22000</movieProfits>
   </movie>
   <movie>
      <time>19:00</time>
      <movieName>Hotel Transylvánie</movieName>
      <movieRevenue>45000</movieRevenue>
      <movieExpenses>1500</movieExpenses>
      <movieProfits>43500</movieProfits>
   </movie>
   <movie>
      <time>22:00</time>
      <movieName>Let</movieName>
      <movieRevenue>40000</movieRevenue>
      <movieExpenses>5000</movieExpenses>
      <movieProfits>35000</movieProfits>
   </movie>
   <movie>
      <time>00:00</time>
      <movieName>Lincoln</movieName>
      <movieRevenue>18000</movieRevenue>
      <movieExpenses>4000</movieExpenses>
      <movieProfits>14000</movieProfits>
   </movie>
   <movie>
      <time>12:50</time>
      <movieName>Nespoutaný Django</movieName>
      <movieRevenue>48000</movieRevenue>
      <movieExpenses>3000</movieExpenses>
      <movieProfits>45000</movieProfits>
   </movie>
   <movie>
      <time>13:00</time>
      <movieName>Čtyřlístek ve službách krále</movieName>
      <movieRevenue>75000</movieRevenue>
      <movieExpenses>1000</movieExpenses>
      <movieProfits>74000</movieProfits>
   </movie>
   <movie>
      <time>15:00</time>
      <movieName>Great Gatsby</movieName>
      <movieRevenue>40000</movieRevenue>
      <movieExpenses>100</movieExpenses>
      <movieProfits>39900</movieProfits>
   </movie>
   <movie>
      <time>15:50</time>
      <movieName>Dark Knight Rises</movieName>
      <movieRevenue>18000</movieRevenue>
      <movieExpenses>2000</movieExpenses>
      <movieProfits>16000</movieProfits>
   </movie>
   <movie>
      <time>16:00</time>
      <movieName>Hitchcock</movieName>
      <movieRevenue>12000</movieRevenue>
      <movieExpenses>1500</movieExpenses>
      <movieProfits>10500</movieProfits>
   </movie>
   <movie>
      <time>19:00</time>
      <movieName>Hobit: Neočekávaná cesta</movieName>
      <movieRevenue>36000</movieRevenue>
      <movieExpenses>5000</movieExpenses>
      <movieProfits>31000</movieProfits>
   </movie>
   <movie>
      <time>22:00</time>
      <movieName>Hotel Transylvánie</movieName>
      <movieRevenue>60000</movieRevenue>
      <movieExpenses>4000</movieExpenses>
      <movieProfits>56000</movieProfits>
   </movie>
   <movie>
      <time>00:00</time>
      <movieName>Let</movieName>
      <movieRevenue>100000</movieRevenue>
      <movieExpenses>3000</movieExpenses>
      <movieProfits>97000</movieProfits>
   </movie>
   <movie>
      <time>12:50</time>
      <movieName>Lincoln</movieName>
      <movieRevenue>12000</movieRevenue>
      <movieExpenses>1000</movieExpenses>
      <movieProfits>11000</movieProfits>
   </movie>
   <movie>
      <time>13:00</time>
      <movieName>Nespoutaný Django</movieName>
      <movieRevenue>36000</movieRevenue>
      <movieExpenses>100</movieExpenses>
      <movieProfits>35900</movieProfits>
   </movie>
   <movie>
      <time>15:00</time>
      <movieName>Čtyřlístek ve službách krále</movieName>
      <movieRevenue>30000</movieRevenue>
      <movieExpenses>2000</movieExpenses>
      <movieProfits>28000</movieProfits>
   </movie>
   <movie>
      <time>15:50</time>
      <movieName>Great Gatsby</movieName>
      <movieRevenue>60000</movieRevenue>
      <movieExpenses>1500</movieExpenses>
      <movieProfits>58500</movieProfits>
   </movie>
   <movie>
      <time>16:00</time>
      <movieName>Dark Knight Rises</movieName>
      <movieRevenue>24000</movieRevenue>
      <movieExpenses>5000</movieExpenses>
      <movieProfits>19000</movieProfits>
   </movie>
   <movie>
      <time>19:00</time>
      <movieName>Hitchcock</movieName>
      <movieRevenue>30000</movieRevenue>
      <movieExpenses>4000</movieExpenses>
      <movieProfits>26000</movieProfits>
   </movie>
   <movie>
      <time>22:00</time>
      <movieName>Hobit: Neočekávaná cesta</movieName>
      <movieRevenue>24000</movieRevenue>
      <movieExpenses>3000</movieExpenses>
      <movieProfits>21000</movieProfits>
   </movie>
   <movie>
      <time>00:00</time>
      <movieName>Hotel Transylvánie</movieName>
      <movieRevenue>45000</movieRevenue>
      <movieExpenses>1000</movieExpenses>
      <movieProfits>44000</movieProfits>
   </movie>
   <movie>
      <time>12:50</time>
      <movieName>Let</movieName>
      <movieRevenue>40000</movieRevenue>
      <movieExpenses>100</movieExpenses>
      <movieProfits>39900</movieProfits>
   </movie>
   <movie>
      <time>13:00</time>
      <movieName>Lincoln</movieName>
      <movieRevenue>18000</movieRevenue>
      <movieExpenses>2000</movieExpenses>
      <movieProfits>16000</movieProfits>
   </movie>
   <movie>
      <time>15:00</time>
      <movieName>Nespoutaný Django</movieName>
      <movieRevenue>48000</movieRevenue>
      <movieExpenses>1500</movieExpenses>
      <movieProfits>46500</movieProfits>
   </movie>
   <movie>
      <time>15:50</time>
      <movieName>Čtyřlístek ve službách krále</movieName>
      <movieRevenue>75000</movieRevenue>
      <movieExpenses>5000</movieExpenses>
      <movieProfits>70000</movieProfits>
   </movie>
   <movie>
      <time>16:00</time>
      <movieName>Great Gatsby</movieName>
      <movieRevenue>40000</movieRevenue>
      <movieExpenses>4000</movieExpenses>
      <movieProfits>36000</movieProfits>
   </movie>
   <movie>
      <time>19:00</time>
      <movieName>Dark Knight Rises</movieName>
      <movieRevenue>18000</movieRevenue>
      <movieExpenses>3000</movieExpenses>
      <movieProfits>15000</movieProfits>
   </movie>
   <movie>
      <time>22:00</time>
      <movieName>Hitchcock</movieName>
      <movieRevenue>12000</movieRevenue>
      <movieExpenses>1000</movieExpenses>
      <movieProfits>11000</movieProfits>
   </movie>
   <movie>
      <time>00:00</time>
      <movieName>Hobit: Neočekávaná cesta</movieName>
      <movieRevenue>36000</movieRevenue>
      <movieExpenses>100</movieExpenses>
      <movieProfits>35900</movieProfits>
   </movie>
   <movie>
      <time>12:50</time>
      <movieName>Hotel Transylvánie</movieName>
      <movieRevenue>60000</movieRevenue>
      <movieExpenses>2000</movieExpenses>
      <movieProfits>58000</movieProfits>
   </movie>
   <movie>
      <time>13:00</time>
      <movieName>Let</movieName>
      <movieRevenue>100000</movieRevenue>
      <movieExpenses>1500</movieExpenses>
      <movieProfits>98500</movieProfits>
   </movie>
   <movie>
      <time>15:00</time>
      <movieName>Lincoln</movieName>
      <movieRevenue>12000</movieRevenue>
      <movieExpenses>5000</movieExpenses>
      <movieProfits>7000</movieProfits>
   </movie>
   <movie>
      <time>15:50</time>
      <movieName>Nespoutaný Django</movieName>
      <movieRevenue>36000</movieRevenue>
      <movieExpenses>4000</movieExpenses>
      <movieProfits>32000</movieProfits>
   </movie>
   <movie>
      <time>16:00</time>
      <movieName>Čtyřlístek ve službách krále</movieName>
      <movieRevenue>30000</movieRevenue>
      <movieExpenses>3000</movieExpenses>
      <movieProfits>27000</movieProfits>
   </movie>
   <movie>
      <time>19:00</time>
      <movieName>Great Gatsby</movieName>
      <movieRevenue>60000</movieRevenue>
      <movieExpenses>1000</movieExpenses>
      <movieProfits>59000</movieProfits>
   </movie>
   <movie>
      <time>22:00</time>
      <movieName>Dark Knight Rises</movieName>
      <movieRevenue>24000</movieRevenue>
      <movieExpenses>100</movieExpenses>
      <movieProfits>23900</movieProfits>
   </movie>
   <movie>
      <time>00:00</time>
      <movieName>Hitchcock</movieName>
      <movieRevenue>30000</movieRevenue>
      <movieExpenses>2000</movieExpenses>
      <movieProfits>28000</movieProfits>
   </movie>
   <movie>
      <time>12:50</time>
      <movieName>Hobit: Neočekávaná cesta</movieName>
      <movieRevenue>24000</movieRevenue>
      <movieExpenses>1500</movieExpenses>
      <movieProfits>22500</movieProfits>
   </movie>
   <movie>
      <time>13:00</time>
      <movieName>Hotel Transylvánie</movieName>
      <movieRevenue>45000</movieRevenue>
      <movieExpenses>5000</movieExpenses>
      <movieProfits>40000</movieProfits>
   </movie>
   <movie>
      <time>15:00</time>
      <movieName>Let</movieName>
      <movieRevenue>40000</movieRevenue>
      <movieExpenses>4000</movieExpenses>
      <movieProfits>36000</movieProfits>
   </movie>
   <movie>
      <time>15:50</time>
      <movieName>Lincoln</movieName>
      <movieRevenue>18000</movieRevenue>
      <movieExpenses>3000</movieExpenses>
      <movieProfits>15000</movieProfits>
   </movie>
   <movie>
      <time>16:00</time>
      <movieName>Nespoutaný Django</movieName>
      <movieRevenue>48000</movieRevenue>
      <movieExpenses>1000</movieExpenses>
      <movieProfits>47000</movieProfits>
   </movie>
   <movie>
      <time>19:00</time>
      <movieName>Čtyřlístek ve službách krále</movieName>
      <movieRevenue>75000</movieRevenue>
      <movieExpenses>100</movieExpenses>
      <movieProfits>74900</movieProfits>
   </movie>
   <movie>
      <time>22:00</time>
      <movieName>Great Gatsby</movieName>
      <movieRevenue>40000</movieRevenue>
      <movieExpenses>2000</movieExpenses>
      <movieProfits>38000</movieProfits>
   </movie>
   <movie>
      <time>00:00</time>
      <movieName>Dark Knight Rises</movieName>
      <movieRevenue>18000</movieRevenue>
      <movieExpenses>1500</movieExpenses>
      <movieProfits>16500</movieProfits>
   </movie>
   <movie>
      <time>12:50</time>
      <movieName>Hitchcock</movieName>
      <movieRevenue>12000</movieRevenue>
      <movieExpenses>5000</movieExpenses>
      <movieProfits>7000</movieProfits>
   </movie>
   <movie>
      <time>13:00</time>
      <movieName>Hobit: Neočekávaná cesta</movieName>
      <movieRevenue>36000</movieRevenue>
      <movieExpenses>4000</movieExpenses>
      <movieProfits>32000</movieProfits>
   </movie>
   <movie>
      <time>15:00</time>
      <movieName>Hotel Transylvánie</movieName>
      <movieRevenue>60000</movieRevenue>
      <movieExpenses>3000</movieExpenses>
      <movieProfits>57000</movieProfits>
   </movie>
   <movie>
      <time>15:50</time>
      <movieName>Let</movieName>
      <movieRevenue>100000</movieRevenue>
      <movieExpenses>1000</movieExpenses>
      <movieProfits>99000</movieProfits>
   </movie>
   <movie>
      <time>16:00</time>
      <movieName>Lincoln</movieName>
      <movieRevenue>12000</movieRevenue>
      <movieExpenses>100</movieExpenses>
      <movieProfits>11900</movieProfits>
   </movie>
   <movie>
      <time>19:00</time>
      <movieName>Nespoutaný Django</movieName>
      <movieRevenue>36000</movieRevenue>
      <movieExpenses>2000</movieExpenses>
      <movieProfits>34000</movieProfits>
   </movie>
   <movie>
      <time>22:00</time>
      <movieName>Čtyřlístek ve službách krále</movieName>
      <movieRevenue>30000</movieRevenue>
      <movieExpenses>1500</movieExpenses>
      <movieProfits>28500</movieProfits>
   </movie>
   <movie>
      <time>00:00</time>
      <movieName>Great Gatsby</movieName>
      <movieRevenue>60000</movieRevenue>
      <movieExpenses>5000</movieExpenses>
      <movieProfits>55000</movieProfits>
   </movie>
   <movie>
      <time>12:50</time>
      <movieName>Dark Knight Rises</movieName>
      <movieRevenue>24000</movieRevenue>
      <movieExpenses>4000</movieExpenses>
      <movieProfits>20000</movieProfits>
   </movie>
   <movie>
      <time>13:00</time>
      <movieName>Hitchcock</movieName>
      <movieRevenue>30000</movieRevenue>
      <movieExpenses>3000</movieExpenses>
      <movieProfits>27000</movieProfits>
   </movie>
   <movie>
      <time>15:00</time>
      <movieName>Hobit: Neočekávaná cesta</movieName>
      <movieRevenue>24000</movieRevenue>
      <movieExpenses>1000</movieExpenses>
      <movieProfits>23000</movieProfits>
   </movie>
   <movie>
      <time>15:50</time>
      <movieName>Hotel Transylvánie</movieName>
      <movieRevenue>45000</movieRevenue>
      <movieExpenses>100</movieExpenses>
      <movieProfits>44900</movieProfits>
   </movie>
   <movie>
      <time>16:00</time>
      <movieName>Let</movieName>
      <movieRevenue>40000</movieRevenue>
      <movieExpenses>2000</movieExpenses>
      <movieProfits>38000</movieProfits>
   </movie>
   <movie>
      <time>19:00</time>
      <movieName>Lincoln</movieName>
      <movieRevenue>18000</movieRevenue>
      <movieExpenses>1500</movieExpenses>
      <movieProfits>16500</movieProfits>
   </movie>
   <movie>
      <time>22:00</time>
      <movieName>Nespoutaný Django</movieName>
      <movieRevenue>48000</movieRevenue>
      <movieExpenses>5000</movieExpenses>
      <movieProfits>43000</movieProfits>
   </movie>
   <movie>
      <time>00:00</time>
      <movieName>Čtyřlístek ve službách krále</movieName>
      <movieRevenue>75000</movieRevenue>
      <movieExpenses>4000</movieExpenses>
      <movieProfits>71000</movieProfits>
   </movie>
   <movie>
      <time>12:50</time>
      <movieName>Great Gatsby</movieName>
      <movieRevenue>40000</movieRevenue>
      <movieExpenses>3000</movieExpenses>
      <movieProfits>37000</movieProfits>
   </movie>
   <movie>
      <time>13:00</time>
      <movieName>Dark Knight Rises</movieName>
      <movieRevenue>18000</movieRevenue>
      <movieExpenses>1000</movieExpenses>
      <movieProfits>17000</movieProfits>
   </movie>
   <movie>
      <time>15:00</time>
      <movieName>Hitchcock</movieName>
      <movieRevenue>12000</movieRevenue>
      <movieExpenses>100</movieExpenses>
      <movieProfits>11900</movieProfits>
   </movie>
   <movie>
      <time>15:50</time>
      <movieName>Hobit: Neočekávaná cesta</movieName>
      <movieRevenue>36000</movieRevenue>
      <movieExpenses>2000</movieExpenses>
      <movieProfits>34000</movieProfits>
   </movie>
   <movie>
      <time>16:00</time>
      <movieName>Hotel Transylvánie</movieName>
      <movieRevenue>60000</movieRevenue>
      <movieExpenses>1500</movieExpenses>
      <movieProfits>58500</movieProfits>
   </movie>
   <movie>
      <time>19:00</time>
      <movieName>Let</movieName>
      <movieRevenue>100000</movieRevenue>
      <movieExpenses>5000</movieExpenses>
      <movieProfits>95000</movieProfits>
   </movie>
   <movie>
      <time>22:00</time>
      <movieName>Lincoln</movieName>
      <movieRevenue>12000</movieRevenue>
      <movieExpenses>4000</movieExpenses>
      <movieProfits>8000</movieProfits>
   </movie>
   <movie>
      <time>00:00</time>
      <movieName>Nespoutaný Django</movieName>
      <movieRevenue>36000</movieRevenue>
      <movieExpenses>3000</movieExpenses>
      <movieProfits>33000</movieProfits>
   </movie>
   <movie>
      <time>12:50</time>
      <movieName>Čtyřlístek ve službách krále</movieName>
      <movieRevenue>30000</movieRevenue>
      <movieExpenses>1000</movieExpenses>
      <movieProfits>29000</movieProfits>
   </movie>
   <movie>
      <time>13:00</time>
      <movieName>Great Gatsby</movieName>
      <movieRevenue>60000</movieRevenue>
      <movieExpenses>100</movieExpenses>
      <movieProfits>59900</movieProfits>
   </movie>
   <movie>
      <time>15:00</time>
      <movieName>Dark Knight Rises</movieName>
      <movieRevenue>24000</movieRevenue>
      <movieExpenses>2000</movieExpenses>
      <movieProfits>22000</movieProfits>
   </movie>
   <movie>
      <time>15:50</time>
      <movieName>Hitchcock</movieName>
      <movieRevenue>30000</movieRevenue>
      <movieExpenses>1500</movieExpenses>
      <movieProfits>28500</movieProfits>
   </movie>
   <movie>
      <time>16:00</time>
      <movieName>Hobit: Neočekávaná cesta</movieName>
      <movieRevenue>24000</movieRevenue>
      <movieExpenses>5000</movieExpenses>
      <movieProfits>19000</movieProfits>
   </movie>
   <movie>
      <time>19:00</time>
      <movieName>Hotel Transylvánie</movieName>
      <movieRevenue>45000</movieRevenue>
      <movieExpenses>4000</movieExpenses>
      <movieProfits>41000</movieProfits>
   </movie>
   <movie>
      <time>22:00</time>
      <movieName>Let</movieName>
      <movieRevenue>40000</movieRevenue>
      <movieExpenses>3000</movieExpenses>
      <movieProfits>37000</movieProfits>
   </movie>
   <movie>
      <time>00:00</time>
      <movieName>Lincoln</movieName>
      <movieRevenue>18000</movieRevenue>
      <movieExpenses>1000</movieExpenses>
      <movieProfits>17000</movieProfits>
   </movie>
   <movie>
      <time>12:50</time>
      <movieName>Nespoutaný Django</movieName>
      <movieRevenue>48000</movieRevenue>
      <movieExpenses>100</movieExpenses>
      <movieProfits>47900</movieProfits>
   </movie>
   <movie>
      <time>13:00</time>
      <movieName>Čtyřlístek ve službách krále</movieName>
      <movieRevenue>75000</movieRevenue>
      <movieExpenses>2000</movieExpenses>
      <movieProfits>73000</movieProfits>
   </movie>
   <movie>
      <time>15:00</time>
      <movieName>Great Gatsby</movieName>
      <movieRevenue>40000</movieRevenue>
      <movieExpenses>1500</movieExpenses>
      <movieProfits>38500</movieProfits>
   </movie>
   <movie>
      <time>15:50</time>
      <movieName>Dark Knight Rises</movieName>
      <movieRevenue>18000</movieRevenue>
      <movieExpenses>5000</movieExpenses>
      <movieProfits>13000</movieProfits>
   </movie>
   <movie>
      <time>16:00</time>
      <movieName>Hitchcock</movieName>
      <movieRevenue>12000</movieRevenue>
      <movieExpenses>4000</movieExpenses>
      <movieProfits>8000</movieProfits>
   </movie>
   <movie>
      <time>19:00</time>
      <movieName>Hobit: Neočekávaná cesta</movieName>
      <movieRevenue>36000</movieRevenue>
      <movieExpenses>3000</movieExpenses>
      <movieProfits>33000</movieProfits>
   </movie>
   <movie>
      <time>22:00</time>
      <movieName>Hotel Transylvánie</movieName>
      <movieRevenue>60000</movieRevenue>
      <movieExpenses>1000</movieExpenses>
      <movieProfits>59000</movieProfits>
   </movie>
   <movie>
      <time>00:00</time>
      <movieName>Let</movieName>
      <movieRevenue>100000</movieRevenue>
      <movieExpenses>100</movieExpenses>
      <movieProfits>99900</movieProfits>
   </movie>
   <movie>
      <time>12:50</time>
      <movieName>Lincoln</movieName>
      <movieRevenue>12000</movieRevenue>
      <movieExpenses>2000</movieExpenses>
      <movieProfits>10000</movieProfits>
   </movie>
   <movie>
      <time>13:00</time>
      <movieName>Nespoutaný Django</movieName>
      <movieRevenue>36000</movieRevenue>
      <movieExpenses>1500</movieExpenses>
      <movieProfits>34500</movieProfits>
   </movie>
   <movie>
      <time>15:00</time>
      <movieName>Čtyřlístek ve službách krále</movieName>
      <movieRevenue>30000</movieRevenue>
      <movieExpenses>5000</movieExpenses>
      <movieProfits>25000</movieProfits>
   </movie>
   <movie>
      <time>15:50</time>
      <movieName>Great Gatsby</movieName>
      <movieRevenue>60000</movieRevenue>
      <movieExpenses>4000</movieExpenses>
      <movieProfits>56000</movieProfits>
   </movie>
   <movie>
      <time>16:00</time>
      <movieName>Dark Knight Rises</movieName>
      <movieRevenue>24000</movieRevenue>
      <movieExpenses>3000</movieExpenses>
      <movieProfits>21000</movieProfits>
   </movie>
   <movie>
      <time>19:00</time>
      <movieName>Hitchcock</movieName>
      <movieRevenue>30000</movieRevenue>
      <movieExpenses>1000</movieExpenses>
      <movieProfits>29000</movieProfits>
   </movie>
   <movie>
      <time>22:00</time>
      <movieName>Hobit: Neočekávaná cesta</movieName>
      <movieRevenue>24000</movieRevenue>
      <movieExpenses>100</movieExpenses>
      <movieProfits>23900</movieProfits>
   </movie>
   <movie>
      <time>00:00</time>
      <movieName>Hotel Transylvánie</movieName>
      <movieRevenue>45000</movieRevenue>
      <movieExpenses>2000</movieExpenses>
      <movieProfits>43000</movieProfits>
   </movie>
   <movie>
      <time>12:50</time>
      <movieName>Let</movieName>
      <movieRevenue>40000</movieRevenue>
      <movieExpenses>1500</movieExpenses>
      <movieProfits>38500</movieProfits>
   </movie>
   <movie>
      <time>13:00</time>
      <movieName>Lincoln</movieName>
      <movieRevenue>18000</movieRevenue>
      <movieExpenses>5000</movieExpenses>
      <movieProfits>13000</movieProfits>
   </movie>
   <movie>
      <time>15:00</time>
      <movieName>Nespoutaný Django</movieName>
      <movieRevenue>48000</movieRevenue>
      <movieExpenses>4000</movieExpenses>
      <movieProfits>44000</movieProfits>
   </movie>
   <movie>
      <time>15:50</time>
      <movieName>Čtyřlístek ve službách krále</movieName>
      <movieRevenue>75000</movieRevenue>
      <movieExpenses>3000</movieExpenses>
      <movieProfits>72000</movieProfits>
   </movie>
   <movie>
      <time>16:00</time>
      <movieName>Great Gatsby</movieName>
      <movieRevenue>40000</movieRevenue>
      <movieExpenses>1000</movieExpenses>
      <movieProfits>39000</movieProfits>
   </movie>
   <movie>
      <time>19:00</time>
      <movieName>Dark Knight Rises</movieName>
      <movieRevenue>18000</movieRevenue>
      <movieExpenses>100</movieExpenses>
      <movieProfits>17900</movieProfits>
   </movie>
   <movie>
      <time>22:00</time>
      <movieName>Hitchcock</movieName>
      <movieRevenue>12000</movieRevenue>
      <movieExpenses>2000</movieExpenses>
      <movieProfits>10000</movieProfits>
   </movie>
   <movie>
      <time>00:00</time>
      <movieName>Hobit: Neočekávaná cesta</movieName>
      <movieRevenue>36000</movieRevenue>
      <movieExpenses>1500</movieExpenses>
      <movieProfits>34500</movieProfits>
   </movie>
   <movie>
      <time>12:50</time>
      <movieName>Hotel Transylvánie</movieName>
      <movieRevenue>60000</movieRevenue>
      <movieExpenses>5000</movieExpenses>
      <movieProfits>55000</movieProfits>
   </movie>
   <movie>
      <time>13:00</time>
      <movieName>Let</movieName>
      <movieRevenue>100000</movieRevenue>
      <movieExpenses>4000</movieExpenses>
      <movieProfits>96000</movieProfits>
   </movie>
   <movie>
      <time>15:00</time>
      <movieName>Lincoln</movieName>
      <movieRevenue>12000</movieRevenue>
      <movieExpenses>3000</movieExpenses>
      <movieProfits>9000</movieProfits>
   </movie>
   <movie>
      <time>15:50</time>
      <movieName>Nespoutaný Django</movieName>
      <movieRevenue>36000</movieRevenue>
      <movieExpenses>1000</movieExpenses>
      <movieProfits>35000</movieProfits>
   </movie>
   <movie>
      <time>16:00</time>
      <movieName>Čtyřlístek ve službách krále</movieName>
      <movieRevenue>30000</movieRevenue>
      <movieExpenses>100</movieExpenses>
      <movieProfits>29900</movieProfits>
   </movie>
   <movie>
      <time>19:00</time>
      <movieName>Great Gatsby</movieName>
      <movieRevenue>60000</movieRevenue>
      <movieExpenses>2000</movieExpenses>
      <movieProfits>58000</movieProfits>
   </movie>
   <movie>
      <time>22:00</time>
      <movieName>Dark Knight Rises</movieName>
      <movieRevenue>24000</movieRevenue>
      <movieExpenses>1500</movieExpenses>
      <movieProfits>22500</movieProfits>
   </movie>
   <movie>
      <time>00:00</time>
      <movieName>Hitchcock</movieName>
      <movieRevenue>30000</movieRevenue>
      <movieExpenses>5000</movieExpenses>
      <movieProfits>25000</movieProfits>
   </movie>
   <movie>
      <time>12:50</time>
      <movieName>Hobit: Neočekávaná cesta</movieName>
      <movieRevenue>24000</movieRevenue>
      <movieExpenses>4000</movieExpenses>
      <movieProfits>20000</movieProfits>
   </movie>
   <movie>
      <time>13:00</time>
      <movieName>Hotel Transylvánie</movieName>
      <movieRevenue>45000</movieRevenue>
      <movieExpenses>3000</movieExpenses>
      <movieProfits>42000</movieProfits>
   </movie>
   <movie>
      <time>15:00</time>
      <movieName>Let</movieName>
      <movieRevenue>40000</movieRevenue>
      <movieExpenses>1000</movieExpenses>
      <movieProfits>39000</movieProfits>
   </movie>
   <movie>
      <time>15:50</time>
      <movieName>Lincoln</movieName>
      <movieRevenue>18000</movieRevenue>
      <movieExpenses>100</movieExpenses>
      <movieProfits>17900</movieProfits>
   </movie>
   <movie>
      <time>16:00</time>
      <movieName>Nespoutaný Django</movieName>
      <movieRevenue>48000</movieRevenue>
      <movieExpenses>2000</movieExpenses>
      <movieProfits>46000</movieProfits>
   </movie>
   <movie>
      <time>19:00</time>
      <movieName>Čtyřlístek ve službách krále</movieName>
      <movieRevenue>75000</movieRevenue>
      <movieExpenses>1500</movieExpenses>
      <movieProfits>73500</movieProfits>
   </movie>
   <movie>
      <time>22:00</time>
      <movieName>Great Gatsby</movieName>
      <movieRevenue>40000</movieRevenue>
      <movieExpenses>5000</movieExpenses>
      <movieProfits>35000</movieProfits>
   </movie>
   <movie>
      <time>00:00</time>
      <movieName>Dark Knight Rises</movieName>
      <movieRevenue>18000</movieRevenue>
      <movieExpenses>4000</movieExpenses>
      <movieProfits>14000</movieProfits>
   </movie>
   <movie>
      <time>12:50</time>
      <movieName>Hitchcock</movieName>
      <movieRevenue>12000</movieRevenue>
      <movieExpenses>3000</movieExpenses>
      <movieProfits>9000</movieProfits>
   </movie>
   <movie>
      <time>13:00</time>
      <movieName>Hobit: Neočekávaná cesta</movieName>
      <movieRevenue>36000</movieRevenue>
      <movieExpenses>1000</movieExpenses>
      <movieProfits>35000</movieProfits>
   </movie>
   <movie>
      <time>15:00</time>
      <movieName>Hotel Transylvánie</movieName>
      <movieRevenue>60000</movieRevenue>
      <movieExpenses>100</movieExpenses>
      <movieProfits>59900</movieProfits>
   </movie>
   <movie>
      <time>15:50</time>
      <movieName>Let</movieName>
      <movieRevenue>100000</movieRevenue>
      <movieExpenses>2000</movieExpenses>
      <movieProfits>98000</movieProfits>
   </movie>
   <movie>
      <time>16:00</time>
      <movieName>Lincoln</movieName>
      <movieRevenue>12000</movieRevenue>
      <movieExpenses>1500</movieExpenses>
      <movieProfits>10500</movieProfits>
   </movie>
   <movie>
      <time>19:00</time>
      <movieName>Nespoutaný Django</movieName>
      <movieRevenue>36000</movieRevenue>
      <movieExpenses>5000</movieExpenses>
      <movieProfits>31000</movieProfits>
   </movie>
   <movie>
      <time>22:00</time>
      <movieName>Čtyřlístek ve službách krále</movieName>
      <movieRevenue>30000</movieRevenue>
      <movieExpenses>4000</movieExpenses>
      <movieProfits>26000</movieProfits>
   </movie>
   <movie>
      <time>00:00</time>
      <movieName>Great Gatsby</movieName>
      <movieRevenue>60000</movieRevenue>
      <movieExpenses>3000</movieExpenses>
      <movieProfits>57000</movieProfits>
   </movie>
   <movie>
      <time>12:50</time>
      <movieName>Dark Knight Rises</movieName>
      <movieRevenue>24000</movieRevenue>
      <movieExpenses>1000</movieExpenses>
      <movieProfits>23000</movieProfits>
   </movie>
</profitInformation>