<?xml version="1.0" encoding="UTF-8"?>
<movies>
   <movie>
      <name>Hitchcock</name>
      <studio>Universal</studio>
   </movie>
   <movie>
      <name>Hobit: Neočekávaná cesta</name>
      <studio>Universal</studio>
   </movie>
   <movie>
      <name>Hotel Transylvánie</name>
      <studio>Universal</studio>
   </movie>
   <movie>
      <name>Let</name>
      <studio>Warner Bros.</studio>
   </movie>
   <movie>
      <name>Lincoln</name>
      <studio>Warner Bros.</studio>
   </movie>
   <movie>
      <name>Nespoutaný Django</name>
      <studio>Warner Bros.</studio>
   </movie>
   <movie>
      <name>Čtyřlístek ve službách krále</name>
      <studio>Disney</studio>
   </movie>
   <movie>
      <name>Great Gatsby</name>
      <studio>Disney</studio>
   </movie>
   <movie>
      <name>Dark Knight Rises</name>
      <studio>Disney</studio>
   </movie>
   <movie>
      <name>Life of Pi</name>
      <studio/>
   </movie>
   <movie>
      <name>Hitchcock</name>
      <studio/>
   </movie>
   <movie>
      <name>Hobit: Neočekávaná cesta</name>
      <studio/>
   </movie>
   <movie>
      <name>Hotel Transylvánie</name>
      <studio/>
   </movie>
   <movie>
      <name>Let</name>
      <studio/>
   </movie>
   <movie>
      <name>Lincoln</name>
      <studio/>
   </movie>,        
        <movie>
      <name>The Matrix</name>
      <studio>Universal</studio>
   </movie>
   <movie>
      <name>The Matrix 2</name>
      <studio>Universal</studio>
   </movie>
   <movie>
      <name>The Matrix 3</name>
      <studio>Universal</studio>
   </movie>
</movies>