<?xml version="1.1" encoding="UTF-8" standalone="no"?><?xml-stylesheet type="text/xsl" href="style.xsl"?>
<!-- Data z http://igokisen.web.fc2.com/wr/15sc.html a http://igokisen.web.fc2.com/wr/3bc.html --><databaze>
	<seznam_hracu>
		<hrac id="h1" pohlavi="M">
			<jmeno>Kim Jiseok</jmeno>
			<trida>7d</trida>
			<narodnost>KOR</narodnost>
		</hrac>
		<hrac id="h2" pohlavi="M">
			<jmeno>Gu Li</jmeno>
			<trida>9d</trida>
			<narodnost>CHN</narodnost>
		</hrac>
		<hrac id="h3" pohlavi="M">
			<jmeno>Park Junghwan</jmeno>
			<trida>8d</trida>
			<narodnost>KOR</narodnost>
		</hrac>
		<hrac id="h4" pohlavi="M">
			<jmeno>Heo Yeongho</jmeno>
			<trida>7d</trida>
			<narodnost>KOR</narodnost>
		</hrac>
		<hrac id="h5" pohlavi="M">
			<jmeno>Lee Sedol</jmeno>
			<trida>9d</trida>
			<narodnost>KOR</narodnost>
		</hrac>
		<hrac id="h6" pohlavi="M">
			<jmeno>Kong Jie</jmeno>
			<trida>9d</trida>
			<narodnost>CHN</narodnost>
		</hrac>
		<hrac id="h7" pohlavi="M">
			<jmeno>Won Sungjin</jmeno>
			<trida>9d</trida>
			<narodnost>KOR</narodnost>
		</hrac>
		<hrac id="h8" pohlavi="M">
			<jmeno>Wang Lei</jmeno>
			<trida>6d</trida>
			<narodnost>CHN</narodnost>
		</hrac>
		<hrac id="h9" pohlavi="M">
			<jmeno>Lee Changho</jmeno>
			<trida>9d</trida>
			<narodnost>KOR</narodnost>
		</hrac>
		<hrac id="h10" pohlavi="Z">
			<jmeno>Park Jiyeon</jmeno>
			<trida>2d</trida>
			<narodnost>KOR</narodnost>
		</hrac>
		<hrac id="h11" pohlavi="M">
			<jmeno>Yamashita Keigo</jmeno>
			<trida>9d</trida>
			<narodnost>JPN</narodnost>
		</hrac>
		<hrac id="h12" pohlavi="M">
			<jmeno>Han Sanghoon</jmeno>
			<trida>6d</trida>
			<narodnost>KOR</narodnost>
		</hrac>
	</seznam_hracu>
	
	<seznam_turnaju>
		<turnaj id="t1">
			<nazev>Samsung Cup</nazev>
			<rocnik>15</rocnik>
			<rok>2010</rok>
			<prvni_cena>2000000<mena>won</mena></prvni_cena>
			<vitez>h2</vitez>
			<seznam_partii>
				<partie bily="h2" cerny="h1" id="p1">
					<cerny>Kim Jiseok</cerny>
					<bily>Gu Li</bily>
					<datum>2010-11-01</datum>
					<vysledek>B</vysledek>
					<rozdil>R</rozdil>
				</partie>
				<partie bily="h3" cerny="h3" id="p2">
					<cerny>Park Junghwan</cerny>
					<bily>Heo Yeongho</bily>
					<datum>2010-11-01</datum>
					<vysledek>B</vysledek>
					<rozdil>R</rozdil>
				</partie>
				<partie bily="h2" cerny="h4" id="p3">
					<cerny>Heo Yeongho</cerny>
					<bily>Gu Li</bily>
					<datum>2010-12-07</datum>
					<vysledek>B</vysledek>
					<rozdil>2.5</rozdil>
					<komentar>fin?le</komentar>
					<sgf src="http://igokisen.web.fc2.com/wr/15scf1.sgf"/>
				</partie>
				<partie bily="h1" cerny="h6" id="p7">
					<cerny>Kong Jie</cerny>
					<bily>Kim Jiseok</bily>
					<datum>2010-10-14</datum>
					<vysledek>B</vysledek>
					<rozdil>R</rozdil>
				</partie>
				<partie bily="h2" cerny="h5" id="p8">
					<cerny>Lee Sedol</cerny>
					<bily>Gu Li</bily>
					<datum>2010-10-14</datum>
					<vysledek>B</vysledek>
					<rozdil>R</rozdil>
				</partie>
				<partie bily="h7" cerny="h3" id="p9">
					<cerny>Park Junghwan</cerny>
					<bily>Won Sungjin</bily>
					<datum>2010-10-14</datum>
					<vysledek>C</vysledek>
					<rozdil>R</rozdil>
				</partie>
				<partie bily="h8" cerny="h4" id="p10">
					<cerny>Heo Yeongho</cerny>
					<bily>Wang Lei</bily>
					<datum>2010-10-14</datum>
					<vysledek>C</vysledek>
					<rozdil>R</rozdil>
				</partie>
				<partie bily="h6" cerny="h9" id="p11">
					<cerny>Lee Changho</cerny>
					<bily>Kong Jie</bily>
					<datum>2010-10-13</datum>
					<vysledek>B</vysledek>
					<rozdil>R</rozdil>
					<komentar>"Kamenn? Buddha" Lee Changho u? nevl?dne mezin?rodn?m turnaj?m jako p?ed lety a tentokr?t vypadl hned v prvn?m kole.</komentar>
				</partie>
				<partie bily="h1" cerny="h10" id="p12">
					<cerny>Park Jiyeon</cerny>
					<bily>Kim Jiseok</bily>
					<datum>2010-10-13</datum>
					<vysledek>B</vysledek>
					<rozdil>R</rozdil>
				</partie>
				<partie bily="h5" cerny="h11" id="p13">
					<cerny>Yamashita Keigo</cerny>
					<bily>Lee Sedol</bily>
					<datum>2010-10-13</datum>
					<vysledek>B</vysledek>
					<rozdil>R</rozdil>
				</partie>
				<partie bily="h12" cerny="h2" id="p14">
					<cerny>Gu Li</cerny>
					<bily>Han Sanghoon</bily>
					<datum>2010-10-13</datum>
					<vysledek>B</vysledek>
					<rozdil>T</rozdil>
				</partie>
			</seznam_partii>
		</turnaj>
		<turnaj id="t2">
			<nazev>BC Card Cup</nazev>
			<rocnik>3</rocnik>
			<rok>2011</rok>
			<prvni_cena>3000000<mena>won</mena></prvni_cena>
			<vitez>h5</vitez>
			<seznam_partii>
				<partie bily="h5" cerny="h3" id="p4">
					<cerny>Park Junghwan</cerny>
					<bily>Lee Sedol</bily>
					<datum>2011-04-19</datum>
					<vysledek>B</vysledek>
					<rozdil>3.5</rozdil>
				</partie>
				<partie bily="h2" cerny="h4" id="p5">
					<cerny>Heo Yeongho</cerny>
					<bily>Gu Li</bily>
					<datum>2011-04-20</datum>
					<vysledek>B</vysledek>
					<rozdil>R</rozdil>
				</partie>
				<partie bily="h2" cerny="h5" id="p6">
					<cerny>Lee Sedol</cerny>
					<bily>Gu Li</bily>
					<datum>2011-04-28</datum>
					<vysledek>C</vysledek>
					<rozdil>R</rozdil>
					<raw_sgf><![CDATA[(;SZ[19]FF[3]
PW[Gu Li]
WR[9d]
PB[Yi Se-tol]
BR[9d]
EV[3rd BC Card Cup World Championship Final]
RO[Game 5]
DT[2011-04-28]
PC[Seoul]
KM[6.5]
RE[B+R]
US[GoGoD95]
;B[pd];W[dd];B[pq];W[dp];B[qk];W[jp];B[nc];W[fc];B[cn];W[fq];B[bp];W[mq]
;B[np];W[mp];B[nq];W[no];B[mo];W[oo];B[mn];W[mr];B[qp];W[pl];B[pk];W[nl]
;B[ok];W[qo];B[ro];W[pp];B[qn];W[po];B[rq];W[oq];B[pr];W[or];B[qd];W[mj]
;B[os];W[ns];B[nm];W[pn];B[ol];W[qm];B[rn];W[om];B[mk];W[rm];B[lj];W[kd]
;B[be];W[bd];B[ce];W[cd];B[ci];W[md];B[nd];W[mc];B[gd];W[gc];B[id];W[jf]
;B[hg];W[df];B[mf];W[me];B[lf];W[ne];B[ke];W[nb];B[ob];W[lb];B[na];W[ma]
;B[mb];W[rr];B[la];W[jd];B[je];W[ic];B[ps];W[lk];B[kj];W[nf];B[ie];W[kb]
;B[ng];W[og];B[of];W[rj];B[rk];W[sp];B[rs];W[qi];B[qg];W[qf];B[oh];W[pg]
;B[ph];W[pf];B[qh];W[oe];B[rp];W[cq];B[cg];W[dm];B[cm];W[dl];B[cl];W[dk]
;B[ck];W[ml];B[nk];W[kl];B[jl];W[km];B[jm];W[kn];B[kk];W[ll];B[go];W[dn]
;B[gq];W[fp];B[io];W[di];B[hj];W[ch];B[bi];W[bh];B[dh];W[dg];B[eh];W[bg]
;B[rf];W[re];B[rg];W[qe];B[rd];W[sd];B[sc];W[se];B[rb];W[bq];B[dj];W[fg]
;B[ei];W[gl];B[fn];W[fk];B[jo];W[ko];B[jq];W[kp];B[fr];W[gp];B[hq];W[er]
;B[hm];W[hl];B[ik];W[gf];B[hc];W[hb];B[hd];W[ib];B[ah];W[im];B[il];W[gm]
;B[hn];W[ag];B[ai];W[de];B[co];W[gh];B[hi];W[hp];B[gn];W[ip];B[do];W[jn]
;B[in];W[cp];B[bo];W[hh];B[ih];W[le];B[hf];W[od];B[oc];W[nh];B[mg];W[mh]
;B[lh];W[kf];B[lg];W[li];B[kh];W[ig];B[jh];W[eo];B[en];W[ap];B[ao];W[aq]
;B[gi];W[fd];B[gg]
)
]]></raw_sgf>
				</partie>
			<partie bily="h5" cerny="h2" id="p15"><cerny>Gu Li</cerny><bily>Lee Sedol</bily><datum>20110427</datum><vysledek>C</vysledek><rozdil>R</rozdil></partie></seznam_partii>
		</turnaj>
	</seznam_turnaju>
</databaze>