<?xml version="1.0" encoding="UTF-8" standalone="no"?><!-- <!DOCTYPE wall PUBLIC "Social network user wall" "data.dtd"> --><!-- Tento dokument ma za ulohu reprezentovat data, ktore sa mozu vyskytovat na stene uzivatelskeho rozhrania socialnej siete --><authors>
		<author id="a1" name="jozef.mastny@gmail.com"><activity id="act032">
			<timestamp>2011-10-22T15:43:22</timestamp>
			<content type="mix">Dnes <?php echo date("l"); ?> som natafil na coool stranku <url title="example.com">http://www.example.com</url>. Skuste si ju tiez..
      </content>
			
			
			
		</activity><activity id="act624">
			<timestamp>2011-10-22T13:42:22</timestamp>
			<content type="multimedia">LOOK AT THIS. BRAND NEW. BEST OF ALL. JUST BUY IT.
				<picture height="100" width="150">
					<url>http://example.com/doNotBuyIt_ItsACrap.jpg</url>
				</picture>
			</content>
		</activity><like on_activity="act236"/><like on_activity="act021"/><comment on_activity="act236">Urcite s tebou suhlasim, este by som len dodal, ze ten tuniak sa by sa dal este pokropit citronovou stavou</comment><comment on_activity="act187">Dobru noc...</comment></author>
		<author id="a2" name="jozefina.vlastna@yahoo.com"><activity id="act078">
			<timestamp>2011-10-22T15:23:00</timestamp>
			<content type="html"><![CDATA[
<!DOCTYPE HTML PUBLIC "-//W3C//DTD HTML 4.01//EN"
            "http://www.w3.org/TR/html4/strict.dtd">
<html>
<head>
<title>Example page</title>
</head>
<body>
	This is Body
</body>
</html>
      ]]></content>
		</activity><like on_activity="act021"/><comment on_activity="act187">Podme radsej spat</comment></author>
		<author id="a3" name="cyril.tvrdohlavy@gmail.com"><like on_activity="act032"/><like on_activity="act121" value="0"/><like on_activity="act187"/><like on_activity="act021"/><comment on_activity="act032">:):)</comment><comment on_activity="act121">Hakuna matata</comment><comment on_activity="act187">Jeeej to je mile :)</comment><comment on_activity="act187">HOAX</comment><comment on_activity="act187">... a sladke sny.</comment></author>
		<author id="a4" name="ursula.protichodna@facebook.com"><activity id="act121">
			<timestamp>2011-10-22T12:21:12</timestamp>
			<content type="plaintext">Nikto mi neveri...
      </content>
			
			
			
		</activity><activity id="act187">
			<timestamp>2011-10-21T13:43:22</timestamp>
			<content type="multimedia">Aha, co som dnes objavil ...
        <picture height="200" title="nieco" width="100">
					<url>http://example.com/pics/pig.jpg</url>
				</picture>
			</content>
			
			
			<like on_activity="act187"/>
			
			
			<comment on_activity="act187">To nie je mile, to je coool, chapes?!?!</comment>
			
			<comment on_activity="act187">Clovek by si myslel, ze tu budem pisat nieco zmysluplne</comment>
			
			<comment on_activity="act187">...asi by nebolo od veci inspirovat sa uz nejakou tou existujucou socialnou sietou</comment>
			
			
			
			
			
		</activity><like on_activity="act187"/><like on_activity="act032"/><like on_activity="act021"/><comment on_activity="act187">Ale vobec nic ma nenapada</comment><comment on_activity="act187">Ale no, nehadajte sa tu</comment></author>
		<author id="a5" name="vlastimil.malotratny@facebook.com"><activity id="act236">
			<timestamp>2011-10-22T13:42:22</timestamp>
			<content type="plaintext">Sed ut perspiciatis unde omnis iste natus error sit voluptatem accusantium doloremque laudantium,
      totam rem aperiam, eaque ipsa quae ab illo inventore veritatis et quasi architecto beatae vitae dicta sunt explicabo.
      Nemo enim ipsam voluptatem quia voluptas sit aspernatur aut odit aut fugit,
      sed quia consequuntur magni dolores eos qui ratione voluptatem sequi nesciunt.
      Neque porro quisquam est, qui dolorem ipsum quia dolor sit amet, consectetur, adipisci velit, sed quia non numquam eius modi tempora incidunt ut labore et dolore magnam aliquam quaerat voluptatem.
      Ut enim ad minima veniam, quis nostrum exercitationem ullam corporis suscipit laboriosam, nisi ut aliquid ex ea commodi consequatur?
      Quis autem vel eum iure reprehenderit qui in ea voluptate velit esse quam nihil molestiae consequatur, vel illum qui dolorem eum fugiat quo voluptas nulla pariatur?
      </content>
			
			
		</activity><activity id="act021">
			<timestamp>2011-10-21T10:43:22</timestamp>
			<content type="multimedia">Takto sa to robi na vychode ...
        <video codec="mpeg2" title="Vtedy na zapade">
					<resolution height="572" width="720"/>
					<url>http://example.com/videos/west.avi</url>
				</video>
			</content>
			
			
			
			
		</activity><comment on_activity="act187">Minule som pocul nieco o nejakom fakebook, alebo facebooku .. uz si nepamatam</comment></author>
		<author id="a6" name="nicmanenapada@vsetko.nic"><like on_activity="act121" value="0"/><comment on_activity="act187">Coool!!!</comment></author>
		<author id="a7" name="dezo.hnedy@romania.eu"/>
		<author id="a8" name="sergej.ututkin@kapura.ru"/>
		<author id="a9" name="zbojnik.simon@rofl.edu"><activity id="act683">
			<timestamp>2011-10-30T11:23:32</timestamp>
			<content type="multimedia">
				<video codec="h.264" title="How to cook">
					<url>http://youpipe.com/vJG248FGkjne589kLK</url>
					<resolution height="1080" width="1920"/>
				</video>
			</content>
		</activity></author>
		<author id="a10" name="hravy.chlapec@abcd.org"><activity id="act283">
			<timestamp>2011-11-20T11:25:32</timestamp>
			<content type="multimedia">
				<video codec="h.264" title="Blah blah">
					<url>http://youpipe.com/943JKFL4ifj3vLG3958</url>
					<resolution height="720" width="1080"/>
				</video>
			</content>
		</activity></author>
	</authors>