<html>
   <body>
      <h1>lekar</h1>
      <h2>asistent</h2>
      <p>
         <level id_lekare="l_001">
            			
            <level>
               				
               <level>V?clav</level>
               				
               <level>Svoboda</level>
               			
            </level>
            			
            <level>49</level>
            			
            <level>
               				
               <level id_pacienta="p_001"></level>
               				
               <level id_pacienta="p_002"></level>
               				
               <level id_pacienta="p_003"></level>
               			
            </level>
            		
         </level>
      </p>
   </body>
</html>