<?xml version="1.0" encoding="UTF-8"?>
<dvojice>
   <pacientdoktor>Václav Svoboda leci pacienta Lukas Smetana</pacientdoktor>
   <pacientdoktor>Václav Svoboda leci pacienta Jakub Nesvatba</pacientdoktor>
   <pacientdoktor>Václav Svoboda leci pacienta Jana Krejčířová</pacientdoktor>
   <pacientdoktor>Václav Svoboda leci pacienta  </pacientdoktor>
   <pacientdoktor>Václav Svoboda leci pacienta  </pacientdoktor>
   <pacientdoktor>Václav Svoboda leci pacienta  </pacientdoktor>
   <pacientdoktor>Václav Svoboda leci pacienta  </pacientdoktor>
   <pacientdoktor>Václav Svoboda leci pacienta  </pacientdoktor>
   <pacientdoktor>Václav Svoboda leci pacienta  </pacientdoktor>
   <pacientdoktor>Václav Svoboda leci pacienta  </pacientdoktor>
   <pacientdoktor>Václav Svoboda leci pacienta  </pacientdoktor>
   <pacientdoktor>Jana Hutná leci pacienta Lukas Smetana</pacientdoktor>
   <pacientdoktor>Jana Hutná leci pacienta Jakub Nesvatba</pacientdoktor>
   <pacientdoktor>Jana Hutná leci pacienta Jana Krejčířová</pacientdoktor>
   <pacientdoktor>Jana Hutná leci pacienta  </pacientdoktor>
   <pacientdoktor>Jana Hutná leci pacienta  </pacientdoktor>
   <pacientdoktor>Jana Hutná leci pacienta  </pacientdoktor>
   <pacientdoktor>Jana Hutná leci pacienta  </pacientdoktor>
   <pacientdoktor>Jana Hutná leci pacienta  </pacientdoktor>
   <pacientdoktor>Jana Hutná leci pacienta  </pacientdoktor>
   <pacientdoktor>Jana Hutná leci pacienta  </pacientdoktor>
   <pacientdoktor>Jana Hutná leci pacienta  </pacientdoktor>
   <pacientdoktor>Václav Svoboda leci pacienta Lukas Smetana</pacientdoktor>
   <pacientdoktor>Václav Svoboda leci pacienta Jakub Nesvatba</pacientdoktor>
   <pacientdoktor>Václav Svoboda leci pacienta Jana Krejčířová</pacientdoktor>
   <pacientdoktor>Václav Svoboda leci pacienta  </pacientdoktor>
   <pacientdoktor>Václav Svoboda leci pacienta  </pacientdoktor>
   <pacientdoktor>Václav Svoboda leci pacienta  </pacientdoktor>
   <pacientdoktor>Václav Svoboda leci pacienta  </pacientdoktor>
   <pacientdoktor>Václav Svoboda leci pacienta  </pacientdoktor>
   <pacientdoktor>Václav Svoboda leci pacienta  </pacientdoktor>
   <pacientdoktor>Václav Svoboda leci pacienta  </pacientdoktor>
   <pacientdoktor>Václav Svoboda leci pacienta  </pacientdoktor>
   <pacientdoktor>Jana Hutnás leci pacienta Lukas Smetana</pacientdoktor>
   <pacientdoktor>Jana Hutnás leci pacienta Jakub Nesvatba</pacientdoktor>
   <pacientdoktor>Jana Hutnás leci pacienta Jana Krejčířová</pacientdoktor>
   <pacientdoktor>Jana Hutnás leci pacienta  </pacientdoktor>
   <pacientdoktor>Jana Hutnás leci pacienta  </pacientdoktor>
   <pacientdoktor>Jana Hutnás leci pacienta  </pacientdoktor>
   <pacientdoktor>Jana Hutnás leci pacienta  </pacientdoktor>
   <pacientdoktor>Jana Hutnás leci pacienta  </pacientdoktor>
   <pacientdoktor>Jana Hutnás leci pacienta  </pacientdoktor>
   <pacientdoktor>Jana Hutnás leci pacienta  </pacientdoktor>
   <pacientdoktor>Jana Hutnás leci pacienta  </pacientdoktor>
</dvojice>