<?xml version="1.0" encoding="UTF-8"?>
<ukony>
   <ukon id="U001">
      <nadrizeni>
         <zamestnanec>Kateřina Zíková</zamestnanec>
      </nadrizeni>
   </ukon>
   <ukon id="U002">
      <nadrizeni>
         <zamestnanec>Petr Horák</zamestnanec>
         <zamestnanec>Martin Kilián</zamestnanec>
         <zamestnanec>Kateřina Zíková</zamestnanec>
      </nadrizeni>
   </ukon>
   <ukon id="U003">
      <nadrizeni>
         <zamestnanec>Radoslav Pecka</zamestnanec>
         <zamestnanec>Martin Kilián</zamestnanec>
         <zamestnanec>Kateřina Zíková</zamestnanec>
      </nadrizeni>
   </ukon>
   <ukon id="U004">
      <nadrizeni>
         <zamestnanec>Milan JanDus</zamestnanec>
         <zamestnanec>Tomáš Vyhlídal</zamestnanec>
         <zamestnanec>Radoslav Pecka</zamestnanec>
         <zamestnanec>Martin Kilián</zamestnanec>
         <zamestnanec>Kateřina Zíková</zamestnanec>
      </nadrizeni>
   </ukon>
   <ukon id="U005">
      <nadrizeni>
         <zamestnanec>Kateřina Zíková</zamestnanec>
      </nadrizeni>
   </ukon>
</ukony>