<?xml version="1.0" encoding="UTF-8"?>
<vsechnysluzby>
   <poukazka>
				  <hodnota>950Kč</hodnota>
				  <platnost>
					    <den>15</den>
					    <mesic>4</mesic>
					    <rok>2011</rok>
				  </platnost>
				  <prijemcepoukazky>
					    <jmeno>Milan</jmeno>
					    <prijmeni>Mladý</prijmeni>
					    <cisloOP>873992977</cisloOP>
				  </prijemcepoukazky>
			</poukazka>
   <poukazka>
			   <hodnota>50Kč</hodnota>
			   <platnost>
				     <den>15</den>
				     <mesic>4</mesic>
				     <rok>2011</rok>
			   </platnost>
			   <prijemcepoukazky>
				     <jmeno>Milan</jmeno>
				     <prijmeni>Mladý</prijmeni>
				     <cisloOP>873992977</cisloOP>
			   </prijemcepoukazky>
		</poukazka>
   <platbaslozenkou zpusob="hotove">
      <hodnota>100Kč</hodnota>
      <prijemceplatby ucet="123456789">
         <jmeno>Jaroslav</jmeno>
         <prijmeni>Mladý</prijmeni>
      </prijemceplatby>
   </platbaslozenkou>
   <poukazka>
      <hodnota>1800Kč</hodnota>
      <platnost>
         <den>30</den>
         <mesic>3</mesic>
         <rok>2011</rok>
      </platnost>
      <prijemcepoukazky>
         <jmeno>Karel</jmeno>
         <prijmeni>Plachý</prijmeni>
         <cisloOP>8939997766</cisloOP>
      </prijemcepoukazky>
   </poukazka>
   <zasilka>
      <typ>Balík</typ>
      <hmotnost>1.435Kg</hmotnost>
      <hodnotazasilky>950Kč</hodnotazasilky>
      <krehke/>
      <doporucene/>
      <pojisteni>950Kč</pojisteni>
      <odpovedni/>
      <obchodnibalik/>
      <adresat>
         <titul>Ing</titul>
         <jmeno>Radek</jmeno>
         <prijmeni>Rychlý</prijmeni>
         <ulice>Pod Dálnicí</ulice>
         <cislopopisne>5566</cislopopisne>
         <cisloorientacni>1</cisloorientacni>
         <obec>Praha</obec>
         <psc>12000</psc>
      </adresat>
      <prijemce>
         <titul>Ing</titul>
         <jmeno>Adolf</jmeno>
         <prijmeni>Krátký</prijmeni>
         <ulice>Pod Zatáčkou</ulice>
         <cislopopisne>3344</cislopopisne>
         <cisloorientacni>12</cisloorientacni>
         <obec>Praha</obec>
         <psc>12000</psc>
      </prijemce>
   </zasilka>
   <czechpoint typpozadavku="vypiszobchodnihorejstriku">
      <data>
         <vstupni>Firma: Oracle</vstupni>
         <vystupni/>
      </data>
   </czechpoint>
   <czechpoint typpozadavku="vypiszobchodnihorejstriku">
      <data>
         <vstupni>Firma: Microsoft</vstupni>
         <vystupni/>
      </data>
   </czechpoint>
   <poukazka>
      <hodnota>18000Kč</hodnota>
      <platnost>
         <den>30</den>
         <mesic>3</mesic>
         <rok>2011</rok>
      </platnost>
      <prijemcepoukazky>
         <jmeno>Karel</jmeno>
         <prijmeni>Odvážný</prijmeni>
         <cisloOP>8939997755</cisloOP>
      </prijemcepoukazky>
   </poukazka>
   <czechpoint typpozadavku="vypiszkatastrunemovitosti">
      <data>
         <vstupni>Bořivojova 55</vstupni>
      </data>
   </czechpoint>
   <czechpoint typpozadavku="vypiszkatastrunemovitosti">
      <data>
         <vstupni>Seifertova 12, Praha 3</vstupni>
      </data>
   </czechpoint>
</vsechnysluzby>