<html>
   <head>
      <meta http-equiv="Content-Type" content="text/html; charset=UTF-8">
   </head>
   <body>
      <h1>Struktura zaměstnanců</h1>
      <ul type="circle">
         <li>
            <div>Kateřina Zíková<font color="red"> - nejdrazsi ukon:  147  Kč</font><ul type="circle">
                  <li>
                     <div>Martin Kilián<font color="red"> - bez ukonu</font><ul type="circle">
                           <li>
                              <div>Radoslav Pecka<font color="red"> - nejdrazsi ukon:  101  Kč</font><ul type="circle">
                                    <li>
                                       <div>Tomáš Vyhlídal<font color="red"> - bez ukonu</font><ul type="circle">
                                             <li>
                                                <div>Milan JanDus<font color="red"> - nejdrazsi ukon:  150  Kč</font><ul type="circle"></ul>
                                                </div>
                                             </li>
                                          </ul>
                                       </div>
                                    </li>
                                 </ul>
                              </div>
                           </li>
                           <li>
                              <div>Petr Horák<font color="red"> - nejdrazsi ukon:  50  Kč</font><ul type="circle"></ul>
                              </div>
                           </li>
                        </ul>
                     </div>
                  </li>
               </ul>
            </div>
         </li>
      </ul>
   </body>
</html>