<?xml version="1.0" encoding="UTF-8"?>
<zapisanyPredmet>
   <nazov>Programovani I</nazov>
   <rozsah>Z+Zk</rozsah>
   <krstneMeno>Jose</krstneMeno>
   <priezvisko>Atrometi</priezvisko>
</zapisanyPredmet>
<zapisanyPredmet>
   <nazov>Programovani I</nazov>
   <rozsah>Z+Zk</rozsah>
   <krstneMeno>Tabor</krstneMeno>
   <priezvisko>Bakes</priezvisko>
</zapisanyPredmet>
<zapisanyPredmet>
   <nazov>Programovani I</nazov>
   <rozsah>Z+Zk</rozsah>
   <krstneMeno>Steven</krstneMeno>
   <priezvisko>Baldur</priezvisko>
</zapisanyPredmet>
<zapisanyPredmet>
   <nazov>Programovani I</nazov>
   <rozsah>Z+Zk</rozsah>
   <krstneMeno>Pater</krstneMeno>
   <priezvisko>Basten, von</priezvisko>
</zapisanyPredmet>
<zapisanyPredmet>
   <nazov>Programovani I</nazov>
   <rozsah>Z+Zk</rozsah>
   <krstneMeno>Marchech</krstneMeno>
   <priezvisko>Tahun</priezvisko>
</zapisanyPredmet>
<zapisanyPredmet>
   <nazov>Programovani I</nazov>
   <rozsah>Z+Zk</rozsah>
   <krstneMeno>Tobias</krstneMeno>
   <priezvisko>Barkwhof</priezvisko>
</zapisanyPredmet>
<zapisanyPredmet>
   <nazov>Programovani I</nazov>
   <rozsah>Z+Zk</rozsah>
   <krstneMeno>Macho</krstneMeno>
   <priezvisko>Bansky</priezvisko>
</zapisanyPredmet>
<zapisanyPredmet>
   <nazov>Programovani I</nazov>
   <rozsah>Z+Zk</rozsah>
   <krstneMeno>Johnny</krstneMeno>
   <priezvisko>Zloutek</priezvisko>
</zapisanyPredmet>
<zapisanyPredmet>
   <nazov>Programovani I</nazov>
   <rozsah>Z+Zk</rozsah>
   <krstneMeno>Stetam</krstneMeno>
   <priezvisko>Odboc</priezvisko>
</zapisanyPredmet>
<zapisanyPredmet>
   <nazov>Programovani I</nazov>
   <rozsah>Z+Zk</rozsah>
   <krstneMeno>Javorsval</krstneMeno>
   <priezvisko>Prazec</priezvisko>
</zapisanyPredmet>
<zapisanyPredmet>
   <nazov>Matematicka analyza I</nazov>
   <rozsah>Z+Zk</rozsah>
   <krstneMeno>Jose</krstneMeno>
   <priezvisko>Atrometi</priezvisko>
</zapisanyPredmet>
<zapisanyPredmet>
   <nazov>Matematicka analyza I</nazov>
   <rozsah>Z+Zk</rozsah>
   <krstneMeno>Tabor</krstneMeno>
   <priezvisko>Bakes</priezvisko>
</zapisanyPredmet>
<zapisanyPredmet>
   <nazov>Matematicka analyza I</nazov>
   <rozsah>Z+Zk</rozsah>
   <krstneMeno>Steven</krstneMeno>
   <priezvisko>Baldur</priezvisko>
</zapisanyPredmet>
<zapisanyPredmet>
   <nazov>Matematicka analyza I</nazov>
   <rozsah>Z+Zk</rozsah>
   <krstneMeno>Pater</krstneMeno>
   <priezvisko>Basten, von</priezvisko>
</zapisanyPredmet>
<zapisanyPredmet>
   <nazov>Matematicka analyza I</nazov>
   <rozsah>Z+Zk</rozsah>
   <krstneMeno>Marchech</krstneMeno>
   <priezvisko>Tahun</priezvisko>
</zapisanyPredmet>
<zapisanyPredmet>
   <nazov>Matematicka analyza I</nazov>
   <rozsah>Z+Zk</rozsah>
   <krstneMeno>Tobias</krstneMeno>
   <priezvisko>Barkwhof</priezvisko>
</zapisanyPredmet>
<zapisanyPredmet>
   <nazov>Matematicka analyza I</nazov>
   <rozsah>Z+Zk</rozsah>
   <krstneMeno>Macho</krstneMeno>
   <priezvisko>Bansky</priezvisko>
</zapisanyPredmet>
<zapisanyPredmet>
   <nazov>Matematicka analyza I</nazov>
   <rozsah>Z+Zk</rozsah>
   <krstneMeno>Johnny</krstneMeno>
   <priezvisko>Zloutek</priezvisko>
</zapisanyPredmet>
<zapisanyPredmet>
   <nazov>Matematicka analyza I</nazov>
   <rozsah>Z+Zk</rozsah>
   <krstneMeno>Stetam</krstneMeno>
   <priezvisko>Odboc</priezvisko>
</zapisanyPredmet>
<zapisanyPredmet>
   <nazov>Matematicka analyza I</nazov>
   <rozsah>Z+Zk</rozsah>
   <krstneMeno>Javorsval</krstneMeno>
   <priezvisko>Prazec</priezvisko>
</zapisanyPredmet>