<?xml version="1.0" encoding="UTF-8"?>
<oblubenostUcitelov>
   <zamestnanec>
      <osoba id="z1">
               <krstneMeno>KAMak</krstneMeno>
               <priezvisko>Prvy</priezvisko>
            </osoba>
      <zapisovanostPredmetov>20</zapisovanostPredmetov>
   </zamestnanec>
   <zamestnanec>
      <osoba id="z2">
               <krstneMeno>Analytik</krstneMeno>
               <priezvisko>Nulty</priezvisko>
            </osoba>
      <zapisovanostPredmetov>0</zapisovanostPredmetov>
   </zamestnanec>
</oblubenostUcitelov>