<html>
   <head>
      <meta http-equiv="Content-Type" content="text/html; charset=UTF-8">
      <title>Priemerna vytazenost prednaskovych sal</title>
   </head>
   <body>
      <table>
         <tr>
            <td>Po</td>
            <td>1</td>
         </tr>
         <tr>
            <td>Ut</td>
            <td>1</td>
         </tr>
         <tr>
            <td>St</td>
            <td>1</td>
         </tr>
         <tr>
            <td>Št</td>
            <td>1</td>
         </tr>
      </table>
   </body>
</html>