<?xml version="1.0" encoding="UTF-8"?>
<student>
   <krstneMeno>Macho</krstneMeno>
   <priezvisko>Bansky</priezvisko>
   <ziskaneKredity ziskaneKredity="45"/>
</student>
<student>
   <krstneMeno>Jose</krstneMeno>
   <priezvisko>Atrometi</priezvisko>
   <ziskaneKredity ziskaneKredity="0"/>
</student>
<student>
   <krstneMeno>Tabor</krstneMeno>
   <priezvisko>Bakes</priezvisko>
   <ziskaneKredity ziskaneKredity="0"/>
</student>
<student>
   <krstneMeno>Steven</krstneMeno>
   <priezvisko>Baldur</priezvisko>
   <ziskaneKredity ziskaneKredity="0"/>
</student>
<student>
   <krstneMeno>Pater</krstneMeno>
   <priezvisko>Basten, von</priezvisko>
   <ziskaneKredity ziskaneKredity="0"/>
</student>
<student>
   <krstneMeno>Marchech</krstneMeno>
   <priezvisko>Tahun</priezvisko>
   <ziskaneKredity ziskaneKredity="0"/>
</student>
<student>
   <krstneMeno>Tobias</krstneMeno>
   <priezvisko>Barkwhof</priezvisko>
   <ziskaneKredity ziskaneKredity="0"/>
</student>
<student>
   <krstneMeno>Johnny</krstneMeno>
   <priezvisko>Zloutek</priezvisko>
   <ziskaneKredity ziskaneKredity="0"/>
</student>
<student>
   <krstneMeno>Stetam</krstneMeno>
   <priezvisko>Odboc</priezvisko>
   <ziskaneKredity ziskaneKredity="0"/>
</student>
<student>
   <krstneMeno>Javorsval</krstneMeno>
   <priezvisko>Prazec</priezvisko>
   <ziskaneKredity ziskaneKredity="0"/>
</student>
<student>
   <krstneMeno>Kabul</krstneMeno>
   <priezvisko>Tecka</priezvisko>
   <ziskaneKredity ziskaneKredity="0"/>
</student>
<student>
   <krstneMeno>Kleofas</krstneMeno>
   <priezvisko>Veleznaly</priezvisko>
   <ziskaneKredity ziskaneKredity="0"/>
</student>