<?xml version="1.0" encoding="UTF-8" standalone="no"?><i_noviny>
	<!-- Seznam ?l?nk? i-novin-->
	<clanky>
		<clanek id="1">
			<nazev>Podneb? na Madagaskaru</nazev>
			<autor_clanku idaut_ref="id_1">Alois Mudrt?lek</autor_clanku>
			<korektor idaut_ref="id_10"/>
			<datum>1.1.2013</datum>
			<verze>1.5</verze>
			<kategorie>Ze sv?ta</kategorie>
			<text>
				<hlavicka>
					<obrazek>//bourka.jpg</obrazek>
					<popis>
						Lorem ipsum dolor sit amet, 
						consectetuer adipiscing 
						elit.
					</popis>					
				</hlavicka>
				<samotny_text>
					Lorem ipsum dolor sit amet, consectetuer adipiscing 
					elit. Duis bibendum, lectus ut viverra rhoncus, 
					dolor nunc faucibus libero, eget facilisis enim 
					ipsum id lacus. Etiam sapien elit, consequat eget, 
					tristique non, venenatis quis, ante. Integer rutrum, 
					orci vestibulum ullamcorper ultricies.
					<![CDATA[
						document.writeln("<p>Awesome weather</p>")
					]]>
				</samotny_text>	
			 </text>
			 <odkazy>www.madagastar.com</odkazy>
			 <je_publikovatelny stat="ano"/>
		</clanek>
		<clanek id="2">
			<nazev>Jagr zase bez bodu</nazev>
			<autor_clanku idaut_ref="id_1">Milan Technokrat</autor_clanku>
			<korektor idaut_ref="id_9"/>
			<datum>2.1.2013</datum>
			<verze>1.0</verze>
			<kategorie>Sport</kategorie>
			<text>
				<hlavicka>
					<popis>
						Lorem ipsum dolor sit amet, 
						consectetuer adipiscing 
						elit.
					</popis>					
				</hlavicka>
				<samotny_text>
					Lorem ipsum dolor sit amet, consectetuer adipiscing 
					elit. Duis bibendum, lectus ut viverra rhoncus, 
					dolor nunc faucibus libero, eget facilisis enim 
					ipsum id lacus. Etiam sapien elit, consequat eget, 
					tristique non, venenatis quis, ante. Integer rutrum, 
					orci vestibulum ullamcorper ultricies.
				</samotny_text>	
			 </text>
			 <je_publikovatelny stat="ano"/>
		</clanek>
		<clanek id="3">
			<nazev>Zdrav? v??iva</nazev>
			<autor_clanku idaut_ref="id_3">Eli?ka Romanov?</autor_clanku>
			<korektor idaut_ref="id_9"/>
			<datum>3.1.2013</datum>
			<verze>0.5</verze>
			<kategorie>Kulin??stv?</kategorie>
			<text>
				<hlavicka>
					<obrazek>//hambac.jpg</obrazek>
					<popis>
						Lorem ipsum dolor sit amet, 
						consectetuer adipiscing 
						elit.
					</popis>					
				</hlavicka>
				<samotny_text>
					Lorem ipsum dolor sit amet, consectetuer adipiscing 
					elit. Duis bibendum, lectus ut viverra rhoncus, 
					dolor nunc faucibus libero, eget facilisis enim 
					ipsum id lacus. Etiam sapien elit, consequat eget, 
					tristique non, venenatis quis, ante. Integer rutrum, 
					orci vestibulum ullamcorper ultricies.
				</samotny_text>	
			 </text>
			 <je_publikovatelny stat="ne"/>
		</clanek>	
	</clanky>
	<!-- Seznam autor? i-novin-->
	<autori>
		
		
		
		<autor idaut="id_4">
			<jmeno>
				<krestni>Marie</krestni>
				<prijmeni>Hodn?</prijmeni>
			</jmeno>
			<pozice>sefredaktor</pozice>
		</autor>
		
		
		
		
		
		<autor idaut="id_10">
			<jmeno>
				<krestni>Tom??</krestni>
				<prijmeni>Rozkazov?tor</prijmeni>
			</jmeno>
			<pozice>sefredaktor</pozice>
		</autor>
	<autor idaut="id_11"><jmeno><krestni>Jaja</krestni><prijmeni>Paja</prijmeni></jmeno><pozice>sefredaktor</pozice></autor></autori>
</i_noviny>