<?xml version="1.0" encoding="utf-8" standalone="no"?><knihovna>
  
  <tituly>
    
    <titul jazyk="en" kod="t1" zanry="detektivka">
      <nazev>Dramatic Story</nazev>
      <rok>1990</rok>
      <autor><jmeno>John</jmeno><prijmeni>Strange</prijmeni></autor>
      <autor><jmeno>Peter</jmeno><prijmeni>Funny</prijmeni></autor>
      <upoutavka/>
      <exemplare>
        <kniha signatura="t1k1"><stran>150</stran></kniha>
        
        <kniha signatura="t1k2"><stran>150</stran></kniha>
      <kniha signatura="t1c1"><stran>90</stran></kniha></exemplare>
    </titul>

    <titul jazyk="cs" kod="t2" zanry="kucha?ka">
      <nazev>Nejlep?? recepty</nazev>
      <rok>2005</rok>
      <autor><jmeno>Petra</jmeno><prijmeni>Soute?iv?</prijmeni></autor>
      <exemplare>
      </exemplare>
    </titul>

    <titul jazyk="cs" kod="t3" zanry="u?ebnice">
      <nazev>Moje ??tanka</nazev>
      <rok>1999</rok>
      <autor><jmeno>Alena</jmeno><prijmeni>Pe?liv?</prijmeni></autor>
      <autor><jmeno>Jan</jmeno><prijmeni>Hodn?</prijmeni></autor>
      <exemplare>
        <kniha signatura="t3k1"><stran>75</stran></kniha>
        <kniha signatura="t3k2"><stran>75</stran></kniha>
        <kniha signatura="t3k3"><stran>50</stran></kniha>
        <kniha signatura="t3k4"><stran>50</stran></kniha>
      </exemplare>
    </titul>

    <titul jazyk="en" kod="t4" zanry="kucha?ka u?ebnice">
      <nazev>Interactive Cooking</nazev>
      <rok>2010</rok>
      <exemplare>
        
        
      <kniha signatura="t4c1"><stran>45</stran></kniha><kniha signatura="t4c2"><stran>45</stran></kniha></exemplare>
    </titul>
    
  </tituly>
  
  <ctenari>
    
    <ctenar cislo="c1">
      <jmeno>Karel</jmeno>
      <prijmeni>Zv?dav?</prijmeni>
      <bydliste>
        <ulice>?ten??sk?</ulice>
        <cp>15</cp>
        <obec>Praha</obec>
        <psc>18000</psc>
      </bydliste>
      <rc>881122/1234</rc>
      <email>karel88@email.cz</email>
      <mobil>723123456</mobil>
    </ctenar>

    <ctenar cislo="c2">
      <jmeno>Veronika</jmeno>
      <prijmeni>?tiv?</prijmeni>
      <bydliste>
        <obec>Praha</obec>
        <psc>12116</psc>
        <ulice>Hlavn?</ulice>
        <cp>1</cp>
      </bydliste>
      <rc>955501/4321</rc>
      <email>veronika@email.cz</email>
      <email>v.ctiva@email.cz</email>
      <telefon>800123456</telefon>
    </ctenar>

    <ctenar cislo="c3">
      <jmeno>Luk??</jmeno>
      <prijmeni>Vn?mav?</prijmeni>
      <bydliste>
        <ulice>V?t?zn?</ulice>
        <cp>1024</cp>
        <obec>Praha</obec>
        <psc>14000</psc>
      </bydliste>
      <rc>900909/2233</rc>
      <email>lukas@email.cz</email>
      <telefon>251314728</telefon>
    </ctenar>
    
  </ctenari>
  
  <vypujcky>

    <vypujcka ctenar="c1" signatura="t1k1" stav="vraceno">
      <pujceno>2011-08-15</pujceno>
      <vraceno>2011-08-10</vraceno>
      <poznamka>
        Zap?j?ena kniha <exemplar signatura="t1k1"/> titulu <titul kod="t1"/> ?ten??em <ctenar cislo="c1"/>.
      </poznamka>
    </vypujcka>

    <vypujcka ctenar="c2" signatura="t3k4" stav="vraceno">
      <pujceno>2012-01-07</pujceno>
      <vraceno>2012-02-29</vraceno>
    </vypujcka>
    
    <vypujcka ctenar="c2" signatura="t1k1" stav="vraceno">
      <pujceno>2012-01-07</pujceno>
      <vraceno>2012-02-27</vraceno>
    </vypujcka>
    
    <vypujcka ctenar="c2" signatura="t4c1" stav="pujceno">
      <pujceno>2012-02-11</pujceno>
      <poznamka>
        Zap?j?eno CD <exemplar signatura="t4c1"/> titulu <titul kod="t4"/> ?ten??em <ctenar cislo="c2"/>.
      </poznamka>
    </vypujcka>
    
    <vypujcka ctenar="c1" signatura="t3k4" stav="vraceno">
      <pujceno>2012-03-01</pujceno>
      <vraceno>2012-03-05</vraceno>
    </vypujcka>
    
    <vypujcka ctenar="c2" signatura="t1k1" stav="pujceno">
      <pujceno>2012-03-01</pujceno>
      <poznamka>
        Zap?j?ena kniha <exemplar signatura="t1k1"/> titulu <titul kod="t1"/> ?ten??em <ctenar cislo="c2"/>.
      </poznamka>
    </vypujcka>
    
  </vypujcky>
  
</knihovna>