<html>
   <head>
      <meta http-equiv="Content-Type" content="text/html; charset=UTF-8">
      <title>Jakub Stasta - XML</title>
   </head>
   <body>
      <table>
         <tr>
            <th> Object name</th>
            <th> Center coordinates X</th>
            <th> Y</th>
            <th> Z</th>
         </tr>
         <tr>
            <td>mesh01</td>
            <td>-0.1</td>
            <td>0.5</td>
            <td>0.4</td>
         </tr>
         <tr>
            <td>Odd Looking Thing</td>
            <td>-0.18181818181818182</td>
            <td>-0.45454545454545453</td>
            <td>0.6363636363636364</td>
         </tr>
         <tr>
            <td>No triangle</td>
            <td>-0.5</td>
            <td>0</td>
            <td>0</td>
         </tr>
         <tr>
            <td>One triangle</td>
            <td>-2</td>
            <td>0</td>
            <td>3.3333333333333335</td>
         </tr>
         <tr>
            <td>Nothing</td>
            <td></td>
            <td></td>
            <td></td>
         </tr>
      </table>
   </body>
</html>