<?xml version="1.0" encoding="UTF-8"?>
<meshes>
   <mesh name="mesh01">
      <color>red</color>
      <color>blue</color>
      <color>white</color>
      <color>black</color>
   </mesh>
   <mesh name="Odd Looking Thing">
      <color>red</color>
      <color>blue</color>
      <color>white</color>
   </mesh>
   <mesh name="No triangle">
      <color>rainbow</color>
      <color>red</color>
   </mesh>
   <mesh name="One triangle">
      <color>red</color>
   </mesh>
   <mesh name="Nothing"/>
</meshes>