<?xml version="1.0" encoding="UTF-8" standalone="no"?><katalog>
	<info>
		Katalog e-knih, vytvo?eno 3.5.2012.
	</info>
	<zaznamy>
		
		
		
		
		
		
		<zaznam zaznam_id="z7">
			<nazev typ_nazvu="hlavni">
				Ztracen? tajemn? kniha
			</nazev>
			<tag nazev_tagu="Smaz?no" tag_id="t3"/>
		</zaznam>
		
		
		
	</zaznamy>
     <autori>
		<autor autor_id="a1">
			<jmeno>
				<krestni>Ji??</krestni>
				<prijmeni>Matou?ek</prijmeni>
			</jmeno>
		</autor>
		<autor autor_id="a2">
			<jmeno>
				<krestni>Jaroslav</krestni>
				<prijmeni>Ne?et?il</prijmeni>
			</jmeno>
		</autor>
		<autor autor_id="a3">
			<jmeno>
				<krestni>Ezechiel</krestni>
				<prijmeni>Nicnenapsal</prijmeni>
			</jmeno>
		</autor>
		<autor autor_id="a4">
			<jmeno>
				<krestni>J.R.R.</krestni>
				<prijmeni>Tolkien</prijmeni>
			</jmeno>
		</autor>
		<autor autor_id="a5">
			<jmeno>
				<prijmeni>Wikibooks</prijmeni>				
			</jmeno>
		</autor>
	</autori>	
	<data>
		<disk vol="1234-3154">
			<adresar nazev_adresare="C:">
				<adresar nazev_adresare="Dokumenty">
					<adresar nazev_adresare="Knihy">
						<soubor nazev_souboru="The Hobbit.pdf" soubor_id="s8" velikost="1597"><zaznam zaznam_id="z9">
			<autor autor_id="a4">
			<jmeno>
				<krestni>J.R.R.</krestni>
				<prijmeni>Tolkien</prijmeni>
			</jmeno>
		</autor>
			<nazev typ_nazvu="hlavni">
				Hobit aneb cesta tam a zase zp?tky
			</nazev>
			<nazev typ_nazvu="original">
				The Hobbit
			</nazev>
			<tag nazev_tagu="Fantasy" tag_id="t2"/>
		</zaznam></soubor>
						<soubor nazev_souboru="lotr1.pdf" soubor_id="s3" velikost="1450"><zaznam zaznam_id="z3">
			<autor autor_id="a4">
			<jmeno>
				<krestni>J.R.R.</krestni>
				<prijmeni>Tolkien</prijmeni>
			</jmeno>
		</autor>
			<nazev typ_nazvu="hlavni">
				P?n Prsten?: Spole?enstvo prstenu
			</nazev>
			<nazev typ_nazvu="original">
				The Lord Of The Rings: The Fellowship Of The Ring
			</nazev>
			<nazev typ_nazvu="serie">
				P?n Prsten?
			</nazev>
			<tag nazev_tagu="Fantasy" tag_id="t2"/>
		</zaznam></soubor>
						<soubor nazev_souboru="lotr2.pdf" soubor_id="s4" velikost="1037"><zaznam zaznam_id="z4">
			<autor autor_id="a4">
			<jmeno>
				<krestni>J.R.R.</krestni>
				<prijmeni>Tolkien</prijmeni>
			</jmeno>
		</autor>
			<nazev typ_nazvu="hlavni">
				P?n Prsten?: Dv? v??e
			</nazev>
			<nazev typ_nazvu="original">
				The Lord Of The Rings: Two Towers
			</nazev>
			<nazev typ_nazvu="serie">
				P?n Prsten?
			</nazev>
			<tag nazev_tagu="Fantasy" tag_id="t2"/>
		</zaznam></soubor>
						<soubor nazev_souboru="lotr3.pdf" soubor_id="s5" velikost="1909"><zaznam zaznam_id="z5">
			<autor autor_id="a4">
			<jmeno>
				<krestni>J.R.R.</krestni>
				<prijmeni>Tolkien</prijmeni>
			</jmeno>
		</autor>
			<nazev typ_nazvu="hlavni">
				P?n Prsten?: N?vrat kr?le
			</nazev>
			<nazev typ_nazvu="original">
				The Lord Of The Rings: The Return Of The King
			</nazev>
			<nazev typ_nazvu="serie">
				P?n Prsten?
			</nazev>
			<tag nazev_tagu="Fantasy" tag_id="t2"/>
		</zaznam></soubor>						
					</adresar>
					<soubor nazev_souboru="bak.pdf" soubor_id="s6" velikost="873"><zaznam zaznam_id="z6">
			<nazev typ_nazvu="hlavni">
				Bakal??sk? pr?ce
			</nazev>
			<tag nazev_tagu="Studium" tag_id="t1"/>
		</zaznam></soubor>
					<adresar nazev_adresare="Skripta">
						<adresar nazev_adresare="Anglina">
							<soubor nazev_souboru="cae.djvu" soubor_id="s9" velikost="39463"><zaznam zaznam_id="z10">
			<nazev typ_nazvu="hlavni">
				Advanced Course English		
			</nazev>
			<tag nazev_tagu="Studium" tag_id="t1"/>			
		</zaznam></soubor>
						</adresar>
						<soubor nazev_souboru="kapitoly.pdf" soubor_id="s2" velikost="40853"><zaznam zaznam_id="z2">
			<autor autor_id="a1">
			<jmeno>
				<krestni>Ji??</krestni>
				<prijmeni>Matou?ek</prijmeni>
			</jmeno>
		</autor>
			<autor autor_id="a2">
			<jmeno>
				<krestni>Jaroslav</krestni>
				<prijmeni>Ne?et?il</prijmeni>
			</jmeno>
		</autor>
			<nazev typ_nazvu="hlavni">
				Kapitoly z diskr?tn? matematiky		
			</nazev>
			<tag nazev_tagu="Studium" tag_id="t1"/>			
		</zaznam></soubor>
					</adresar>					
					<soubor nazev_souboru="LaTeX.pdf" soubor_id="s7" velikost="4157"><zaznam zaznam_id="z8">
			<autor autor_id="a5">
			<jmeno>
				<prijmeni>Wikibooks</prijmeni>				
			</jmeno>
		</autor>
			<nazev typ_nazvu="hlavni">
				LaTeX
			</nazev>						
		</zaznam></soubor>
				</adresar>
			</adresar>
		</disk>
		<disk vol="7894-6543">
			<adresar nazev_adresare="D:">
				<adresar nazev_adresare="Test">
					<soubor nazev_souboru="test.txt" soubor_id="s1" velikost="1"><zaznam zaznam_id="z1">
			<nazev typ_nazvu="hlavni">
				Lorem ipsum
			</nazev>
			<fulltext>
				<![CDATA[
				Lorem ipsum dolor sit amet, consectetur adipiscing elit.
				Nulla ullamcorper, leo sit amet luctus adipiscing, enim nibh iaculis felis, in rutrum leo urna eget sapien.
				Aliquam scelerisque, magna sed gravida vulputate, purus leo dignissim eros, vel consectetur lectus ipsum in urna.
				Pellentesque tristique augue in tellus condimentum dictum.
				]]>
			</fulltext>	
		</zaznam></soubor>
				</adresar>
			</adresar>
		</disk>
	</data>	
	<tagy>
		<tag nazev_tagu="Studium" tag_id="t1"/>
		<tag nazev_tagu="Fantasy" tag_id="t2"/>
		<tag nazev_tagu="Smaz?no" tag_id="t3"/>
		<tag nazev_tagu="Nep?e?teno" tag_id="t4"/>
	</tagy>
</katalog>