<?xml version="1.0" encoding="UTF-8" standalone="no"?><armory>
	<!--Databaze zbrani, ze kterych jsem mel dosud moznost si vystrelit.-->
	<firearms>
		
		
		
		
		
		
		
	<gun name="CZ DUO"><id>gCZDUO</id><category>Pistols</category>
								
				<origin author="Franti?ek Du?ek" place="Czechoslovakia" year="1938"/>
				<note>"DUO" was an abbreviation of "Du?ek, Opo?no".</note>
				
				<cartridge>.25 ACP</cartridge>				
				<construction>
					<type>semi-automatic</type>
					<trigger>SA</trigger>
					<action>blowback</action>
					<feed_system>
						<magazine capacity="6"/>
					</feed_system>
					<dimensions>
						<length>
							<mm>110</mm>
							<in>4.33</in>
						</length>
						<weight>
							<g>399</g>
						</weight>
					</dimensions>
				</construction>
			<image>http://www.littlegun.info/arme%20tchecoslovaque/cz%20duo%20cal%20635-02.jpg</image></gun><gun name="Beretta 92"><id>gB92</id><category>Pistols</category>
								
				<origin author="Fabbrica d'Armi Pietro Beretta" place="Italy" year="1975"/>
				
				<cartridge>9x19 mm Parabellum</cartridge>				
				<construction>
					<type>semi-automatic</type>
					<trigger>DA/SA</trigger>
					<action>short recoil</action>
					<feed_system>
						<magazine capacity="17"/>
					</feed_system>
					<dimensions>
						<length>
							<mm>217</mm>
							<in>8.5</in>
						</length>
						<weight>
							<g>950</g>
						</weight>
					</dimensions>
				</construction>
				<performance>
					<muzzle_velocity>
						<mps>380</mps>
					</muzzle_velocity>
					<effective_range>
						<m>50</m>
					</effective_range>
				</performance>
			<logo><?viewer "use monospaced font"?><![CDATA[
                __gg@@@@@@N@@@pgy_                
            _g@##@#P~~"~^^^~"TP#@Bg@g_            
         _gB##P^                  ^5#N@g_         
       y@M@F^           __           `?M@#y       
     _@BB"    _        y@#L        _    ^@W@_     
    g#B"     /WL      /M@@Mk      J@L     "##g    
   @@#      g@@@k      J@@       g@@ML     `#M@   
  g@#        @@$`      J@M       `#@K`       @@B  
 g@#         @@#       JM@        #@6         @@E 
 W@F       __@@K__     J@@      __#@$__       J@@ 
f#@      y@#F#g8?#@y   J@@    y#M"#M#?#@y      N@E
#@K     @P^  @@$  `%@  J@@   #P   ##$  ^#@     !@g
#@F    g#    #@$    @g J@#  @#    #BK    #g    ]@#
B@K    @K    #@$    g# J@#  @E    #@K    $#    I@@
7@@    )@_   #@K   _MF_J#@__3#_   #@$   y#F    @@!
 @@L    "5g_y@#B__g@@@#M@#P#@@@g_y@#@__g#^    J@W 
 7#B      ~4B#@@@P$@F @@#@@@ M@D4M@#M@P^      @MF 
  #@g       M@#NN @F  _yN@y_  3@ #@@@@       g##  
   #@@      _#@#_]W   #MN@M#   @F^#W#_     _#@B   
    ##By    MP~MN @\  g@BN@g  J@ #F~M#    y@@F    
     ^@@@_        `#g_F`  ^"_g#`        _8@#`     
       ^#@@y_       ~#@@gg@@P^       _y@@8~       
         ^MN@@g__       ``       __g@@@P^         
            ^M@@#@#gyy_______yg@@@@BP^            
                ^"PN#NM@@@#BNBMF~`                
				]]></logo><image>http://upload.wikimedia.org/wikipedia/commons/6/61/M9-pistolet.jpg</image></gun><gun name="CZ 75"><id>gCZ75</id><category>Pistols</category>
								
				<origin author="Franti?ek Kouck?" place="Czech Republic" year="1975"/>
				<note>The second most copied pistol (after M1911).</note>
				
				<cartridge>9x19 mm Parabellum</cartridge>				
				<construction>
					<type>semi-automatic</type>
					<trigger>DA/SA</trigger>
					<action>short recoil</action>
					<feed_system>
						<magazine capacity="17"/>
					</feed_system>
					<dimensions>
						<length>
							<mm>206</mm>
							<in>8.1</in>
						</length>
						<weight>
							<g>1120</g>
						</weight>
					</dimensions>
				</construction>
				<performance>
					<muzzle_velocity>
						<mps>335</mps>
					</muzzle_velocity>
					<effective_range>
						<m>50</m>
					</effective_range>
				</performance>
			<logo><?viewer "use monospaced font"?><![CDATA[
                 __,ggqsgggy___                 
            __WK$@#@@WKW#0@@@9%@Ag_             
         _g#A#5#@5N$K@M#@%#@##NBNW@N4_          
       _R@M@@RP^^P"`^      `"^+F^~@8$g%b,       
     _@#W#N~                       `"@gZ@m_     
    p$@@B~                            ~&8#@L    
   MmB%f                                "KNAA   
  G0W#`  ____________________________    ^W%$@  
 G###F   @%WBW&M$@BG@M@#&5$B%@#M@#g@@     `#WBg 
JQ@M%K   ##@"^""""'"~"^^^"`"^~'~"~#N#     5W#9@i
%%M8B    $D#L_,_  ___    __,      )@A      WWNWW
BWBKW    t#@@KN#  N#g    #$Z    _dB@B      @#@#@
@R&y@     ^`^``^  #N9    8ZN   eZB$^       1@g@g
@R#BM             'E$k_,,W##    ^@KML      #B6@N
RNW#M              g#@R&MMMg      "A$%     y@%@8
!M#@#a             ``    ` `       f0#    J89RM/
 K@$d(                   `@gj     _#2B    ^@$@% 
  N%#8                    $@W   ,WZ@P     #N8$` 
  `#D@%,                  B@#NMb8@P`    _K8x#`  
    8##9e                 ^"~^""~`     JW@@5`   
     ^ZNA$b_                        _yM&@NF     
       '$8@##g_  __           __ _y@#B#6F       
         ^%88N@M@X##@KggmmM%@E@88Xd#KA~         
            ~?WM#D@0NZ@#$@#%R$6#5#P~            
                ^^"fM&S#$8#4P""`                
				]]></logo><image>http://upload.wikimedia.org/wikipedia/commons/8/81/Cz75.jpg</image></gun><gun name="Grand Power K100"><id>gGPK100</id><category>Pistols</category>
								
				<origin author="Jaroslav Kuracina" place="Slovakia" year="1994"/>
				<note>Letter "K" in "K100" stands for the designer's surname, number 100 is said to denote his weight.</note>
				
				<cartridge>9x19 mm Parabellum</cartridge>				
				<construction>
					<type>semi-automatic</type>
					<trigger>DA/SA</trigger>
					<action>short recoil</action>
					<feed_system>
						<magazine capacity="17"/>
					</feed_system>
					<dimensions>
						<length>
							<mm>202.5</mm>
							<in>8</in>
						</length>
						<weight>
							<g>740</g>
						</weight>
					</dimensions>
				</construction>
				<performance>
					<muzzle_velocity>
						<mps>350</mps>
					</muzzle_velocity>
					<effective_range>
						<m>50</m>
					</effective_range>
				</performance>
			<image>http://upload.wikimedia.org/wikipedia/commons/f/fa/GP_K100_MARK6.jpg</image></gun><gun name="Glock 18"><id>gG18</id><category>Pistols</category>
								
				<origin author="Gaston Glock" place="Austria" year="1982"/>
				<note>Selective fire variant of Glock 17.</note>
				
				<cartridge>9x19 mm Parabellum</cartridge>				
				<construction>
					<type selective_fire="yes">automatic</type>
					<trigger>pre-set</trigger>
					<action>short recoil</action>
					<feed_system>
						<magazine capacity="17"/>
					</feed_system>
					<dimensions>
						<length>
							<mm>186</mm>
							<in>7.32</in>
						</length>
						<weight>
							<g>625</g>
						</weight>
					</dimensions>
				</construction>
				<performance>
					<muzzle_velocity>
						<mps>375</mps>
					</muzzle_velocity>
					<effective_range>
						<m>50</m>
					</effective_range>
					<rate_of_fire>
						<rpm>1100</rpm>
					</rate_of_fire>
				</performance>
			<image>http://www.autoweapons.com/photosv/glock18t.jpg</image></gun><gun name="Steyr M40-A1"><id>gSMA1</id><category>Pistols</category>
								
				<origin place="Austria" year="1999"/>
				
				<cartridge>.40 S&amp;W</cartridge>				
				<construction>
					<type>semi-automatic</type>
					<trigger>DAO</trigger>
					<action>short recoil</action>
					<feed_system>
						<magazine capacity="12"/>
					</feed_system>
					<dimensions>
						<length>
							<mm>176</mm>
							<in>6.9</in>
						</length>
						<weight>
							<g>851</g>
						</weight>
					</dimensions>
				</construction>
				
			<image>http://upload.wikimedia.org/wikipedia/commons/a/ac/Steyr_M-A1_1.jpg</image></gun><gun name="Armscor 1911A1"><id>gA1911</id><category>Pistols</category>
								
				<origin place="Philippines"/>
				<note>A copy of M1911.</note>
				
				<cartridge>.45 ACP</cartridge>				
				<construction>
					<type>semi-automatic</type>
					<trigger>SA</trigger>
					<action>short recoil</action>
					<feed_system>
						<magazine capacity="7"/>
					</feed_system>
					<dimensions>
						<length>
							<mm>210</mm>
							<in>8.25</in>
						</length>
						<weight>
							<g>1105</g>
						</weight>
					</dimensions>
				</construction>
				<performance>
					<muzzle_velocity>
						<mps>255</mps>
					</muzzle_velocity>
					<effective_range>
						<m>50</m>
					</effective_range>
				</performance>
			<image>http://www.guncenter.cz/img/zbrane/Armscor1911A1.jpg</image></gun><gun name="Alfa-Proj Holek 361"><id>gH361</id><category>Revolvers</category>
								
				<origin place="Czech Republic"/>
				
				<cartridge>.22 Long Rifle</cartridge>				
				<construction>
					<type>repeater</type>
					<trigger>SA</trigger>
					<action>revolver</action>
					<feed_system>
						<cylinder capacity="8"/>
					</feed_system>
					<dimensions>
						<length>
							<mm>287</mm>
							<in>11.3</in>
						</length>
						<weight>
							<g>960</g>
						</weight>
					</dimensions>
				</construction>
			<image>http://www.alfa-proj.cz/picture/Katalog/zbrane/ostre-zbrane/revolvery/22wmr_22lr_holek/model_361_big.jpg</image></gun><gun name="Steyr MPi 69"><id>gSMPi</id><category>Submachine guns</category>
				
				<origin author="Steyr" place="Austria" year="1960"/>
				
				<cartridge>9x19 mm Parabellum</cartridge>				
				<construction>
					<type selective_fire="yes">automatic</type>
					<trigger>SA</trigger>
					<action>blowback</action>
					<feed_system>
						<magazine capacity="32"/>
					</feed_system>
					<dimensions>
						<length>
							<mm>465</mm>
							<in>18.3</in>
						</length>
						<weight>
							<g>3130</g>
						</weight>
					</dimensions>
				</construction>
				<performance>
					<muzzle_velocity>
						<mps>381</mps>
					</muzzle_velocity>
					<effective_range>
						<m>100</m>
					</effective_range>
					<rate_of_fire>
						<rpm>550</rpm>
					</rate_of_fire>
				</performance>
			<image>http://world.guns.ru/userfiles/images/smg/austria/1287828710.jpg</image></gun><gun name="Thompson M1928A1"><id>gTommy</id><category>Submachine guns</category>
				
				<origin author="John T. Thompson" place="USA" year="1919"/>
				<note>Earlier model M1921 gained fame from its' use by criminals during Prohibition, and was nicknamed "tommy gun".</note>
				
				<cartridge>.45 ACP</cartridge>				
				<construction>
					<type selective_fire="yes">automatic</type>
					<trigger>SA</trigger>
					<action>blowback</action>
					<feed_system>
						<magazine capacity="30"/>
					</feed_system>
					<dimensions>
						<length>
							<mm>851</mm>
							<in>33.5</in>
						</length>
						<weight>
							<g>4900</g>
						</weight>
					</dimensions>
				</construction>
				<performance>
					<muzzle_velocity>
						<mps>285</mps>
					</muzzle_velocity>
					<effective_range>
						<m>50</m>
					</effective_range>
					<rate_of_fire>
						<rpm>720</rpm>
					</rate_of_fire>
				</performance>
			<image>http://upload.wikimedia.org/wikipedia/commons/f/f4/Submachine_gun_M1928_Thompson.jpg</image></gun><gun name="AR-15"><id>gAR15</id><category>Rifles</category>
			
				<origin author="Eugene Stoner" place="USA" year="1957"/>
				<note>Available in a wide range of configurations from a large number of manufacturers, the most famous derivative is the selective fire M16-series assault rifle used by the United States military.</note>
				
				<cartridge>5.56x45 mm NATO</cartridge>				
				<construction>
					<type>semi-automatic</type>
					<trigger>SA</trigger>
					<action>gas-operated</action>
					<feed_system>
						<magazine capacity="30"/>
					</feed_system>
					<dimensions>
						<length>
							<vary/>
						</length>
						<weight>
							<vary/>
						</weight>
					</dimensions>
				</construction>
				<performance>
					<muzzle_velocity>
						<mps>975</mps>
					</muzzle_velocity>
					<effective_range>
						<m>500</m>
					</effective_range>
				</performance>
			<image>http://upload.wikimedia.org/wikipedia/commons/e/e0/AR15_A3_Tactical_Carbine_pic1.jpg</image></gun><gun name="GSG-5"><id>gGSG5</id><category>Rifles</category>
				
				<origin place="Germany" year="2007"/>
				<note>Copy of the Heckler &amp; Koch MP5 submachine gun.</note>
				
				<cartridge>.22 Long Rifle</cartridge>				
				<construction>
					<type>semi-automatic</type>
					<trigger>SA</trigger>
					<action>blowback</action>
					<feed_system>
						<magazine capacity="22"/>
					</feed_system>
					<dimensions>
						<length>
							<mm>855</mm>
							<in>33.66</in>
						</length>
						<weight>
							<g>3160</g>
						</weight>
					</dimensions>
				</construction>
				<performance>
					<muzzle_velocity>
						<mps>350</mps>
					</muzzle_velocity>
					<effective_range>
						<m>150</m>
					</effective_range>
				</performance>
			<image>http://upload.wikimedia.org/wikipedia/commons/4/45/GSG-5_rifle.jpg</image></gun><gun name="Norinco JW 21"><id>gNorinco</id><category>Rifles</category>
				
				<origin place="China"/>
				
				<cartridge>.22 Long Rifle</cartridge>				
				<construction>
					<type>repeater</type>
					<trigger>SA</trigger>
					<action>lever-action</action>
					<feed_system>
						<magazine capacity="15" detachable="no"/>
					</feed_system>
					<dimensions>
						<length>
							<mm>955</mm>
							<in>37.6</in>
						</length>
						<weight>
							<g>2750</g>
						</weight>
					</dimensions>
				</construction>
			<image>http://www.guncenter.cz/img/zbrane/NorincoJW21.22LR.jpg</image></gun><gun name="Saiga"><id>gSaiga</id><category>Rifles</category>
				
				<origin author="Mikhail Kalashnikov" place="Russia" year="1990"/>
				
				<cartridge>.308 Winchester</cartridge>				
				<construction>
					<type>semi-automatic</type>
					<trigger>SA</trigger>
					<action>gas-operated</action>
					<feed_system>
						<magazine capacity="8"/>
					</feed_system>
					<dimensions>
						<length>
							<mm>1100</mm>
							<in>43.3</in>
						</length>
						<weight>
							<g>3860</g>
						</weight>
					</dimensions>
				</construction>
				<performance>
					<muzzle_velocity>
						<mps>800</mps>
					</muzzle_velocity>
					<effective_range>
						<m>300</m>
					</effective_range>
				</performance>
			<image>http://www.guncenter.cz/img/zbrane/Saiga.308WIN.jpg</image></gun><gun name="Henry 1860"><id>gHenry</id><category>Rifles</category>
				
				<origin author="Benjamin Tyler Henry" place="USA" year="1850"/>
				<note>Nowadays replicas by A. Uberti Firearms.</note>
				
				<cartridge>.45 Colt</cartridge>				
				<construction>
					<type>repeater</type>
					<trigger>SA</trigger>
					<action>lever-action</action>
					<feed_system>
						<magazine capacity="13" detachable="no"/>
					</feed_system>
					<dimensions>
						<length>
							<mm>947</mm>
							<in>37.3</in>
						</length>
						<weight>
							<g>4082</g>
						</weight>
					</dimensions>
				</construction>
			<image>http://www.guncenter.cz/img/zbrane/Henry1860.45LC.jpg</image></gun><gun name="Snayperskaya Vintovka Dragunova"><id>gSVD</id><category>Sniper rifles</category>
							
				<synonyms>
					<synonym>SVD</synonym>
					<synonym>Dragunov</synonym>
				</synonyms>
				<origin author="Yevgeny Dragunov" place="Soviet Union" year="1963"/>
				
				<cartridge>7.62x54 mm R</cartridge>				
				<construction>
					<type>semi-automatic</type>
					<trigger>SA</trigger>
					<action>gas-operated</action>
					<feed_system>
						<magazine capacity="10"/>
					</feed_system>
					<dimensions>
						<length>
							<mm>1225</mm>
							<in>48.2</in>
						</length>
						<weight>
							<g>4300</g>
						</weight>
					</dimensions>
				</construction>
				<performance>
					<muzzle_velocity>
						<mps>830</mps>
					</muzzle_velocity>
					<effective_range>
						<m>800</m>
					</effective_range>
				</performance>
			<image>http://upload.wikimedia.org/wikipedia/commons/1/11/Svd_1_russian.jpg</image></gun><gun name="Pulemyot Maxima M1910"><id>gMaxim</id><category>Machine guns</category>
								
				<origin place="Russian Empire" year="1910"/>
				<note>Russian derivation from Maxim gun, the first self-powered machine gun invented by the American-born British inventor Sir Hiram Maxim in 1884.</note>
				
				<cartridge>7.62x54 mm R</cartridge>				
				<construction>
					<type>automatic</type>
					<trigger>SA</trigger>
					<action>short recoil</action>
					<feed_system>
						<belt capacity="250"/>
					</feed_system>
					<dimensions>
						<length>
							<mm>1067</mm>
							<in>42</in>
						</length>
						<weight>
							<g>64300</g>
						</weight>
					</dimensions>
				</construction>
				<performance>
					<muzzle_velocity>
						<mps>740</mps>
					</muzzle_velocity>
					<effective_range>
						<m>1200</m>
					</effective_range>
					<rate_of_fire>
						<rpm>600</rpm>
					</rate_of_fire>
				</performance>
			<image>http://upload.wikimedia.org/wikipedia/commons/1/1b/Maxim_Maschinengewehr_1910.jpg</image></gun></firearms>
	
	<!--Databaze streliva, ktere jsem pri tom pouzil.-->
	<ammunition>
		
		
	<ammo name="5.56x45 mm NATO"><id>a556N</id><category>Centerfire</category>
				
				<origin author="Remington Arms" place="USA"/>
				<note>Similar to <ref id="a223R">.223 Remington</ref> but not identical.</note>
				
				<shape>
					<bullet>
						<diameter>
							<mm>5.70</mm>
							<in>0.224</in>
						</diameter>
					</bullet>
					<case bottleneck="yes">
						<neck_diameter>
							<mm>6.43</mm>
							<in>0.253</in>
						</neck_diameter>
						<length>
							<mm>44.70</mm>
							<in>1.760</in>
						</length>
					</case>
				</shape>				
			<image>http://anderson-arms.com/images/i-5.56-FMJBT.jpg</image></ammo><ammo name=".223 Remington"><id>a223R</id><category>Centerfire</category>
				
				<origin author="Remington Arms" place="USA" year="1964"/>
				<note>Similar to <ref id="a556N">5.56x45 mm NATO</ref> but not identical.</note>
				
				<shape>
					<bullet>
						<diameter>
							<mm>5.70</mm>
							<in>0.224</in>
						</diameter>
					</bullet>
					<case bottleneck="yes">
						<neck_diameter>
							<mm>6.43</mm>
							<in>0.253</in>
						</neck_diameter>
						<length>
							<mm>44.70</mm>
							<in>1.760</in>
						</length>
					</case>
				</shape>				
			<image>http://deuce45s.com/images/308%20Win%20M-118%20Match%20Ammo.jpg</image></ammo><ammo name=".25 ACP"><id>a25ACP</id><category>Centerfire</category>
				
				<synonyms>
					<synonym>.25 Auto</synonym>
					<synonym>6.35 mm</synonym>
					<synonym>6.35 mm Browning</synonym>
					<synonym>6.35x16 mm SR</synonym>
				</synonyms>
				<origin author="John Browning" place="USA" year="1905"/>
				<note>The smallest centerfire pistol round in production, commonly chambered in small, so-called "vest pocket" pistols. "ACP" stands for "Automatic Colt Pistol", "SR" for "semi-rimmed".</note>
				
				<shape>
					<bullet>
						<diameter>
							<mm>6.4</mm>
							<in>0.251</in>
						</diameter>
					</bullet>
					<case rim="semi-rimmed">
						<neck_diameter>
							<mm>7.0</mm>
							<in>0.276</in>
						</neck_diameter>
						<length>
							<mm>15.6</mm>
							<in>0.615</in>
						</length>
					</case>
				</shape>				
			<image>http://upload.wikimedia.org/wikipedia/commons/e/ec/.25_ACP.jpg</image></ammo><ammo name=".308 Winchester"><id>a308W</id><category>Centerfire</category>
				
				<origin place="USA" year="1952"/>
				<note>Commercial version of the military <ref id="a762x51">7.62x51 mm NATO</ref> cartridge (not identical but interchangeable).</note>
				
				<shape>
					<bullet>
						<diameter>
							<mm>7.8</mm>
							<in>0.308</in>
						</diameter>
					</bullet>
					<case bottleneck="yes">
						<neck_diameter>
							<mm>8.72</mm>
							<in>0.343</in>
						</neck_diameter>
						<length>
							<mm>51.18</mm>
							<in>2.015</in>
						</length>
					</case>
				</shape>				
			<image>http://upload.wikimedia.org/wikipedia/commons/0/03/308_Winchester.jpg</image></ammo><ammo name="7.62x51 mm NATO"><id>a762x51</id><category>Centerfire</category>
				
				<origin place="USA"/>
				<note>Although not identical, it is similar enough to the commercial <ref id="a308W">.308 Winchester</ref> to be considered interchangeable.</note>
				
				<shape>
					<bullet>
						<diameter>
							<mm>7.8</mm>
							<in>0.308</in>
						</diameter>
					</bullet>
					<case bottleneck="yes">
						<neck_diameter>
							<mm>8.72</mm>
							<in>0.343</in>
						</neck_diameter>
						<length>
							<mm>51.18</mm>
							<in>2.015</in>
						</length>
					</case>
				</shape>				
			<image>http://upload.wikimedia.org/wikipedia/commons/d/df/NATO_7.62x51.jpg</image></ammo><ammo name="7.62x54 mm R"><id>a762x54</id><category>Centerfire</category>
				
				<origin place="Russian Empire" year="1891"/>
				<note>Historically known as the "7.62mm Russian", but the "R" in the modern designation (7.62x54R) stands for "rimmed".</note>
				
				<shape>
					<bullet>
						<diameter>
							<mm>7.92</mm>
							<in>0.312</in>
						</diameter>
					</bullet>
					<case bottleneck="yes" rim="rimmed">
						<neck_diameter>
							<mm>8.53</mm>
							<in>0.336</in>
						</neck_diameter>
						<length>
							<mm>53.72</mm>
							<in>2.115</in>
						</length>
					</case>
				</shape>				
			<image>http://upload.wikimedia.org/wikipedia/commons/5/59/76254Rvariety.jpg</image></ammo><ammo name="9x19 mm Parabellum"><id>a9Para</id><category>Centerfire</category>
				
				<synonyms>
					<synonym>9 mm</synonym>
					<synonym>9 mm Para</synonym>
					<synonym>9 mm Luger</synonym>
					<synonym>9 mm NATO</synonym>
				</synonyms>
				<origin author="Georg Luger" place="German Empire" year="1901"/>
				<note>The name Parabellum is derived from the Latin: Si vis pacem, para bellum ("If you seek peace, prepare for war").</note>
				
				<shape>
					<bullet>
						<diameter>
							<mm>9.03</mm>
							<in>0.356</in>
						</diameter>
					</bullet>
					<case>
						<neck_diameter>
							<mm>9.65</mm>
							<in>0.380</in>
						</neck_diameter>
						<length>
							<mm>19.15</mm>
							<in>0.754</in>
						</length>
					</case>
				</shape>				
			<image>http://upload.wikimedia.org/wikipedia/commons/9/96/9mmLuger.jpg</image></ammo><ammo name=".40 S&amp;W"><id>a40SW</id><category>Centerfire</category>
				
				<origin author="Smith &amp; Wesson" place="USA" year="1990"/>
				
				<shape>
					<bullet>
						<diameter>
							<mm>10.2</mm>
							<in>0.400</in>
						</diameter>
					</bullet>
					<case>
						<neck_diameter>
							<mm>10.7</mm>
							<in>0.423</in>
						</neck_diameter>
						<length>
							<mm>21.6</mm>
							<in>0.850</in>
						</length>
					</case>
				</shape>
			<image>http://upload.wikimedia.org/wikipedia/commons/8/89/40_S%26W_-_FMJ_-_2.jpg</image></ammo><ammo name=".45 ACP"><id>a45ACP</id><category>Centerfire</category>
				
				<synonyms>
					<synonym>.45 Auto</synonym>
				</synonyms>
				<origin author="John Browning" place="USA" year="1904"/>
				<note>"ACP" stands for "Automatic Colt Pistol".</note>
				
				<shape>
					<bullet>
						<diameter>
							<mm>11.5</mm>
							<in>0.452</in>
						</diameter>
					</bullet>
					<case>
						<neck_diameter>
							<mm>12.0</mm>
							<in>0.473</in>
						</neck_diameter>
						<length>
							<mm>22.8</mm>
							<in>0.898</in>
						</length>
					</case>
				</shape>				
			<image>http://upload.wikimedia.org/wikipedia/commons/0/01/45caliberACP.jpg</image></ammo><ammo name=".45 Colt"><id>a45C</id><category>Centerfire</category>
				
				<synonyms>
					<synonym>.45 Long Colt</synonym>
				</synonyms>
				<origin author="U. S. Army" place="USA" year="1872"/>
				
				<shape>
					<bullet>
						<diameter>
							<mm>11.5</mm>
							<in>0.454</in>
						</diameter>
					</bullet>
					<case rim="rimmed">
						<neck_diameter>
							<mm>12.2</mm>
							<in>0.480</in>
						</neck_diameter>
						<length>
							<mm>32.6</mm>
							<in>1.285</in>
						</length>
					</case>
				</shape>
			<image>http://upload.wikimedia.org/wikipedia/commons/e/e5/45_Colt_-_1.jpg</image></ammo><ammo name=".22 Long Rifle"><id>a22LR</id><category>Rimfire</category>
				
				<synonyms>
					<synonym>.22 LR</synonym>
				</synonyms>
				<origin place="USA" year="1887"/>
				<note>Uses a heeled bullet (the bullet is the same diameter as the case, and has a narrower "heel" portion that fits in the case).</note>
				
				<shape>
					<bullet>
						<diameter>
							<mm>5.7</mm>
							<in>0.224</in>
						</diameter>
					</bullet>
					<case rim="rimmed">
						<neck_diameter>
							<mm>5.7</mm>
							<in>0.224</in>
						</neck_diameter>
						<length>
							<mm>15.0</mm>
							<in>0.590</in>
						</length>
					</case>
				</shape>				
			<image>http://upload.wikimedia.org/wikipedia/commons/6/61/.22_LR.jpg</image></ammo></ammunition>
</armory>