<?xml version="1.0" encoding="UTF-8"?>
<table>
   <tr>
      <th>Model</th>
      <th>Price</th>
      <th>Graphic card</th>
   </tr>
   <tr>
      <td>Dell   Vostro  260 ST</td>
      <td>11847</td>
      <td>Asus ARES/2DIS</td>
   </tr>
   <tr>
      <td>Dell   Optiflex  990</td>
      <td>18654</td>
      <td>Asus ARES/2DIS</td>
   </tr>
   <tr>
      <td>HP   Compaq 8100 Elite</td>
      <td>19585</td>
      <td>Zotac GTX 590</td>
   </tr>
   <tr>
      <td>Asus   Essentio  CM-1730</td>
      <td>23500</td>
      <td>Asus ARES/2DIS</td>
   </tr>
   <tr>
      <td>Dell   Precision  T1600</td>
      <td>23646</td>
      <td>NVIDIA Quadro 5000</td>
   </tr>
   <tr>
      <td>Fujitsu   Esprimo  P500</td>
      <td>33544</td>
      <td>NVIDIA Quadro 5000</td>
   </tr>
   <tr>
      <td>Dell   Optiflex  790</td>
      <td>35444</td>
      <td>NVIDIA Quadro 4000</td>
   </tr>
   <tr>
      <td>Dell   Optiflex  390-MT</td>
      <td>41900</td>
      <td>GIGABYYE GTX 590 Hard-Core Gaming</td>
   </tr>
</table>