<?xml version="1.0" encoding="UTF-8"?>
<machine id="WRHECRNQR0">
   <total_hdd_capacity>1000</total_hdd_capacity>
</machine>
<machine id="AFK1SY0PD4">
   <total_hdd_capacity>1000</total_hdd_capacity>
</machine>
<machine id="VRBIKIG5U5">
   <total_hdd_capacity>2000</total_hdd_capacity>
</machine>
<machine id="HNS8NXXE1M">
   <total_hdd_capacity>1000</total_hdd_capacity>
</machine>
<machine id="Y239KLLCBX">
   <total_hdd_capacity>1000</total_hdd_capacity>
</machine>
<machine id="K9V8JED1MC">
   <total_hdd_capacity>500</total_hdd_capacity>
</machine>
<machine id="WXKIA9DQ6E">
   <total_hdd_capacity>500</total_hdd_capacity>
</machine>
<machine id="X7IMIMRZNA">
   <total_hdd_capacity>1500</total_hdd_capacity>
</machine>
<machine id="V4XVO2923V">
   <total_hdd_capacity>1000</total_hdd_capacity>
</machine>
<machine id="RK1XK027R2">
   <total_hdd_capacity>500</total_hdd_capacity>
</machine>
<machine id="FSEMJEPTNL">
   <total_hdd_capacity>1000</total_hdd_capacity>
</machine>