<?xml version="1.0" encoding="UTF-8"?>
<referee>
   <name>Rostislav</name>
   <surname>Marek</surname>
   <rank>40</rank>
   <SubReferee>
      <name>Petr</name>
      <surname>Sokolik</surname>
      <rank>20</rank>
      <SubReferee>
         <name>Marek</name>
         <surname>Dalik</surname>
         <rank>3</rank>
      </SubReferee>
      <SubReferee>
         <name>Dan</name>
         <surname>Moravek</surname>
         <rank>3</rank>
      </SubReferee>
   </SubReferee>
</referee>
<referee>
   <name>Petr</name>
   <surname>Sokolik</surname>
   <rank>20</rank>
   <SubReferee>
      <name>Marek</name>
      <surname>Dalik</surname>
      <rank>3</rank>
   </SubReferee>
   <SubReferee>
      <name>Dan</name>
      <surname>Moravek</surname>
      <rank>3</rank>
   </SubReferee>
</referee>
<referee>
   <name>Marek</name>
   <surname>Dalik</surname>
   <rank>3</rank>
</referee>
<referee>
   <name>Dan</name>
   <surname>Moravek</surname>
   <rank>3</rank>
</referee>
<referee>
   <name>Jan</name>
   <surname>Drchal</surname>
   <rank>56</rank>
   <SubReferee>
      <name>Milan</name>
      <surname>Stepanek</surname>
      <rank>32</rank>
   </SubReferee>
</referee>
<referee>
   <name>Milan</name>
   <surname>Stepanek</surname>
   <rank>32</rank>
</referee>
<referee>
   <name>Marek</name>
   <surname>Pekoc</surname>
   <rank>42</rank>
</referee>
<referee>
   <name>Petr</name>
   <surname>Michalek</surname>
   <rank>40</rank>
</referee>
<referee>
   <name>Jan</name>
   <surname>Rozhodci</surname>
   <rank>50</rank>
</referee>
<referee>
   <name>Petr</name>
   <surname>Janosik</surname>
   <rank>30</rank>
</referee>
<referee>
   <name>David</name>
   <surname>Kubasek</surname>
   <rank>55</rank>
</referee>
<referee>
   <name>Roman</name>
   <surname>Janousek</surname>
   <rank>45</rank>
</referee>