<?xml version="1.0" encoding="UTF-8"?><html xmlns="http://www.w3.org/1999/xhtml" xml:lang="en">
   <head>
      <meta http-equiv="Content-Type" content="text/html; charset=UTF-8" />
      <title>Objednavky</title>
   </head>
   <body>
      <h1>Objednavky</h1>
      <table>
         <tr>
            <th>ID objednavky</th>
            <th>Cena</th>
            <th>Zakaznik</th>
         </tr>
         <!-- vyber objednavek a zakaniku, kde id_zakaznik se shoduji -->
         <tr>
            <td>obj1</td>
            <!-- vypis atributu -->
            <td>
               <ul>
                  <!-- nalezeni ceny exemplare -->
                  <li>1000 CZK</li>
               </ul>
            </td>
            <td>Johny B</td>
         </tr>
         <tr>
            <td>obj2</td>
            <!-- vypis atributu -->
            <td>
               <ul>
                  <!-- nalezeni ceny exemplare -->
                  <li>1 CZK</li>
               </ul>
            </td>
            <td>Johny C</td>
         </tr>
      </table>
   </body>
</html>