<?xml version="1.0" encoding="UTF-8"?>
<polozky>
   <polozka id_polozka="p_1">
      <nazev>Super profi vrtačka</nazev>
      <id_sekce id_sekce="s_1"/>
   </polozka>
   <polozka id_polozka="p_2">
      <nazev>Black and Decker 1.0</nazev>
      <id_sekce id_sekce="s_1"/>
   </polozka>
   <polozka id_polozka="p_3">
      <nazev>Kompresor 100</nazev>
      <id_sekce id_sekce="s_5"/>
   </polozka>
   <polozka id_polozka="1">
      <nazev>Vrtacka import</nazev>
      <id_sekce id_sekce="s_1"/>
   </polozka>
   <polozka id_polozka="2">
      <nazev>Stojan na naradi import</nazev>
      <id_sekce id_sekce="s_3"/>
   </polozka>
   <polozka id_polozka="3">
      <nazev>Kompresor import</nazev>
      <id_sekce id_sekce="s_5"/>
   </polozka>
</polozky>