<?xml version="1.0" encoding="UTF-8"?>
<technicke_listy_polozek>
   <prirazeni_listu>
      <polozka id_polozka="p_1">
         <nazev>Super profi vrtačka</nazev>
      </polozka>
      <id_list id_list="list1"/>
      <obsah_listu>obsah listu 1</obsah_listu>
   </prirazeni_listu>
   <prirazeni_listu>
      <polozka id_polozka="p_2">
         <nazev>Black and Decker 1.0</nazev>
      </polozka>
      <id_list id_list="list1"/>
      <obsah_listu>obsah listu 1</obsah_listu>
   </prirazeni_listu>
   <prirazeni_listu>
      <polozka id_polozka="p_2">
         <nazev>Black and Decker 1.0</nazev>
      </polozka>
      <id_list id_list="list2"/>
      <obsah_listu>obsah listu 2</obsah_listu>
   </prirazeni_listu>
</technicke_listy_polozek>