<?xml version="1.0" encoding="UTF-8"?>
<result>
   <employee>
      <name>Amanda C. Roque</name>
      <sellery>1356</sellery>
   </employee>
   <employee>
      <name>Beatrice R. Dear</name>
      <sellery>1235</sellery>
   </employee>
   <employee>
      <name>Dora C. Welborn</name>
      <sellery>1901.125</sellery>
   </employee>
   <employee>
      <name>John S. Costello</name>
      <sellery>1415</sellery>
   </employee>
   <employee>
      <name>Karen A. Anderson</name>
      <sellery>1680.835</sellery>
   </employee>
   <employee>
      <name>Lance R. Lancaster</name>
      <sellery>1568</sellery>
   </employee>
   <employee>
      <name>Vicki C. Gauthier</name>
      <sellery>1025</sellery>
   </employee>
</result>