<?xml version="1.0" encoding="UTF-8"?>
<root>
   <all>
      <name>George Butler</name>
      <name>Jimmie Floyd</name>
      <name>Vicki C. Gauthier</name>
      <name>Kevin N. Garza</name>
      <name>Beatrice R. Dear</name>
      <name>Amanda C. Roque</name>
      <name>John S. Costello</name>
      <name>Karen A. Anderson</name>
      <name>Dora C. Welborn</name>
      <name>Lance R. Lancaster</name>
      <name>Frank Sharp</name>
      <name>Joeseph Dart</name>
      <name>Johnny Mahony</name>
      <name>Peter Dart</name>
      <name>Michael Jordan</name>
   </all>
</root>