<html>
   <body>
      <ul>
         <li>IT department
            <ul>
               <li>Jimmie Floyd
                  <ul>
                     <li>age: 35</li>
                     <li>gender: Male</li>
                     <li>selery: 2315</li>
                  </ul>
               </li>
            </ul>
            <ul>
               <li>Beatrice R. Dear
                  <ul>
                     <li>age: 45</li>
                     <li>gender: Female</li>
                     <li>selery: 1235</li>
                  </ul>
               </li>
            </ul>
            <ul>
               <li>John S. Costello
                  <ul>
                     <li>age: 29</li>
                     <li>gender: Male</li>
                     <li>selery: 1415</li>
                  </ul>
               </li>
            </ul>
         </li>
         <li>Accounting department
            <ul>
               <li>Vicki C. Gauthier
                  <ul>
                     <li>age: 37</li>
                     <li>gender: Female</li>
                     <li>selery: 1025</li>
                  </ul>
               </li>
            </ul>
            <ul>
               <li>Amanda C. Roque
                  <ul>
                     <li>age: 27</li>
                     <li>gender: Female</li>
                     <li>selery: 1356</li>
                  </ul>
               </li>
            </ul>
         </li>
         <li>Department of development
            <ul>
               <li>Kevin N. Garza
                  <ul>
                     <li>age: 54</li>
                     <li>gender: Male</li>
                     <li>selery: 2350</li>
                  </ul>
               </li>
            </ul>
            <ul>
               <li>Karen A. Anderson
                  <ul>
                     <li>age: 41</li>
                     <li>gender: Female</li>
                     <li>selery: 1235</li>
                  </ul>
               </li>
            </ul>
            <ul>
               <li>Dora C. Welborn
                  <ul>
                     <li>age: 49</li>
                     <li>gender: Female</li>
                     <li>selery: 1135</li>
                  </ul>
               </li>
            </ul>
            <ul>
               <li>Lance R. Lancaster
                  <ul>
                     <li>age: 31</li>
                     <li>gender: Male</li>
                     <li>selery: 1568</li>
                  </ul>
               </li>
            </ul>
         </li>
      </ul>
   </body>
</html>