<?xml version="1.0" encoding="UTF-8" standalone="no"?><eshop><notebook>
						<name>MSI Gamin Notebook 100</name>
						<price currency="CZK">20000</price>
						<description>
							<content>Modern, exclusive and featured massive performance.</content>
							<processor>Intel Core i7 2670QM</processor>
							<memory>6 GB</memory>
							<graphicCard>AMD Radeon HD6770M</graphicCard>
							<display>15.6"</display>
							<displayResolution>1690x900</displayResolution>
							<displayType>Gloss</displayType>
							<hardDrive>640GB</hardDrive>
							<colour>Red</colour>
							<weight>3.34 kg</weight>
							<operatingSystem>Microsoft Windows 7 Home Premium 64bit</operatingSystem>
						</description>
						<soldAmount>2</soldAmount></notebook><notebook>
						<name>MSI Gamin Notebook 300</name>
						<price currency="CZK">30000</price>
						<description>
							<content>Modern, exclusive and featured massive performance.</content>
							<processor>Intel Core i7 2670QM</processor>
							<memory>16 GB</memory>
							<graphicCard>NVIDIA GeForce GTX570M</graphicCard>
							<display>17.3"</display>
							<displayResolution>1920x1080</displayResolution>
							<displayType>Antireflex</displayType>
							<hardDrive>120 GB (SSD) + 750 GB (7200RPM)</hardDrive>
							<colour>Red</colour>
							<weight>3.9 kg</weight>
							<operatingSystem>Microsoft Windows 7 Home Premium</operatingSystem>
						</description>
						<soldAmount>0</soldAmount></notebook><notebook>
							<name>ASUS Zenbook 01</name>
							<price currency="CZK">26000</price>
							<description>
								<content>Luxuriously designed ultrabook representative for daily mobility.</content>
								<processor>Intel Core i5 2467</processor>
								<memory>4 GB</memory>
								<graphicCard>Intel HD Graphics 3000</graphicCard>
								<display>11.6"</display>
								<displayResolution>1366x768</displayResolution>
								<displayType>Glossy</displayType>
								<hardDrive>128 GB (SSD)</hardDrive>
								<colour>Gray</colour>
								<weight>1.1 kg</weight>
								<operatingSystem>Microsoft Windows 7 Home Premium 64bit</operatingSystem>
							</description>
							<soldAmount>0</soldAmount></notebook><notebook>
							<name>ASUS Zenbook 01</name>
							<price currency="CZK">34000</price>
							<description>
								<content>Luxuriously designed ultrabook representative for daily mobility.</content>
								<processor>Intel Core i7 2677</processor>
								<memory>4 GB</memory>
								<graphicCard>Intel HD Graphics 3000</graphicCard>
								<display>13.3"</display>
								<displayResolution>1600x900</displayResolution>
								<displayType>Glossy</displayType>
								<hardDrive>256 GB (SSD)</hardDrive>
								<colour>Gray</colour>
								<weight>1.3 kg</weight>
								<operatingSystem>Microsoft Windows 7 Professional 64bit</operatingSystem>
							</description>
							<soldAmount>0</soldAmount></notebook><notebook>
							<name>Apple iPad 2</name>
							<price currency="CZK">16000</price>
							<description>
								<content>Improved tablet iPad 2.</content>
								<processor>Apple A5 Dual-Core</processor>
								<memory>64 GB</memory>
								<graphicCard/>
								<display>11.6"</display>
								<displayResolution>1366x768</displayResolution>
								<displayType>Multitouch</displayType>
								<hardDrive/>
								<colour>Black</colour>
								<weight>601 g</weight>
								<operatingSystem>iOS</operatingSystem>
							</description>
							<soldAmount>0</soldAmount></notebook><notebook>
							<name>ASUS Eee Pad Transformer</name>
							<price currency="CZK">12500</price>
							<description>
								<content>Mobile, modern and well equipped tablets brand Asus.</content>
								<processor>NVIDIA Tegra 2</processor>
								<memory>1 GB</memory>
								<graphicCard/>
								<display>10.1"</display>
								<displayResolution>1280x800</displayResolution>
								<displayType>Multitouch</displayType>
								<hardDrive>16 GB (SSD)</hardDrive>
								<colour>Black</colour>
								<weight>680 g</weight>
								<operatingSystem>Apple</operatingSystem>
							</description>
							<soldAmount>0</soldAmount></notebook></eshop>