<?xml version="1.0" encoding="UTF-8"?>
<countries>
   <country>
      <name xmlns:xsi="http://www.w3.org/2001/XMLSchema-instance">Czech Republic</name>
   </country>
   <country>
      <name xmlns:xsi="http://www.w3.org/2001/XMLSchema-instance">Germany</name>
   </country>
   <country>
      <name xmlns:xsi="http://www.w3.org/2001/XMLSchema-instance">Austria</name>
   </country>
   <country>
      <name xmlns:xsi="http://www.w3.org/2001/XMLSchema-instance">Poland</name>
   </country>
</countries>