<html>
   <head>
      <meta http-equiv="Content-Type" content="text/html; charset=UTF-8">
      <title>Sousedi</title>
   </head>
   <body>
      <h1>Czech Republic</h1>
      <ul>
         <li>Germany</li>
         <li>Austria</li>
         <li>Slovakia</li>
         <li>Poland</li>
      </ul>
      <h1>Germany</h1>
      <ul>
         <li>Czech Republic</li>
         <li>Austria</li>
      </ul>
      <h1>Austria</h1>
      <ul>
         <li>Czech Republic</li>
         <li>Germany</li>
         <li>Slovakia</li>
      </ul>
      <h1>Slovakia</h1>
      <ul>
         <li>Czech Republic</li>
         <li>Austria</li>
         <li>Poland</li>
      </ul>
      <h1>Poland</h1>
      <ul>
         <li>Czech Republic</li>
         <li>Germany</li>
         <li>Slovakia</li>
      </ul>
   </body>
</html>