<?xml version="1.0" encoding="UTF-8"?>
<cities>
   <city>
      <name>Praha</name>
      <country>Czech Republic</country>
      <continent>Europe</continent>
   </city>
   <city>
      <name>Berlin</name>
      <country>Germany</country>
      <continent>Europe</continent>
   </city>
   <city>
      <name>Bratislava</name>
      <country>Slovakia</country>
      <continent>Europe</continent>
   </city>
   <city>
      <name>Kosice</name>
      <country>Slovakia</country>
      <continent>Europe</continent>
   </city>
   <city>
		    <name>Brno</name>
		    <country>Czech Republic</country>
		    <continent>Europe</continent>
	  </city>
   <city>
		    <name>Frankfurt</name>
		    <country>Germany</country>
		    <continent>Europe</continent>
	  </city>
   <city>
		    <name>Wien</name>
		    <country>Austria</country>
		    <continent>Europe</continent>
	  </city>
</cities>