<?xml version="1.0" encoding="UTF-8"?>
<addresses>
   <customer>
      <address>
				     <street>Baker Street</street>
				     <city>London</city>
				     <country>England</country>
				     <zip>12000</zip>
			   </address>
   </customer>
   <customer>
      <address>
				     <street>Biscane Boulevard</street>
				     <city>Miami</city>
				     <country>Florida</country>
				     <zip>12040</zip>
			   </address>
   </customer>
   <customer>
      <address>
				     <street>Atlantic Avenue</street>
				     <city>Virginia Beach</city>
				     <country>Virginia</country>
				     <zip>12100</zip>
			   </address>
   </customer>
   <customer>
      <address>
				     <street>Albany Street</street>
				     <city>Boston</city>
				     <country>Massachusetts</country>
				     <zip>12070</zip>
			   </address>
   </customer>
   <customer>
      <address>
				     <street>Gregory Way</street>
				     <city>Beverly Hills</city>
				     <country>California</country>
				     <zip>90210</zip>
			   </address>
   </customer>
</addresses>