<html>
   <head>
      <meta http-equiv="Content-Type" content="text/html; charset=UTF-8">
      <title>Invoices</title>
   </head>
   <body>
      <h1>Invoice - Doe</h1>
      <p>You rented some books in our store, please pay for your borrowings as soon as posible.</p>
      <div>
         <p>from: 5.11.2011</p>
         <p>to: 5.11.2012</p>
         <p>due: 5.12.2011</p>
         <hr>
         <p>from: 7.4.2011</p>
         <p>to: 10.12.2012</p>
         <p>due: 7.5.2011</p>
         <hr>
      </div>
      <h1>Invoice - Smithee</h1>
      <p>You rented some books in our store, please pay for your borrowings as soon as posible.</p>
      <div>
         <p>from: 1.1.2012</p>
         <p>to: 1.11.2013</p>
         <p>due: 1.2.2012</p>
         <hr>
      </div>
      <h1>Invoice - Shmoe</h1>
      <p>You rented some books in our store, please pay for your borrowings as soon as posible.</p>
      <div>
         <p>from: 7.4.2011</p>
         <p>to: 9.6.2012</p>
         <p>due: 7.5.2011</p>
         <hr>
         <p>from: 23.5.2012</p>
         <p>to: 19.7.2013</p>
         <p>due: 23.6.2012</p>
         <hr>
      </div>
      <h1>Invoice - Lingens</h1>
      <p>You rented some books in our store, please pay for your borrowings as soon as posible.</p>
      <div>
         <p>from: 7.11.2012</p>
         <p>to: 16.4.2013</p>
         <p>due: 7.12.2012</p>
         <hr>
         <p>from: 9.3.2012</p>
         <p>to: 16.4.2013</p>
         <p>due: 9.4.2012</p>
         <hr>
         <p>from: 11.9.2014</p>
         <p>to: 16.9.2014</p>
         <p>due: 11.10.2014</p>
         <hr>
      </div>
   </body>
</html>