<html>
   <head>
      <meta http-equiv="Content-Type" content="text/html; charset=UTF-8">
      <title>Books</title>
   </head>
   <body>
      <h1>Books</h1>
      <h2>Sci-fi</h2>
      <ul>
         <li>1984</li>
         <li>Fahrenheit 451</li>
      </ul>
      <h2>Novel</h2>
      <ul>
         <li>Charlotte's Web</li>
         <li>The Long Goodbye</li>
         <li>The Road</li>
      </ul>
      <h2>Humor</h2>
      <ul>
         <li>Me Talk Pretty One Day</li>
      </ul>
      <h2>Politics</h2>
      <ul>
         <li>The Autobiography of Malcolm X: As Told to Alex Haley</li>
      </ul>
      <h2>Psychology</h2>
      <ul>
         <li>The Man Who Mistook His Wife For A Hat: And Other Clinical Tales</li>
      </ul>
      <h2>Horror</h2>
      <ul>
         <li>Crazy coding</li>
         <li>The Shining</li>
      </ul>
      <h2>Stories</h2>
      <ul>
         <li>The Things They Carried</li>
      </ul>
   </body>
</html>