<?xml version="1.0" encoding="UTF-8"?>
<book>
   <name>1984</name>
   <rentalPerson>Doe</rentalPerson>
   <rentalPerson>Lingens</rentalPerson>
</book>
<book>
   <name>Charlotte's Web</name>
   <rentalPerson>Shmoe</rentalPerson>
</book>
<book>
   <name>Fahrenheit 451</name>
   <rentalPerson>Smithee</rentalPerson>
</book>
<book>
   <name>Me Talk Pretty One Day</name>
   <rentalPerson>Doe</rentalPerson>
</book>
<book>
   <name>The Man Who Mistook His Wife For A Hat: And Other Clinical Tales</name>
   <rentalPerson>Shmoe</rentalPerson>
</book>
<book>
   <name>The Shining</name>
   <rentalPerson>Lingens</rentalPerson>
</book>
<book>
   <name>The Things They Carried</name>
   <rentalPerson>Lingens</rentalPerson>
</book>