<html>
   <head>
      <meta http-equiv="Content-Type" content="text/html; charset=UTF-8">
      <title>Startups</title>
   </head>
   <body>
      <table>
         <tr>
            <td>Name</td>
            <td>Invested</td>
         </tr>
         <tr>
            <td>
               				Inklings	
               			
            </td>
            <td>YES</td>
         </tr>
         <tr>
            <td>
               				Xchangers
               			
            </td>
            <td>NO</td>
         </tr>
      </table>
   </body>
</html>