<?xml version="1.0" encoding="UTF-8"?>
<zam>
   <jmeno>Vlasak</jmeno>
   <hodnotil>
      <koho>Rizek</koho>
      <jak>Neni to borec.</jak>
   </hodnotil>
</zam>
<zam>
   <jmeno>Rizek</jmeno>
   <hodnotil>
      <koho>Vlasak</koho>
      <jak>Je to borec.</jak>
   </hodnotil>
</zam>
<zam>
   <jmeno>Joska</jmeno>
   <hodnotil>
      <koho>Vlasak</koho>
      <jak>Pracant</jak>
   </hodnotil>
</zam>
<zam>
   <jmeno>Pejchar</jmeno>
   <hodnotil>
      <koho>Joska</koho>
      <jak>Stramak.</jak>
   </hodnotil>
</zam>