<?xml version="1.0" encoding="UTF-8"?>
<zamestnanec stav="zenaty" id="z1" pobocka_id="p1" plat="23000">
		<prijmeni>Vlasak</prijmeni>
		<hodnoceni hodnotil="z2">Je to borec.</hodnoceni>
		<hodnoceni hodnotil="z3">Pracant</hodnoceni>
	</zamestnanec>
<zamestnanec stav="svobodny" id="z2" pobocka_id="p3" plat="20000">
		<prijmeni>Rizek</prijmeni>
		<hodnoceni hodnotil="z1">Neni <b>to</b> borec.</hodnoceni>
	</zamestnanec>
<zamestnanec stav="zenaty" id="z3" pobocka_id="p2" plat="20000">
		<prijmeni>Joska</prijmeni>
		<hodnoceni hodnotil="z4">Stramak.</hodnoceni>
	</zamestnanec>
<zamestnanec stav="svobodny" id="z4" pobocka_id="p1" plat="15000">
		<prijmeni>Pejchar</prijmeni>
	</zamestnanec>
<zamestnanec stav="svobodny" id="z5" pobocka_id="p3" plat="13000">
		<prijmeni>Novak</prijmeni>
	</zamestnanec>
<zamestnanec stav="svobodny" id="z6" pobocka_id="p3" plat="14000">
		<prijmeni>Stary</prijmeni>
	</zamestnanec>
<zamestnanec stav="vdana" id="z7" pobocka_id="p1" plat="11000">
		<prijmeni>Jirankova</prijmeni>
		<hodnoceni hodnotil="z1">Hodna holka.</hodnoceni>
	</zamestnanec>