<?xml version="1.0" encoding="UTF-8"?>
<pobocka>
   <adresa>Loukotna</adresa>
   <vedouci>
      <zamestnanec id="z2">Rizek</zamestnanec>
   </vedouci>
   <podrizeni>
      <zamestnanec id="z5">Novak</zamestnanec>
      <zamestnanec id="z6">Stary</zamestnanec>
   </podrizeni>
   <podrizene-pobocky/>
</pobocka>
<pobocka>
   <adresa>Krehujov</adresa>
   <vedouci>
      <zamestnanec id="z1">Vlasak</zamestnanec>
   </vedouci>
   <podrizeni>
      <zamestnanec id="z4">Pejchar</zamestnanec>
   </podrizeni>
   <podrizene-pobocky>
      <pobocka>
         <adresa>Krehujov - Lysa</adresa>
         <vedouci>
            <zamestnanec id="z3">Joska</zamestnanec>
         </vedouci>
         <podrizeni/>
         <podrizene-pobocky/>
      </pobocka>
   </podrizene-pobocky>
</pobocka>