<?xml version="1.0" encoding="UTF-8"?>
<item>
   <info>Agilita vetsi nez 2</info>
   <item id="item2" itemName="Kralovo brneni">			
			   <itemType>
         <armorType/>
      </itemType>
			   <itemInfo>
				     <armor>120</armor>
				     <agility>5</agility>
			   </itemInfo>
		</item>
</item>
<item>
   <info>Agilita 1 az 2</info>
   <item id="item3" itemName="Kralovo boty">			
			   <itemType>
         <armorType/>
      </itemType>
			   <itemInfo>
				     <armor>20</armor>
				     <agility>2</agility>
			   </itemInfo>
		</item>
</item>
<item>
   <info>Agilita 1 az 2</info>
   <item id="item4" itemName="Mec zhouby">			
			   <itemType>
         <weaponType/>
      </itemType>
			   <itemInfo>
				     <minDmg>24</minDmg>
				     <maxDmg>62</maxDmg>
				     <agility>2</agility>
			   </itemInfo>
		</item>
</item>
<item>
   <info>Agilita 1 az 2</info>
   <item id="item5" itemName="Prsten slavy">			
			   <itemType>
         <ringType/>
      </itemType>
			   <itemInfo>			
				     <stamina>8</stamina>	
				     <agility>2</agility>				
			   </itemInfo>
		</item>
</item>
<item>
   <info>Agilita 1 az 2</info>
   <item id="item6" itemName="Zubri helma">			
			   <itemType>
         <armorType/>
      </itemType>
			   <itemInfo>
				     <armor>250</armor>
				     <agility>2</agility>
			   </itemInfo>
		</item>
</item>