<html>
   <head>
      <meta http-equiv="Content-Type" content="text/html; charset=UTF-8">
      <title>Player hrac1 info</title>
   </head>
   <body>
      <div id="hrac1" class="player"><span>
            <h1>Username: hrac1</h1>
            <h2>Firstname: Josef</h2>
            <h2>Lastname: Hasek</h2>
            <h3>LVL: 25</h3></span><hr><span id="item1" itemName="Kraluv mec">
            <h3>Item stamina: 2</h3>
            <h3>Item agility: </h3>
            <h3>Item intelect: </h3>
            <hr></span><span id="item3" itemName="Kralovo boty">
            <h3>Item stamina: </h3>
            <h3>Item agility: 2</h3>
            <h3>Item intelect: </h3>
            <hr></span></div>
   </body>
</html>