<?xml version="1.0" encoding="UTF-8"?>
<item id="item3" itemName="Kralovo boty">			
			<itemType>
      <armorType/>
   </itemType>
			<itemInfo>
				  <armor>20</armor>
				  <agility>2</agility>
			</itemInfo>
		</item>
<item id="item2" itemName="Kralovo brneni">			
			<itemType>
      <armorType/>
   </itemType>
			<itemInfo>
				  <armor>120</armor>
				  <agility>5</agility>
			</itemInfo>
		</item>
<item id="item6" itemName="Zubri helma">			
			<itemType>
      <armorType/>
   </itemType>
			<itemInfo>
				  <armor>250</armor>
				  <agility>2</agility>
			</itemInfo>
		</item>