<?xml version="1.0" encoding="UTF-8"?>
<creep>
			<creepName>Krysar</creepName>
			<creepType>
      <humanoid/>
   </creepType>
			<creepSkin>45252</creepSkin>
			<creepFraction>
      <allies/>
   </creepFraction>
			<creepLocation>
				  <creepLocX>12.255153</creepLocX>
				  <creepLocY>34.514816</creepLocY>
			</creepLocation>
			<!-- predmety, ktere vypadnou z prisery po jejim zabiti -->
			<creepItemSet>
				  <creepItem id="item1"/>
				  <creepItem id="item2"/>
			</creepItemSet>
			<creepStats>
				  <creepDmg>45-65</creepDmg>
				  <creepArmor>250</creepArmor>
				  <creepHealth>1250</creepHealth>
				  <creepMovement>100</creepMovement>
				  <creepSize>1</creepSize>
			</creepStats>
		</creep>
<creep>
			<creepName>Nemrtvak</creepName>
			<creepType>
      <undead/>
   </creepType>
			<creepSkin>1522</creepSkin>
			<creepFraction>
      <axis/>
   </creepFraction>
			<creepLocation>
				  <creepLocX>24.645546</creepLocX>
				  <creepLocY>12.546841</creepLocY>
			</creepLocation>
			<creepItemSet>
				  <creepItem id="item3"/>				
			</creepItemSet>
			<creepStats>
				  <creepDmg>80-120</creepDmg>
				  <creepArmor>380</creepArmor>
				  <creepHealth>2540</creepHealth>
				  <creepMovement>100</creepMovement>
				  <creepSize>1.5</creepSize>
			</creepStats>
		</creep>
<creep>
			<creepName>Krysar</creepName>
			<creepType>
      <undead/>
   </creepType>
			<creepSkin>4452</creepSkin>
			<creepFraction>
      <allies/>
   </creepFraction>
			<creepLocation>
				  <creepLocX>102.255153</creepLocX>
				  <creepLocY>32.514816</creepLocY>
			</creepLocation>
			<!-- predmety, ktere vypadnou z prisery po jejim zabiti -->
			<creepItemSet>
				  <creepItem id="item3"/>
				  <creepItem id="item2"/>
			</creepItemSet>
			<creepStats>
				  <creepDmg>50-65</creepDmg>
				  <creepArmor>200</creepArmor>
				  <creepHealth>1550</creepHealth>
				  <creepMovement>100</creepMovement>
				  <creepSize>1</creepSize>
			</creepStats>
		</creep>