<?xml version="1.0" encoding="UTF-8"?>
<ucitel>
   <meno>
      <meno>Stanislav Prisny</meno>
   </meno>
   <poznamky>
      <poznamka>
         <poznamka>Titul nadobudol v roku 1998</poznamka>
      </poznamka>
      <popis-poznamky>
         <poznamky>
            <poznamka>
               <poznamka>
					Titul Prof. ziskal pod vedenim Prof. Jana Novaka
				</poznamka>
            </poznamka>
            <popis-poznamky/>
         </poznamky>
      </popis-poznamky>
   </poznamky>
</ucitel>
<ucitel>
   <meno>
      <meno>Tomas Novotny</meno>
   </meno>
   <poznamky>
      <poznamka>
         <poznamka>Titul Doc.nadobudol v roku 2005</poznamka>
      </poznamka>
      <popis-poznamky>
         <poznamky>
            <poznamka>
               <poznamka>
					Titul Doc. ziskal pod vedenim Prof. Jana Novaka
				</poznamka>
            </poznamka>
            <popis-poznamky/>
         </poznamky>
      </popis-poznamky>
   </poznamky>
</ucitel>
<ucitel>
   <meno>
      <meno>Ivan Kuceravy</meno>
   </meno>
   <poznamky>
      <poznamka>
         <poznamka>Titul nadobudol v roku 2007</poznamka>
      </poznamka>
      <popis-poznamky>
         <poznamky>
            <poznamka>
               <poznamka>
					Titul Mgr. ziskal pod vedenim Prof. Vojtu Bokrosa
				</poznamka>
            </poznamka>
            <popis-poznamky/>
         </poznamky>
      </popis-poznamky>
   </poznamky>
</ucitel>