<html>
   <head>
      <meta http-equiv="Content-Type" content="text/html; charset=UTF-8">
      <title>XML</title>
   </head>
   <body>
      <table>
         <tr>
            <th> Book</th>
            <th>Price</th>
            <th>Author</th>
            <th>Status</th>
         </tr>
         <tr>
            <td>Amadeus, Zivot mozartuv</td>
            <td>Biografie</td>
            <td>Casini, Claudio</td>
            <td>ALIVE</td>
         </tr>
         <tr>
            <td>Sestra</td>
            <td>Beletrie</td>
            <td>Topol, Jachym</td>
            <td>ALIVE</td>
         </tr>
         <tr>
            <td>Uzasna zemeplocha Kolekce</td>
            <td>Sci-fi</td>
            <td>Prachett, Terry</td>
            <td>ALIVE</td>
         </tr>
         <tr>
            <td>Idiot</td>
            <td>Beletrie</td>
            <td>Dostojevsky, F.M.</td>
            <td>DEAD</td>
         </tr>
         <tr>
            <td>Nesnesitelna lehkost byti</td>
            <td>Beletrie</td>
            <td>Kundera, Milan</td>
            <td>unknown</td>
         </tr>
         <tr>
            <td>Duna</td>
            <td>Sci-fi</td>
            <td>Herbert, Frank</td>
            <td>unknown</td>
         </tr>
         <tr>
            <td>Hrozny hnevu</td>
            <td>Socialni</td>
            <td>Steinbeck</td>
            <td>unknown</td>
         </tr>
         <tr>
            <td>Mengele - Andel smrti</td>
            <td> generic </td>
            <td>Posner, Gerald L. Ware, John</td>
            <td>unknown</td>
         </tr>
         <tr>
            <td>Dobra znameni</td>
            <td>Sci-fi</td>
            <td>Prachett, Terry</td>
            <td>ALIVE</td>
         </tr>
         <tr>
            <td>Uz horela, kdyz jsem do ni lehal</td>
            <td>Beletrie</td>
            <td>Fulghum, Robert</td>
            <td>unknown</td>
         </tr>
      </table>
   </body>
</html>