<?xml version="1.0" encoding="UTF-8"?>
<ul>
   <li>Anna<ul>
         <li>Bara<ul>
               <li>Petr<br/>Tomas<ul>
                     <li>Kudu<br/>Gertruda</li>
                  </ul>
               </li>
            </ul>
            <br/>Ondra<ul>
               <li>Alzbeta<br/>Robert</li>
            </ul>
         </li>
      </ul>
      <br/>Bob<ul>
         <li>Cecilie<ul>
               <li>Jana<br/>Milos</li>
            </ul>
            <br/>Karel<ul>
               <li>Klara<br/>David</li>
            </ul>
         </li>
      </ul>
   </li>
</ul>