<?xml version="1.0" encoding="UTF-8" standalone="no"?><songlibrary>
	<last_edited>
		<?php echo Date("d.m.Y")?>
	</last_edited>
	<artist artistID="dreamTheater" genre="rock">
		<name>Dream Theater</name>
		<members>
			<musician musicianID="petrucci">
				<name>John</name>
				<surname>Petrucci</surname>
			</musician>
			<musician musicianID="portnoy">
				<name>Mike</name>
				<surname>Portnoy</surname>
			</musician>
			<musician musicianID="labrie">
				<name>James</name>
				<surname>LaBrie</surname>
			</musician>
			<musician musicianID="rudess">
				<name>Jordan</name>
				<surname>Rudess</surname>
			</musician>
			<musician musicianID="myung">
				<surname>Myung</surname>
				<name>John</name>
			</musician>
		</members>
		<album albumID="fallingIntoInfinity" year="1997">
			<name>Falling Into Infinity</name>
			<!--  album with 11 song as an example of element with more than 10 subelements-->
			<cover_image/>
			
			<song key="Cis" length="4:58" lyricsBy="petrucci" musicBy="petrucci" songID="youNotMe" tempo="80">
				<name>You Not Me</name>
				<lyrics>
Being round you is driving me crazy
Watching you run is making me lazy
You're trying to buy a place in my head
Telling me lines I've already read
Speaking my name to try to confuse me
Say it again you're starting to lose me

That's alright I'm okay
It happens every single day
It's all the same
But I'm not blind

It's all about you not me
It's all about the things
That you're expecting me to be
There's not enough time to live
And all that you're expecting me to give

It's all about you not me
It's all about you not me

You're building my prison brick by brick
Eating your words is making me sick
You get what you want
Cause nothing is sacred
You're reading my mind
And leaving me naked
You say I gotta give before I receive it
One of these days I'll believe it.

It's all about you not me
It's all about the things
That you're expecting me to be
There's not enough time to live
And all that you're expecting me to give

It's all about you not me
It's all about you not me

That's alright I'm okay
It happens every single day
It's all the same
But I'm not blind

It's all about you not me
It's all about the things
That you're expecting me to be
There's not enough time to live
And all that you're expecting me to give

It's all about you not me
It's all about you not me
It's all about you not me				
				</lyrics>
			</song>
			
			<song key="F" length="5:53" lyricsBy="petrucci" musicBy="petrucci" songID="hollowYears" tempo="76">
				<name>Hollow Years</name>
			</song>
			
			<song key="C" length="4:16" musicBy="petrucci" songID="hellsKitchen" tempo="90">
				<name>Hell's Kitchen</name>
			</song>
			<song key="Fis" length="12:05" lyricsBy="petrucci" musicBy="portnoy" songID="linesInTheSand" tempo="65">
				<name>Lines in the Sand</name>
			</song>
			<song key="B" length="6:03" lyricsBy="petrucci" musicBy="petrucci" songID="takeAwayMyPain" tempo="90">
				<name>Take Away My Pain</name>
			</song>
			
			<song key="A" length="5:51" lyricsBy="labrie" musicBy="petrucci" songID="annaLee" tempo="70">
				<name>Anna Lee</name>
			</song>
			
		</album>
		<album albumID="trainOfThought" year="2003">
			<name>Train Of Thought</name>
			<cover_image/>
			
			
		</album>
		<album albumID="systematicChaos" year="2007">
			<name>Systematic Chaos</name>
			<cover_image/>
			
		<song key="D" length="8:21" lyricsBy="petrucci" musicBy="petrucci portnoy myung" songID="takeTheTime" tempo="110"><name>Take The Time</name><lyrics> "Hold it now...
 wait a minute...
 come on... whew..."

 Just let me catch my breath...
 I've heard the promises
 I've seen the mistakes
 I've had my fair share of tough breaks
 I need a new voice, a new law, a new way
 Take the time, reevaluate
 It's time to pick up the pieces,
 Go back to square one
 I think it's time for a change

 There is something that I feel
 To be something that is real
 I feel the heat within my mind
 And craft new changes with my eyes
 Giving freely wandering promises
 A place with decisions I'll fashion
 I won't waste another breath

 [Chorus:]
 You can feel the waves coming on
 (It's time to take the time)
 Let them destroy you or carry you on
 (It's time to take the time)
 You're fighting the weight of the world
 But no one can save you this time
 Close your eyes
 You can find all you need in your mind

 The unbroken spirit
 Obscured and disquiet
 Finds clearness this trial demands
 And at the end of this day sighs an anxious relief
 For the fortune lies still in his hands

 If there's a pensive fear, a wasted year
 A man must learn to cope
 If his obsession's real,
 Suppression that he feels must turn to hope

 Life is no more assuring than love
 (It's time to take the time)
 There are no answers from voices above
 (It's time to take the time)
 You're fighting the weight of the world
 And no one can save you this time
 Close your eyes
 You can find all that you need in your mind

 I close my eyes
 And feel the water rise around me
 Drown the beat of time
 Let my senses fall away
 I can see much clearer now, I'm blind

 "Ora che ho perso la vista,
 Ci vedo di pi?????? "

 [Chorus]

 Find all you need in your mind
 If you take the time
 Find all you need in your mind
 If you take the time</lyrics></song></album>
	</artist>
</songlibrary>