<?xml version="1.0" encoding="UTF-8"?>
<xhtml>
   <head>
      <title>Seznam osob</title>
   </head>
   <body>
      <h1>Seznam osob</h1>
      <div class="osoba">
         <div class="jmeno">Petr</div>
         <div class="prijmeni">Novák</div>
         <div class="adresa">
            <p>Hradební 5</p>
            <p>53110</p>
            <p>Plzeň</p>
         </div>
         <div class="telefon">729699899</div>
         <div class="email">petr@novak.cz</div>
         <div class="vek">20</div>
         <div class="pohlavi">muz</div>
      </div>
      <div class="osoba">
         <div class="jmeno">Petr</div>
         <div class="prijmeni">Novák</div>
         <div class="adresa">
            <p>Hradební 56</p>
            <p>53110</p>
            <p>Plzeň</p>
         </div>
         <div class="telefon">729699899</div>
         <div class="email">petr@novak.cz</div>
         <div class="vek">20</div>
         <div class="pohlavi">muz</div>
      </div>
      <div class="osoba">
         <div class="jmeno">Petr</div>
         <div class="prijmeni">Novák</div>
         <div class="adresa">
            <p>Hradební 55</p>
            <p>53110</p>
            <p>Plzeň</p>
         </div>
         <div class="telefon">729699899</div>
         <div class="email">petr@novak.cz</div>
         <div class="vek">20</div>
         <div class="pohlavi">muz</div>
      </div>
      <div class="osoba">
         <div class="jmeno">Petr</div>
         <div class="prijmeni">Novák</div>
         <div class="adresa">
            <p>Hradební 5</p>
            <p>53110</p>
            <p>Plzeň</p>
         </div>
         <div class="telefon">729699899</div>
         <div class="email">petr@novak.cz</div>
         <div class="vek">20</div>
         <div class="pohlavi">muz</div>
      </div>
      <div class="osoba">
         <div class="jmeno">Petr</div>
         <div class="prijmeni">Novák</div>
         <div class="adresa">
            <p>Hradební 5</p>
            <p>53110</p>
            <p>Plzeň</p>
         </div>
         <div class="telefon">729699899</div>
         <div class="email">petr@novak.cz</div>
         <div class="vek">20</div>
         <div class="pohlavi">muz</div>
      </div>
      <div class="osoba">
         <div class="jmeno">Petr</div>
         <div class="prijmeni">Novák</div>
         <div class="adresa">
            <p>Hradební 5</p>
            <p>53110</p>
            <p>Plzeň</p>
         </div>
         <div class="telefon">729699899</div>
         <div class="email">petr@novak.cz</div>
         <div class="vek">20</div>
         <div class="pohlavi">muz</div>
      </div>
   </body>
</xhtml>