<html>
   <head>
      <meta http-equiv="Content-Type" content="text/html; charset=UTF-8">
      <title>Sample</title>
   </head>
   <body>
      <ul>
         <li>
            <name>Base Brick</name>
         </li>
         <li>
            <name>Baseplate 24 x 32 with Rounded Corners</name>
         </li>
         <li>
            <name>Batman</name>
         </li>
         <li>
            <name>Brick, Modified Facet 4 x 4</name>
         </li>
         <li>
            <name>Garden Headgear Helmet</name>
         </li>
         <li>
            <name>Space Headgear Helmet</name>
         </li>
         <li>
            <name>Space Stick</name>
         </li>
         <li>
            <name>The Joker</name>
         </li>
         <li>
            <name>Tire</name>
         </li>
         <li>
            <name>Weetabix Castle</name>
         </li>
      </ul>
   </body>
</html>