<?xml version="1.0" encoding="UTF-8"?><html xmlns="http://www.w3.org/1999/xhtml" xml:lang="en">
   <head>
      <meta http-equiv="Content-Type" content="text/html; charset=UTF-8" />
      <title>Nepronajat� majetek</title>
   </head>
   <body>
      <h1>Nepronajat� majetek</h1>
      <ul>
         <li style="color: blue">Pole #1896</li>
         <li style="color: blue">Kulturn? d?m obce K?enovy</li>
         <li style="color: red">Obecn? ??ad K?enovy</li>
         <li style="color: blue">Zahradn? seka?ka Mountfield BX-0R</li>
         <li style="color: red">Konferen?n? st?l.</li>
         <li style="color: blue">Dataprojektor AT&amp;T L4E Pro</li>
         <li style="color: blue">Prom?tac? pl?tno</li>
         <li style="color: blue">Traktor Zetor</li>
         <li style="color: red">?koda Superb 1.9TDi</li>
         <li style="color: blue">Lopata</li>
         <li style="color: blue">Stan Blazer T150</li>
         <li style="color: blue">Mountfield RTT100</li>
         <li style="color: blue">Sennheiser MiC780</li>
      </ul>
   </body>
</html>