<?xml version="1.0" encoding="UTF-8"?>
<majetek>
   <nemovitost id="nem_002">
      <nazev>Kulturn? d?m obce K?enovy</nazev>
      <najemnici>
         <najemnik>Petr Pavel</najemnik>
         <najemnik>Radim Bufka</najemnik>
      </najemnici>
   </nemovitost>
   <movitost id="mov_007">
      <nazev>Lopata</nazev>
      <najemnici>
         <najemnik>Radim Bufka</najemnik>
         <najemnik>ZEAS Puclice s.r.o.</najemnik>
      </najemnici>
   </movitost>
   <nemovitost id="nem_001">
      <nazev>Pole #1896</nazev>
      <najemnici>
         <najemnik>ZEAS Puclice s.r.o.</najemnik>
      </najemnici>
   </nemovitost>
   <movitost id="mov_005">
      <nazev>Traktor Zetor</nazev>
      <najemnici>
         <najemnik>ZEAS Puclice s.r.o.</najemnik>
      </najemnici>
   </movitost>
   <movitost id="mov_001">
      <nazev>Zahradn? seka?ka Mountfield BX-0R</nazev>
      <najemnici>
         <najemnik>Radim Bufka</najemnik>
      </najemnici>
   </movitost>
</majetek>