<?xml version="1.0" encoding="UTF-8"?>
<employees>
   <employee>
      <name>Arthur Taylor</name>
      <department>D1.2</department>
   </employee>
   <employee>
      <name>Carl Banks</name>
      <department>PR</department>
   </employee>
   <employee>
      <name>John Smith</name>
      <department>D1</department>
   </employee>
   <employee>
      <name>Kate Stone</name>
      <department>Engineering</department>
   </employee>
   <employee>
      <name>Lucy Sheen</name>
      <department>PR</department>
   </employee>
   <employee>
      <name>Martin Owen</name>
      <department>Manufacturing</department>
   </employee>
   <employee>
      <name>Martin Smith</name>
      <department>D1.1</department>
   </employee>
   <employee>
      <name>Peter Berg</name>
      <department>Manufacturing</department>
   </employee>
   <employee>
      <name>Peter Brown</name>
      <department>D2</department>
   </employee>
   <employee>
      <name>Philip Stein</name>
      <department>PR</department>
   </employee>
</employees>