<?xml version="1.0" encoding="UTF-8"?>
<pronajmy prumerna-cena="29277.777777777777">
   <pronajem>
      <predmet>Traktor Zetor</predmet>
      <najemnik>ZEAS Puclice s.r.o.</najemnik>
      <najemce>Petr Pavel</najemce>
      <cena>200000</cena>
      <pujceno>
         <od>2005-01-01</od>
         <do>2015-01-01</do>
      </pujceno>
   </pronajem>
   <pronajem>
      <predmet>Kulturn? d?m obce K?enovy</predmet>
      <najemnik>Petr Pavel</najemnik>
      <najemce>Petr Pavel</najemce>
      <cena>50000</cena>
      <pujceno>
         <od>2012-02-27T10:00:00</od>
         <do>2012-02-28T10:00:00</do>
      </pujceno>
   </pronajem>
</pronajmy>