<html>
   <head>
      <meta http-equiv="Content-Type" content="text/html; charset=UTF-8">
      <title> Vypis dochazky hracu</title>
   </head>
   <body>
      <table>
         <tr>
            <td>Jan Vlach</td>
            <td>5</td>
         </tr>
         <tr>
            <td>Pepa Novák</td>
            <td>4</td>
         </tr>
         <tr>
            <td>Jan Ostřinec</td>
            <td>3</td>
         </tr>
         <tr>
            <td>Karel Novák</td>
            <td>2</td>
         </tr>
         <tr>
            <td>Kryštof Osítko</td>
            <td>1</td>
         </tr>
         <tr>
            <td>Štěpán Opuchlý</td>
            <td>1</td>
         </tr>
         <tr>
            <td>Karel Marek</td>
            <td>1</td>
         </tr>
         <tr>
            <td>Pepa Jandura</td>
            <td>0</td>
         </tr>
         <tr>
            <td>Antonín Sova</td>
            <td>0</td>
         </tr>
         <tr>
            <td>Jan Odrava</td>
            <td>0</td>
         </tr>
         <tr>
            <td>Pavel Omastek</td>
            <td>0</td>
         </tr>
      </table>
   </body>
</html>