<?xml version="1.0" encoding="UTF-8"?>
<uzivatelePrichozi><!-- dotaz vrati pro kazdeho uzivatele vsechny uzivatele, ktere prisli do systemu diky nemu a nebo diky uzivatelum, ktere on privedl (tranzitivne)
	v reci fotbaloveho tymu to pro kazdeho hrace vrati seznam hracu, ktere do tymu privedl
	--><uzivatel>
      <jmeno>Pepa Novák</jmeno>
      <privedl/>
   </uzivatel>
   <uzivatel>
      <jmeno>Jan Vlach</jmeno>
      <privedl>
         <uzivatele>Pepa Novák</uzivatele>
      </privedl>
   </uzivatel>
   <uzivatel>
      <jmeno>Pepa Jandura</jmeno>
      <privedl>
         <uzivatele>Kryštof Osítko</uzivatele>
         <uzivatele>Jan Ostřinec</uzivatele>
         <uzivatele>Karel Novák</uzivatele>
         <uzivatele>Štěpán Opuchlý</uzivatele>
      </privedl>
   </uzivatel>
   <uzivatel>
      <jmeno>Kryštof Osítko</jmeno>
      <privedl/>
   </uzivatel>
   <uzivatel>
      <jmeno>Jan Ostřinec</jmeno>
      <privedl>
         <uzivatele>Karel Novák</uzivatele>
         <uzivatele>Štěpán Opuchlý</uzivatele>
      </privedl>
   </uzivatel>
   <uzivatel>
      <jmeno>Antonín Sova</jmeno>
      <privedl/>
   </uzivatel>
   <uzivatel>
      <jmeno>Karel Novák</jmeno>
      <privedl>
         <uzivatele>Štěpán Opuchlý</uzivatele>
      </privedl>
   </uzivatel>
   <uzivatel>
      <jmeno>Štěpán Opuchlý</jmeno>
      <privedl/>
   </uzivatel>
   <uzivatel>
      <jmeno>Jan Odrava</jmeno>
      <privedl/>
   </uzivatel>
   <uzivatel>
      <jmeno>Karel Marek</jmeno>
      <privedl/>
   </uzivatel>
   <uzivatel>
      <jmeno>Pavel Omastek</jmeno>
      <privedl/>
   </uzivatel>
</uzivatelePrichozi>