<?xml version="1.0" encoding="UTF-8" standalone="no"?><tv><channels><channel id="ct1">
        <name lang="CS">?T1</name>
        <web>http://www.ceskatelevize.cz/ct1/</web>
    </channel><channel id="nova">
        <name lang="CS">Nova</name>
        <web>http://tv.nova.cz/</web>
    </channel><channel id="ct24">
        <name lang="CS">?T24</name>
        <web>http://www.ceskatelevize.cz/ct24/</web>
    </channel><channel id="ocko">
        <name lang="CS">??ko</name>
        <web>http://ocko.idnes.cz/</web>
    </channel></channels><allProgrammes><programme channel="ct1" start="20090501071500" stop="20090501074500">
        <title lang="CS">Kouzeln? ?kolka</title>
        <desc lang="CS">Poh?dky a?pov?d?n? pro nejmen?? k?pod?v?n?</desc>
        <icon src="http://img4.ceskatelevize.cz/program/porady/10209221979/foto/program.jpg"/>
        <country>CS;</country>
        <csfd><link>
            http://www.csfd.cz/film/256966-kouzelna-skolka/
            </link><rating>46%</rating>
            <genres>
                <genre>Poh?dka</genre>
                <genre>Hudebn?</genre>
                <genre>Loutkov?</genre>
            </genres>
            <provenance>CS</provenance>
            <year>1999</year>
            <cast>
                <actors>
                    <actress>Libu?e Havelkov?</actress>
                    <actor>Lubom?r Kostelka</actor>
                    <actor>Stanislav Zindulka</actor>
                    <actress>Magda Reifov?</actress>
                </actors>
            </cast>
        </csfd>
    </programme><programme channel="ct1" start="20090501190000" stop="20090501194000">
        <title lang="CS">Ud?losti</title>
        <desc lang="CS">Hlavn? zpravodajsk? relace ?esk? televize. Souhrn nejd?le?it?j??ch ud?lost? dne v??R i?ve sv?t?.</desc>
        <country>CS</country>
        <premiere/>
    </programme><programme channel="ct1" start="20090501195500" stop="20090501200000">
        <title lang="CS">P?edpov?? po?as?</title>
        <desc lang="CS">Souhrn meteorologick?ch informac? uplynul?ch 24 hodin a?progn?za v?voje po?as? na p???t? dny.</desc>
        <country>CS</country>
        <premiere/>
    </programme><programme channel="ct2" start="20090501053000" stop="20090501055500">
        <title lang="CS">Spr?vy STV</title>
        <desc lang="CS">Hlavn? zpravodajsk? relace ve?ejnopr?vn? slovensk? televize. Slu?ba nejpo?etn?j?? n?rodnostn? men?in? v??R.</desc>
        <country>CS</country>
        <premiere/>
    </programme><programme channel="ct2" start="20090501083000" stop="20090501091000">
        <title lang="CS">Panorama</title>
        <desc lang="CS">Aktu?ln? pov?trnostn? zpravodajstv? prost?ednictv?m panoramatick?ch kamer</desc>
        <country>CS</country>
        <premiere/>
    </programme><programme channel="ct2" start="20090501170000" stop="20090501171500">
        <title lang="CS">Chcete m??</title>
        <desc lang="CS">Po?ad na pomoc zv??at?m. Uv?d? Marta Kubi?ov?</desc>
        <icon src="http://img4.ceskatelevize.cz/program/porady/10214254240/foto/program.gif"/>
        <country>CS</country>
        <premiere/>
        <csfd><link>
            http://www.csfd.cz/film/251055-chcete-me/
            </link><rating>50%</rating>
            <genres>
                <genre>Rodinn?</genre>
                <genre>Kr?tkometr??n?</genre>
            </genres>
            <provenance>CS</provenance>
            <year>1992</year>
            <cast>
                <actors>
                    <actress>Marta Kubi?ov?</actress>
                    <actor>Zden?k Srstka</actor>
                </actors>
            </cast>
        </csfd>
    </programme><programme channel="nova" start="20090501091000" stop="20090501105500">
        <title lang="CS">Kouzeln? m??ec</title>
        <country>CS</country>
        <csfd><link>
            http://www.csfd.cz/film/9431-kouzelny-mesec/
            </link><rating>57%</rating>
            <genres>
                <genre>Poh?dka</genre>
                <genre>Dobrodru?n?</genre>
            </genres>
            <provenance>CS/DEU</provenance>
            <year>1996</year>
            <cast>
                <director>V?clav Vorl??ek</director>
                <actors>
                    <actress>Mahulena Bo?anov?</actress>
                    <actress>Stella Z?zvorkov?</actress>
                    <actress>Gabriela Wilhelmov?</actress>
                    <actor>Ond?ej Vetch?</actor>
                </actors>
            </cast>
        </csfd>
    </programme><programme channel="nova" start="20090501193000" stop="20090501200000">
        <title lang="CS">Televizn? noviny</title>
        <country>CS</country>
         <premiere/>
        <csfd><link>
            http://www.csfd.cz/film/259340-televizni-noviny/
            </link><rating>30%</rating>
            <genres>
                <genre>Publicistick?</genre>
            </genres>
            <provenance>CS</provenance>
            <year>1994</year>
        </csfd>
    </programme><programme channel="prima" start="20090501034000" stop="20090501043000">
        <title lang="CS">Nikdo nen? dokonal?</title>
        <desc lang="CS">Zp?va?ka V?ra Martinov? a pil?? Kamelotu Roman Hork? jako zp?vaj?c? kytarist? a vyprav??i v po?adu Ji??ho Krampola. Re?ie E. Sedl??</desc>
        <country>CS</country>
        <csfd><link>
            http://www.csfd.cz/film/227024-nikdo-neni-dokonaly/
            </link><rating>50%</rating>
            <genres>
                <genre>Talk-show</genre>
                <genre>Komedie</genre>
            </genres>
            <provenance>CS</provenance>
            <year>1997</year>
            <cast>
                <director>Vojt?ch Nouz?k</director>
                <actors>
                    <actor>Ji?? Krampol</actor>
                    <actor>Ji?? Sov?k</actor>
                    <actor>Vlastimil Brodsk?</actor>
                    <actress>Stella Z?zvorkov?</actress>
                </actors>
            </cast>
        </csfd>
    </programme><programme channel="prima" start="20090501070500" stop="20090501082500">
        <title lang="CS">Alvin a Chipmunkov?</title>
        <sub-title lang="CS">Setk?n? s Frankensteinem</sub-title>
        <desc lang="CS">Animovan? (S) Alvin a jeho br??kov? tentokr?t prozkoum?vaj? nejv?t?? atrakci z?bavn?ho parku - tajemn? hrad. Objev? tam doktora Frankensteina i s jeho monstrem, kter? v?em nah?n? hr?zu. Pro tyhle ro???ky je to ale l?ska na prvn? ?leknut??? Americk? animovan? film (1999). Re?ie K. Castillo (75 min) (Premi?ra)</desc>
        <country>CS</country>
        <csfd><link>
            http://www.csfd.cz/film/233167-alvin-a-chipmunkove/
            </link><rating>53%</rating>
            <genres>
                <genre>Animovan?</genre>
                <genre>Komedie</genre>
                <genre>Rodinn?</genre>
                <genre>Hudebn?</genre>
            </genres>
            <provenance>USA</provenance>
            <year>2007</year>
            <cast>
                <director>Tim Hill</director>
                <actors>
                    <actor>Jason Lee</actor>
                    <actor>David Cross</actor>
                    <actress>Cameron Richardson</actress>
                    <actress>Jane Lynch</actress>
                </actors>
            </cast>
        </csfd>
    </programme><programme channel="prima" start="20090501185500" stop="20090501193500">
        <title lang="CS">Zpr?vy TV Prima</title>
        <desc lang="CS">Sport TV Prima Po?as?</desc>
        <country>CS</country>
         <premiere/>
    </programme><programme channel="ct24" start="20090501030000" stop="20090501030500">
        <title lang="CS">Zpr?vy</title>
        <country>CS</country>
        <premiere/>
    </programme><programme channel="ct24" start="20090501090500" stop="20090501093100">
        <title lang="CS">Objektiv</title>
        <desc lang="CS">Magaz?n zahrani?n?ch zaj?mavost?.</desc>
        <country>CS</country>
         <premiere/>
        <csfd><link>
            http://www.csfd.cz/film/250932-objektiv/
            </link><rating>77%</rating>
            <genres>
                <genre>Publicistick?</genre>
                <genre>Dokument?rn?</genre>
            </genres>
            <provenance>CS</provenance>
            <year>1987</year>
            <cast>

                <director>Ivan Bare?</director>
                <actors>
                    <actor>Richard Honzovi?</actor>
                    <actress>Kamila Mou?kov?</actress>
                    <actor>Juraj Luk??</actor>
                </actors>
            </cast>
        </csfd>
    </programme><programme channel="ct24" start="20090501195500" stop="20090501200000">
        <title lang="CS">P?edpov?? po?as?</title>
        <desc lang="CS">Souhrn meteorologick?ch informac? uplynul?ch 24 hodin a?progn?za v?voje po?as? na p???t? dny.</desc>
        <country>CS</country>
         <premiere/>
    </programme><programme channel="ct4sport" start="20090501000000" stop="20090501003000">
        <title lang="CS">Sport v regionech</title>
        <country>CS</country>
    </programme><programme channel="ct4sport" start="20090501041000" stop="20090501050000">
        <title lang="CS">Goalissimo</title>
        <desc lang="CS">Magaz?n sv?tov?ho fotbalu</desc>
        <country>CS</country>
    </programme><programme channel="ct4sport" start="20090501152000" stop="20090501155500">
        <title lang="CS">V ?achu</title>
        <desc lang="CS">Magaz?n o?d?n? na ?achovnic?ch i?za nimi. Kr?lovsk? hra, jej? hr??i?i?turnaje</desc>
        <country>CS</country>
        <premiere/>
    </programme><programme channel="ocko" start="20090501100000" stop="20090501110000">
        <title lang="CS">inbox</title>
        <desc lang="CS"> rozhovory, report??e</desc>
        <country>CS</country>
    </programme><programme channel="ocko" start="20090501180000" stop="20090501190000">
        <title lang="CS">loap ?esk? hitpar?da</title>
        <country>CS</country>
    </programme><programme channel="ocko" start="20090501210000" stop="20090501220000">
        <title lang="CS">party ride</title>
        <desc lang="CS"> klipy na ka?dou p?rty</desc>
        <country>CS</country>
    </programme><programme channel="cinema.nova" start="20090501110000" stop="20090501113000">
        <title lang="CS">Teleshopping</title>
        <country>CS</country>
    </programme><programme channel="cinema.nova" start="20090501202000" stop="20090501221000">
        <title lang="CS">24 hodin</title>
        <country>CS</country>
        <episode-num>3.18.</episode-num>
        <episode-num>3.19.</episode-num>
        <csfd><link>
            http://www.csfd.cz/film/69584-24-hodin/
            </link><rating>68%</rating>
            <genres>
                <genre>Ak?n?</genre>
                <genre>Thriller</genre>
                <genre>Krimi</genre>
                <genre>Drama</genre>
                <genre>Seri?l</genre>
            </genres>
            <provenance>USA</provenance>
            <year>2001</year>
            <cast>
                <director>Winrich Kolbe</director>
                <actors>
                    <actress>Kiefer Sutherland</actress>
                    <actress>Mary Lynn Rajskub</actress>
                    <actor>Carlos Bernard</actor>
                </actors>
            </cast>
        </csfd>
    </programme></allProgrammes></tv>