<?xml version="1.0" encoding="UTF-8" standalone="no"?><seznam xmlns:xsi="http://www.w3.org/2001/XMLSchema-instance" xsi:noNamespaceSchemaLocation="data.xsd">			
<objednavka oid="35">		
	<!-- Pozn?mky -->
		<datum typ="konec">5.3.2001</datum>
		<datum typ="za??tek">19.2.2011</datum>
		<boty bid="b6243">		
		<cena>1000</cena>
			<barva>?ern?-?erven?</barva>
			<velikost>43</velikost>
			<znacka>Head</znacka>
			<nazev>Jumper</nazev>			
			</boty>
		<hulky hid="h2734">		
		<cena>500</cena>
			<barva>?ern?</barva>
			<velikost>105cm</velikost>
			<znacka>Blizzard</znacka>
			<nazev>Night-rider</nazev>
			</hulky>
		<lyze lid="l1635">
		<cena>1400</cena>
			<barva>?erven?</barva>		
			<vazani>CX-25</vazani>
			<velikost>150cm</velikost>
			<znacka>Head</znacka>
			<nazev>Speedster</nazev>
			<typ>carving</typ>
			</lyze>
		<zakaznik>	
		<prukaz typ="OP">839485028</prukaz>
			<adresa>
			<psc>73947</psc>
				<obec>Nohelnice</obec>
				<ulice>
				<cp>26</cp>
					<nazev>U Franti?ka</nazev>
					</ulice>
				</adresa>
			<hmotnost>74kg</hmotnost>
			<vyska>171cm</vyska>
			<telefon>+420773172947</telefon>
			<prijmeni>Nevytasil</prijmeni>
			<jmeno>Ji??</jmeno>
			</zakaznik>
		</objednavka>
	<objednavka oid="34">		
	<poznamka typ="z?vada">
		<![CDATA[pozn?me?ka]]> maj? okopanou ?pi?ku. <refboty refbid="b6234"/>
			Boty </poznamka>
		<!-- Pozn?mky -->		
		<last_minute/>
		<vernostni_program/>		
		<datum typ="konec">19.2.2001</datum>
		<datum typ="za??tek">12.2.2011</datum>
		<boty bid="b6234">		
		<cena>800</cena>
			<barva>?ern?</barva>
			<velikost>48</velikost>
			<znacka>Head</znacka>
			<nazev>Jumper</nazev>			
			</boty>
		<hulky hid="h2730">		
		<cena>300</cena>
			<barva>?ern?</barva>
			<velikost>120cm</velikost>
			<znacka>Blizzard</znacka>
			<nazev>Ghost</nazev>
			</hulky>
		<lyze lid="l18304">
		<cena>1200</cena>
			<barva>?ern?</barva>		
			<vazani>SX-20</vazani>
			<velikost>160cm</velikost>
			<znacka>head</znacka>
			<nazev>Speedster</nazev>
			<typ>classic</typ>
			</lyze>
		<zakaznik>	
		<prukaz typ="OP">180924658</prukaz>
			<adresa>
			<psc>87413</psc>
				<obec>Vidl?kov</obec>
				<ulice>
				<cp>47</cp>
					<nazev>Kolemjdouc?ho</nazev>
					</ulice>
				</adresa>
			<hmotnost>85kg</hmotnost>
			<vyska>182cm</vyska>
			<telefon>+420773873973</telefon>
			<prijmeni>Roz?l?pm?slo</prijmeni>
			<jmeno>Franti?ek</jmeno>
			</zakaznik>
		</objednavka>
	</seznam>