<?xml version="1.0" encoding="UTF-8" standalone="no"?><!-- XML dokument zachycujici sbirku alb napr. pro potreby hudebniho prehravace--><!-- Ke kazde sbirce muze byt prirazeny jiny styl --><?xml-stylesheet href="sbirka_styl1.xsl" type="text/xsl"?>
<sbirkaalb>
	<umelci>
		<solovy idumelce="AM1974">
			<jmeno>Alanis</jmeno>
			<prijmeni>Morissette</prijmeni>
			<roknarozeni>1974</roknarozeni>
		<pohlavi>zena</pohlavi></solovy>
		
		<kapela idumelce="SR1994">
			<jmenokapely>Sigur R?s</jmenokapely>
			<rokzalozeni>1974</rokzalozeni>
			
		<clen idumelce="JP1975">
			<jmeno>J?n ??r</jmeno> 
			<prijmeni>Birgisson</prijmeni>
			<roknarozeni>1975</roknarozeni>
			<umeleckejmeno>J?nsi</umeleckejmeno>
		<pohlavi>muz</pohlavi></clen><clen idumelce="GH1976">
			<jmeno>Georg</jmeno> 
			<prijmeni>H?lm</prijmeni>
			<roknarozeni>1976</roknarozeni>
		<pohlavi>muz</pohlavi></clen><clen idumelce="KS1978">
			<jmeno>Kjartan</jmeno> 
			<prijmeni>Sveinsson</prijmeni>
			<roknarozeni>1978</roknarozeni>
		<pohlavi>muz</pohlavi></clen><clen idumelce="OP1977">
			<jmeno>Orri P?ll</jmeno> 
			<prijmeni>D?rason</prijmeni>
			<roknarozeni>1977</roknarozeni>
		<pohlavi>muz</pohlavi></clen></kapela>
		
                
		
                
		
                
		
                
		
                <kapela idumelce="TD1962">
			<jmenokapely>The Dubliners</jmenokapely>
			<rokzalozeni>1962</rokzalozeni>
			
		<clen idumelce="RD1934">
			<jmeno>Ronnie</jmeno>
			<prijmeni>Drew</prijmeni>
			<roknarozeni>1934</roknarozeni>
		<pohlavi>muz</pohlavi></clen><clen idumelce="LK1940">
			<jmeno>Luke</jmeno>
			<prijmeni>Kelly</prijmeni>
			<roknarozeni>1940</roknarozeni>
		<pohlavi>muz</pohlavi></clen><clen idumelce="CB1935">
			<jmeno>Ciaran</jmeno>
			<prijmeni>Bourke</prijmeni>
			<roknarozeni>1935</roknarozeni>
		<pohlavi>muz</pohlavi></clen><clen idumelce="PW1944">
			<jmeno>Patsy</jmeno>
			<prijmeni>Watchorn</prijmeni>
			<roknarozeni>1944</roknarozeni>
		<pohlavi>muz</pohlavi></clen></kapela>
		
                
		
                
		
                
		
                
		
		
	</umelci>
	<zanry>
		<zanr idzanru="J1" nazevzanru="Jazz"/>
		<zanr idzanru="F1" nazevzanru="Folk"/>
		<zanr idzanru="R1" nazevzanru="Rock"/>
		<zanr idzanru="P1" nazevzanru="Punk"/>
		<zanr idzanru="M1" nazevzanru="Metal"/>
	</zanry>
	<alba>
		<album idalba="TD02" umelecref="TD1962" zanrref="F1">
			<nazevalba>Live from the Gaiety</nazevalba>
			<rokvydani>2003</rokvydani>
			<seznamskladeb disk="1">
				<skladba hodnoceni="3" idskladby="TD0301">
					<nazev>The Black Velvet Band</nazev>
					<delka>3:48</delka>
					<cislo>1</cislo>
				</skladba>
				<skladba hodnoceni="4" idskladby="TD0302">
					<nazev>The Foggy Dew</nazev>
					<delka>2:32</delka>
					<cislo>2</cislo>
				</skladba>
				<skladba hodnoceni="3" idskladby="TD0303">
					<nazev>The Banks of the Roses</nazev>
					<delka>4:12</delka>
					<cislo>3</cislo>
				</skladba>
				<skladba hodnoceni="5" idskladby="TD0304">
					<nazev>Carrickfergus</nazev>
					<delka>2:57</delka>
					<cislo>4</cislo>
				</skladba>
				<skladba hodnoceni="2" idskladby="TD0305">
					<nazev>McAlpine's Fusiliers</nazev>
					<delka>4:32</delka>
					<cislo>5</cislo>
				</skladba>
				<skladba hodnoceni="4" idskladby="TD0306">
					<nazev>Seven Drunken Nights</nazev>
					<delka>4:08</delka>
					<cislo>6</cislo>
				</skladba>
				<skladba hodnoceni="4" idskladby="TD0307">
					<nazev>Don't Give It Up 'Til It's Over</nazev>
					<delka>5:03</delka>
					<cislo>7</cislo>
				</skladba>
				<skladba hodnoceni="5" idskladby="TD0308">
					<nazev>South Australia</nazev>
					<delka>3:28</delka>
					<cislo>8</cislo>
				</skladba>
				<skladba hodnoceni="4" idskladby="TD0309">
					<nazev>Dublin in the Rare Oul' Times</nazev>
					<delka>2:07</delka>
					<cislo>9</cislo>
				</skladba>
			</seznamskladeb>
			<seznamskladeb disk="2">
				<skladba hodnoceni="3" idskladby="TD03012">
					<nazev>Whiskey In The Jar</nazev>
					<delka>3:19</delka>
					<cislo>1</cislo>
				</skladba>
				<skladba hodnoceni="4" idskladby="TD03022">
					<nazev>Grace</nazev>
					<delka>4:28</delka>
					<cislo>2</cislo>
				</skladba>
				<skladba hodnoceni="3" idskladby="TD03032">
					<nazev><![CDATA[The Showman's Fancy & Wonder Hornpipe]]></nazev>
					<delka>2:45</delka>
					<cislo>3</cislo>
				</skladba>
				<skladba hodnoceni="5" idskladby="TD03042">
					<nazev>The Wild Rover</nazev>
					<delka>3:17</delka>
					<cislo>4</cislo>
				</skladba>
				<skladba hodnoceni="2" idskladby="TD03052">
					<nazev>Raglan Road</nazev>
					<delka>1:59</delka>
					<cislo>5</cislo>
				</skladba>
				<skladba hodnoceni="4" idskladby="TD03062">
					<nazev>Rosin the Bow</nazev>
					<delka>3:35</delka>
					<cislo>6</cislo>
				</skladba>
				<skladba hodnoceni="4" idskladby="TD03072">
					<nazev>The Fields of Athenry</nazev>
					<delka>2:15</delka>
					<cislo>7</cislo>
				</skladba>
				<skladba hodnoceni="5" idskladby="TD03082">
					<nazev>Marino Casino</nazev>
					<delka>4:54</delka>
					<cislo>8</cislo>
				</skladba>
				<skladba hodnoceni="4" idskladby="TD03092">
					<nazev>Dirty Old Town</nazev>
					<delka>2:16</delka>
					<cislo>9</cislo>
				</skladba>
				<skladba hodnoceni="4" idskladby="TD03102">
					<nazev>The Irish Rover"</nazev>
					<delka>3:34</delka>
					<cislo>10</cislo>
				</skladba>
				<skladba hodnoceni="4" idskladby="TD03112">
					<nazev>Molly Malone</nazev>
					<delka>3:49</delka>
					<cislo>11</cislo>
				</skladba>
			</seznamskladeb>
		<poznamka><kurziva>?iv? dvojalbum</kurziva>legend?rn? irsk? skupiny.</poznamka>
		</album>
		<album idalba="SR97" umelecref="SR1994" zanrref="R1">
			<nazevalba>Von</nazevalba>
			<rokvydani>1997</rokvydani>
			<seznamskladeb>
				<skladba hodnoceni="4" idskladby="SR9701">
					<nazev>Sigur R?s</nazev>
					<delka>9:47</delka>
					<cislo>1</cislo>
				</skladba>
				<skladba hodnoceni="5" idskladby="SR9702">
					<nazev>D?gun</nazev>
					<delka>5:50</delka>
					<cislo>2</cislo>
				</skladba>
				<skladba hodnoceni="4" idskladby="SR9703">
					<nazev>H?n J?r? ?</nazev>
					<delka>7:18</delka>
					<cislo>3</cislo>
				</skladba>
				<skladba hodnoceni="3" idskladby="SR9704">
					<nazev>Leit a? l?fi</nazev>
					<delka>2:34</delka>
					<cislo>4</cislo>
				</skladba>
				<skladba hodnoceni="5" idskladby="SR9705">
					<nazev>Myrkur</nazev>
					<delka>6:14</delka>
					<cislo>5</cislo>
				</skladba>
				<skladba hodnoceni="4" idskladby="SR9706">
					<nazev>18 sek?ndur fyrir s?laruppr?s</nazev>
					<delka>0:18</delka>
					<cislo>6</cislo>
				</skladba>
				<skladba hodnoceni="4" idskladby="SR9707">
					<nazev>Hafss?l</nazev>
					<delka>12:24</delka>
					<cislo>7</cislo>
				</skladba>
				<skladba hodnoceni="2" idskladby="SR9708">
					<nazev>Ver?ld n? og ??</nazev>
					<delka>3:29</delka>
					<cislo>8</cislo>
				</skladba>
				<skladba hodnoceni="4" idskladby="SR9709">
					<nazev>Von</nazev>
					<delka>5:12</delka>
					<cislo>9</cislo>
				</skladba>
				<skladba hodnoceni="3" idskladby="SR9710">
					<nazev>Mistur</nazev>
					<delka>2:16</delka>
					<cislo>10</cislo>
				</skladba>
				<skladba hodnoceni="5" idskladby="SR9711">
					<nazev>Syndir Gu?s (Opinberun frelsarans)</nazev>
					<delka>7:38</delka>
					<cislo>11</cislo>
				</skladba>
				<skladba hodnoceni="5" idskladby="SR9712">
					<nazev>Rukrym</nazev>
					<delka>8:59</delka>
					<cislo>12</cislo>
				</skladba>
			</seznamskladeb>
			<poznamka>Skoro tak dobre jako predesle...</poznamka>
		</album>
	<album idalba="SR02" umelecref="SR1994" zanrref="R1">
			<nazevalba>( )</nazevalba>
			<rokvydani>2002</rokvydani>
			<seznamskladeb>
				<skladba hodnoceni="4" idskladby="SR0201">
					<nazev>Vaka</nazev>
					<delka>6:38</delka>
					<cislo>1</cislo>
				</skladba>
				<skladba hodnoceni="5" idskladby="SR0202">
					<nazev>Fyrsta</nazev>
					<delka>7:33</delka>
					<cislo>2</cislo>
				</skladba>
				<skladba hodnoceni="4" idskladby="SR0203">
					<nazev>Samskeyti</nazev>
					<delka>6:33</delka>
					<cislo>3</cislo>
				</skladba>
				<skladba hodnoceni="3" idskladby="SR0204">
					<nazev>Nj?snav?lin</nazev>
					<delka>6:57</delka>
					<cislo>4</cislo>
				</skladba>
				<skladba hodnoceni="5" idskladby="SR0205">
					<nazev>?lafoss</nazev>
					<delka>9:57</delka>
					<cislo>5</cislo>
				</skladba>
				<skladba hodnoceni="4" idskladby="SR0206">
					<nazev>E-Bow</nazev>
					<delka>8:48</delka>
					<cislo>6</cislo>
				</skladba>
				<skladba hodnoceni="4" idskladby="SR0207">
					<nazev>Dau?alagi?</nazev>
					<delka>12:52</delka>
					<cislo>7</cislo>
				</skladba>
				<skladba hodnoceni="2" idskladby="SR0208">
					<nazev>Popplagi?</nazev>
					<delka>11:43</delka>
					<cislo>8</cislo>
				</skladba>
			</seznamskladeb>
			<poznamka>Album Sigur R?s s <kurziva>nejzvl??tn?j??m jm?nem</kurziva></poznamka>
		</album>
		<album idalba="SR08" umelecref="SR1994" zanrref="R1">
			<nazevalba>Me? su? ? eyrum vi? spilum endalaust</nazevalba>
			<rokvydani>2008</rokvydani>
			<seznamskladeb disk="1">
				<skladba hodnoceni="4" idskladby="SRSR0801">
					<nazev>Gobbledigook</nazev>
					<delka>3:08</delka>
					<cislo>1</cislo>
				</skladba>
				<skladba hodnoceni="5" idskladby="SRSR0802">
					<nazev>Inn? m?r syngur vitleysingur</nazev>
					<delka>4:05</delka>
					<cislo>2</cislo>
				</skladba>
				<skladba hodnoceni="4" idskladby="SRSR0803">
					<nazev>G??an daginn</nazev>
					<delka>5:15</delka>
					<cislo>3</cislo>
				</skladba>
				<skladba hodnoceni="3" idskladby="SRSR0804">
					<nazev>Vi? spilum endalaust</nazev>
					<delka>3:33</delka>
					<cislo>4</cislo>
				</skladba>
				<skladba hodnoceni="5" idskladby="SRSR0805">
					<nazev>Festival</nazev>
					<delka>9:24</delka>
					<cislo>5</cislo>
				</skladba>
				<skladba hodnoceni="4" idskladby="SRSR0806">
					<nazev>Me? su? ? eyrum</nazev>
					<delka>4:56</delka>
					<cislo>6</cislo>
				</skladba>
				<skladba hodnoceni="4" idskladby="SRSR0807">
					<nazev>?ra b?tur</nazev>
					<delka>8:57</delka>
					<cislo>7</cislo>
				</skladba>
				<skladba hodnoceni="2" idskladby="SRSR0808">
					<nazev>Illgresi</nazev>
					<delka>4:13</delka>
					<cislo>8</cislo>
				</skladba>
				<skladba hodnoceni="4" idskladby="SRSR0809">
					<nazev>Flj?tav?k</nazev>
					<delka>3:49</delka>
					<cislo>9</cislo>
				</skladba>
				<skladba hodnoceni="3" idskladby="SRSR0810">
					<nazev>Straumnes</nazev>
					<delka>2:01</delka>
					<cislo>10</cislo>
				</skladba>
				<skladba hodnoceni="5" idskladby="SRSR0811">
					<nazev>All Alright</nazev>
					<delka>6:21</delka>
					<cislo>11</cislo>
				</skladba>
			</seznamskladeb>
			<!-- V elementu <poznamka> mohl uzivatel vlozit znak, ktery nechceme interpretovat jako XML, napriklad & -->
			<poznamka>Posledni album nejzn?m?j??&gt;<kurziva>islandk?</kurziva>kapely <![CDATA[--> mus?m se sehnat ostatn? alba & filmy]]> </poznamka>
		</album>
		
	</alba>
	
	<XMLandDTDinfo>This XML document was created according to gramatic created by Oskar Hollmann version 2012.02</XMLandDTDinfo>
</sbirkaalb>