<?xml version="1.0" encoding="UTF-8"?>
<autori>
   <typknihy>Roman<nazvy>
         <kniha>Hlava 22</kniha>
         <kniha>buh_vi</kniha>
         <kniha>Svet podle Garpa</kniha>
         <kniha>Pravidla Mostarny</kniha>
         <kniha>krev_elfu</kniha>
         <kniha>Lehke fantasticno</kniha>
         <kniha>Caroprazdno</kniha>
         <kniha>posledni svetadil</kniha>
         <kniha>Bum</kniha>
         <kniha>1984</kniha>
      </nazvy>
   </typknihy>
   <typknihy>povidka<nazvy>
         <kniha>zavirame</kniha>
         <kniha>Farma zvirat</kniha>
      </nazvy>
   </typknihy>
   <typknihy>Novela<nazvy>
         <kniha>Mort</kniha>
      </nazvy>
   </typknihy>
</autori>