<html xml:lang="en" lang="en">
   <head>
      <meta http-equiv="Content-Type" content="text/html; charset=UTF-8">
      <title>Issues by project with higher business value</title>
   </head>
   <body>
      <div>
         <h1>XML homework</h1>
         <h2>Issues</h2>
         <ul>
            <li><strong>MFF Ukol 2 DOM SAX</strong><p>
                  Runs user-supplied scripts for DOM and SAX transformations of supplied data.  Requires valid XML file data.xml to use as base
                  for transformations and following Java sources.
                  
               </p>
            </li>
            <li><strong>MFF Ukol 1 XML DTD</strong><p>
                  Checks validity of supplied XML &amp; DTD documents and coverage of required language constructs.
                  
               </p>
            </li>
            <li><strong>MFF Ukol 3 Xpath</strong><p>
                  Checks number and validity of supplied XPath expressions &amp; coverage of required XPath constructs, evaluates expressions on
                  supplied XML document and outputs results.
                  
               </p>
            </li>
            <li><strong>MFF Ukol 4 XSLT</strong><p>
                  Use XSLT to transform a document.
                  
               </p>
            </li>
         </ul>
      </div>
   </body>
</html>