<?xml version="1.0" encoding="UTF-8"?>
<i_1>
   <title>
      <test/>
   </title>
   <businessValue>60</businessValue>
</i_1>
<i_4>
   <title>
      <test/>
   </title>
   <businessValue>50</businessValue>
   <businessValueSum>100</businessValueSum>
   <subissues>
      <si_1>
         <title>
            <test/>
         </title>
         <businessValue>20</businessValue>
      </si_1>
      <si_2>
         <title>
            <test/>
         </title>
         <businessValue>30</businessValue>
      </si_2>
   </subissues>
</i_4>
<i_5>
   <title>
      <test/>
   </title>
   <businessValue>100</businessValue>
</i_5>
<i_6>
   <title>
      <test/>
   </title>
   <businessValue>99</businessValue>
</i_6>
<i_2>
   <title>
      <test/>
   </title>
   <businessValue/>
</i_2>
<i_7>
   <title>
      <test/>
   </title>
   <businessValue>10</businessValue>
</i_7>
<i_3>
   <title>
      <test/>
   </title>
   <businessValue/>
</i_3>