<?xml version="1.0" encoding="UTF-8" standalone="no"?><gameDatabaze><publishers><publisher><name>Czech Game Edition</name><www>http://www.czechgames.com</www><country>Czech Republic</country></publisher><publisher><name>Rio Grande Games</name><www>http://riograndegames.com</www><country>Germany</country></publisher><publisher><name>Albi</name><www>http://www.albi.cz/</www><country>Germany</country></publisher></publishers><designers><designer><name>Donald X. Vaccarino</name><birth>1969</birth><homeland>Germany</homeland></designer><designer><name>Vlaada (Vladim?r) Chv?til</name><homeland>Czech republic</homeland></designer><designer><name>Klaus-J?rgen Wrede</name><homeland>Germany</homeland></designer></designers><games><game><name>Dominion</name><designerName>Donald X. Vaccarino</designerName><numberOfPlayers maxCount="8" minCount="2"/><recommendedAge maxAge="99" minAge="8"/><year>2008</year><languages><language>english</language><language>german</language></languages><playtime time="minutes">30</playtime><publishers><publisher>Albi</publisher></publishers></game><game><name>Space Alert</name><designerName>Vlaada (Vladim?r) Chv?til</designerName><numberOfPlayers maxCount="5" minCount="1"/><recommendedAge maxAge="99" minAge="12"/><year>2008</year><languages><language>czech</language><language>german</language><language>english</language></languages><playtime time="minutes">35</playtime><publishers><publisher>Czech Game Edition</publisher></publishers></game><game><name>Carcassone</name><designerName>Klaus-J?rgen Wrede</designerName><numberOfPlayers maxCount="5" minCount="2"/><recommendedAge maxAge="99" minAge="8"/><year>2000</year><languages><language>german</language><language>czech</language></languages><playtime time="hours">1</playtime><publishers><publisher>Albi</publisher></publishers></game><game><name>Vl?dci podzem?</name><designerName>Vlaada (Vladim?r) Chv?til</designerName><numberOfPlayers maxCount="4" minCount="2"/><recommendedAge maxAge="99" minAge="12"/><year>2009</year><languages><language>czech</language><language>german</language><language>english</language></languages><playtime time="minutes">120</playtime><publishers><publisher>Czech Game Edition</publisher><publisher>Mindk Ok</publisher></publishers></game></games></gameDatabaze>