<?xml version="1.0" encoding="UTF-8"?>
<calendar year="2010">
	  <race>
		    <round>1</round>
		    <name>Bahrain GP</name>
		    <circuit>Bahrain International Circuit</circuit>
		    <date>14.3.</date>
		    <time>
			      <local_time>15:00</local_time>
			      <utc_time>12:00</utc_time>
		    </time>
	  </race>
   <race>
		    <round>2</round>
		    <name>Australian GP</name>
		    <circuit>Melbourne Grand Prix Circuit</circuit>
		    <date>28.3.</date>
		    <time>
			      <local_time>17:00</local_time>
			      <utc_time>6:00</utc_time>
		    </time>
	  </race>
</calendar>