<html>
   <body>
      <h1>F1 2010 Season</h1>
      <h2>Drivers Overview by Nations</h2>
      <table width="100%" border="1">
         <tr>
            <th>Country</th>
            <th>Pilots</th>
         </tr>
         <tr>
            <td>Great Britain</td>
            <td><span>Jenson Button; </span><span>Lewis Hamilton; </span></td>
         </tr>
         <tr>
            <td>Germany</td>
            <td><span>Michael Schumacher; </span><span>Nico Rosberg; </span><span>Sebastian Vettel; </span><span>Nico Hulkenberg; </span><span>Adrian Sutil; </span><span>Timo Glock; </span></td>
         </tr>
         <tr>
            <td>Australia</td>
            <td><span>Mark Webber; </span></td>
         </tr>
         <tr>
            <td>Brazil</td>
            <td><span>Felipe Massa; </span><span>Rubens Barrichello; </span><span>Bruno Senna; </span><span>Lucas di Grassi; </span></td>
         </tr>
         <tr>
            <td>Spain</td>
            <td><span>Fernando Alonso; </span><span>Jaime Alguersuari; </span><span>Pedro de la Rosa; </span></td>
         </tr>
         <tr>
            <td>Poland</td>
            <td><span>Robert Kubica; </span></td>
         </tr>
         <tr>
            <td>Russia</td>
            <td><span>Vitaly Petrov; </span></td>
         </tr>
         <tr>
            <td>Italy</td>
            <td><span>Vitantonio Liuzzi; </span><span>Jarno Trulli; </span></td>
         </tr>
         <tr>
            <td>Switzerland</td>
            <td><span>Sebastien Buemi; </span></td>
         </tr>
         <tr>
            <td>Finland</td>
            <td><span>Heikki Kovalainen; </span></td>
         </tr>
         <tr>
            <td>India</td>
            <td><span>Karun Chandhok; </span></td>
         </tr>
         <tr>
            <td>Japan</td>
            <td><span>Kamui Kobayashi; </span></td>
         </tr>
      </table>
   </body>
</html>