<html>
   <body>
      <table>
         <tr>
            <th>Driver</th>
         </tr>
         <tr>
            <td>
               <name>Nico Hulkenberg</name>
            </td>
         </tr>
         <tr>
            <td>
               <name>Vitaly Petrov</name>
            </td>
         </tr>
         <tr>
            <td>
               <name>Adrian Sutil</name>
            </td>
         </tr>
         <tr>
            <td>
               <name>Sebastien Buemi</name>
            </td>
         </tr>
         <tr>
            <td>
               <name>Jaime Alguersuari</name>
            </td>
         </tr>
         <tr>
            <td>
               <name>Jarno Trulli</name>
            </td>
         </tr>
         <tr>
            <td>
               <name>Heikki Kovalainen</name>
            </td>
         </tr>
         <tr>
            <td>
               <name>Karun Chandhok</name>
            </td>
         </tr>
         <tr>
            <td>
               <name>Bruno Senna</name>
            </td>
         </tr>
         <tr>
            <td>
               <name>Pedro de la Rosa</name>
            </td>
         </tr>
         <tr>
            <td>
               <name>Kamui Kobayashi</name>
            </td>
         </tr>
         <tr>
            <td>
               <name>Timo Glock</name>
            </td>
         </tr>
         <tr>
            <td>
               <name>Lucas di Grassi</name>
            </td>
         </tr>
      </table>
   </body>
</html>