<html>
   <body>
      <h2>F1 2010 Season</h2>
      <table border="1">
         <tr>
            <th>Driver</th>
            <th>Points per race</th>
         </tr>
         <tr>
            <td>
               <name>Fernando Alonso</name>
            </td>
            <td>18.5</td>
         </tr>
         <tr>
            <td>
               <name>Felipe Massa</name>
            </td>
            <td>16.5</td>
         </tr>
         <tr>
            <td>
               <name>Jenson Button</name>
            </td>
            <td>15.5</td>
         </tr>
         <tr>
            <td>
               <name>Lewis Hamilton</name>
            </td>
            <td>11.5</td>
         </tr>
         <tr>
            <td>
               <name>Nico Rosberg</name>
            </td>
            <td>10</td>
         </tr>
         <tr>
            <td>
               <name>Robert Kubica</name>
            </td>
            <td>9</td>
         </tr>
         <tr>
            <td>
               <name>Sebastian Vettel</name>
            </td>
            <td>6</td>
         </tr>
         <tr>
            <td>
               <name>Michael Schumacher</name>
            </td>
            <td>4.5</td>
         </tr>
         <tr>
            <td>
               <name>Vitantonio Liuzzi</name>
            </td>
            <td>4</td>
         </tr>
         <tr>
            <td>
               <name>Mark Webber</name>
            </td>
            <td>3</td>
         </tr>
         <tr>
            <td>
               <name>Rubens Barrichello</name>
            </td>
            <td>2.5</td>
         </tr>
      </table>
   </body>
</html>