<?xml version="1.0" encoding="UTF-8" standalone="no"?><lekarna xmlns:xs="http://www.w3.org/2001/XMLSchema-instance" nazev="L?k?rna Kr?sk?" xs:noNamespaceSchemaLocation="data.xsd">


        <adresa>
                <ulice>Kr?sk? </ulice>
                <cp>1079/59</cp>
                <mesto>Praha 4 - Kr?</mesto>
                <psc>140 00</psc>
        </adresa>
        <kontakt>
                <odpovedna_osoba>
                        <jmeno>Veronika</jmeno>
                        <prijmeni>S?dl?kov?</prijmeni>
                        <prijmeni>Nov?kov?</prijmeni>
                        <titul>Ing.</titul>
                        <podpis/>
                </odpovedna_osoba>
                <tel>(+420) 241 400 829</tel>
                <fax>(+420) 241 442 117</fax>
        </kontakt>
        <sortiment>

                <volny-prodej>
                        <vyrobce-id vyrabi="V1">
                        <zbozi registracni_cislo="a34">
                                <nazev_z>WOBENZYM drg 800</nazev_z>
                                <kod_vyrobku>4030142015217</kod_vyrobku>
                                <cena mena="K?">2616</cena>
                                <dph>10</dph>
                                <procent/>

                                <cenabezdph>2356</cenabezdph><kategorie>R?ma a nachlazen?</kategorie>
                                <kategorie>Bolest v krku a z?n?t hrdla</kategorie>
                                <kategorie>Celkov? l??ba bolesti pohybov?ho apar?tu</kategorie>
                                <kategorie>Ka?el, r?ma, nachlazen? a alergie</kategorie>
                                <kategorie>Alergie : lok?ln? nebo celkov?</kategorie>
                                <kategorie>Ka?el a r?ma u t?hotn?ch a koj?c?ch</kategorie>
                                <kategorie>D?chac? cesty, pl?ce</kategorie>
                                <kategorie>Astma bronchiale</kategorie>
                                <kategorie>?iln? obt??e, hematomy a poruchy prokrven?</kategorie>
                                <kategorie>Poruchy perifern?ho prokrven?</kategorie>
                                <kategorie>K?e?ov? ??ly a b?rcov? v?edy</kategorie>
                                <kategorie>Hematomy : podlitiny</kategorie>
                                <kategorie>Pohlavn? org?ny, prostata, prsa, klimakt?rium</kategorie>
                                <kategorie>Pl?sn? a infekce pohlavn?ch org?n?</kategorie>
                                <kategorie>Klouby, kosti a svaly</kategorie>
                                <kategorie>K??e a poko?ka</kategorie>
                                <kategorie>Ekz?m a alergie</kategorie>
                                <kategorie>Psori?za : lup?nka</kategorie>
                                <kategorie>Imunita a syst?mov? enzymoterapie</kategorie>
                                <kategorie>Syst?mov? enzymoterapie : Wobenzym, Phlogenzym</kategorie>
                                <kategorie>L??iva, dopl?ky v??ivy</kategorie>
                                <kategorie>Pos?len? imunity</kategorie>
                                <kategorie>Senio?i: komplexn? p??e</kategorie>
                                <kategorie>Nejprod?van?j??</kategorie>
                                <kategorie> Zlep?en? perifern?ho prokrven? senior?</kategorie>
                                <popis>Wobenzym obsahuje vhodn? sestaven? enzymy (l?tky ?t?p?c? b?lkoviny), kter? maj? schopnost ??eln? ovliv?ovat imunitu, tlumit z?n?t a otoky a do jist? m?ry i rozpou?t?t krevn? sra?eniny. Urychluj? pr?b?h z?n?tu a zm?r?uj? jeho n?sledky, tlum? chorobn? projevy zp?soben? ?kodliv?mi imunokomplexy vznikaj?c?mi v d?sledku protil?tkov?ch reakc?. Produkty l?tkov? v?m?ny lidsk?mu t?lu ?kodliv? a odum?el? tk??ov? materi?l jsou urychlen? odbour?v?ny. Otoky a krevn? v?rony se l?pe vst?eb?vaj?. Rutin normalizuje propustnost c?vn? st?ny. Wobenzym sni?uje vazkost krve a t?m zlep?uje krevn? ob?h v nejdrobn?j??ch c?v?ch. Z?n?ty, bolesti a otoky rychle odezn?vaj? a hojen? je tak usnadn?no. Dra?? jsou odoln? v??i ?alude?n? ???v?. Wobenzym je l?k, kter? obsahuje proteolytick? enzymy, kter?mi je p??zniv? ovliv?ov?na imunita a z?n?t (akutn?, recidivuj?c? i chronick?). P?i u??v?n? Wobenzymu se tak? rychle vst?eb?vaj? otoky, krevn? podlitiny a krevn? v?rony, ustupuje bolest. Obecn? urychluje hojen?. Wobenzym je proto vhodn? jako podp?rn? l??ba p?i nejr?zn?j??ch z?n?tech. Jsou to nap?. z?n?ty d?chac?ch cest a mo?ov?ch cest, gynekologick? z?n?ty, z?n?ty prostaty, z?n?ty povrchov?ch ?il (v?etn? hemeroid?). Hod? se tak? pro bolesti a otoky spojen? s ?razy, stavy po operac?ch (v?etn? z?krok? v oblasti stomatologie a plastick? chirurgie). Pom?h? i p?i z?n?tliv?ch aktivac?ch degenerativn?ho posti?en? kloub? (artr?za) a dal??ch z?n?tech pohybov?ho apar?tu. Je vhodnou alternativou pro osoby, kter? nesn??ej? nesteroidn? analgetika. Wobenzym je tak? vhodn? tam, kde je z nejr?zn?j??ch p???in poru?ena lymfatick? dren?? a vznik? lymfed?m. </popis>
                                <baleni>40 enterosolventn?ch tablet  a 200 enterosolventn?ch tablet
                            Klinick? balen? 800 enterosolventn?ch tablet  </baleni>
                                <dostupnost dostupnost_z="skladem">
                  <mnozstvi jednotky="ks">4</mnozstvi>
                  <objednano jednotky="ks" pocet="20">ano</objednano>
                                </dostupnost>

                                <detail>
                                        <aplikacni_forma>tablety, tobolky </aplikacni_forma>
                                        <indikacni_skupina>enzymov? p??pravky </indikacni_skupina>
                                        <ucinna_latka>        Pancreatinum 300 Protease Ph. Eur.-j., papainum 90 F.I.P.-j., bromelaina 225 F.I.P.-j., lipasum 34 F.I.P.-j., amylasum 50 F.I.P.-j, trypsinum 360 F.I.P.-j., chymotrypsinum 300 F.I.P.-j., rutosidum trihydricum 50 mg / 1drg
</ucinna_latka>
                                        <pribalove_informace>
                                                <drzitel_rozhodnuti_o_registraci>MUCOS Pharma GmbH <![CDATA[& ]]> Co, Geretsried, N?mecko</drzitel_rozhodnuti_o_registraci>
                                                <slozeni>
                                                        <lecive_latky>Pancreatinum  300 Protease Ph. Eur.-j., papainum 90 F.I.P.-j., bromelaina 225 F.I.P.-j., lipasum 34 F.I.P.-j., amylasum 50 F.I.P.-j, trypsinum 360 F.I.P.-j., chymotrypsinum 300 F.I.P.-j., rutosidum trihydricum 50 mg.
<br/>
celkov? proteolytick? aktivita: 570 F.I.P.-j.
<br/>
celkov? amylolytick? aktivita: 4030 F.I.P.-j.
<br/>
celkov? lipolytick? aktivita: 4525 F.I.P.-j.

</lecive_latky>
<pomocne_latky>
J?dro: monohydr?t laktosy, kuku?i?n? ?krob, magnesium-stear?t, kyselina stearov? 95%, ?i?t?n? voda, koloidn? bezvod? oxid k?emi?it?, mastek.
<br/>
Potahov? vrstva: sacharosa, mastek, uhli?itan v?penat?, kopolymer MA/MMA 1:1, triethyl-citr?t, ?elak, oxid titani?it?, kaolin, oran? E110/124 (oran?ov? ?lu?, ponceau 4R, s?ran sodn?), povidon, makrogol 6000, vanilin, ?lut? vosk, karnaubsk? vosk.

</pomocne_latky>
                                                </slozeni>
                                                <charakteristika>WOBENZYM obsahuje vhodn? sestaven? enzymy (b?lkoviny katalyzuj?c? chemick? reakce), kter? maj? schopnost ??eln? ovliv?ovat imunitu, tlumit z?n?t a otoky a do jist? m?ry i rozpou?t?t krevn? sra?eniny. Urychluj? pr?b?h z?n?tu a zm?r?uj? jeho  n?sledky, tlum? chorobn? projevy zp?soben? ?kodliv?mi imunokomplexy vznikaj?c?mi v d?sledku protil?tkov?ch reakc?. Produkty l?tkov? v?m?ny lidsk?mu t?lu ?kodliv? a odum?el? tk??ov? materi?l jsou urychlen? odbour?v?ny. Otoky a krevn? v?rony se l?pe vst?eb?vaj?. Rutin normalizuje propustnost c?vn? st?ny. WOBENZYM sni?uje vazkost krve a t?m zlep?uje krevn? ob?h v nejdrobn?j??ch c?v?ch. Z?n?ty, bolesti a otoky rychle odezn?vaj? a hojen? je tak usnadn?no.  Dra?? jsou odoln? v??i ?alude?n? ???v?.
</charakteristika>
                                                <omezeni>
                                                        <tehotenstvi>
O u??v?n? WOBENZYMu  b?hem t?hotenstv? a kojen? se v?dy pora?te s l?ka?em, a to i tehdy, ot?hotn?te-li b?hem l??by.
</tehotenstvi>
                                                        <kojeni>O u??v?n? WOBENZYMu  b?hem t?hotenstv? a kojen? se v?dy pora?te s l?ka?em, a to i tehdy, ot?hotn?te-li b?hem l??by.
</kojeni>
                                                </omezeni>
                                                <kontraindikace>
WOBENZYM nelze u??vat v situac?ch, kter? jsou spojeny se zv??en?m sklonem ke krv?cen?  nebo se zv??enou fibrinol?zou  (rozpou?t?n?m krevn?ch sra?enin). P??pravek se nesm? u??vat p?i zn?m? p?ecitliv?losti na ??inn? ?i pomocn? l?tky.
</kontraindikace>
                                                <nezadouci_ucinky>
WOBENZYM je obvykle dob?e sn??en, tak? p?i dlouhodob?m pod?v?n? vysok?ch d?vek nebyly pozorov?ny ne??douc? ??inky. Ojedin?le se m??e objevit nev?razn? zm?na konzistence, barvy a z?pachu  stolice. P?i u??v?n? vy???ch jednor?zov?ch d?vek byly pozorov?ny pocity  nad?m?n?, ojedin?le nevolnost. T?mto pocit?m se d? zamezit rozd?len?m d?vky v pr?b?hu dne. Jestli?e tyto p??znaky i po sn??en? d?vky p?etrv?vaj?, pora?te se s l?ka?em. Z??dka se objevuj?c? alergick? reakce  (ko?n? vyr??ka) odezn?vaj? po vysazen? l?ku. P?i jej?m p??padn?m v?skytu p?eru?te u??v?n? WOBENZYMu a pora?te se s l?ka?em. S l?ka?em se o dal??m u??v?n? WOBENZYMu pora?te tak? v p??pad? v?skytu jak?chkoli neobvykl?ch reakc?.
</nezadouci_ucinky>
                                                <interakce>
Ne??douc?  interakce  WOBENZYMu s  jin?mi  sou?asn? pod?van?mi l?ky nen? zn?ma.
</interakce>
                                                <pouziti>
                                                        <zpusob_pouziti>Doporu?uje se 1/2  hodiny p?ed j?dlem zap?t nerozkousan?  tablety  v?t??m   mno?stv?m tekutiny (nejm?n? 1/4 litru).
</zpusob_pouziti>
                                                        <davkovani>
L??ba se zahajuje d?vkou 3x5 a?  3x10 tablet  denn?.  V souvislosti s ?stupem chorobn?ch projev? se  d?vkov?n? postupn? sni?uje a? na udr?ovac? d?vku 3x3 tablety denn?.
<br/>
- Po?razov? otoky (nara?en?, podvrtnut?, vyklouben?, zlomeniny) - doporu?ujeme zah?jit l??bu d?vkou 3x10 tablet denn?, podle klinick?ho stavu (po 7-10 dnech) d?vku sni?ujeme na 3x3 tablety denn? a?  do ?pln?ho vymizen? p??znak?.
<br/>
- N?kter? poopera?n? stavy  v chirurgii - l??bu za??n?me d?vkou 3x10 tablet denn?, po odezn?n? akutn?ho stavu (7-10 dn?) a? do odezn?n? p??znak? pokra?ujeme d?vkou 3x5 a? 3x3 tablety  denn?.
<br/>
- Lymfed?my (otoky zp?soben? poru?en?m odtokem m?zy) - jde o dlouhodobou l??bu, u kter? za??n?me s d?vkov?n?m 2x10 nebo 3x7 tablet denn?  (po dobu 4-5 t?dn?), pak se d?vkov?n? sni?uje na 3x5 a? 3x3 tablet denn? (nejm?n? 8 t?dn?). V t?to indikaci  je nutn? poradit se s o?et?uj?c?m l?ka?em.
<br/>
- Fibrocystick? mastopatie (chronick? onemocn?n? prs? vyzna?uj?c? se tvorbou dutin a vaziva) - doporu?ujeme d?vkov?n? 2x10 tablet denn? nejm?n? po dobu 6 t?dn?. P?ed za??tkem l??by je t?eba poradit se s o?et?uj?c?m l?ka?em.
<br/>
- Potrombotick? syndrom (stav po ucp?n? ??ly krevn? sra?eninou) - 3x10 a? 3x5 tablet denn? po dobu 5-6 t?dn?.
<br/>
- Z?n?ty povrchov?ch ?il  - 3x7 a? 3x5 tablet denn? po dobu 2-3 t?dn?.
<br/>
- Revmatoidn? artritida (z?n?tliv? onemocn?n? kloub?) - 3x5 tablet denn? po dobu 5-6 m?s?c?.
<br/>
- Revmatismus m?kk?ch tk?n? - 3x5 tablet denn? nejm?n? po dobu 3-4 t?dn?.
<br/>
- Artr?zy (degenerativn? choroby kloub?) - 3x6 tablet denn? po dobu 5-6 t?dn?.
<br/>
- Mnoho?etn? mozkom??n? skler?za - 1.-14. den 3x10 tablet denn?, pak se p?ech?z? na udr?ovac? d?vku 3x3 tablety denn? -dlouhodob?, u z?t??ov?ch stav? (infek?n? onemocn?n?, fyzick? z?t??, stres, o?kov?n?, slun?n?) d?vkov?n? zvy?ujeme na 3x10 tablet denn?. L??bu je t?eba konzultovat s o?et?uj?c?m l?ka?em.
<br/>
- Chronick? a recidivuj?c? z?n?ty (v oblasti nosu, u?? a krku, horn?ch i doln?ch cest d?chac?ch, mo?ov?ho a  pohlavn?ho ?stroj?, tr?vic?ho ?stroj?, k??e aj.) - 3x5 tablet denn? do odezn?n? klinick?ch p??znak?. U z?n?tliv?ch onemocn?n? WOBENZYM nenahrazuje antibiotickou l??bu, ale zvy?uje jej? ??inek, proto doporu?ujeme poradit se s o?et?uj?c?m l?ka?em a vhodn? kombinovat s antibiotiky.
<br/>
- U d?t? ur?? d?vkov?n? l?ka?.
</davkovani>
<predavkovani>U?ije-li dosp?l? najednou v?ce ne? 20 tablet nebo d?t? v?ce ne? 5 tablet, je nutn? poradit se s l?ka?em.
</predavkovani>
                                                </pouziti>
                                                <upozorneni>
Tento l?k nenahrazuje antibiotickou l??bu u infek?n?ho z?n?tu, zvy?uje v?ak jej? ??innost!
<br/>
Pokud V?m V?? l?ka? ?ekl, ?e nesn???te n?kter? cukry, pora?te se se sv?m l?ka?em, ne? za?nete tento l??iv? p??pravek u??vat. Sacharidy obsa?en? v 1 tablet? odpov?daj?  39 kJ = 9,3 kcal.
<br/>
WOBENZYM obsahuje barviva ponceau 4R a oran?ovou ?lu?, kter? mohou zp?sobit alergick? reakce.
<br/>
Bez porady s l?ka?em u??vejte WOBENZYM pouze p?i po?razov?ch otoc?ch. P?ed u??v?n?m WOBENZYMu u ostatn?ch onemocn?n? a p?i jeho del??m ne? dvoum?s??n?m u??v?n? je nutn? poradit se s l?ka?em. P??le?itostn?  m??e p?i chronick?ch onemocn?n?ch po za??tku l??by WOBENZYMem  nastat zhor?en? p??znak?, co? je podle dosavadn?ch zku?enost? v p?ev??n? v?t?in? p??pad? pova?ov?no za kladnou reakci  organismu na l??bu. V tomto p??pad? by nem?l b?t l?k vysazen, ale m?lo by se zv??it eventu?ln? p?echodn? sn??en? dosavadn?ho d?vkov?n?. Za takov?ch okolnost? je nezbytn? poradit se s l?ka?em, stejn? jako p?i p??padn?m v?skytu ne??douc?ch ??ink? nebo jin?ch neobvykl?ch reakc?. Jestli?e u??v?te jin? l?ky, a to na l?ka?sk? p?edpis i bez n?j, pora?te se o vhodnosti u??v?n? WOBENZYMu s l?ka?em a bez jeho doporu?en? ho neu??vejte.
<br/>
Bude-li V?m l?ka? p?edpisovat n?jak? jin? l?k, upozorn?te ho, ?e u??v?te WOBENZYM. Bez porady s l?ka?em <b>neu??vejte sou?asn?</b> s WOBENZYMem ani ??dn? dal?? l?ky bez l?ka?sk?ho p?edpisu.

</upozorneni>
                                                <varovani><u>
P??pravek uchov?vejte mimo dosah a dohled d?t?!
P??pravek nesm? b?t pou??v?n po uplynut? doby pou?itelnosti uveden? na obalu.
</u>
</varovani>
                                                <zpusob_uchovani>
Uchov?vejte p?i teplot? do 25 ?C
</zpusob_uchovani>
                                                <datum_revize>16.12.2009</datum_revize>
                                        </pribalove_informace>
                                </detail>
                        </zbozi>
                        </vyrobce-id>
                </volny-prodej>
                <predpis>
                        <vyrobce-id vyrabi="V2">
                        <zbozi registracni_cislo="a35">
                                <nazev_z>ZYRTEC tbl 50x 10mg</nazev_z>
                                <kod_vyrobku>8594013100397</kod_vyrobku>
                                <cenabezdph/><kategorie>L??iva, dopl?ky v??ivy</kategorie>
                                <kategorie>Alergie : lok?ln? nebo celkov?</kategorie>
                                <kategorie>O?i a zrak</kategorie>
                                <kategorie>Ka?el, r?ma, nachlazen? a alergie</kategorie>
                                <kategorie>K??e a poko?ka</kategorie>
                                <kategorie>Ekz?m a alergie</kategorie>
                                <kategorie>Citliv? a alergick? o?i</kategorie>
                                <popis>Zyrtec : Cetiritin je vysoce ??inn? antihistaminikum a antialergikum s minim?ln?m v?skytem ospalosti po b??n? l??ebn? d?vce. Cetirizin tlum? jak "?asnou" f?zi alergick? reakce zprost?edkovanou histaminem, tak i pohyb bun?k z?n?tu, zejm?na eozinofil? a uvol?ov?n? p?sobk? spojen?ch s "pozdn?" f?z? alergick? reakce. Vzhledem k prodlou?en?mu ??inku cetirizinu je mo?n? jej u dosp?l?ch a v?t??ch d?t? pod?vat v jedn? denn? d?vce. </popis>
                                <baleni>Blistr se 7 potahovan?mi tabletami, pap?rov? skl?da?ka, p??balov? informace.
V?dej l??iv?ho p??pravku mo?n? bez l?ka?sk?ho p?edpisu.
Batch = ??slo ?ar?e, Expiry = pou?iteln? do.
</baleni>
                                <dostupnost dostupnost_z="vyprodano">

                                </dostupnost>

                                <detail>
                                        <aplikacni_forma>tablety, tobolky </aplikacni_forma>
                                        <indikacni_skupina>Antihistaminikum H1, antialergikum. </indikacni_skupina>
                                        <ucinna_latka>Cetirizini dihydrochloridum 10 mg</ucinna_latka>
                                        <pribalove_informace>
                                                <drzitel_rozhodnuti_o_registraci>UCB S.A. Pharma, Chemin du Foriest, B-1420 Braine-l'Alleud, Belgie.
                                                </drzitel_rozhodnuti_o_registraci>
                                                <slozeni>
                                                        <lecive_latky>Cetirizini dihydrochloridum (cetirizin) 10 mg v 1 potahovan? tablet?. </lecive_latky>
                                                        <pomocne_latky>Mikrokrystalick? celul?za, monohydr?t lakt?zy, koloidn? bezvod? oxid k?emi?it?,
magnesium-stear?t, potahov? soustava Opadry Y-1-7000 b?l?.
</pomocne_latky>
                                                </slozeni>
                                                <charakteristika>Cetirizin je vysoce ??inn? antihistaminikum a antialergikum s minim?ln?m v?skytem ospalosti po b??n? l??ebn? d?vce. Cetirizin tlum? jak "?asnou" f?zi alergick? reakce zprost?edkovanou
histaminem, tak i pohyb bun?k z?n?tu, zejm?na eozinofil? a uvol?ov?n? p?sobk? spojen?ch
s "pozdn?" f?z? alergick? reakce. Vzhledem k prodlou?en?mu ??inku cetirizinu je mo?n? jej
u dosp?l?ch a v?t??ch d?t? pod?vat v jedn? denn? d?vce.
</charakteristika>
                                                <kontraindikace>Zyrtec se nesm? u??vat p?i p?ecitliv?losti na n?kterou ze slo?ek p??pravku a pacienti se z?va?nou poruchou funkce ledvin. Pro pou?it? Zyrtecu v t?hotenstv? mus? b?t zvl??? z?va?n? d?vody. Proto?e Zyrtec p?estupuje do mate?sk?ho ml?ka, nesm?j? jej u??vat koj?c? matky.
                                                </kontraindikace>
                                                <nezadouci_ucinky>
                                                P??pravek je obvykle dob?e sn??en. Z??dka se mohou projevit slab? a p?echodn? se vyskytuj?c?
ne??douc? ??inky, jako nap?. bolesti hlavy, ?nava, z?vrat?, ospalost nebo naopak neklid. Rovn??
z??dka se m??e vyskytnout suchost v ?stech nebo za??vac? pot??e (bolest v nadb?i?ku, nevolnost).
P?i p??padn?m v?skytu t?chto ne??douc?ch ??ink? nebo jin?ch neobvykl?ch reakc? se pora?te
s l?ka?em. Vz?cn? se mohou vyskytnout projevy p?ecitliv?losti na p??pravek (kop?ivka, otok m?kk?ch
tk?n?, du?nost). V tomto p??pad? je nutn? p?eru?it u??v?n? p??pravku a okam?it? vyhledat l?ka?e. </nezadouci_ucinky>
                                                <interakce>Interakce s jin?mi l??ivy nebo s alkoholem (p?i hladin? alkoholu v krvi 0,5 g/l) nejsou dosud
zn?my. P?esto se doporu?uje nepo??vat nadm?rn? alkoholick? n?poje b?hem u??v?n? p??pravku. </interakce>
                                                <pouziti>
                                                        <zpusob_pouziti>Mezi jednotliv?mi d?vkami mus? b?t ?asov? odstup alespo? 10 hodin.
Tablety je t?eba spolknout a zap?t sklenic? vody. </zpusob_pouziti>
                                                        <davkovani>Pokud l?ka? neur?? jinak, u??vaj? dosp?l? a d?ti od 12 let 1 tabletu (10 mg) 1kr?t denn?.
D?ti 6-12 let: 1/2 tablety (5 mg) 2kr?t denn? nebo 1 tableta (10 mg) 1kr?t denn?. Mezi
 jednotliv?mi d?vkami mus? b?t ?asov? odstup alespo? 10 hodin.
Tablety je t?eba spolknout a zap?t sklenic? vody. </davkovani>
<predavkovani>P?i p?ed?vkov?n? (v?ce ne? 5 tablet v 1 d?vce) m??e b?t hlavn?m p??znakem ospalost. U d?t? v?ak
m??e p?ed?vkov?n? vyvolat i podr??d?nost a neklid. P?i p?ed?vkov?n? (zvl??t? u d?t?) je nutno
okam?it? vyhledat l?ka?e. Specifick? protil?k nen? dosud zn?m. </predavkovani>
                                                </pouziti>
                                                <upozorneni>V p??pad?, kdy nebyla l?ka?em stanovena diagn?za, se nedoporu?uje p??pravek u??vat d?le ne? 1
t?den. Jestli?e se do 1 t?dne p??znaky nezlep?? nebo se dokonce zhor?uj?, ?i se vyskytnou ne??douc?
??inky, pora?te se o vhodnosti dal??ho u??v?n? p??pravku s l?ka?em. P?i p?edpisu jin?ch l?k?
oznamte l?ka?i, ?e u??v?te Zyrtec. Studie u zdrav?ch dobrovoln?k? neprok?zaly ??dn? vliv po pod?n?
20-25 mg cetirizinu na bd?lost nebo reak?n? dobu. P?esto se doporu?uje nep?ekro?it doporu?enou
denn? d?vku, pokud budete ??dit motorov? vozidlo nebo obsluhovat stroje. U nemocn?ch
s poruchami funkce ledvin se d?vka obvykle sni?uje na polovinu. Nemocn? s poruchami funkce
ledvin mohou p??pravek u??vat pouze na doporu?en? l?ka?e. O vhodnosti sou?asn?ho u??v?n?
p??pravku s jin?mi l?ky se pora?te s l?ka?em nebo l?k?rn?kem. </upozorneni>
                                                <varovani>P??pravek nesm? b?t pou??v?n po uplynut? doby pou?itelnosti vyzna?en? na obalu.
P??pravek mus? b?t uchov?v?n mimo dosah a dohled d?t?. </varovani>
                                                <zpusob_uchovani>??dn? zvl??tn? podm?nky uchov?v?n?. </zpusob_uchovani>
                                                <datum_revize>21.4.2004 </datum_revize>
                                        </pribalove_informace>
                                </detail>
                        </zbozi>
                        </vyrobce-id>
                </predpis>
                <ostatni>
                        <vyrobce-id vyrabi="V3">
                        <zbozi registracni_cislo="a36">
                                <nazev_z>ALOE VERA gel s bor?vkou a rakytn?kem -Virde- 500ml</nazev_z>
                                <kod_vyrobku>8594062351573</kod_vyrobku>
                                <cena mena="K?">190</cena>
                                <dph>10</dph>
                                <procent/>

                                <cenabezdph>180</cenabezdph><kategorie>Diety, sportovn? v??iva</kategorie>
                                <kategorie>Zdrav? ?ivotn? styl</kategorie>
                                <kategorie>Pos?len? imunity</kategorie>
                                <kategorie>Imunita a syst?mov? enzymoterapie</kategorie>
                                <kategorie>Z?cpa</kategorie>
                                <kategorie>Nevolnost nebo zvracen? , z?cpa nebo pr?jem</kategorie>
                                <kategorie>Poruchy tr?ven? a tr?vic? enzymy</kategorie>
                                <kategorie>Zrakov? ostrost : v??iva o??</kategorie>
                                <kategorie>O?i a zrak</kategorie>
                                <kategorie>L??iva, dopl?ky v??ivy</kategorie>
                            <kategorie>Diabetes : cukrovka</kategorie>
                            <kategorie>Redukce hmotnosti, detoxikace organismu</kategorie>
                                <popis>ALOE VERA gel s bor?vkou a rakytn?kem: Aloe Vera vynik? revitaliza?n?mi a detoxika?n?mi ??inky, blahod?rn? ovliv?uje tr?vic? soustavu, zejm?na ?innost st?ev. Podporuje l?tkovou v?m?nu, pom?h? p?i normalizaci hladiny cukru v krvi a m? v?razn? antioxida?n? ??inky. Bor?vka p?sob? antibakteri?ln?, p?isp?v? k dezinfekci organismu. P??zniv? ovliv?uje stav o?n?ch c?v, podporuje proces vid?n?, zvl??t? v ?eru. Rakytn?k stimuluje organismus, zvy?uje jeho obranyschopnost a odolnost. P??pravek je vhodn? i k dezinfekci ?stn? dutiny, p??zniv? ovliv?uje stav d?sn?.</popis>
                                <baleni jednotky="ml">500</baleni>
                                <dostupnost dostupnost_z="skladem">
                   <mnozstvi jednotky="ks">2</mnozstvi>
                                </dostupnost>
                                <detail>
                                        <indikacni_skupina>Detoxikace, regenerace, pos?len? imunity, ?prava za??v?n?.</indikacni_skupina>
                                        <ucinna_latka>Aloe vera</ucinna_latka>
                                        <pribalove_informace>
                                                <slozeni>
                                                        <lecive_latky>Aloe vera</lecive_latky>
                                                        <pomocne_latky>rakytn?k</pomocne_latky>
                                                </slozeni>
                                                <pouziti>
                                                        <zpusob_pouziti>Aloe Vera gel m??ete na?edit s vodou v pom?ru 2:1 nebo dle vlastn? chuti.
                                                        </zpusob_pouziti>
                                                        <davkovani>15-50ml denn? (nejl?pe r?no a ve?er 1 hod. p?ed j?dlem). Dlouhodob? u??v?n? 10-25ml denn?.
                                                        </davkovani>
                                                </pouziti>
                                                <upozorneni>Nep?ekra?ujte doporu?en? denn? d?vkov?n?.
P??pravek nen? ur?en pro d?ti do 3 let.
P??pravek nen? ur?en jako n?hrada pestr? stravy.
</upozorneni>
                                        </pribalove_informace>
                                </detail>
                        </zbozi>

                        </vyrobce-id>
                </ostatni>
        </sortiment>

        <doporucujeme zbozi="a34">Wobenzym</doporucujeme>

        <datum><?php echo Date("j.n.Y")?></datum>



<vyrobci>
<vyrobce kod="V1">
                                <nazev>Mucos Pharma GmbH and Co</nazev>
                                <adresa>
                                        <ulice>Uh??n?vesk?</ulice>
                                        <cp>448</cp>
                                        <mesto>Praha ? z?pad</mesto>
                                        <psc>252 43</psc>
                                        <www>http://www.mucos.cz</www>
                                </adresa>
</vyrobce>

<vyrobce kod="V2">
<nazev>UCB Pharma S.p.A</nazev>
                                <adresa>
                                        <ulice>All?e de la Recherche</ulice>
                                        <cp>60</cp>
                                        <mesto>Brussels</mesto>
                                        <psc>1070</psc>
                <www>www.ucb.com</www>
                                </adresa>
</vyrobce>

<vyrobce kod="V3">
                                <nazev>Virde spol. s.r.o.</nazev>
                                <adresa>
                                        <ulice>?templovec</ulice>
                                        <cp>10</cp>
                                        <mesto>Holasovice</mesto>
                                        <psc>747 74</psc>
                                        <www>www.virde.cz</www>
                                </adresa>
                        </vyrobce>

</vyrobci>



</lekarna>