<?xml version="1.0" encoding="UTF-8"?>
<company>Restaurace U Kozího rohu<vouchers>
      <voucher>Večeře pro 2</voucher>
      <voucher>Večeře pro 4</voucher>
   </vouchers>
</company>
<company>Restaurace U Vosího hnízda<vouchers>
      <voucher>Hnojová specialita</voucher>
      <voucher>Medová specialita</voucher>
      <voucher>Houskovník se šnečí omáčkou</voucher>
      <voucher>Houskovník se povoučí omáčkou</voucher>
   </vouchers>
</company>
<company>Pivovar Opij se<vouchers>
      <voucher>Vypij kolik zvládneš</voucher>
   </vouchers>
</company>