<html style="background: black; color: white">
   <head>
      <meta http-equiv="Content-Type" content="text/html; charset=UTF-8">
      <title>SaleDatabase</title>
   </head>
   <body>
      <table style="border: 2px solid white">
         <tr>
            <th>Login</th>
            <th>Jmeno</th>
            <th>Prijemni</th>
            <th>Společnost</th>
         </tr>
         <tr>
            <td>kudlan</td>
            <td>Franta</td>
            <td>Kudláček</td>
            <td>Restaurace U Kozího rohu</td>
         </tr>
      </table>
   </body>
</html>