<?xml version="1.0" encoding="UTF-8"?>
<UsedId>
   <ID>
      <value>comp1</value>
      <type>ID společnosti</type>
      <label>Restaurace U Kozího rohu</label>
   </ID>
   <ID>
      <value>comp2</value>
      <type>ID společnosti</type>
      <label>Restaurace U Vosího hnízda</label>
   </ID>
   <ID>
      <value>comp3</value>
      <type>ID společnosti</type>
      <label>Pivovar Opij se</label>
   </ID>
   <ID>
      <value>creat1</value>
      <type>ID tvůrce</type>
      <label>Franta Kudláček</label>
   </ID>
   <ID>
      <value>creat2</value>
      <type>ID tvůrce</type>
      <label>Kozomir Rohatý</label>
   </ID>
   <ID>
      <value>creat3</value>
      <type>ID tvůrce</type>
      <label>Kozák Zarostlý</label>
   </ID>
   <ID>
      <value>creat4</value>
      <type>ID tvůrce</type>
      <label>Kozina Mečivá</label>
   </ID>
   <ID>
      <value>creat5</value>
      <type>ID tvůrce</type>
      <label>Vojta Vosatý</label>
   </ID>
   <ID>
      <value>creat6</value>
      <type>ID tvůrce</type>
      <label>Vcelak Novotný</label>
   </ID>
   <ID>
      <value>creat7</value>
      <type>ID tvůrce</type>
      <label>Vcelař Novotný</label>
   </ID>
   <ID>
      <value>creat8</value>
      <type>ID tvůrce</type>
      <label>Pijan Opitý</label>
   </ID>
   <ID>
      <value>creat9</value>
      <type>ID tvůrce</type>
      <label>Pavel Namol</label>
   </ID>
   <ID>
      <value>creat10</value>
      <type>ID tvůrce</type>
      <label>Maroš Napijse</label>
   </ID>
   <ID>
      <value>creat11</value>
      <type>ID tvůrce</type>
      <label>Ladislav Ožerse</label>
   </ID>
   <ID>
      <value>v1</value>
      <type>ID voucheru</type>
      <label>Večeře pro 2</label>
   </ID>
   <ID>
      <value>v6</value>
      <type>ID voucheru</type>
      <label>Večeře pro 4</label>
   </ID>
   <ID>
      <value>v2</value>
      <type>ID voucheru</type>
      <label>Medová specialita</label>
   </ID>
   <ID>
      <value>v4</value>
      <type>ID voucheru</type>
      <label>Hnojová specialita</label>
   </ID>
   <ID>
      <value>v5</value>
      <type>ID voucheru</type>
      <label>Houskovník se šnečí omáčkou</label>
   </ID>
   <ID>
      <value>v7</value>
      <type>ID voucheru</type>
      <label>Houskovník se povoučí omáčkou</label>
   </ID>
   <ID>
      <value>v3</value>
      <type>ID voucheru</type>
      <label>Vypij kolik zvládneš</label>
   </ID>
</UsedId>