<?xml version="1.0" encoding="UTF-8"?>
<Creator>creat1<Eye creatorId="creat2"/>
   <Eye creatorId="creat3"/>
   <Eye creatorId="creat1"/>
</Creator>
<Creator>creat2<Eye creatorId="creat2"/>
   <Eye creatorId="creat3"/>
   <Eye creatorId="creat1"/>
</Creator>
<Creator>creat3<Eye creatorId="creat2"/>
   <Eye creatorId="creat3"/>
   <Eye creatorId="creat1"/>
</Creator>
<Creator>creat4</Creator>
<Creator>creat5<Eye creatorId="creat7"/>
   <Eye creatorId="creat6"/>
</Creator>
<Creator>creat6<Eye creatorId="creat7"/>
</Creator>
<Creator>creat7</Creator>
<Creator>creat8<Eye creatorId="creat9"/>
   <Eye creatorId="creat10"/>
   <Eye creatorId="creat11"/>
</Creator>
<Creator>creat9<Eye creatorId="creat10"/>
   <Eye creatorId="creat11"/>
</Creator>
<Creator>creat10<Eye creatorId="creat11"/>
</Creator>
<Creator>creat11</Creator>