<?xml version="1.0" encoding="UTF-8"?>
<seznam-oddeleni>
   <Accounting>
      <pocet-pododdeleni>0</pocet-pododdeleni>
      <pocet-zamestnancu>1</pocet-zamestnancu>
   </Accounting>
   <Development>
      <pocet-pododdeleni>0</pocet-pododdeleni>
      <pocet-zamestnancu>1</pocet-zamestnancu>
   </Development>
   <Engineering>
      <pocet-pododdeleni>0</pocet-pododdeleni>
      <pocet-zamestnancu>1</pocet-zamestnancu>
   </Engineering>
   <Production>
      <pocet-pododdeleni>2</pocet-pododdeleni>
      <pocet-zamestnancu>1</pocet-zamestnancu>
   </Production>
</seznam-oddeleni>