<?xml version="1.0" encoding="UTF-8"?>
<departments>
   <department id="D1">
      <manager>JohnSmith</manager>
      <soucet-mezd>2000</soucet-mezd>
      <zamestnanci>
         <zamestnanec>JohnSmith</zamestnanec>
      </zamestnanci>
      <pododdeleni>
         <department id="D1.1">
            <manager/>
            <soucet-mezd>2400</soucet-mezd>
            <zamestnanci>
               <zamestnanec>MartinSmith</zamestnanec>
            </zamestnanci>
         </department>
         <department id="D1.2">
            <manager>ArthurTaylor</manager>
            <soucet-mezd>2500</soucet-mezd>
            <zamestnanci>
               <zamestnanec>ArthurTaylor</zamestnanec>
            </zamestnanci>
         </department>
      </pododdeleni>
   </department>
   <department id="D2">
      <manager/>
      <soucet-mezd>3000</soucet-mezd>
      <zamestnanci>
         <zamestnanec>PeterBrown</zamestnanec>
      </zamestnanci>
   </department>
</departments>