<?xml version="1.0" encoding="UTF-8" standalone="no"?><news xmlns:xsi="http://www.w3.org/2001/XMLSchema-instance" xsi:noNamespaceSchemaLocation="data.xsd">
    <authorList>
        <author authorId="JanKuzdik">
            <name>
                <first>Jan</first>
                <last>Ku?n?k</last>
                <yearOfBirth>1978-09-24</yearOfBirth>
            </name>
            <url>http://technet.idnes.cz/novinari.aspx?idnov=759</url>
        </author>
        <author authorId="Profimedia">
        </author>
        <author authorId="iDNES">
        </author>
        <author authorId="RomanVsetecka">
            <name>
                <first>Roman</first>
                <last>V?ete?ka</last>
            </name>
            <url>http://notebooky.idnes.cz/novinari.aspx?idnov=760</url>
        </author>
        <author authorId="CERN">
        </author>
        <author authorId="MatousLaznovsky">
            <name>
                <first>Matou?</first>
                <last>L?z?ovsk?</last>
            </name>
            <url>http://technet.idnes.cz/novinari.aspx?idnov=2171</url>
        </author>
    </authorList>
    <articleList section="tech" status="0">
        <article articleId="A120224_150823_sw_internet_vse">
            <articleLink>http://technet.idnes.cz/zkuste-si-zalozit-anonymni-e-mail-ktery-se-po-pouziti-sam-zlikviduje-12p-/sw_internet.aspx?c=A120224_150823_sw_internet_vse</articleLink>
            <title>Zkuste si zalo?it anonymn? e-mail, kter? se po pou?it? s?m zlikviduje</title>
            <mainPhoto id="MBO3b6786_profimedia_0003947752"/>
            <photoGallery>
                <photo height="350 pixel" id="MBO3b6786_profimedia_0003947752" width="275 pixel">
                    <photoAuthor id="Profimedia"/>
                    <url>http://62.141.13.19/bmi/i.idnes.cz/11/053/cl6/MBO3b6786_profimedia_0003947752.jpg</url>
                    
                    <format>jpg</format>
                    <description>
                    Bezstarostn? pos?l?n? dat
                    </description>
                </photo>
                <photo height="200 pixel" id="VSE416789_obr_01" width="150 pixel">
                    <url>http://62.141.13.18/bmi/i.idnes.cz/12/023/cl5/VSE416789_obr_01.jpg</url>
                    
                    <format>jpg</format>
                    <description>
                    Do?asn? anonymn? e-maily jsou v?born?m n?strojem pro ochranu va?? soukrom? e-mailov? adresy, vy?adovan? pro ??ely r?zn?ch registrac?
                    </description>
                </photo>
                <photo height="200 pixel" id="VSE416789_obr_02" width="150 pixel">
                    <url>http://62.141.13.19/bmi/i.idnes.cz/12/023/cl5/VSE416789_obr_02.jpg</url>
                    
                    <format>jpg</format>
                    <description>
                    Pro rychl? vystaven? obr?zk? na internetu si nemus?te vytv??et ??dn? u?ivatelsk? ??ty a sd?lovat sv? osobn? ?daje
                    </description>
                </photo>
                <photo height="200 pixel" id="VSE416789_obr_03" width="150 pixel">
                    <url>http://62.141.13.19/bmi/i.idnes.cz/12/023/cl5/VSE416789_obr_03.jpg</url>
                    
                    <format>jpg</format>
                    <description>
                    Jestli?e chcete publikovat svoje my?lenky prost?ednictv?m internetov?ho blogu, nemus?te si hned zakl?dat vlastn? ??et na blogovac?m serveru
                    </description>
                </photo>
            </photoGallery>
            <content>
                <abstract>V?t?ina on-line slu?eb zdr?uje p?ed prvn?m pou?it?m registrac?. E-mail, blog i fotografii v?ak m??ete na webu zve?ejnit rychle i bez ud?n? osobn?ch ?daj?.</abstract>
                <h1>Autodestruk?n? e-maily</h1>Snad nej?ast?ji zad?van?m osobn?m ?dajem na internetu je e-mail. Pak se nelze divit, ?e se va?e schr?nka pln? obrovsk?m mno?stv?m zpr?v, zas?lan?ch provozovateli slu?eb, ke kter?m jste se pomoc? sv?ho e-mailu p?ihl?sili. Pokud si za t?mto ??elem vytvo??te speci?ln? e-mailovou schr?nku, z?sk?te jen dal?? slu?bu, ke kter? si mus?te pamatovat p??stupov? heslo.
                <br/>
            ?e?en?m je pou??v?n? anonymn?ch e-mailov?ch schr?nek, kter? se po spln?n? sv?ho ??elu samy zlikviduj?. K jejich vytvo?en? si samoz?ejm? nemus?te vytv??et ??dn? u?ivatelsk? ??et a obejdete se bez jak?chkoli osobn?ch informac?.
            </content>
            <articleAuthor id="iDNES" isAnnonymous="true"/>
            <history>
                <dateOfCreation>
                    <date>2002-09-24</date>
                    <time>09:00:00</time>
                </dateOfCreation>
                <updateList>
                    <update>
                        <date>2008-05-08</date>
                        <time>17:05:05</time>
                    </update>
                    <update>
                        <date>2008-05-08</date>
                        <time>20:18:30</time>
                    </update>
                </updateList>
            </history>
            <numberOfViews>15186</numberOfViews>
            <numberOfReactions>256</numberOfReactions>
            <keyWords>internet technet email online sluzby</keyWords>
        </article>
        <article articleId="A120224_200024_vojenstvi_kuz">
            <articleLink>http://technet.idnes.cz/gottwaldova-mumie-na-vitkove-djl-/tec_reportaze.aspx?c=A120224_200024_vojenstvi_kuz</articleLink>
            <title>
                <prefix>OBRAZEM</prefix>Tohle na vlastn? o?i u? nikdy neuvid?te. Podzem?, kde le?ela Gottwaldova mumie
            </title>
            <mainPhoto id="KUZ41692e_IMG_7544"/>
            <photoGallery>
                <photo height="650 pixel" id="KUZ41692e_IMG_7544" width="400 pixel">
                    <photoAuthor id="JanKuzdik"/>
                    <url>http://i.idnes.cz/12/023/cl6/KUZ41692e_IMG_7544.JPG</url>
                    
                    <format>jpg</format>
                    <description>
                    Vel?n, odkud se ovl?dala vzduchotechnika a ve?ker? technick? vybaven? mauzolea, v?etn? vyt?p?n?, osv?tlen? apod. Zachovalo se i dobov? osv?tlen? v?etn? lustru. Cel? mauzoleum bylo vybaveno jak vnit?n?m, tak st?tn?m telefonem.
                    </description>
                </photo>
                <photo height="650 pixel" id="KUZ41692e_IMG_7545" width="400 pixel">
                    <photoAuthor id="JanKuzdik"/>
                    <url>http://i.idnes.cz/12/023/cl6/KUZ41692e_IMG_7545.JPG</url>
                    
                    <format>jpg</format>
                    <description>
                    Smute?n? s?? s dvojitou st?nou. Sem vyj??d?l prosklen? sarkof?g s mumi? prezidenta, aby jej obdivovaly davy pracuj?c?ch. St?ny jsou oblo?eny r?zn?mi druhy le?t?n?ho mramoru. ?ern? pruh na st?n? jsou v?vody klimatizace. Tato m?stnost byla p?i rekonstrukci zcela zm?n?na. P?vodn? se po??talo s t?m, ?e j? bude navr?cen vzhled, kter? navrhl architekt Z?zvorka.
                    </description>
                </photo>
                <photo height="650 pixel" id="KUZ41692e_IMG_7546" width="400 pixel">
                    <photoAuthor id="JanKuzdik"/>
                    <url>http://i.idnes.cz/12/023/cl6/KUZ41692e_IMG_7546.JPG</url>
                    
                    <format>jpg</format>
                    <description>
                    Dve?e hermeticky uzav?rateln? m?stnosti, kde bylo chlad?c? za??zen? na mumii, byly vyrobeny z dubu a pota?eny plechem.
                    </description>
                </photo>
            </photoGallery>
            <content>
                <abstract>Fotoreport?? v?s zavede do katakomb, kde ve st?sn?n?ch podm?nk?ch prob?hala ?dr?ba mrtvoly prvn?ho d?lnick?ho prezidenta Klementa Gottwalda. Laborato?e byly vybaveny nejmodern?j??mi p??stroji a v cel?m mauzoleu pracovalo n?kolik des?tek lid?. Dra??? hrob nem?l v Evrop? nikdo.</abstract>
            V sobotu uplyne 64 let od takzvan?ho V?t?zn?ho ?nora 1948. Tehdy v ?eskoslovensku za?ala vl?da jedn? strany v jej?m? ?ele st?l Klement Gottwald, zn?m? tak? jako prvn? d?lnick? prezident. Pr?v? k tomuto v?ro?? byla na pra?sk?m V?tkov? otev?ena nov? expozice p?ibli?uj?c? krut? pades?t? l?ta dvac?t?ho stolet?, samotn?ho Gottwalda a jeho mumifikaci. V?ce si o v?stav? Laborato? moci m??ete p?e??st p??mo na str?nk?ch N?rodn?ho muzea.
            </content>
            <articleAuthor id="JanKuzdik"/>
            <history>
                <dateOfCreation>
                    <date>2009-12-19</date>
                    <time>13:30:00</time>
                </dateOfCreation>
                <updateList>
                </updateList>
            </history>
            <numberOfViews>36908</numberOfViews>
            <numberOfReactions>560</numberOfReactions>
            <keyWords>foto unor 1948 klement gottwald delnicky prezident katakomby</keyWords>
        </article>
        <article articleId="A120224_131728_vyrobci_vse">
            <articleLink>http://notebooky.idnes.cz/proview-apple-od-nas-ziskal-nazev-ipad-podfukem-fry-/vyrobci.aspx?c=A120224_131728_vyrobci_vse</articleLink>
            <title>
                <prefix>Proview</prefix>Apple od n?s z?skal n?zev iPad podfukem
            </title>
            <mainPhoto id="KRR398894_iPad_2"/>
            <photoGallery>
                <photo height="325 pixel" id="KRR398894_iPad_2" width="250 pixel">
                    <photoAuthor id="iDNES"/>
                    <url>http://i.idnes.cz/11/031/cl6/KRR398894_iPad_2.jpg</url>
                    
                    <format>jpg</format>
                    <description>
                    iPad 2
                    </description>
                </photo>
            </photoGallery>
            <content>
                <abstract>Soud v americk?m st?t? Kalifornia mus? ?e?it ?alobu na firmu Apple. Tu podala tchajwansk? firma Proview, kter? chce zvr?tit prodej zna?ky iPad spole?nosti Apple.</abstract>
            Konkr?tn? si st??uje, ?e spole?nost Apple zalo?ila ??elov? firmu IP Application Development (IPAD), aby sn?ze z?skala n?zev iPad. Pr?v? tato firma toti? v polovin? roku zah?jila s Proview jedn?n? o koupi n?zvu iPad a posl?ze ho i odkoupila. Respektive z?skala n?zev iPad pro trhy mimo ??nu.
            </content>
            <articleAuthor id="RomanVsetecka"/>
            <history>
                <dateOfCreation>
                    <date>2009-12-19</date>
                    <time>18:00:00</time>
                </dateOfCreation>
                <updateList>
                    <update>
                        <date>2009-12-19</date>
                        <time>19:00:00</time>
                    </update>
                </updateList>
            </history>
            <numberOfViews>8974</numberOfViews>
            <numberOfReactions>29</numberOfReactions>
            <keyWords>apple podfuk iPad zaloby cina soud</keyWords>
        </article>
        <article articleId="A120222_233938_veda_mla">
            <articleLink>http://technet.idnes.cz/konec-senzace-neutrina-jsou-pomalejsi-nez-svetlo-chyba-byla-v-hardwaru-1mv-/veda.aspx?c=A120222_233938_veda_mla</articleLink>
            <title>
                <prefix>Konec senzace</prefix>Neutrina jsou pomalej?? ne? sv?tlo. Chyba byla v hardwaru
            </title>
            <mainPhoto id="MLA3e5336_NO_TEXT2"/>
            <photoGallery>
                <photo height="480 pixel" id="MLA3e5336_NO_TEXT2" width="400 pixel">
                    <photoAuthor id="CERN"/>
                    <url>http://i.idnes.cz/11/101/cl6/MLA3e5336_NO_TEXT2.JPG</url>
                    
                    <format>jpg</format>
                    <description>
                    Start pouti. Sedmikilometrov? kruhov? urychlova? ve st?edisku CERN u ?enevy vyst?eluje protony, ze kter?ch se uvol?uj? neutrina m???c? do italsk? observato?e.
                    </description>
                </photo>
            </photoGallery>
            <content>
                <abstract>Podle zpr?v ?asopisu Science se poda?ilo naj?t chybu, kter? vedla k pozorov?n? neutrin rychlej??ch ne? sv?tlo. Na vin? byla podle ?asopisu trivi?ln? chyba: ?patn? p?ipojen? kabel k po??ta?i propojen?mu s p?ij?ma?em GPS sign?lu.</abstract>
            Kr?tk? zpr?va na str?nk?ch Science (
                <a href="http://news.sciencemag.org/scienceinsider/2012/02/breaking-news-error-undoes-faster.html">zde</a>) z?ejm? p?edznamen?v? konec nejv?t?? v?deck? senzace minul?ho roku: pozorov?n? neutrin rychlej??ch ne? sv?tlo.
            </content>
            <articleAuthor id="MatousLaznovsky"/>
            <history>
                <dateOfCreation>
                    <date>2010-12-19</date>
                    <time>06:23:00</time>
                </dateOfCreation>
                <updateList>
                </updateList>
            </history>
            <numberOfViews>9852</numberOfViews>
            <numberOfReactions>36</numberOfReactions>
            <keyWords>veda science chyba neutrin svetlo</keyWords>
        </article>
    </articleList>
</news>