<html>
   <table>
      <tr>
         <td>Nazev</td>
         <td>Dosah</td>
         <td>Komunikace</td>
      </tr>
      <tr>
         <td colspan="3">Senzory dalkovy</td>
      </tr>
      <tr>
         <td>Sharp range</td>
         <td>5cm-2m</td>
         <td>Hodnota napětí</td>
      </tr>
      <tr>
         <td>Sick</td>
         <td>5cm-8m</td>
         <td>UDP / RS-232 </td>
      </tr>
      <tr>
         <td>Ultrazvuk obyčejný</td>
         <td>1cm-1m</td>
         <td>Hodnota napětí</td>
      </tr>
      <tr>
         <td colspan="3">Senzory poloha</td>
      </tr>
      <tr>
         <td>Garmin</td>
         <td> - </td>
         <td>RS-232</td>
      </tr>
      <tr>
         <td>Garmin Etrex</td>
         <td> - </td>
         <td>RS-232</td>
      </tr>
      <tr>
         <td>HTC</td>
         <td> - </td>
         <td>TCP/IP</td>
      </tr>
   </table>
</html>