<?xml version="1.0" encoding="UTF-8"?>
<Robot>
   <Nazev xmlns:xsi="http://www.w3.org/2001/XMLSchema-instance">Umornik</Nazev>
   <Deska>Atmega128 vývojová, Typ: Rizeni</Deska>
   <Deska>H-mustek RS-232, Typ: Vykonova</Deska>
</Robot>
<Robot>
   <Nazev xmlns:xsi="http://www.w3.org/2001/XMLSchema-instance">Utrooper</Nazev>
   <Deska>Wifibot původní, Typ: Rizeni</Deska>
   <Deska>Ubiquti, Typ: Wifi</Deska>
   <Deska>Wifibot PC, Typ: PC</Deska>
   <Deska>Motory h-mustky, Typ: Vykonova</Deska>
</Robot>