<html>
   <head>
      <meta http-equiv="Content-Type" content="text/html; charset=UTF-8">
      <title>Tabulka vytvorena z doc("data.xml")</title>
   </head>
   <body>
      <table>
         <tr>
            <th>Nazev</th>
            <th>Autor</th>
            <th>Datum</th>
         </tr>
         <tr>
            <td>Podnebí na Madagaskaru</td>
            <td>Alois Mudrtálek</td>
            <td>1.1.2013</td>
         </tr>
         <tr>
            <td>Jágr zase bez bodu</td>
            <td>Evílie Oušalová</td>
            <td>2.1.2013</td>
         </tr>
      </table>
   </body>
</html>