<?xml version="1.0" encoding="UTF-8"?>
<ctenar>
   <jmeno>Michal Michalovic</jmeno>
   <cetl>
      <clanek>
         <nazev>Podnebí na Madagaskaru</nazev>
         <odkazy> $clanek/odkazy/text() </odkazy>
      </clanek>
   </cetl>
</ctenar>
<ctenar>
   <jmeno>Pavel Pavlovic</jmeno>
   <cetl>
      <clanek>
         <nazev>Podnebí na Madagaskaru</nazev>
         <odkazy> $clanek/odkazy/text() </odkazy>
      </clanek>
      <clanek>
         <nazev>Jágr zase bez bodu</nazev>
         <odkazy> $clanek/odkazy/text() </odkazy>
      </clanek>
      <clanek>
         <nazev>Zdravá výživa</nazev>
         <odkazy> $clanek/odkazy/text() </odkazy>
      </clanek>
   </cetl>
</ctenar>
<ctenar>
   <jmeno>Milouš Miloševič</jmeno>
   <cetl>
      <clanek>
         <nazev>Jágr zase bez bodu</nazev>
         <odkazy> $clanek/odkazy/text() </odkazy>
      </clanek>
      <clanek>
         <nazev>Zdravá výživa</nazev>
         <odkazy> $clanek/odkazy/text() </odkazy>
      </clanek>
   </cetl>
</ctenar>