<?xml version="1.0" encoding="UTF-8"?>
<out>
   <clanek>
      <nazev>Podnebí na Madagaskaru</nazev>
      <poctyZnaku>
         <obrazek>12</obrazek>
         <popis>84</popis>
         <samotny_text>392</samotny_text>
      </poctyZnaku>
   </clanek>
   <clanek>
      <nazev>Jágr zase bez bodu</nazev>
      <poctyZnaku>
         <popis>84</popis>
         <samotny_text>331</samotny_text>
      </poctyZnaku>
   </clanek>
   <clanek>
      <nazev>Zdravá výživa</nazev>
      <poctyZnaku>
         <obrazek>12</obrazek>
         <popis>84</popis>
         <samotny_text>331</samotny_text>
      </poctyZnaku>
   </clanek>
</out>