<?xml version="1.0" encoding="utf-8" standalone="no"?><Fakturace>
	<Pobocka Jmeno="Praha" Kod="Pha">
		<VydanaFaktura Cislo="2012251" ID="i59" Stav="Nezaplacena">
			<Hlavicka DatumSplatnosti="2012-02-01" DatumVytvoreni="2012-01-01">
				<Cislo>2012251</Cislo>
				<Dodavatel ID="d2"/>
				<Zakaznik ID="z12" Poznamka="overit kontaktni telefon"/>
				<VariabilniSymbol>123</VariabilniSymbol>
				<SpecifickySymbol>32</SpecifickySymbol>
				
				
				<DatumUZP>2012-01-14</DatumUZP>
				<OznaceniZakaznika>Moje pozn?mka</OznaceniZakaznika>
				<Mena>CZK</Mena>
			</Hlavicka>
			<Polozky>
				<Polozka Cena="300.0" ID="p2">
					<Jmeno>LCD Monitor</Jmeno>
					<Popis>22"</Popis>
					<Mnozstvi Jednotka="kus">1</Mnozstvi>
					<Cena>250</Cena>
					<Dph>dph-zakladni</Dph>
				</Polozka>
			</Polozky>
		<Cena>300.0</Cena></VydanaFaktura>
		
		<VydanaFaktura Cislo="2012002" ID="i2" Stav="Nezaplacena" Zadal="IS">
			<Hlavicka DatumSplatnosti="2012-06-01" DatumVytvoreni="2012-03-07">
				<Cislo>2012002</Cislo>
				<Dodavatel ID="d1"/>
				<Zakaznik ID="z1"/>
				
				
				<DatumUZP>2012-03-17</DatumUZP>
				<Mena>CZK</Mena>
			</Hlavicka>
			<Polozky>
				<Polozka Cena="6000.0" ID="p23">
					<Jmeno>Pron?jem automobilu</Jmeno>
					<Popis>RZ 1S1 2233</Popis>
					<Mnozstvi Jednotka="hodina">5</Mnozstvi>
					<Cena>1000</Cena>
					<Dph>dph-zakladni</Dph>
				</Polozka>
			</Polozky>
			<Poznamka>Vznikla rozdelenim faktury <Fav RefID="i1"/>
			</Poznamka>
			<Poznamka>Preje si dorucit fakturu postou.</Poznamka>
		<Cena>6000.0</Cena></VydanaFaktura>
		<Pobocka Jmeno="Praha 4" Kod="Pha4">
			<VydanaFaktura Cislo="2012003" ID="i3" Stav="Zaplacena" Zadal="IS">
				<Hlavicka DatumVytvoreni="2012-03-19">
					<Cislo>2012003</Cislo>
					<Dodavatel ID="d1"/>
					<Zakaznik ID="z2">z2</Zakaznik>
					
				</Hlavicka>
				<Polozky>
					<Polozka Cena="7200.0" ID="p23">
						<Jmeno>V?voj sw</Jmeno>
						<Mnozstvi Jednotka="hodina">10</Mnozstvi>
						<Cena>600</Cena>
						<Dph>dph-zakladni</Dph>
					</Polozka>
				</Polozky>
			<Cena>7200.0</Cena></VydanaFaktura>			
			<Pobocka Jmeno="Spo?ilov" Kod="Pha4Sporilov">
				<VydanaFaktura Cislo="2012103" ID="i4" Stav="Zaplacena" Zadal="IS">
					<Hlavicka DatumVytvoreni="2012-03-19">
						<Cislo>2012103</Cislo>
						<Dodavatel ID="d1"/>
						<Zakaznik ID="z5"/>
						
						<Mena>USD</Mena>
					</Hlavicka>
					<Polozky>
						<Polozka Cena="86400.0" ID="p23">
							<Jmeno>V?voj sw</Jmeno>
							<Mnozstvi Jednotka="hodina">120</Mnozstvi>
							<Cena>600</Cena>
							<Dph>dph-zakladni</Dph>
						</Polozka>
					</Polozky>
				<Cena>86400.0</Cena></VydanaFaktura>			
			</Pobocka>			
			<Pobocka Jmeno="Pankr?c" Kod="Pha4Pankrac"/>
		</Pobocka>
	<Nezaplacene><Faktura Typ="VydanaFaktura">2012251</Faktura></Nezaplacene></Pobocka>
	<Pobocka Jmeno="Brno" Kod="Brn">
		<VydanaFaktura Cislo="2012004" ID="i5" Stav="Nezaplacena" Zadal="IS">
			<Hlavicka DatumVytvoreni="2012-03-17">
				<Cislo>2012004</Cislo>
				<Dodavatel ID="d1"/>
				<Zakaznik ID="z2"/>
				
				<DatumUZP>2012-03-25</DatumUZP>
				<Mena>EUR</Mena>
			</Hlavicka>
			<Polozky>
				<Polozka Cena="54000.0" ID="p24">
					<Jmeno>Pron?jem</Jmeno>
					<Popis>1S1 2233</Popis>
					<Mnozstvi Jednotka="hodina">45</Mnozstvi>
					<Cena>1000</Cena>
					<Dph>dph-zakladni</Dph>
				</Polozka>
			</Polozky>
			<Poznamka>Spojeno z n?kolika objedn?vek.</Poznamka>
		<Cena>54000.0</Cena></VydanaFaktura>
		<VydanaFaktura Cislo="2012005" ID="i6" Stav="Nezaplacena" Zadal="IS">
			<Hlavicka DatumVytvoreni="2012-03-20">
				<Cislo>2012005</Cislo>
				<Dodavatel ID="d1"/>
				<Zakaznik ID="z1"/>
				
				<Mena>CZK</Mena>
			</Hlavicka>
			<Polozky>
				<Polozka Cena="32400.0" ID="p25">
					<Jmeno>Konzultace</Jmeno>
					<Mnozstvi Jednotka="hodina">30</Mnozstvi>
					<Cena>900</Cena>
					<Dph>dph-zakladni</Dph>
				</Polozka>
			</Polozky>
		<Cena>32400.0</Cena></VydanaFaktura>
		<PrijataFaktura Cislo="2012005" ID="v11" Zadal="Mach">
			<Hlavicka DatumVytvoreni="2012-04-11">
				<Cislo>2012005</Cislo>
				<Dodavatel ID="s5"/>
				<Zakaznik ID="d1"/>
				
				<Mena>CZK</Mena>
			</Hlavicka>
			<Polozky>
				<Polozka Cena="180.0" ID="y55">
					<Jmeno>Pln?c? pero</Jmeno>
					<Mnozstvi>1</Mnozstvi>
					<Cena>150</Cena>
					<Dph>dph-zakladni</Dph>
				</Polozka>
			</Polozky>
			<Zakoupil>Mach</Zakoupil>
		<Cena>180.0</Cena></PrijataFaktura>
	</Pobocka>
	<DatumZobrazeni>
		<?php echo Date("d.m.Y")?>
	</DatumZobrazeni>
</Fakturace>