<html>
   <head>
      <meta http-equiv="Content-Type" content="text/html; charset=UTF-8">
      <title>Hero spells</title>
   </head>
   <body>
      <hero>
         <h3>
            <name xmlns:xsi="http://www.w3.org/2001/XMLSchema-instance">Pudge</name>
         </h3>
         <ul>
            <li>Dismember</li>
            <li>Flesh Heap</li>
            <li>Meat Hook</li>
            <li>Rot</li>
         </ul>
      </hero>
      <hero>
         <h3>
            <name xmlns:xsi="http://www.w3.org/2001/XMLSchema-instance">Lanaya</name>
         </h3>
         <ul>
            <li>Meld</li>
            <li>Psi Blades</li>
            <li>Psionic Trap</li>
            <li>Refraction</li>
         </ul>
      </hero>
      <hero>
         <h3>
            <name xmlns:xsi="http://www.w3.org/2001/XMLSchema-instance">Rylai</name>
         </h3>
         <ul>
            <li>Arcane Aura</li>
            <li>Crystal Nova</li>
            <li>Freezing Field</li>
            <li>Frostbite</li>
         </ul>
      </hero>
      <hero>
         <h3>
            <name xmlns:xsi="http://www.w3.org/2001/XMLSchema-instance">Puck</name>
         </h3>
         <ul>
            <li>Dream Coil</li>
            <li>Illusory Orb</li>
            <li>Phase Shift</li>
            <li>Waning Rift</li>
         </ul>
      </hero>
      <hero>
         <h3>
            <name xmlns:xsi="http://www.w3.org/2001/XMLSchema-instance">Magnus</name>
         </h3>
         <ul>
            <li>Empower</li>
            <li>Reverse Polarity</li>
            <li>Shockwave</li>
            <li>Skewer</li>
         </ul>
      </hero>
      <hero>
         <h3>
            <name xmlns:xsi="http://www.w3.org/2001/XMLSchema-instance">Nevermore</name>
         </h3>
         <ul>
            <li>Necromastery</li>
            <li>Presence of the Dark Lord</li>
            <li>Requiem of Souls</li>
            <li>Shadowraze</li>
         </ul>
      </hero>
      <hero>
         <h3></h3>
         <ul></ul>
      </hero>
      <hero>
         <h3></h3>
         <ul></ul>
      </hero>
      <hero>
         <h3></h3>
         <ul></ul>
      </hero>
      <hero>
         <h3></h3>
         <ul></ul>
      </hero>
      <hero>
         <h3></h3>
         <ul></ul>
      </hero>
      <hero>
         <h3></h3>
         <ul></ul>
      </hero>
      <hero>
         <h3></h3>
         <ul></ul>
      </hero>
      <hero>
         <h3></h3>
         <ul></ul>
      </hero>
      <hero>
         <h3></h3>
         <ul></ul>
      </hero>
      <hero>
         <h3></h3>
         <ul></ul>
      </hero>
      <hero>
         <h3></h3>
         <ul></ul>
      </hero>
      <hero>
         <h3></h3>
         <ul></ul>
      </hero>
      <hero>
         <h3></h3>
         <ul></ul>
      </hero>
      <hero>
         <h3></h3>
         <ul></ul>
      </hero>
      <hero>
         <h3></h3>
         <ul></ul>
      </hero>
      <hero>
         <h3></h3>
         <ul></ul>
      </hero>
      <hero>
         <h3></h3>
         <ul></ul>
      </hero>
      <hero>
         <h3></h3>
         <ul></ul>
      </hero>
      <hero>
         <h3></h3>
         <ul></ul>
      </hero>
      <hero>
         <h3></h3>
         <ul></ul>
      </hero>
      <hero>
         <h3></h3>
         <ul></ul>
      </hero>
      <hero>
         <h3></h3>
         <ul></ul>
      </hero>
      <hero>
         <h3></h3>
         <ul></ul>
      </hero>
      <hero>
         <h3></h3>
         <ul></ul>
      </hero>
   </body>
</html>