<?xml version="1.0" encoding="UTF-8"?>
<result>
   <rangeType>
      <name>melee</name>
      <hero>
         <name xmlns:xsi="http://www.w3.org/2001/XMLSchema-instance">Pudge</name>
      </hero>
      <hero>
         <name xmlns:xsi="http://www.w3.org/2001/XMLSchema-instance">Magnus</name>
      </hero>
   </rangeType>
   <rangeType>
      <name>ranged</name>
      <hero>
         <name xmlns:xsi="http://www.w3.org/2001/XMLSchema-instance">Lanaya</name>
      </hero>
      <hero>
         <name xmlns:xsi="http://www.w3.org/2001/XMLSchema-instance">Rylai</name>
      </hero>
      <hero>
         <name xmlns:xsi="http://www.w3.org/2001/XMLSchema-instance">Puck</name>
      </hero>
      <hero>
         <name xmlns:xsi="http://www.w3.org/2001/XMLSchema-instance">Nevermore</name>
      </hero>
   </rangeType>
</result>