<?xml version="1.0" encoding="UTF-8"?>
<xhtml:body xmlns:xhtml="http://www.w3.org/1999/xhtml">
   <xhtml:table>
      <xhtml:th>Filmy hodnoceny nad 3 hvezdicky</xhtml:th>
      <xhtml:tr>
         <xhtml:td>
            <titul>Something something</titul>
         </xhtml:td>
         <xhtml:td>4</xhtml:td>
      </xhtml:tr>
      <xhtml:tr>
         <xhtml:td>
            <titul>Tenkrát na Západě</titul>
         </xhtml:td>
         <xhtml:td>3.6666666666666665</xhtml:td>
      </xhtml:tr>
      <xhtml:tr>
         <xhtml:td>
            <titul>Přelet nad kukaččím hnízdem</titul>
         </xhtml:td>
         <xhtml:td>3.5</xhtml:td>
      </xhtml:tr>
      <xhtml:tr>
         <xhtml:td>
            <titul>Vykoupení z věznice Shawshank</titul>
         </xhtml:td>
         <xhtml:td>3.3333333333333335</xhtml:td>
      </xhtml:tr>
      <xhtml:tr>
         <xhtml:td>
            <titul>Zelená míle</titul>
         </xhtml:td>
         <xhtml:td>3.3333333333333335</xhtml:td>
      </xhtml:tr>
   </xhtml:table>
</xhtml:body>