<?xml version="1.0" encoding="UTF-8"?>
<film fid="7" barevny="true">
            <titul>Kmotr</titul>
            <rok>1972</rok>
            <zanry>
                <zanr>Krimi</zanr>
                <zanr>Drama</zanr>
            </zanry>
            <staty>
                <stat>USA</stat>
            </staty>
            <delka>142 min</delka>
            <rezie>
                <reziser>Francis Ford Coppola</reziser>
            </rezie>
            <herci>
                <herec>Marlon Brando</herec>
                <herec>Al Pacino</herec>
                <herec>James Caan</herec>
                <herec>Richard S. Castellano</herec>
                <herec>Robert Duvall</herec>
                <!-- ... -->
            </herci>
            <dabing value="cz"/>
            <hodnoceni>
				  <hodnota>1</hodnota>
				  <hodnota>2</hodnota>
				  <hodnota>3</hodnota>
				  <hodnota>4</hodnota>
            </hodnoceni>
        </film>