<html>
   <head>
      <meta http-equiv="Content-Type" content="text/html; charset=UTF-8">
      <title>pilni autori</title>
   </head>
   <body>
      <h1>autori</h1>
      <div>
         <h2>Heller</h2>
         <table>
            <tr>
               <td>prvni kniha</td>
               <td>Hlava 22</td>
            </tr>
            <tr>
               <td>druha kniha</td>
               <td>zavirame</td>
            </tr>
            <tr>
               <td>treti kniha</td>
               <td>buh_vi</td>
            </tr>
         </table>
      </div>
      <div>
         <h2>Pratchett</h2>
         <table>
            <tr>
               <td>prvni kniha</td>
               <td>Lehke fantasticno</td>
            </tr>
            <tr>
               <td>druha kniha</td>
               <td>Mort</td>
            </tr>
            <tr>
               <td>treti kniha</td>
               <td>Caroprazdno</td>
            </tr>
         </table>
      </div>
   </body>
</html>