<?xml version="1.0" encoding="UTF-8"?>
<knihy>
   <kniha>
      <nazev>Lehke fantasticno</nazev>
      <pocetstran>295</pocetstran>
   </kniha>
   <kniha>
      <nazev>Caroprazdno</nazev>
      <pocetstran>295</pocetstran>
   </kniha>
   <kniha>
      <nazev>krev_elfu</nazev>
      <pocetstran>306
						
					</pocetstran>
   </kniha>
   <kniha>
      <nazev>buh_vi</nazev>
      <pocetstran>312
						
					</pocetstran>
   </kniha>
   <kniha>
      <nazev>Mort</nazev>
      <pocetstran>317</pocetstran>
   </kniha>
   <kniha>
      <nazev>Svet podle Garpa</nazev>
      <pocetstran>318
					
					</pocetstran>
   </kniha>
   <kniha>
      <nazev>Hlava 22</nazev>
      <pocetstran>365
						
					</pocetstran>
   </kniha>
   <kniha>
      <nazev>1984</nazev>
      <pocetstran>412</pocetstran>
   </kniha>
   <kniha>
      <nazev>Pravidla Mostarny</nazev>
      <pocetstran>479</pocetstran>
   </kniha>
</knihy>