<html>
   <head>
      <meta http-equiv="Content-Type" content="text/html; charset=UTF-8">
      <title>
         			Knihovna
         		
      </title>
   </head>
   <body>
      <h2>Seznam autoru a del</h2>
      <table border="1">
         <thead>
            <tr>
               <th>Autor</th>
               <th>Datum narozeni</th>
               <th>Datum umrti</th>
               <th>Casto pujcovana dila</th>
            </tr>
         </thead>
         <tbody></tbody>
      </table>
   </body>
</html>