<?xml version="1.0" encoding="UTF-8"?>
<adsystem>
   <transactions>
      <transaction id="1" user-id="2" status="completed">
			      <amount>2000</amount>
			      <description>Nákup kreditu</description>
			      <created>2012-02-09T18:06:12</created>
			      <completed>2012-02-12T18:06:12</completed>
			      <account>
				        <bank>0100</bank>
				        <no>216548964661</no>
			      </account>
		    </transaction>
      <transaction id="2" user-id="2" status="completed">
			      <amount>-121</amount>
			      <description>Poplatok za zobrazovanie reklamy</description>
			      <created>2012-02-13T12:26:12</created>
			      <completed>2012-02-13T12:26:12</completed>
			      <account>
				        <bank>0100</bank>
				        <no>216548964661</no>
			      </account>
		    </transaction>
      <transaction id="3" user-id="2" status="pending">
			      <amount>1500</amount>
			      <description>Nákup kreditu</description>
			      <created>2012-02-15T18:06:12</created>
			      <account>
				        <bank>0100</bank>
				        <no>216548964661</no>
			      </account>
		    </transaction>
      <transaction id="4" user-id="2" status="completed">
			      <amount>-133</amount>
			      <description>Poplatok za zobrazovanie reklamy</description>
			      <created>2012-02-14T18:06:12</created>
			      <completed>2012-02-14T18:06:12</completed>
			      <account>
				        <bank>0100</bank>
				        <no>216548964661</no>
			      </account>
		    </transaction>
      <transaction id="5" user-id="3" status="completed">
			      <amount>1020</amount>
			      <description>Výplata za zobrazovanie reklamy (kredit)</description>
			      <created>2012-02-15T18:06:12</created>
			      <completed>2012-02-15T18:06:12</completed>
		    </transaction>
      <transaction id="6" user-id="3" status="completed">
			      <amount>-1020</amount>
			      <description>Výplata za zobrazovanie reklamy</description>
			      <created>2012-02-16T18:06:12</created>
			      <completed>2012-02-16T18:06:12</completed>
			      <account>
				        <bank>0100</bank>
				        <no>216984664661</no>
			      </account>
		    </transaction>
      <transaction id="7" user-id="2" status="completed">
			      <amount>2000</amount>
			      <description>Nákup kreditu</description>
			      <created>2012-03-09T18:06:12</created>
			      <completed>2012-03-12T18:06:12</completed>
			      <account>
				        <bank>0100</bank>
				        <no>216548964661</no>
			      </account>
		    </transaction>
      <transaction id="8" user-id="2" status="completed">
			      <amount>-121</amount>
			      <description>Poplatok za zobrazovanie reklamy</description>
			      <created>2012-03-13T12:26:12</created>
			      <completed>2012-03-13T12:26:12</completed>
			      <account>
				        <bank>0100</bank>
				        <no>216548964661</no>
			      </account>
		    </transaction>
      <transaction id="9" user-id="2" status="pending">
			      <amount>1500</amount>
			      <description>Nákup kreditu</description>
			      <created>2012-03-15T18:06:12</created>
			      <account>
				        <bank>0100</bank>
				        <no>216548964661</no>
			      </account>
		    </transaction>
      <transaction id="10" user-id="2" status="completed">
			      <amount>-133</amount>
			      <description>Poplatok za zobrazovanie reklamy</description>
			      <created>2012-03-14T18:06:12</created>
			      <completed>2012-03-14T18:06:12</completed>
			      <account>
				        <bank>0100</bank>
				        <no>216548964661</no>
			      </account>
		    </transaction>
      <transaction id="11" user-id="3" status="completed">
			      <amount>1020</amount>
			      <description>Výplata za zobrazovanie reklamy (kredit)</description>
			      <created>2012-03-15T18:06:12</created>
			      <completed>2012-03-15T18:06:12</completed>
		    </transaction>
      <transaction id="12" user-id="3" status="completed">
			      <amount>-1020</amount>
			      <description>Výplata za zobrazovanie reklamy</description>
			      <created>2012-03-16T18:06:12</created>
			      <completed>2012-03-16T18:06:12</completed>
			      <account>
				        <bank>0100</bank>
				        <no>216984664661</no>
			      </account>
		    </transaction>
   </transactions>
</adsystem>