<html>
   <body>
      <h1>Transactions in the system</h1>
      <table>
         <thead>
            <tr>
               <th>ID</th>
               <th>User</th>
               <th>Amount</th>
               <th>Description</th>
               <th>Status</th>
            </tr>
         </thead>
         <tbody>
            <tr>
               <td id="1"></td>
               <td>Fitness RAMBO</td>
               <td>2000</td>
               <td>Nákup kreditu</td>
               <td status="completed"></td>
            </tr>
            <tr>
               <td id="2"></td>
               <td>Fitness RAMBO</td>
               <td>-121</td>
               <td>Poplatok za zobrazovanie reklamy</td>
               <td status="completed"></td>
            </tr>
            <tr>
               <td id="3"></td>
               <td>Fitness RAMBO</td>
               <td>1500</td>
               <td>Nákup kreditu</td>
               <td status="pending"></td>
            </tr>
            <tr>
               <td id="4"></td>
               <td>Fitness RAMBO</td>
               <td>-133</td>
               <td>Poplatok za zobrazovanie reklamy</td>
               <td status="completed"></td>
            </tr>
            <tr>
               <td id="5"></td>
               <td>Pravda</td>
               <td>1020</td>
               <td>Výplata za zobrazovanie reklamy (kredit)</td>
               <td status="completed"></td>
            </tr>
            <tr>
               <td id="6"></td>
               <td>Pravda</td>
               <td>-1020</td>
               <td>Výplata za zobrazovanie reklamy</td>
               <td status="completed"></td>
            </tr>
            <tr>
               <td id="7"></td>
               <td>Fitness RAMBO</td>
               <td>2000</td>
               <td>Nákup kreditu</td>
               <td status="completed"></td>
            </tr>
            <tr>
               <td id="8"></td>
               <td>Fitness RAMBO</td>
               <td>-121</td>
               <td>Poplatok za zobrazovanie reklamy</td>
               <td status="completed"></td>
            </tr>
            <tr>
               <td id="9"></td>
               <td>Fitness RAMBO</td>
               <td>1500</td>
               <td>Nákup kreditu</td>
               <td status="pending"></td>
            </tr>
            <tr>
               <td id="10"></td>
               <td>Fitness RAMBO</td>
               <td>-133</td>
               <td>Poplatok za zobrazovanie reklamy</td>
               <td status="completed"></td>
            </tr>
            <tr>
               <td id="11"></td>
               <td>Pravda</td>
               <td>1020</td>
               <td>Výplata za zobrazovanie reklamy (kredit)</td>
               <td status="completed"></td>
            </tr>
            <tr>
               <td id="12"></td>
               <td>Pravda</td>
               <td>-1020</td>
               <td>Výplata za zobrazovanie reklamy</td>
               <td status="completed"></td>
            </tr>
         </tbody>
      </table>
   </body>
</html>