<?xml version="1.0" encoding="UTF-8"?>
<root>
   <item>
      <name>
         <name>Harry Potter a k?men mudrc?</name>
      </name>
      <drazsi>
         <name>Harry Potter a tajemn? komnata</name>
         <name>Harry Potter a v?ze? z Azkabanu</name>
      </drazsi>
   </item>
   <item>
      <name>
         <name>Harry Potter a tajemn? komnata</name>
      </name>
      <drazsi>
         <name>Harry Potter a v?ze? z Azkabanu</name>
      </drazsi>
   </item>
   <item>
      <name>
         <name>Harry Potter a v?ze? z Azkabanu</name>
      </name>
      <drazsi/>
   </item>
</root>