<?xml version="1.0" encoding="UTF-8"?>
<squares>
   <square>
      <material>1.0</material>
      <transformation>
        <scale x="6.0" y="6.0" z="1.0"/>
        <rotateY angle="270.0"/>
      </transformation>
   </square>
   <square>
      <material>2.0</material>
      <transformation>
        <scale x="6.0" y="6.0" z="1.0"/>
        <rotateY angle="20.0"/>
        <rotateY angle="270.0"/>
        <translate x="8.0" y="0.0" z="0.0"/>
      </transformation>
   </square>
   <square>
      <material>3.0</material>
      <transformation>
         <scale x="8.0" y="6.0" z="1.0"/>
         <translate x="0.0" y="0.0" z="6.0"/>
      </transformation>
   </square>
   <square>
      <material>4.0</material>
      <transformation>
         <scale x="8.0" y="6.0" z="1.0"/>
         <rotateX angle="90.0"/>
      </transformation>
  </square>
   <square>
      <material>5.0</material>
      <transformation>
         <scale x="8.0" y="6.0" z="1.0"/>
         <rotateX angle="90.0"/>
         <translate x="0.0" y="6.0" z="0.0"/>
      </transformation>
  </square>
</squares>