<html xmlns:foo="http://www.w3.org/1999/xhtml" xml:lang="en" lang="en">
   <foo:head>
      <foo:title>Materials</foo:title>
   </foo:head>
   <foo:body>
      <foo:table border="1">
         <foo:tr>
            <foo:th>Material ID</foo:th>
            <foo:th>Diffuse part</foo:th>
            <foo:th>Specular part</foo:th>
            <foo:th>Transmissive part</foo:th>
            <foo:th>Is diffuse part black?</foo:th>
         </foo:tr>
         <foo:tr>
            <foo:td>0.1</foo:td>
            <foo:td>0.0, 0.0, 0.0</foo:td>
            <foo:td>0.0, 0.0, 0.0</foo:td>
            <foo:td>1.0, 1.0, 1.0</foo:td>
            <foo:td>YES</foo:td>
         </foo:tr>
         <foo:tr>
            <foo:td>1.0</foo:td>
            <foo:td>0.1, 0.5, 0.1</foo:td>
            <foo:td>0.0, 0.5, 0.0</foo:td>
            <foo:td>0.0, 0.0, 0.0</foo:td>
            <foo:td>NO</foo:td>
         </foo:tr>
         <foo:tr>
            <foo:td>2.0</foo:td>
            <foo:td>0.1, 0.1, 0.5</foo:td>
            <foo:td>0.0, 0.0, 0.0</foo:td>
            <foo:td>0.0, 0.0, 0.0</foo:td>
            <foo:td>NO</foo:td>
         </foo:tr>
         <foo:tr>
            <foo:td>3.0</foo:td>
            <foo:td>0.8, 0.3, 0.8</foo:td>
            <foo:td>0.0, 0.0, 0.0</foo:td>
            <foo:td>0.0, 0.0, 0.0</foo:td>
            <foo:td>NO</foo:td>
         </foo:tr>
         <foo:tr>
            <foo:td>4.0</foo:td>
            <foo:td>0.8, 0.8, 0.0</foo:td>
            <foo:td>0.0, 0.0, 0.0</foo:td>
            <foo:td>0.0, 0.0, 0.0</foo:td>
            <foo:td>NO</foo:td>
         </foo:tr>
         <foo:tr>
            <foo:td>5.0</foo:td>
            <foo:td>0.5, 0.5, 0.5</foo:td>
            <foo:td>0.0, 0.0, 0.0</foo:td>
            <foo:td>0.0, 0.0, 0.0</foo:td>
            <foo:td>NO</foo:td>
         </foo:tr>
         <foo:tr>
            <foo:td>6.0</foo:td>
            <foo:td>0.5, 0.5, 0.5</foo:td>
            <foo:td>0.0, 0.0, 0.0</foo:td>
            <foo:td>0.5, 0.5, 0.5</foo:td>
            <foo:td>NO</foo:td>
         </foo:tr>
         <foo:tr>
            <foo:td>7.0</foo:td>
            <foo:td>0.0, 0.0, 0.0</foo:td>
            <foo:td>1.0, 1.0, 1.0</foo:td>
            <foo:td>0.0, 0.0, 0.0</foo:td>
            <foo:td>YES</foo:td>
         </foo:tr>
      </foo:table>
   </foo:body>
</html>