<?xml version="1.0" encoding="UTF-8"?>
<solids>
   <square material="1.0">
      <transformation>
        <scale x="6.0" y="6.0" z="1.0"/>
        <rotateY angle="270.0"/>
      </transformation>
    </square>
   <square material="2.0">
      <transformation>
        <scale x="6.0" y="6.0" z="1.0"/>
        <rotateY angle="20.0"/>
        <rotateY angle="270.0"/>
        <translate x="8.0" y="0.0" z="0.0"/>
      </transformation>
    </square>
   <cylinder material="7.0">
      <transformation>
        <!--<scale x="1.25" y="1.25" z="2.5"/>
        <rotateX angle="270.0"/>
        <rotate x="1.0" y="1.0" z="0.0" angle="90.0"/>
        <translate x="1.5" y="1.25" z="3.0"/>-->
        <scale x="1.25" y="1.25" z="1.5"/>
        <rotateX angle="250.0"/>
        <translate x="1.5" y="1.0" z="3.0"/>
      </transformation>
    </cylinder>
</solids>