<html>
   <head>
      <meta http-equiv="Content-Type" content="text/html; charset=UTF-8">
      <title>Výpis souborů</title>
   </head>
   <body>
      <h1>Výpis souborů</h1>
      <ul>
         <li>C:
            <ul>
               <li>Dokumenty
                  <ul>
                     <li>Knihy
                        <ul>
                           <li><i>The Hobbit.pdf</i></li>
                           <li><i>lotr1.pdf</i></li>
                           <li><i>lotr2.pdf</i></li>
                           <li><i>lotr3.pdf</i></li>
                        </ul>
                     </li>
                     <li>Skripta
                        <ul>
                           <li>Anglina
                              <ul>
                                 <li><i>cae.djvu</i></li>
                              </ul>
                           </li>
                           <li><i>kapitoly.pdf</i></li>
                        </ul>
                     </li>
                     <li><i>LaTeX.pdf</i></li>
                     <li><i>bak.pdf</i></li>
                  </ul>
               </li>
            </ul>
         </li>
         <li>D:
            <ul>
               <li>Test
                  <ul>
                     <li><i>test.txt</i></li>
                  </ul>
               </li>
            </ul>
         </li>
      </ul>
   </body>
</html>