<?xml version="1.0" encoding="UTF-8"?>
<zaznamy>
   <zaznam>
      <nazev>Advanced Course English</nazev>
   </zaznam>
   <zaznam>
      <nazev>Bakalářská práce</nazev>
   </zaznam>
   <zaznam>
      <nazev>Hobit aneb cesta tam a zase zpátky</nazev>
      <jmeno>
				     <krestni>J.R.R.</krestni>
				     <prijmeni>Tolkien</prijmeni>
			   </jmeno>
   </zaznam>
   <zaznam>
      <nazev>Kapitoly z diskrétní matematiky</nazev>
      <jmeno>
				     <krestni>Jiří</krestni>
				     <prijmeni>Matoušek</prijmeni>
			   </jmeno>
      <jmeno>
				     <krestni>Jaroslav</krestni>
				     <prijmeni>Nešetřil</prijmeni>
			   </jmeno>
   </zaznam>
   <zaznam>
      <nazev>LaTeX</nazev>
      <jmeno>
				     <prijmeni>Wikibooks</prijmeni>				
			   </jmeno>
   </zaznam>
   <zaznam>
      <nazev>Lorem ipsum</nazev>
   </zaznam>
   <zaznam>
      <nazev>Pán Prstenů: Dvě věže</nazev>
      <jmeno>
				     <krestni>J.R.R.</krestni>
				     <prijmeni>Tolkien</prijmeni>
			   </jmeno>
   </zaznam>
   <zaznam>
      <nazev>Pán Prstenů: Návrat krále</nazev>
      <jmeno>
				     <krestni>J.R.R.</krestni>
				     <prijmeni>Tolkien</prijmeni>
			   </jmeno>
   </zaznam>
   <zaznam>
      <nazev>Pán Prstenů: Společenstvo prstenu</nazev>
      <jmeno>
				     <krestni>J.R.R.</krestni>
				     <prijmeni>Tolkien</prijmeni>
			   </jmeno>
   </zaznam>
   <zaznam>
      <nazev>Ztracená tajemná kniha</nazev>
   </zaznam>
</zaznamy>