<html>
   <head>
      <meta http-equiv="Content-Type" content="text/html; charset=UTF-8">
   </head>
   <body>
      <h1>Obsah - Zkusebni text</h1>
      <ol>
         <li>Uvod
            <ol>
               <li type="I">Kapitolka</li>
            </ol>
         </li>
         <li>Myšlenka
            <ol>
               <li type="I">Prvni sekce myšlenky</li>
               <li type="I">Myšlenka pokračuje</li>
            </ol>
         </li>
         <li>Dodatky
            <ol>
               <li type="I">Seznam vzorcu</li>
               <li type="I">Seznam konstant</li>
            </ol>
         </li>
      </ol>
   </body>
</html>