<html>
   <head>
      <meta http-equiv="Content-Type" content="text/html; charset=UTF-8">
   </head>
   <body>
      <h1>Obsah - Zkusebni text</h1>
      <ol>
         <li type="I">Obsah</li>
         <li type="I">Uvod
            <ul>
               <li type="i">Kapitolka</li>
            </ul>
         </li>
         <li type="I">Myšlenka</li>
         <li type="I">Dodatky
            <ul>
               <li type="i">Seznam vzorcu</li>
               <li type="i">Seznam konstant</li>
            </ul>
         </li>
      </ol>
   </body>
</html>