<html>
   <head>
      <meta http-equiv="Content-Type" content="text/html; charset=UTF-8">
      <title>Informace - Zkusebni text</title>
   </head>
   <body>
      <h1>Informace o knize</h1>
      <p>Titul: 	Zkusebni text</p>
      <p>Autor:	Anonym</p>
      <p>První věta (ukazka): Prvni vete zkusebniho textu.
         Dalsi odstavec zacina touto vetou. A je zde odkaz na prvni vetu textu: .
         Cvičný text pokračuje dál a dál... v textu nejsou konstanty
         						
      </p>
      <p>Poslední věta (ukazka): Druha veta, která obsahuje rovnici: 
         			    
         						Krátká věta. Ut enim ad minima veniam, quis nostrum exercitationem ullam corporis suscipit laboriosam, nisi ut aliquid
         ex ea commodi consequatur?
         						 v textu nejsou konstanty
         						
      </p>
      <hr>
      <h1>Statistika</h1>
      <p>Počet kapitol: 	4</p>
      <p>Počet sekcí: 	3</p>
      <p>Obsáhlé kapitoly (s více jak 1 sekce v dané kapitole):
         
         <ul>
            <li>Dodatky</li>
         </ul>
      </p>
   </body>
</html>