<?xml version="1.0" encoding="UTF-8" standalone="no"?><?xml-stylesheet href="styl.css" type="text/css"?>
<?for (int i=0; i<30; i++) { echo "#"}?>
<kucharka xmlns:xsi="http://www.w3.org/2001/XMLSchema-instance" xsi:noNamespaceSchemaLocation="data.xsd">
	<potraviny>
		<potravina id="p001" nazev="brav?ov? m?so">
			
			<vyzivovaHodnota bielkoviny="" cukry="" tuky="">
				
				
				
			</vyzivovaHodnota>
		</potravina>
		<potravina id="p002" nazev="kuracie m?so">
			
			<vyzivovaHodnota bielkoviny="" cukry="" tuky="50">
				
				
				
			</vyzivovaHodnota>
		</potravina>
		<potravina id="p003" nazev="mor?acie m?so">
			
			<vyzivovaHodnota bielkoviny="" cukry="" tuky="">
				
				
				
			</vyzivovaHodnota>
		</potravina>
		<potravina id="p004" nazev="ry?a">
			
			<vyzivovaHodnota bielkoviny="" cukry="" tuky="">
				
				
				
			</vyzivovaHodnota>
		</potravina>
		<potravina id="p005" nazev="brambory">
			
			<vyzivovaHodnota bielkoviny="" cukry="" tuky="">
				
				
				
			</vyzivovaHodnota>
		</potravina>
		<potravina id="p006" nazev="cestoviny">
			
			<vyzivovaHodnota bielkoviny="" cukry="" tuky="">
				
				
				
			</vyzivovaHodnota>
		</potravina>
		<potravina id="p007" nazev="chlieb">
			
			<vyzivovaHodnota bielkoviny="" cukry="" tuky="">
				
				
				
			</vyzivovaHodnota>
		</potravina>
		<potravina id="p008" nazev="eidam">
			
			<vyzivovaHodnota bielkoviny="" cukry="" tuky="">
				
				
				
			</vyzivovaHodnota>
		</potravina>
		<potravina id="p009" nazev="kuracia ?unka">
			
			<vyzivovaHodnota bielkoviny="" cukry="" tuky="">
				
				
				
			</vyzivovaHodnota>
		</potravina>
		<potravina id="p010" nazev="vajce">
			
			<vyzivovaHodnota bielkoviny="" cukry="" tuky="">
				
				
				
			</vyzivovaHodnota>
		</potravina>
		<potravina id="p011" nazev="smotana na varenie">
			
			<vyzivovaHodnota bielkoviny="" cukry="" tuky="">
				
				
				
			</vyzivovaHodnota>
		</potravina>
		<potravina id="p012" nazev="maslo">
			
			<vyzivovaHodnota bielkoviny="" cukry="" tuky="">
				
				
				
			</vyzivovaHodnota>
		</potravina>
		<potravina id="p013" nazev="niva">
			
			<vyzivovaHodnota bielkoviny="" cukry="" tuky="">
				
				
				
			</vyzivovaHodnota>
		</potravina>
		<potravina id="p111" nazev="cukor kry?t?lov?">
			
		</potravina>
		<potravina id="p112" nazev="so?">
			
		</potravina>
		<potravina id="p113" nazev="korenie">
			
		</potravina>
		<potravina id="p114" nazev="kari korenie">
			
		</potravina>
		<potravina id="p115" nazev="s?jov? om??ka">
			
		</potravina>
		<potravina id="p116" nazev="cukor pr??kov?">
			
		</potravina>
		<potravina id="p117" nazev="pizza korenie">
			
		</potravina>
		<potravina id="p118" nazev="med">
			
		</potravina>
		<potravina id="p216" nazev="cibu?a">
			
		</potravina>
		<potravina id="p217" nazev="cesnak">
			
		</potravina>
	</potraviny>
	<recepty>
		<recept cas_pripravy="10" cas_vareni="45" id="r001" meno="kuracieMasoNaKariSoSmetanou">
			<nazev>
				Ku?ec? maso se smetanou a kari
			</nazev>
			<image src="r001img01"/>
			<image src="r001img02"/>
			<zlozeni>
				<ingredience>
					<!-- kureci maso -->
					<potravinaRef ref="p002">
						<mnozstvi>
							<pocet>500</pocet>
							<jednotka>gramy</jednotka>
						</mnozstvi>
					</potravinaRef>
					<!-- smotana -->
					<potravinaRef ref="p011">
						<mnozstvi>
							<pocet>1</pocet>
							<jednotka>kelimek</jednotka>
						</mnozstvi>
					</potravinaRef>
					<!-- cibula -->
					<potravinaRef ref="p216">
						<mnozstvi>
							<pocet>2</pocet>
							<jednotka>kusy</jednotka>
						</mnozstvi>
					</potravinaRef>
				</ingredience>
			</zlozeni>
			<priprava>
				<krok>
				Na oleji osmahneme na kosti?ky nakr?jenou cibulku, nakr?jen? ku?ec? maso spole?n? s trochou soli a kari ko?en?m.
				</krok>
				<krok cas="15">
				Po zm?knut? masa zalijeme smetanou na va?en? a je?t? chv?li pova??me.
				</krok>
				<krok>
				J?dlo se d? obm?nit i p?id?n?m hub nebo kuku?ice. Jako p??loha ke ku?ec?mu masu na kari se hod? r??e.
				</krok>
			</priprava>
		</recept>
		<recept cas_pripravy="15" cas_vareni="30" id="r002" meno="cestovinySoSyrovouOmackou">
			<nazev>
				Cestoviny so syrovou om??kou
			</nazev>
			<image src="r002img01"/>
			<zlozeni>
				<ingredience>
					<!-- cestoviny -->
					<potravinaRef ref="p006">
						<mnozstvi>
							<pocet>400</pocet>
							<jednotka>gramy</jednotka>
						</mnozstvi>
					</potravinaRef>
					<!-- smotana -->
					<potravinaRef ref="p011">
						<mnozstvi>
							<pocet>1</pocet>
							<jednotka>kelimek</jednotka>
						</mnozstvi>
					</potravinaRef>
					<!-- niva -->
					<potravinaRef ref="p013">
						<mnozstvi>
							<pocet>1</pocet>
							<jednotka>kusy</jednotka>
						</mnozstvi>
					</potravinaRef>
					<!-- maslo -->
					<potravinaRef ref="p012">
						<mnozstvi>
							<pocet>1</pocet>
							<jednotka>lyzice</jednotka>
						</mnozstvi>
					</potravinaRef>
				</ingredience>
			</zlozeni>
			<priprava>
				<krok cas="10">
				Cestoviny p?iprav?me podle n?vodu.
				</krok>
				<krok>
				Do mal?ho kastr?lku si d?me m?slo a a? se rozpust?, p?id?me nastrouhanou nivu.
				</krok>
				<krok cas="10">
				Kdy? se niva "t?hne", zalijeme ji smetanou a kr?tce pova??me. 
				</krok>
				<krok>
				Om??kou polijeme cestoviny a pod?v?me. (k tomuhle receptu doporu?uju ma?li?ky Panzani)
				</krok>
			</priprava>
		</recept>
		<recept cas_pripravy="15" cas_vareni="30" id="r003" meno="cestovinySoSyrovouOmackouBezPripravy">
			<nazev>
				Cestoviny so syrovou om??kou
			</nazev>
			<image src="r002img01"/>
			<zlozeni>
				<ingredience>
					<!-- cestoviny -->
					<potravinaRef ref="p006">
						<mnozstvi>
							<pocet>400</pocet>
							<jednotka>gramy</jednotka>
						</mnozstvi>
					</potravinaRef>
					<!-- smotana -->
					<potravinaRef ref="p011">
						<mnozstvi>
							<pocet>1</pocet>
							<jednotka>kelimek</jednotka>
						</mnozstvi>
					</potravinaRef>
					<!-- niva -->
					<potravinaRef ref="p013">
						<mnozstvi>
							<pocet>1</pocet>
							<jednotka>kusy</jednotka>
						</mnozstvi>
					</potravinaRef>
					<!-- maslo -->
					<potravinaRef ref="p012">
						<mnozstvi>
							<pocet>1</pocet>
							<jednotka>lyzice</jednotka>
						</mnozstvi>
					</potravinaRef>
				</ingredience>
			</zlozeni>
		</recept>
		<recept cas_pripravy="15" cas_vareni="1" id="r004" meno="cestovinySoSyrovouOmackouBezKrokuVPriprave">
			<nazev>
				Cestoviny so syrovou om??kou
			</nazev>
			<image src="r002img01"/>
			<zlozeni>
				<ingredience>
					<!-- cestoviny -->
					<potravinaRef ref="p006">
						<mnozstvi>
							<pocet>400</pocet>
							<jednotka>gramy</jednotka>
						</mnozstvi>
					</potravinaRef>
					<!-- smotana -->
					<potravinaRef ref="p006">
						<mnozstvi>
							<pocet>1</pocet>
							<jednotka>kelimek</jednotka>
						</mnozstvi>
					</potravinaRef>
					<!-- niva -->
					<potravinaRef ref="p013">
						<mnozstvi>
							<pocet>1</pocet>
							<jednotka>kusy</jednotka>
						</mnozstvi>
					</potravinaRef>
					<!-- maslo -->
					<potravinaRef ref="p012">
						<mnozstvi>
							<pocet>1</pocet>
							<jednotka>lyzice</jednotka>
						</mnozstvi>
					</potravinaRef>
				</ingredience>
			</zlozeni>
			<priprava/>
		</recept>
	</recepty>
	<script language="JavaScript"><![CDATA[
			document.getElementById('kucharka').style.align="center";
		]]></script>
</kucharka><?for (int i=0; i<30; i++) { echo "#"}?>
