<?xml version="1.0" encoding="UTF-8" standalone="no"?><knihy><kniha id="_2306101" vazba="pevna"><autor><prijmeni>Heller</prijmeni><jmeno>Joseph</jmeno></autor>
					<nazev>Hlava 22</nazev>
					<vydana>
						<rok>2005</rok>
						<eng>ne</eng>
						<cze>ano</cze>
					</vydana>
					<vydana>
						<rok>1982</rok>
						<eng>ano</eng>
						<cze>ano</cze>
					</vydana>
					<typ>Roman</typ>
					<zanr>komedie</zanr>
					<zanr> valecna</zanr>
					<zanr>filosoficka</zanr>
					<pocetStran>365</pocetStran>
					<hl_postava>
						<jmeno>Yossarian</jmeno>
						<povolani>vojak</povolani>
						<povaha>zbabelec</povaha>
					</hl_postava>				
				</kniha><kniha id="_2306102"><autor><prijmeni>Heller</prijmeni><jmeno>Joseph</jmeno></autor>
					<nazev>buh_vi</nazev>
					<vydana>
						<rok>2005</rok>
						<eng>ano</eng>
						<cze>ano</cze>
					</vydana>
					<typ>Roman</typ>
					<zanr>komedie</zanr>
					<pocetStran>312</pocetStran>
					<hl_postava>
						<jmeno>Buh</jmeno>
						<povolani>stvoritel</povolani>
					</hl_postava>
				</kniha><kniha id="_2306501" vazba="paperback"><autor><prijmeni>Irving</prijmeni><jmeno>John</jmeno></autor>
					<nazev>Svet podle Garpa</nazev>
					<typ>Roman</typ>
					<zanr>komedie</zanr>
					<pocetStran>318</pocetStran>
					<hl_postava>
						<jmeno>Garp</jmeno>
						<povolani>spisovatel</povolani>
					</hl_postava>
				</kniha><kniha id="_2306201" vazba="pevna"><autor><prijmeni>Sapkowski</prijmeni><jmeno>Andrzej</jmeno></autor>
					<serie>
					<![CDATA[
						document.writeln("<p>Kniha je 		 soucasti pentalogie legenda o Ciri</p>")
						]]>
					</serie>
					<nazev>krev_elfu</nazev>
					<vydana>
						<rok>1995</rok>
						<eng>ne</eng>
						<cze>ano</cze>
					</vydana>
					<typ>Roman</typ>
					<zanr>fantasy</zanr>
					<pocetStran>306</pocetStran>
					<hl_postava>
						<jmeno>Geralt</jmeno>
						<povolani>zaklinac</povolani>
						<povaha>realista</povaha>
					</hl_postava>
				</kniha><kniha id="_2306301"><autor><prijmeni>Pratchett</prijmeni><jmeno>Terry</jmeno></autor>
			<serie>Uzasna Zemeplocha</serie>
				<nazev>Lehke fantasticno</nazev>
					<vydana>
						<rok>1990</rok>
						<eng>ano</eng>
						<cze>ne</cze>
					</vydana>
				<typ>Roman</typ>
				<pocetStran>295</pocetStran>
			</kniha><kniha id="_2306303"><autor><prijmeni>Pratchett</prijmeni><jmeno>Terry</jmeno></autor>
			<serie>Uzasna Zemeplocha</serie>
				<nazev>Caroprazdno</nazev>
					<vydana>
						<rok>2001</rok>
						<eng>ne</eng>
						<cze>ano</cze>
					</vydana>
				<typ>Roman</typ>
				<pocetStran>295</pocetStran>
			</kniha><kniha id="_2306305"><autor><prijmeni>Pratchett</prijmeni><jmeno>Terry</jmeno></autor>
			<serie>Uzasna Zemeplocha</serie>
				<nazev>Bum</nazev>
					<vydana>
						<rok>2007</rok>
						<eng>ne</eng>
						<cze>ano</cze>
					</vydana>
					<vydana>
						<rok>2004</rok>
						<eng>ano</eng>
						<cze>ne</cze>
					</vydana>
				<typ>Roman</typ>
				<pocetStran>280</pocetStran>
			</kniha><kniha id="_2300701" vazba="pevna"><autor><prijmeni>Orwel</prijmeni><jmeno>George</jmeno></autor>
				<nazev>1984</nazev>
					<vydana>
						<rok>1985</rok>
						<eng>ano</eng>
						<cze>ne</cze>
					</vydana>
				<typ>Roman</typ>
				<pocetStran>412</pocetStran>
			</kniha></knihy>