<?xml version="1.0" encoding="UTF-8" standalone="no"?><sis>
	<?php $beginning = microtime(); ?>
<fakulty>
   <fakulta id="f1" nazov="MFF">
      <katedra budova="MS" id="k1" nazov="KAM">
         <zamestnanec>
            <osoba id="z1">
               <krstneMeno>KAMak</krstneMeno>
               <priezvisko>Prvy</priezvisko>
            </osoba>
            <zameranie>farbenie 6-regularnych 4-suvislych ultradivnych grafov</zameranie>
            <miestnost oznacenie="S112"/>
            <vyucovanePredmety>
               <semesterVyuky cast="L" rok="2012">
                  <vyucovanyPredmet id="p1">
                     <konanieVyuky>
                        <miestnost oznacenie="S3"/>
                        <cas den="Po" h="10" m="40" tyzdne="kazdy"/>
                     </konanieVyuky>
                  </vyucovanyPredmet>
                  <vyucovanyPredmet id="p2">
                     <konanieVyuky>
                        <miestnost oznacenie="S8"/>
                        <cas den="Ut" h="17" m="20" tyzdne="kazdy"/>
                     </konanieVyuky>
                  </vyucovanyPredmet>
               </semesterVyuky>
            </vyucovanePredmety>
         </zamestnanec>
      </katedra>
      <katedra budova="Karlin" id="k2" nazov="KMA">
         <zamestnanec>
            <osoba id="z2">
               <krstneMeno>Analytik</krstneMeno>
               <priezvisko>Nulty</priezvisko>
            </osoba>
            <zameranie>neobycajne diferencialne kolmice</zameranie>
            <miestnost oznacenie="K13"/>
            <vyucovanePredmety>
               <semesterVyuky cast="L" rok="2012">
                  <vyucovanyPredmet id="p3">
                     <konanieVyuky>
                        <miestnost oznacenie="S3"/>
                        <cas den="St" h="14" m="00" tyzdne="kazdy"/>
                     </konanieVyuky>
                  </vyucovanyPredmet>
                  <vyucovanyPredmet id="p4">
                     <konanieVyuky>
                        <miestnost oznacenie="S8"/>
                        <cas den="?t" h="12" m="20" tyzdne="kazdy"/>
                     </konanieVyuky>
                  </vyucovanyPredmet>
               </semesterVyuky>
            </vyucovanePredmety>
         </zamestnanec>
      </katedra>
   </fakulta>
</fakulty>
<predmety>
   <predmet id="p1" kredity="6" nazov="Programovani I" skuska="Zk" zapocet="Z"/>
   <predmet id="p3" kredity="6" nazov="Programovani II" prerekvizity="p1" zapocet="Z"/>
   <predmet id="p2" kredity="6" nazov="Matematicka analyza I" skuska="Zk" zapocet="Z"/>
   <predmet id="p4" kredity="6" nazov="Matematicka analyza II" prerekvizity="p2" skuska="Zk" zapocet="Z"/>
   <predmet id="p5" korekvizity="p2" kredity="5" nazov="Matematicka analyza III" skuska="Zk" zapocet="Z"/>
</predmety>
<studenti>
   <student>
      <osoba id="o1">
         <krstneMeno>Jose</krstneMeno>
         <priezvisko>Atrometi</priezvisko>
      </osoba>
      <stavStudia rocnik="1" ziskaneKredity="0">
         <semesterStudia cast="zima" poradoveCislo="1" rok="2012"><zapisanyPredmet cviciaci="z1" id="p1"/><zapisanyPredmet cviciaci="z2" id="p2"/></semesterStudia>
      </stavStudia>
   </student>
   <student>
      <osoba id="o2">
         <krstneMeno>Tabor</krstneMeno>
         <priezvisko>Bakes</priezvisko>
      </osoba>
      <stavStudia rocnik="1" ziskaneKredity="0">
         <semesterStudia cast="zima" poradoveCislo="1" rok="2012">
         	<zapisanyPredmet cviciaci="z1" id="p1"/><zapisanyPredmet cviciaci="z2" id="p2"/>
         </semesterStudia>
      </stavStudia>
   </student>
   <student>
      <osoba id="o3">
         <krstneMeno>Steven</krstneMeno>
         <priezvisko>Baldur</priezvisko>
      </osoba>
      <stavStudia rocnik="1" ziskaneKredity="0">
         <semesterStudia cast="zima" poradoveCislo="1" rok="2012"><zapisanyPredmet cviciaci="z1" id="p1"/><zapisanyPredmet cviciaci="z2" id="p2"/></semesterStudia>
      </stavStudia>
   </student>
   <student>
      <osoba id="o4">
         <krstneMeno>Pater</krstneMeno>
         <priezvisko>Basten, von</priezvisko>
      </osoba>
      <stavStudia rocnik="1" ziskaneKredity="0">
         <semesterStudia cast="zima" poradoveCislo="1" rok="2012"><zapisanyPredmet cviciaci="z1" id="p1"/><zapisanyPredmet cviciaci="z2" id="p2"/></semesterStudia>
      </stavStudia>
   </student>
   <student>
      <osoba id="o5">
         <krstneMeno>Marchech</krstneMeno>
         <priezvisko>Tahun</priezvisko>
      </osoba>
      <stavStudia rocnik="1" ziskaneKredity="0">
         <semesterStudia cast="zima" poradoveCislo="1" rok="2012"><zapisanyPredmet cviciaci="z1" id="p1"/><zapisanyPredmet cviciaci="z2" id="p2"/></semesterStudia>
      </stavStudia>
   </student>
   <student>
      <osoba id="o11">
         <krstneMeno>Tobias</krstneMeno>
         <priezvisko>Barkwhof</priezvisko>
      </osoba>
      <stavStudia rocnik="1" ziskaneKredity="0">
         <semesterStudia cast="zima" poradoveCislo="1" rok="2012"><zapisanyPredmet cviciaci="z1" id="p1"/><zapisanyPredmet cviciaci="z2" id="p2"/></semesterStudia>
      </stavStudia>
   </student>
   <student>
      <osoba id="o6">
         <krstneMeno>Macho</krstneMeno>
         <priezvisko>Bansky</priezvisko>
      </osoba>
      <stavStudia rocnik="2" ziskaneKredity="45">
         <semesterStudia cast="zima" poradoveCislo="1" rok="2012"><zapisanyPredmet cviciaci="z1" id="p1"/><zapisanyPredmet cviciaci="z2" id="p2"/></semesterStudia>
         <semesterStudia cast="zima" poradoveCislo="3" rok="2013"><zapisanyPredmet cviciaci="z1" id="p1"/><zapisanyPredmet cviciaci="z2" id="p2"/></semesterStudia>
      </stavStudia>
   </student>
   <student>
      <osoba id="o7">
         <krstneMeno>Johnny</krstneMeno>
         <priezvisko>Zloutek</priezvisko>
      </osoba>
      <stavStudia rocnik="1" ziskaneKredity="0">
         <semesterStudia cast="zima" poradoveCislo="1" rok="2012"><zapisanyPredmet cviciaci="z1" id="p1"/><zapisanyPredmet cviciaci="z2" id="p2"/></semesterStudia>
      </stavStudia>
   </student>
   <student>
      <osoba id="o8">
         <krstneMeno>Stetam</krstneMeno>
         <priezvisko>Odboc</priezvisko>
      </osoba>
      <stavStudia rocnik="1" ziskaneKredity="0">
         <semesterStudia cast="zima" poradoveCislo="1" rok="2012"><zapisanyPredmet cviciaci="z1" id="p1"/><zapisanyPredmet cviciaci="z2" id="p2"/></semesterStudia>
      </stavStudia>
   </student>
   <student>
      <osoba id="o9">
         <krstneMeno>Javorsval</krstneMeno>
         <priezvisko>Prazec</priezvisko>
      </osoba>
      <stavStudia rocnik="1" ziskaneKredity="0">
         <semesterStudia cast="zima" poradoveCislo="1" rok="2012"><zapisanyPredmet cviciaci="z1" id="p1"/><zapisanyPredmet cviciaci="z2" id="p2"/></semesterStudia>
      </stavStudia>
   </student>
   <student>
      <osoba id="o10">
         <krstneMeno>Kabul</krstneMeno>
         <priezvisko>Tecka</priezvisko>
      </osoba>
      <stavStudia rocnik="1" ziskaneKredity="0">
         <semesterStudia cast="zima" poradoveCislo="1" rok="2012"><zapisanyPredmet cviciaci="z1" id="p1"/><zapisanyPredmet cviciaci="z2" id="p2"/></semesterStudia>
      </stavStudia>
   </student>
   
<student><osoba id="o1364139308"><krstneMeno>Kleofas</krstneMeno><priezvisko>Veleznaly</priezvisko></osoba><stavStudia rocnik="1" ziskaneKredity="0"/></student></studenti>
<budovy>
   <budova fakulta="f1" id="MS">
      <adresa>
         <ulica>Malostranske nam.</ulica>
         <psc>10</psc>
         <mesto>Praha</mesto>
         <stat>CR</stat>
      </adresa>
   </budova>
   <budova fakulta="f1" id="Karlin">
      <adresa>
         <ulica>Malostranske nam.</ulica>
         <psc>10</psc>
         <mesto>Praha</mesto>
         <stat>CR</stat>
      </adresa>
   </budova>
</budovy>
   <!-- timestamp - if this was an XML generated from database -->
   <generatedOn>
   	<![CDATA[ 
   	var now = new Date();
	now.format("dd-M-yy h:mm:tt");
   	document.write(now); 
   	 ]]>
   </generatedOn>
   <processedIn><?php echo microtime() - $beginning; ?></processedIn>
</sis>