<?xml version="1.0" encoding="UTF-8"?>
<pisne>
   <pisen>
      <titul>I'm Ready</titul>
      <delka>265</delka>
      <vydani>1983</vydani>
      <interpret>Bryan Adams</interpret>
   </pisen>
   <pisen>
      <titul>Back To You</titul>
      <delka>235</delka>
      <vydani>1986</vydani>
      <interpret>Bryan Adams</interpret>
   </pisen>
   <pisen>
      <titul>Summer Of '69</titul>
      <delka>213</delka>
      <vydani>1985</vydani>
      <interpret>Bryan Adams</interpret>
   </pisen>
   <pisen>
      <titul>Let's Make A Night To Remember</titul>
      <delka>240</delka>
      <vydani>1995</vydani>
      <interpret>Bryan Adams</interpret>
   </pisen>
   <pisen>
      <titul>Love Generation</titul>
      <delka>243</delka>
      <vydani>2005</vydani>
      <interpret>Bob Sinclair</interpret>
   </pisen>
   <pisen>
      <titul>Sing my song</titul>
      <delka>285</delka>
      <vydani>2004</vydani>
      <interpret>Bob Sinclair</interpret>
   </pisen>
   <pisen>
      <titul>Inside Out</titul>
      <delka>242</delka>
      <vydani>1980</vydani>
      <interpret>Bryan Adams</interpret>
   </pisen>
</pisne>