<html>
   <head>
      <meta http-equiv="Content-Type" content="text/html; charset=UTF-8">
      <title>Evidence CD/DVD</title>
   </head>
   <body>
      <table>
         <caption>Media</caption>
         <tr>
            <th>Zanr</th>
            <th>Nosic</th>
            <th>Titul</th>
            <th>Vydani</th>
         </tr>
         <tr>
            <td>Hudba</td>
            <td>CD</td>
            <td>Bryan Adams - The Best Of Me</td>
            <td>1999</td>
         </tr>
         <tr>
            <td>Hudba</td>
            <td>CD</td>
            <td>The Best of 90</td>
            <td>2000</td>
         </tr>
         <tr>
            <td>Film</td>
            <td>DVD</td>
            <td>Batman zacina</td>
            <td>2005</td>
         </tr>
         <tr>
            <td>Film</td>
            <td>CD</td>
            <td>Batman zacina</td>
            <td>2005</td>
         </tr>
         <tr>
            <td>Hudba</td>
            <td>CD</td>
            <td>Western Dream</td>
            <td>2006</td>
         </tr>
      </table>
   </body>
</html>