<html>
   <head>
      <meta http-equiv="Content-Type" content="text/html; charset=UTF-8">
      <title>Seznam uzivatelu s povolenymi ucty</title>
   </head>
   <body>
      <table>
         <thead>
            <tr>
               <th>ID</th>
               <th>Jmeno a prijmeni</th>
               <th>Rodne cislo</th>
            </tr>
         </thead>
         <tbody>
            <tr>
               <td>u4</td>
               <td>Kateřina Burešová</td>
               <td>875101/0006</td>
            </tr>
            <tr>
               <td>u1</td>
               <td>Daniel Lukeš</td>
               <td>871225/8902</td>
            </tr>
            <tr>
               <td>u3</td>
               <td>Jan Novák</td>
               <td>700101/0001</td>
            </tr>
         </tbody>
      </table>
   </body>
</html>