<html>
   <head>
      <meta http-equiv="Content-Type" content="text/html; charset=UTF-8">
      <title>Strom kategorii</title>
   </head>
   <body>
      <ul>
         <li>Fotbal</li>
         <ul>
            <li>Česko</li>
            <ul>
               <li>1. liga</li>
               <li>2. liga</li>
            </ul>
            <li>Anglie</li>
         </ul>
         <li>Hokej</li>
         <ul>
            <li>Česko</li>
            <ul>
               <li>Extraliga</li>
               <li>1. liga</li>
            </ul>
            <li>Rusko</li>
            <li>Švédsko</li>
            <li>Finsko</li>
         </ul>
         <li>Společenské sázky</li>
      </ul>
   </body>
</html>