<?xml version="1.0" encoding="UTF-8"?>
<uzivatele>
   <uzivatel id="u1">
      <osobni-udaje>
			      <jmeno>Daniel</jmeno>
			      <prijmeni>Lukeš</prijmeni>
			      <datum-narozeni>1987-12-25</datum-narozeni>
			      <rodne-cislo>871225/8902</rodne-cislo>
			      <cislo-op>123456</cislo-op>
			      <rodinny-stav stav="svobodny-svobodna"/>
			      <adresa-trvale-bydliste>
				        <ulice>Imrychova</ulice>
				        <cislo-popisne>981</cislo-popisne>
				        <cislo-orientacni>3</cislo-orientacni>
				        <mesto>Praha 4</mesto>
				        <psc>143 00</psc>
				        <stat>Česká Republika</stat>
			      </adresa-trvale-bydliste>
			      <adresa-korespondencni>
				        <ulice>Na Štěpnici</ulice>
				        <cislo-popisne>1678</cislo-popisne>
				        <cislo-orientacni>10</cislo-orientacni>
				        <mesto>Praha 8</mesto>
				        <psc>180 00</psc>
				        <stat>Česká Republika</stat>
			      </adresa-korespondencni>
			      <telefon>+420222952772</telefon>
			      <mobilni-telefon>+420774122587</mobilni-telefon>
			      <email>daniellukes@seznam.cz</email>
		    </osobni-udaje>
      <registracni-udaje>
			      <uzivatelske-jmeno>DLukes</uzivatelske-jmeno>
			      <heslo>12345</heslo>
			      <datum-registrace>2012-03-05 22:50:00</datum-registrace>
			      <ucet-povolen povolen="ano"/>
		    </registracni-udaje>
      <platebni-karty>
			      <platebni-karta id="pk1">
				        <cislo-platebni-karty>12345</cislo-platebni-karty>
				        <datum-platnosti-platebni-karty>10/14</datum-platnosti-platebni-karty>
				        <kontrolni-kod-platebni-karty>000</kontrolni-kod-platebni-karty>
				        <banka>
					          <nazev-banky>Československá obchodní banka</nazev-banky>
					          <cislo-uctu>168659686</cislo-uctu>
					          <kod-banky>0300</kod-banky>
				        </banka>
			      </platebni-karta>
		    </platebni-karty>
   </uzivatel>
   <uzivatel id="u2">
      <osobni-udaje>
			      <jmeno>Pavel</jmeno>
			      <prijmeni>Pokorný</prijmeni>
			      <datum-narozeni>1970-01-01</datum-narozeni>
			      <rodne-cislo>700101/0002</rodne-cislo>
			      <cislo-op>988654</cislo-op>
			      <adresa-trvale-bydliste>
				        <ulice>Dolní</ulice>
				        <cislo-popisne>651</cislo-popisne>
				        <cislo-orientacni>15</cislo-orientacni>
				        <mesto>Ostrava</mesto>
				        <psc>730 00</psc>
				        <stat>Česká Republika</stat>
			      </adresa-trvale-bydliste>
			      <email>pp@seznam.cz</email>
		    </osobni-udaje>
      <registracni-udaje>
			      <uzivatelske-jmeno>PPokorny</uzivatelske-jmeno>
			      <heslo>12345</heslo>
			      <datum-registrace>2012-01-01 02:00:00</datum-registrace>
		    </registracni-udaje>
      <platebni-karty>
			      <platebni-karta id="pk2">
				        <cislo-platebni-karty>456123</cislo-platebni-karty>
				        <datum-platnosti-platebni-karty>10/15</datum-platnosti-platebni-karty>
				        <kontrolni-kod-platebni-karty>000</kontrolni-kod-platebni-karty>
				        <banka>
					          <nazev-banky>Komerční banka</nazev-banky>
					          <cislo-uctu>165-765301985</cislo-uctu>
					          <kod-banky>0800</kod-banky>
				        </banka>
			      </platebni-karta>
			      <platebni-karta id="pk3">
				        <cislo-platebni-karty>800000</cislo-platebni-karty>
				        <datum-platnosti-platebni-karty>01/20</datum-platnosti-platebni-karty>
				        <kontrolni-kod-platebni-karty>000</kontrolni-kod-platebni-karty>
				        <banka>
					          <nazev-banky>HSBC Bank plc</nazev-banky>
					          <iban>800000-644-225424-2243834-244254</iban>
				        </banka>
			      </platebni-karta>
		    </platebni-karty>
   </uzivatel>
   <uzivatel id="u3">
      <osobni-udaje>
			      <jmeno>Jan</jmeno>
			      <prijmeni>Novák</prijmeni>
			      <datum-narozeni>1970-01-01</datum-narozeni>
			      <rodne-cislo>700101/0001</rodne-cislo>
			      <cislo-op>987654</cislo-op>
			      <adresa-trvale-bydliste>
				        <ulice>Horní</ulice>
				        <cislo-popisne>651</cislo-popisne>
				        <cislo-orientacni>15</cislo-orientacni>
				        <mesto>Ostrava</mesto>
				        <psc>730 00</psc>
				        <stat>Česká Republika</stat>
			      </adresa-trvale-bydliste>
			      <email>jannovak@jannovak.cz</email>
		    </osobni-udaje>
      <registracni-udaje>
			      <uzivatelske-jmeno>JNovak</uzivatelske-jmeno>
			      <heslo>12345</heslo>
			      <datum-registrace>2012-01-01 01:00:00</datum-registrace>
			      <ucet-povolen povolen="ano"/>
		    </registracni-udaje>
      <platebni-karty>
			      <platebni-karta id="pk4">
				        <cislo-platebni-karty>123456789</cislo-platebni-karty>
				        <datum-platnosti-platebni-karty>10/14</datum-platnosti-platebni-karty>
				        <kontrolni-kod-platebni-karty>000</kontrolni-kod-platebni-karty>
				        <banka>
					          <nazev-banky>Československá obchodní banka</nazev-banky>
					          <cislo-uctu>168659136</cislo-uctu>
					          <kod-banky>0300</kod-banky>
				        </banka>
			      </platebni-karta>
		    </platebni-karty>
   </uzivatel>
   <uzivatel id="u4">
      <osobni-udaje>
			      <jmeno>Kateřina</jmeno>
			      <prijmeni>Burešová</prijmeni>
			      <datum-narozeni>1987-01-01</datum-narozeni>
			      <rodne-cislo>875101/0006</rodne-cislo>
			      <cislo-op>997654</cislo-op>
			      <adresa-trvale-bydliste>
				        <ulice>Pražská</ulice>
				        <cislo-popisne>61</cislo-popisne>
				        <cislo-orientacni>9</cislo-orientacni>
				        <mesto>České Budějovice</mesto>
				        <psc>650 10</psc>
				        <stat>Česká Republika</stat>
			      </adresa-trvale-bydliste>
			      <email>kata@gmail.com</email>
		    </osobni-udaje>
      <registracni-udaje>
			      <uzivatelske-jmeno>Trinity</uzivatelske-jmeno>
			      <heslo>12345</heslo>
			      <datum-registrace>2012-05-01 08:00:15</datum-registrace>
			      <ucet-povolen povolen="ano"/>
		    </registracni-udaje>
      <platebni-karty/>
   </uzivatel>
</uzivatele>