<?xml version="1.0" encoding="UTF-8"?>
<uzivatele>
   <uzivatel>
      <id>u1</id>
      <jmeno>Daniel</jmeno>
      <prijmeni>Lukeš</prijmeni>
      <adresa>
         <ulice>Na Štěpnici</ulice>
         <cislo-popisne>1678</cislo-popisne>
         <cislo-orientacni>10</cislo-orientacni>
         <mesto>Praha 8</mesto>
         <psc>180 00</psc>
         <stat>Česká Republika</stat>
      </adresa>
   </uzivatel>
   <uzivatel>
      <id>u2</id>
      <jmeno>Pavel</jmeno>
      <prijmeni>Pokorný</prijmeni>
      <adresa>
         <ulice>Dolní</ulice>
         <cislo-popisne>651</cislo-popisne>
         <cislo-orientacni>15</cislo-orientacni>
         <mesto>Ostrava</mesto>
         <psc>730 00</psc>
         <stat>Česká Republika</stat>
      </adresa>
   </uzivatel>
</uzivatele>