<?xml version="1.0" encoding="UTF-8" standalone="no"?><!--Struktura dat pro ?koly z?kladn?,st?edn? a vysok?--><DB>
  <Skoly>	
  	<Skola name="cvut" typ="vysoka" zalozeno="1902">
  		<IDSkoly>1</IDSkoly>			
  		<Adresa>
  			<Nazev platny="true">?esk? vysok? u?en? technick?</Nazev>
  			<Ulice>
  				<JmenoSk>Technick?</JmenoSk>
  				<CisloPopisne>2</CisloPopisne>
  			</Ulice>
  			<Telefon>608224694</Telefon>
  			<Fax>284659783</Fax>
  			<Email>cvut@cvut.cz</Email>
  			<Email>info@cvut.cz</Email>
  			<Mesto>Praha</Mesto>
  			<PSC>16000</PSC>
  		</Adresa>
  		<Ucitele>
  			<Ucitel id="u_1" refHlavniTrida="t_1" refPredmetu="p_1">
  				<KontaktniUdajeU>
  					<JmenoUc>Radim</JmenoUc>
  					<PrijmeniUc>Vl??ek</PrijmeniUc>
  					<Ulice>Uhl??ova</Ulice>
  					<CisloPopisne>1458</CisloPopisne>
  					<PSC>14000</PSC>
  					<Mesto>Praha</Mesto>
  					<Telefon>269456715</Telefon>
  					<Mobil>603896514</Mobil>
  					<Email>radim.vlasek@seznam.cz</Email>
  					<WWW>www.radimvlasek.cz</WWW>					
  				</KontaktniUdajeU>
			  <Plat>
  					<r2009>1000</r2009>
  					<r2010>19000</r2010>
  					<r2011>20000</r2011>
  					<r2012>21000</r2012>
  				</Plat>
  				<Neucil>
					 <n2011/>
  				</Neucil>
  			</Ucitel>
  			<Ucitel id="u_2" refHlavniTrida="t_2" refPredmetu="p_1">
  				<KontaktniUdajeU>
  					<JmenoUc>Petr</JmenoUc>
  					<PrijmeniUc>Bobr</PrijmeniUc>
  					<Ulice>Uhl??ova</Ulice>
  					<CisloPopisne>1458</CisloPopisne>					
  					<PSC>14000</PSC>
  					<Mesto>Praha</Mesto>
  					<Telefon>269456715</Telefon>
  					<Mobil>603896514</Mobil>
  					<Email>radim.vlasek@seznam.cz</Email>
  					<WWW>www.radimvlasek.cz</WWW>
  				</KontaktniUdajeU>
          <Plat>
  					<r2009>18000</r2009>
  					<r2010>22000</r2010>
  					<r2011>20000</r2011>
  					<r2012>17000</r2012>
  				</Plat>
  				<Neucil>
					 <n2010/>
  				</Neucil>
  			</Ucitel>
  			<Ucitel id="u_3" refHlavniTrida="t_2" refPredmetu="p_1">
  				<KontaktniUdajeU>
  					<JmenoUc>Jan</JmenoUc>
  					<PrijmeniUc>Uhlir</PrijmeniUc>
  					<Ulice>Uhl??ova</Ulice>
  					<CisloPopisne>1458</CisloPopisne>					
  					<PSC>14000</PSC>
  					<Mesto>Praha</Mesto>
  					<Telefon>269456715</Telefon>
  					<Mobil>603896514</Mobil>
  					<Email>radim.vlasek@seznam.cz</Email>
  					<WWW>www.radimvlasek.cz</WWW>
  				</KontaktniUdajeU>
  				</Ucitel>
          <Plat>
  					<r2009>14000</r2009>
  					<r2010>13000</r2010>
  					<r2011>11000</r2011>
  					<r2012>12000</r2012>
  				</Plat>
  				<Neucil>
					 <n2012/>
  				</Neucil>
  		</Ucitele>
  		<Studenti>
  			<Student id="s_1" refTridy="t_1">
  				<KontaktniUdajeS>
  					<Jmeno>Karel</Jmeno>
  					<Prijmeni>Pt??ek</Prijmeni>
  					<Ulice>Lankova</Ulice>
  					<CisloPopisne>876</CisloPopisne>
  					<PSC>18000</PSC>
  					<Mesto>Praha</Mesto>
  					<Telefon>6048536</Telefon>					
  					<Datum><?php echo Date("8.9.1994")?></Datum>
  					<Pokrik><![CDATA[
  						for (i=0; i < 10; i++)
  						{ 
  						document.writeln("<p>HAJO</p>");
  						}
  						]]>
  					</Pokrik>
  				</KontaktniUdajeS>
  			</Student>
  			<Student id="s_2" refTridy="t_1">
  				<KontaktniUdajeS>
  					<Jmeno>Jan</Jmeno>
  					<Prijmeni>Zelinka</Prijmeni>
  					<Ulice>Buben?ick?</Ulice>
  					<CisloPopisne>569</CisloPopisne>
  					<PSC>18000</PSC>
  					<Mesto>Praha</Mesto>
  					<Telefon>6048536</Telefon>					
  					<Datum><?php echo Date("8.9.1994")?></Datum>
  					<Pokrik><![CDATA[
  						for (i=0; i < 10; i++)
  						{ 
  						document.writeln("<p>HAJOLA</p>");
  						}
  						]]>
  					</Pokrik>
  				</KontaktniUdajeS>
  			</Student>
  			<Student id="s_3" refTridy="t_1">
  				<KontaktniUdajeS>
  					<Jmeno>Lubo?</Jmeno>
  					<Prijmeni>Zelinka</Prijmeni>
  					<Ulice>Buben?ick?</Ulice>
  					<CisloPopisne>569</CisloPopisne>
  					<PSC>18000</PSC>
  					<Mesto>Praha</Mesto>
  					<Telefon>789652345</Telefon>
  					<Datum><?php echo Date("8.9.1994")?></Datum>
  					<Pokrik><![CDATA[
  						for (i=0; i < 10; i++)
  						{ 
  						document.writeln("<p>HAJOLA</p>");
  						}
  						]]>
  					</Pokrik>
  				</KontaktniUdajeS>
  			</Student>
  		<Student id="c41" refTridy="t_1"><KontaktniUdajeS><Jmeno>Pavel</Jmeno><Prijmeni>Hornak</Prijmeni><Ulice>Kvasnicova</Ulice><CisloPopisne>67</CisloPopisne><Mesto>Slichov</Mesto><PSC>13089</PSC><Telefon>nazdar@seznam.cz</Telefon><Datum>8976530087</Datum><Pokrik>876443298</Pokrik></KontaktniUdajeS></Student></Studenti>
  		<Predmety>
  			<Predmet id="p_1" nazev="Po??ta?ov? s?t?"/>	
  			<Predmet id="p_2" nazev="K?dy a bezpe?nost"/>
  			<Predmet id="p_3" nazev="??etnictv? a finance"/>
  			<Predmet id="p_4" nazev="Datov? struktury a algoritmy"/>
  			<Predmet id="p_5" nazev="Java"/>		
  			<Predmet id="p_6" nazev="Matematick? anal?za"/>		
  		</Predmety>
  		<Tridy>
  			<Trida id="t_1">
  				<Umisteni>Leve kridlo</Umisteni>
  			</Trida>
  			<Trida id="t_2">
  				<Budova>G</Budova>
  			</Trida>
  		</Tridy>
  	</Skola>
  	<Skola name="czu" typ="vysoka">
  		<IDSkoly>1</IDSkoly>
  		<Adresa>
  			<Nazev>?esk? zem?d?lsk? univerzita</Nazev>
  			<Ulice>
  				<JmenoSk>Kam?ck?</JmenoSk>
  				<CisloPopisne>129</CisloPopisne>
  			</Ulice>
  			<Telefon>284659784</Telefon>
  			<Fax>284659783</Fax>
  			<Email>czu@czu.cz</Email>
  			<Mesto>Praha</Mesto>
  			<PSC>16000</PSC>
  		</Adresa>
  		<Ucitele>
  			<Ucitel id="czuu_1" refHlavniTrida="czut_1" refPredmetu="czup_1">
  				<KontaktniUdajeU>
  					<JmenoUc>Honza</JmenoUc>
  					<PrijmeniUc>Nevychazel</PrijmeniUc>
  					<Ulice>Uhl??ova</Ulice>
  					<CisloPopisne>1458</CisloPopisne>					
  					<PSC>14000</PSC>
  					<Mesto>Praha</Mesto>
  					<Telefon>269456715</Telefon>
  					<Mobil>603896514</Mobil>
  					<Email>radim.vlasek@seznam.cz</Email>
  					<WWW>www.radimvlasek.cz</WWW>
  				</KontaktniUdajeU>
          <Plat>
  					<r2009>25000</r2009>
  					<r2010>21000</r2010>
  					<r2011>23000</r2011>
  					<r2012>19000</r2012>
  				</Plat>
  				<Neucil>
					 <n2007/>
  				</Neucil>
  			</Ucitel>
  			<Ucitel id="czuu_2" refHlavniTrida="czut_2" refPredmetu="czup_1">
  				<KontaktniUdajeU>
  					<JmenoUc>Adam</JmenoUc>
  					<PrijmeniUc>Na?inec</PrijmeniUc>
  					<Ulice>Uhl??ova</Ulice>
  					<CisloPopisne>1458</CisloPopisne>					
  					<PSC>14000</PSC>
  					<Mesto>Praha</Mesto>
  					<Telefon>269456715</Telefon>
  					<Mobil>603896514</Mobil>
  					<Email>radim.vlasek@seznam.cz</Email>
  					<WWW>www.radimvlasek.cz</WWW>
  				</KontaktniUdajeU>
          <Plat>
  					<r2009>23000</r2009>
  					<r2010>25000</r2010>
  					<r2011>29000</r2011>
  					<r2012>33000</r2012>
  				</Plat>
  				<Neucil>
					 <n2009/>
  				</Neucil>
  			</Ucitel>
  			<Ucitel id="czuu_3" refHlavniTrida="czut_2" refPredmetu="czup_1">
  				<KontaktniUdajeU>
  					<JmenoUc>Jakub</JmenoUc>
  					<PrijmeniUc>Dopyta</PrijmeniUc>
  					<Ulice>Uhl??ova</Ulice>
  					<CisloPopisne>1458</CisloPopisne>					
  					<PSC>14000</PSC>
  					<Mesto>Praha</Mesto>
  					<Telefon>269456715</Telefon>
  					<Mobil>603896514</Mobil>
  					<Email>radim.vlasek@seznam.cz</Email>
  					<WWW>www.radimvlasek.cz</WWW>
  				</KontaktniUdajeU>
			  <Plat>
  					<r2009>14000</r2009>
  					<r2010>15000</r2010>
  					<r2011>13000</r2011>
  					<r2012>11000</r2012>
  				</Plat>
  				<Neucil>
					 <n2010/>
  				</Neucil>
  			</Ucitel>
  		</Ucitele>
  		<Studenti>
  			<Student id="czus_1" refTridy="czut_1">
  				<KontaktniUdajeS>
  					<Jmeno>Alojs</Jmeno>
  					<Prijmeni>Angrest</Prijmeni>
  					<Ulice>Kr?sk?</Ulice>
  					<CisloPopisne>876</CisloPopisne>
  					<PSC>18000</PSC>
  					<Mesto>?esk? Bud?jovice</Mesto>
  					<Telefon>239845367</Telefon>
  					<Datum><?php echo Date("8.9.1994")?></Datum>
  					<Pokrik><![CDATA[
  						for (i=0; i < 10; i++)
  						{ 
  						document.writeln("<p>HAJOKO</p>");
  						}
  						]]>
  					</Pokrik>
  				</KontaktniUdajeS>
  			</Student>
  		</Studenti>
  		<Predmety>
  			<Predmet id="czup_1" nazev="V?da filosofie a spole?nost"/>	
  			<Predmet id="czup_2" nazev="Matematika"/>
  			<Predmet id="czup_3" nazev="Zem?d?lsk? syst?my"/>
  			<Predmet id="czup_4" nazev="Ekonomicko matematick? metody"/>
  			<Predmet id="czup_5" nazev="T?locvik"/>		
  		</Predmety>
  		<Tridy>
  			<Trida id="czut_1">
  				<Umisteni>Leve kridlo</Umisteni>
  			</Trida>
  			<Trida id="czut_2">
  				<Budova>G</Budova>
  			</Trida>
  		</Tridy>
  	</Skola>
  </Skoly>
</DB>