<?xml version="1.0" encoding="UTF-8" standalone="no"?><guitarShop xmlns:xsi="http://www.w3.org/2001/XMLSchema-instance" xsi:noNamespaceSchemaLocation="data.xsd">
	<majitel DIC="CZ0345346369" IC="0345345339" stav="staly">
		<jmeno>Tomas Nepotrebko</jmeno>
		<nazevFirmy/>
		<datumRegistrace>2008-03-15</datumRegistrace>
	</majitel>
	<!-- popis kytar -->
	<kytary>
		<noveKytary>
			<electroKytary>
				<kytara Kod="HN107655" barva="Ebony" material="palisandr" model="GIBSON Flying V" pocetStrun="standardni">
					<jeLevoruka/>
					<jeSkladem/>
					<forma>Flying V</forma>
					
					
					<pocetStrun>6</pocetStrun>
					<cenaVKc>
						<value>23 241</value>
						<znMeny>CZK</znMeny>
					</cenaVKc>
					<cenaVEuro>
						<value>957</value>
						<znMeny>EUR</znMeny>
					</cenaVEuro>
					<hodnoceniUzivatelemi>2</hodnoceniUzivatelemi>
				</kytara>
				<kytara Kod="HN107654" barva="White" material="eben" model="GIBSON Flying V" pocetStrun="standardni">
					<jeSkladem/>
					<forma>Flying V</forma>
					
					
					<pocetStrun>6</pocetStrun>
					<cenaVKc>
						<value>23 241</value>
						<znMeny>CZK</znMeny>
					</cenaVKc>
					<cenaVEuro>
						<value>957</value>
						<znMeny>EUR</znMeny>
					</cenaVEuro>
					<hodnoceniUzivatelemi>2</hodnoceniUzivatelemi>
				</kytara>
				<kytara Kod="HN098130" barva="Sunburst" material="palisandr" model="FENDER American Standard" pocetStrun="nestandardni">
					<forma>Stratocaster</forma>
					
					
					<pocetStrun>7</pocetStrun>
					<cenaVKc>
						<value>50 980</value>
						<znMeny>CZK</znMeny>
					</cenaVKc>
					<cenaVEuro>
						<value>2001</value>
						<znMeny>EUR</znMeny>
					</cenaVEuro>
					<hodnoceniUzivatelemi>1</hodnoceniUzivatelemi>
				</kytara>
			</electroKytary>
			<bassKytary>
				<kytara Kod="HN111016" barva="White" material="palisandr" model="CORT Action Bass LH" pocetStrun="nestandardni">
					<jeSkladem/>
					<forma>Walnut Satin</forma>
					
					
					<pocetStrun>4</pocetStrun>
					<cenaVKc>
						<value>4 000</value>
						<znMeny>CZK</znMeny>
					</cenaVKc>
					<cenaVEuro>
						<value>153</value>
						<znMeny>EUR</znMeny>
					</cenaVEuro>
					<hodnoceniUzivatelemi>3</hodnoceniUzivatelemi>
				</kytara>
			</bassKytary>
			<ukulele>
				<kytara Kod="HN107354" barva="White" material="Wood" model="MexicNew" pocetStrun="nestandardni">
					<jeSkladem/>
					
					
					<pocetStrun>4</pocetStrun>
					<cenaVKc>
						<value>589</value>
						<znMeny>CZK</znMeny>
					</cenaVKc>
					<cenaVEuro>
						<value>21</value>
						<znMeny>EUR</znMeny>
					</cenaVEuro>
				</kytara>
			</ukulele>
		</noveKytary>
		<pouziteKytary>
			<electroKytary>
				<kytara Kod="HN107658" barva="White" material="eben" model="GIBSON Flying V" pocetStrun="standardni">
					<jeSkladem/>
					<forma>Flying V</forma>
					
					
					<pocetStrun>6</pocetStrun>
					<cenaVKc>
						<value>10 000</value>
						<znMeny>CZK</znMeny>
					</cenaVKc>
					<cenaVEuro>
						<value>500</value>
						<znMeny>EUR</znMeny>
					</cenaVEuro>
				</kytara>
			</electroKytary>
			<bassKytary>
				<kytara Kod="HN107456" barva="Black" material="eben" model="IBANEZ BTB 305FM" pocetStrun="nestandardni">
					<jeSkladem/>
					<forma>BTB</forma>
					
					
					<pocetStrun>4</pocetStrun>
					<cenaVKc>
						<value>56 235</value>
						<znMeny>CZK</znMeny>
					</cenaVKc>
					<cenaVEuro>
						<value>2015</value>
						<znMeny>EUR</znMeny>
					</cenaVEuro>
				</kytara>
				<kytara Kod="HN127654" barva="Brown" material="eben" model="IBANEZ BTB 700DX" pocetStrun="nestandardni">
					<jeSkladem/>
					<forma>BTB</forma>
					
					
					<pocetStrun>5</pocetStrun>
					<cenaVKc>
						<value>15 235</value>
						<znMeny>CZK</znMeny>
					</cenaVKc>
					<cenaVEuro>
						<value>726</value>
						<znMeny>EUR</znMeny>
					</cenaVEuro>
				</kytara>
			</bassKytary>
			<akustickeKytary>
				<kytara Kod="HN107973" barva="Brown" material="palisandr" model="BLOND CLU-224" pocetStrun="standardni">
					<jeLevoruka/>
					<jeSkladem/>
					<forma>Standart</forma>
					
					
					<pocetStrun>6</pocetStrun>
					<cenaVKc>
						<value>1 358</value>
						<znMeny>CZK</znMeny>
					</cenaVKc>
					<cenaVEuro>
						<value>48</value>
						<znMeny>EUR</znMeny>
					</cenaVEuro>
				</kytara>
			</akustickeKytary>
		</pouziteKytary>
	</kytary>
	<upozorneni ID="HN107654">
		Kytary jsou ted' na ceste z Norska, proto muzete ji koupit minimalne prez dva dny.
	</upozorneni>
</guitarShop>