<?xml version="1.0" encoding="UTF-8" standalone="no"?><addressBook>
	<person email="jan@novak.cz" name="Jan Novak" phone="+420 123 456 789">
	  <name>Dummy Name</name>
	  
	  
	  <addr city="Zapadakov" street="Dlouha 5">
	   
	   
	   <state id="1">Czech republic</state>
	  </addr>
	  <friends>
	   <person name="Prokop Buben" phone="+420 666 555 444">
    	  
    	</person>
    	<person name="Tomas Marny" phone="+420 333 222 111">
    	  
    	</person>
	  </friends>
	</person>
	<person friends="" name="Al Koholik">
	  <phone><!-- maybe wrong number, he is losing his phone really often ;
    sax handler bohuzel nevidi komentare, takze nadrazeny "phone" take zapocita,
    ze ho lze prevest na atribut. DOM handler ho ale neprevede.--> +420 123 456 789</phone>
	  <addr city="Plzen" street="Klikata 3">
	   
	   
	   <state id="1">Czech republic</state>
	  </addr>
	  
	</person>
</addressBook>