<?xml version="1.0" encoding="UTF-8"?>
<errors>
   <error>Svazek s id: k92 nema polozku v databazi knih</error>
   <error>Svazek s id: k92 nema polozku v databazi knih</error>
   <error>Svazek s id: k35 nema polozku v databazi knih</error>
   <error>Svazek s id: k393 nema polozku v databazi knih</error>
   <error>Svazek s id: k44 nema polozku v databazi knih</error>
   <error>Svazek s id: k234 nema polozku v databazi knih</error>
   <error>Svazek s id: k44 nema polozku v databazi knih</error>
   <error>Svazek s id: k43 nema polozku v databazi knih</error>
   <error>Svazek s id: k43 nema polozku v databazi knih</error>
   <error>Svazek s id: k43 nema polozku v databazi knih</error>
   <error>Svazek s id: k35 nema polozku v databazi knih</error>
   <error>Svazek s id: k36 nema polozku v databazi knih</error>
   <error>Svazek s id: k92 nema polozku v databazi knih</error>
   <error>Svazek s id: k92 nema polozku v databazi knih</error>
   <error>Svazek s id: k99 nema polozku v databazi knih</error>
</errors>