<?xml version="1.0" encoding="UTF-8" standalone="no"?><autopujcovna>
	<!-- Seznam vozidel ve vozovem parku -->
	<autopark>
		<auto id="auto-1">
			<vin>128988129823</vin>
			<spz>2A29288</spz>
			<znacka>Skoda</znacka>
			<typ>Superb</typ>
			<rok-vyroby>2009</rok-vyroby>
			<parametry>				
				
			<motor maxrychlost="210" objem="3.0" spotreba="9.2"/></parametry>
			<porizovaci-cena>750000</porizovaci-cena>
			<pujcovne>1230</pujcovne>
			<!-- Poznamky k vozidlu + zname poruchy -->
			<poznamky>
				Potreba vymenit olej pri 20000km
				Technicke kontroly:
				<![CDATA[
					for (i=2011; i <= 2020; $++)
					{
						document.writeln(i);
					}
				]]>
				<porucha vyresena="ne">
					Promackly blatnik.
				</porucha>
		</poznamky>
		</auto>
		<auto id="auto-2">
			<vin>76587236829387</vin>
			<spz>4S58829</spz>
			<znacka>BMW</znacka>
			<typ>X6</typ>
			<rok-vyroby>2011</rok-vyroby>
			<parametry>				
				
			<motor maxrychlost="260" objem="4.5" spotreba="14.3"/></parametry>
			<porizovaci-cena>1800000</porizovaci-cena>
			<pujcovne>2700</pujcovne>
			<!-- Poznamky k vozidlu + zname poruchy -->
			<poznamky>
				<porucha vyresena="ano">
					Poskrabana karoserie od klice.
				</porucha>
		</poznamky>
		</auto>
		<auto id="auto-3">
			<vin>67832989182489</vin>
			<spz>2AU6577</spz>
			<znacka>Volkswagen</znacka>
			<typ>Golf</typ>
			<rok-vyroby>2010</rok-vyroby>
			<parametry>				
				
			<motor maxrychlost="190" objem="1.9" spotreba="7.2"/></parametry>
			<porizovaci-cena>800000</porizovaci-cena>
			<pujcovne>1530</pujcovne>
			<!-- Poznamky k vozidlu + zname poruchy -->
			<poznamky>
				
		</poznamky>
		</auto>
	</autopark>
	<klienti>
		<klient id="kl-1">
			<jmeno>Jiri</jmeno>
			<prijmeni>Janousek</prijmeni>
			<ulice>Jankovcova</ulice>
			<cp>34</cp>
			<mesto>Praha 6</mesto>
			<psc>16200</psc>
			<stat>Czech Republic</stat>
			<telefon>+420727998263</telefon>
			<email>jiri.janousek@zeznam.cz</email>
			<registrovan><?php echo Date("d.m.Y")?></registrovan>
			<vypujcky>
				<vypujcka autoid="auto-1" do="20/02/2011" od="10/02/2011"/>
			</vypujcky>
		</klient>
		<klient id="kl-2">
			<jmeno>Frantisek</jmeno>
			<prijmeni>Bilek</prijmeni>
			<ulice>Francouzska</ulice>
			<cp>12</cp>
			<mesto>Praha 2</mesto>
			<psc>12200</psc>
			<stat>Czech Republic</stat>
			<telefon>+420777882263</telefon>
			<email>bilekf@doodle.com</email>
			<registrovan><?php echo Date("d.m.Y")?></registrovan>
			<vypujcky>
				<vypujcka autoid="auto-3" do="26/12/2010" od="10/12/2010"/>
			</vypujcky>
		</klient>
		<klient id="kl-3">
			<jmeno>Jaroslava</jmeno>
			<prijmeni>Hadrbolcova</prijmeni>
			<ulice>Pricna</ulice>
			<cp>2</cp>
			<mesto>Ostrava</mesto>
			<psc>43321</psc>
			<stat>Czech Republic</stat>
			<telefon>+420437772910</telefon>
			<email>hadrbol@ostex.cz</email>
			<registrovan><?php echo Date("d.m.Y")?></registrovan>
			<vypujcky>
			<vypujcka autoid="auto-3" do="26/12/2010" od="10/12/2010"/>
			<vypujcka autoid="auto-1" do="26/12/2010" od="10/12/2010"/>
			<vypujcka autoid="auto-2" do="26/12/2010" od="10/12/2010"/>
			</vypujcky>
		</klient>
	</klienti>
</autopujcovna>