<?xml version="1.0" encoding="UTF-8" standalone="no"?><pneumatiky>
	<vyrobce nazev="Aurora">
		<letni kategorie="off-road">
			<pneumatika id="p1" profil="45" rozmer="R22" rychlostni_index="V" sirka="305">
				<nazev>305/45 VR22 TL      AURORA RH08 XL</nazev>
				<dezen>RH08XL</dezen>
				<cena>5273</cena>
			<sirka>305</sirka><rozmer>R22</rozmer><profil>45</profil></pneumatika>
			<pneumatika id="p2" profil="55" rozmer="R18" rychlostni_index="V" sirka="255">
				<nazev>255/55 VR18 TL      AURORA RH08 XL</nazev>
				<dezen>RH08XL</dezen>
				<cena>2594</cena>
			<sirka>255</sirka><rozmer>R18</rozmer><profil>55</profil></pneumatika>
			<pneumatika id="p3" profil="35" rozmer="R22" rychlostni_index="V" sirka="285">
				<nazev>285/35 VR22 TL      AURORA RH08 XL</nazev>
				<dezen>RH08XL</dezen>
				<cena>6479</cena>
			<sirka>285</sirka><rozmer>R22</rozmer><profil>35</profil></pneumatika>
		</letni>
	</vyrobce>
	<vyrobce nazev="Barum">
		<letni kategorie="osobni">
			<pneumatika id="p4" profil="55" rozmer="R16" rychlostni_index="V" sirka="215">
				<nazev>215/55ZR16 97W Barum Bravuris 2</nazev>	
				<dezen>Bravuris 2</dezen>
				<cena>3006</cena>
			<sirka>215</sirka><rozmer>R16</rozmer><profil>55</profil></pneumatika>
			<pneumatika id="p5" profil="40" rozmer="R19" rychlostni_index="Y" sirka="255">
				<nazev>255/40ZR19 100Y XL Barum Bravuris 2</nazev>
				<dezen>Bravuris 2</dezen>
				<cena>5570</cena>
				<nosnost>100</nosnost>
				<zeme_puvodu>D</zeme_puvodu>
				<skladem>4</skladem>
			<sirka>255</sirka><rozmer>R19</rozmer><profil>40</profil></pneumatika>
		</letni>
		<zimni kategorie="osobni">
			<pneumatika id="p6" profil="70" rozmer="R15" rychlostni_index="T" sirka="165">
				<nazev>165/70 R15 83T Barum Pol2</nazev>
				<dezen>Polaris 2</dezen>
				<cena>990</cena>
				<nosnost>83</nosnost>
			<sirka>165</sirka><rozmer>R15</rozmer><profil>70</profil></pneumatika>
		</zimni>
	</vyrobce>
	<vyrobce nazev="Bridgestone">
		<letni kategorie="uzitkove">
			<pneumatika id="p7" profil="65" rozmer="R16" rychlostni_index="V" sirka="215">
				<nazev>215/65  R16 TL      BR RD410 E</nazev>
				<dezen>RD410</dezen>
				<cena>2497</cena>
				<nosnost>106</nosnost>
			<sirka>215</sirka><rozmer>R16</rozmer><profil>65</profil></pneumatika>
		</letni>
		<zimni kategorie="osobni">
			<pneumatika id="p8" profil="50" rozmer="R17" rychlostni_index="H" sirka="225">
				<nazev>225/50 HR17 TL      BR LM-22 RUNFLAT</nazev>
				<dezen>LM-22</dezen>
				<cena>5078</cena>
				<nosnost>94</nosnost>
				<zeme_puvodu>D</zeme_puvodu>
				<skladem>20</skladem>
				<runflat/>
			<sirka>225</sirka><rozmer>R17</rozmer><profil>50</profil></pneumatika>
		</zimni>
	</vyrobce>
	<vyrobce nazev="Continental">
		<letni kategorie="osobni">
			<pneumatika id="p9" profil="55" rozmer="R16" rychlostni_index="V" sirka="205">
				<nazev>205/55 WR16 TL 91W  CO CSC 2 MO E</nazev>
				<dezen>CSC2MOE</dezen>
				<cena>2400</cena>
			<sirka>205</sirka><rozmer>R16</rozmer><profil>55</profil></pneumatika>
			<pneumatika id="p10" profil="70" rozmer="R14" rychlostni_index="V" sirka="165">
				<nazev>165/70 TR14 TL 81T  CO ECO CONTACT 3 EU</nazev>
				<dezen>ECO3EU</dezen>
				<cena>1322</cena>
			<sirka>165</sirka><rozmer>R14</rozmer><profil>70</profil></pneumatika>
			<pneumatika id="p11" profil="55" rozmer="R16" rychlostni_index="V" sirka="215">
				<nazev>215/55 HR16 TL 93H  CO PROCONTACT</nazev>
				<dezen>PROCON</dezen>
				<cena>2735</cena>
			<sirka>215</sirka><rozmer>R16</rozmer><profil>55</profil></pneumatika>
			<pneumatika id="p12" profil="55" rozmer="R16" rychlostni_index="V" sirka="215">
				<nazev>215/55 HR16 TL 93H  CO PREMIUM CONT 2</nazev>
				<dezen>PRECON2</dezen>
				<cena>3396</cena>
			<sirka>215</sirka><rozmer>R16</rozmer><profil>55</profil></pneumatika>
			<pneumatika id="p13" profil="60" rozmer="R16" rychlostni_index="V" sirka="225">
				<nazev>225/60 VR16 TL 98V  CO PREMIUM CONT 2</nazev>
				<dezen>PRECON2</dezen>
				<cena>3398</cena>
			<sirka>225</sirka><rozmer>R16</rozmer><profil>60</profil></pneumatika>
			<pneumatika id="p14" profil="45" rozmer="R17" rychlostni_index="V" sirka="215">
				<nazev>215/45 WR17 TL 87W  CO CSC EU</nazev>
				<dezen>CSCEU</dezen>
				<cena>3043</cena>
			<sirka>215</sirka><rozmer>R17</rozmer><profil>45</profil></pneumatika>
			<pneumatika id="p15" profil="70" rozmer="R14" rychlostni_index="V" sirka="165">
				<nazev>165/70 SR14 TL 85S  CO ECO EP EU RFD</nazev>
				<dezen>ECOEPREU</dezen>
				<cena>1472</cena>
			<sirka>165</sirka><rozmer>R14</rozmer><profil>70</profil></pneumatika>
			<pneumatika id="p16" profil="55" rozmer="R16" rychlostni_index="V" sirka="215">
				<doporuceni id_ref="p4"/>
			<sirka>215</sirka><rozmer>R16</rozmer><profil>55</profil></pneumatika>
			<pneumatika id="p17" profil="40" rozmer="R19" rychlostni_index="Y" sirka="255">
				<doporuceni id_ref="p5"/>
				<poznamka>Pokud vlastnite off-road, doporucujeme 
							<doporuceni id_ref="p2">pneu Aurora</doporuceni>. Dal???? doporu??en?? naleznete v na??em katalogu
					<![CDATA[ alert("test"); ]]>
					<?php echo("Produkt ukoncen dne ". getProductDeceaseDate("p17")); ?>
				</poznamka>
			<sirka>255</sirka><rozmer>R19</rozmer><profil>40</profil></pneumatika>
			<pneumatika id="p18" profil="70" rozmer="R14" rychlostni_index="T" sirka="165">
				<nazev>165/70 TR14 TL 81T  CO ECO CONTACT 3 EU</nazev>
				<dezen>ECO3EU</dezen>
				<cena>1220</cena>
			<sirka>165</sirka><rozmer>R14</rozmer><profil>70</profil></pneumatika>
		</letni>
	</vyrobce>
</pneumatiky>