<?xml version="1.0" encoding="UTF-8"?>
<performer xmlns="http://www.tripsis.cz/encyclopedia">
   <performer>
      <name>Adam Agius</name>
      <influences>
         <name id="PER5">
            <name>Samantha Escabre</name>
         </name>
         <name id="PER6">
            <name>Grayh</name>
         </name>
         <name id="PER11">
            <name>Dino Cielo</name>
         </name>
      </influences>
   </performer>
   <performer>
      <name>Roy Torkington</name>
      <influences>
         <name id="PER3">
            <name>John Bray</name>
         </name>
         <name id="PER4">
            <name>Rodney Holder</name>
         </name>
         <name id="PER5">
            <name>Samantha Escabre</name>
         </name>
         <name id="PER6">
            <name>Grayh</name>
         </name>
         <name id="PER11">
            <name>Dino Cielo</name>
         </name>
      </influences>
   </performer>
   <performer>
      <name>John Bray</name>
      <influences>
         <name id="PER5">
            <name>Samantha Escabre</name>
         </name>
         <name id="PER6">
            <name>Grayh</name>
         </name>
         <name id="PER11">
            <name>Dino Cielo</name>
         </name>
      </influences>
   </performer>
   <performer>
      <name>Samantha Escabre</name>
      <influences>
         <name id="PER6">
            <name>Grayh</name>
         </name>
         <name id="PER11">
            <name>Dino Cielo</name>
         </name>
      </influences>
   </performer>
   <performer>
      <name>Grayh</name>
      <influences>
         <name id="PER11">
            <name>Dino Cielo</name>
         </name>
      </influences>
   </performer>
   <performer>
      <name>Dino Cielo</name>
      <influences>
         <name id="PER6">
            <name>Grayh</name>
         </name>
      </influences>
   </performer>
</performer>