<?xml version="1.0" encoding="UTF-8"?>
<years xmlns="http://www.tripsis.cz/encyclopedia">
   <year>
      <name>1992</name>
      <count>1</count>
      <albums>
         <album id="ALB8">Souls At Zero  </album>
      </albums>
   </year>
   <year>
      <name>1993</name>
      <count>1</count>
      <albums>
         <album id="ALB9">Through Silver In Blood  </album>
      </albums>
   </year>
   <year>
      <name>1997</name>
      <count>1</count>
      <albums>
         <album id="ALB4">Spiritech</album>
      </albums>
   </year>
   <year>
      <name>1999</name>
      <count>1</count>
      <albums>
         <album id="ALB12">Pale Folklore  </album>
      </albums>
   </year>
   <year>
      <name>2000</name>
      <count>1</count>
      <albums>
         <album id="ALB5">Organasm</album>
      </albums>
   </year>
   <year>
      <name>2001</name>
      <count>2</count>
      <albums>
         <album id="ALB11">A Sun That Never Sets</album>
         <album id="ALB1">Sombre Romantic</album>
      </albums>
   </year>
   <year>
      <name>2002</name>
      <count>1</count>
      <albums>
         <album id="ALB13">The Mantle  </album>
      </albums>
   </year>
   <year>
      <name>2003</name>
      <count>3</count>
      <albums>
         <album id="ALB6">Austral Alien</album>
         <album id="ALB2">Elegant ... And Dying</album>
         <album id="ALB7">Tripsis</album>
      </albums>
   </year>
   <year>
      <name>2006</name>
      <count>1</count>
      <albums>
         <album id="ALB14">Ashes Against The Grain  </album>
      </albums>
   </year>
   <year>
      <name>2007</name>
      <count>1</count>
      <albums>
         <album id="ALB10">Given To The Rising</album>
      </albums>
   </year>
   <year>
      <name>2008</name>
      <count>1</count>
      <albums>
         <album id="ALB3">Requiem - Fortissimo</album>
      </albums>
   </year>
</years>