<?xml version="1.0" encoding="UTF-8"?>
<xhtml xmlns="http://www.tripsis.cz/encyclopedia">
   <head>
      <title>Albums by artists</title>
   </head>
   <body>
      <div>
         <h1>Agalloch</h1>
         <div>Country of origin: USA</div>
         <div>Genre: <span>Black Metal</span>
            <span>Doom Metal</span>
         </div>
         <div>
            <h3>Pale Folklore  </h3>
            <table cellspacing="5" width="50%">
               <tr>
                  <th>Songs</th>
                  <th>Lineup</th>
               </tr>
               <tr>
                  <td valign="left">The painted fire across the skyline<br/>The misshapen steed<br/>Hallways of enchanted ebony<br/>Dead winter days<br/>As embers dress the sky<br/>The melancholy spirit<br/>
                  </td>
                  <td valign="top" align="center">John Haughm<br/>Don Anderson<br/>Jason William Walton<br/>Aesop Dekker<br/>
                  </td>
               </tr>
            </table>
         </div>
         <div>
            <h3>The Mantle  </h3>
            <table cellspacing="5" width="50%">
               <tr>
                  <th>Songs</th>
                  <th>Lineup</th>
               </tr>
               <tr>
                  <td valign="left">A Celebration For The Death Of Man<br/>In The Shadow Of Our Pale Companion<br/>Odal<br/>I Am The Wooden Doors<br/>The Lodge<br/>You Were But A Ghost In My Arms<br/>The Hawthorne Passage<br/>... And The Great Cold Death Of The Earth<br/>A Desolation Song<br/>
                  </td>
                  <td valign="top" align="center">John Haughm<br/>Don Anderson<br/>Jason William Walton<br/>Aesop Dekker<br/>
                  </td>
               </tr>
            </table>
         </div>
         <div>
            <h3>Ashes Against The Grain  </h3>
            <table cellspacing="5" width="50%">
               <tr>
                  <th>Songs</th>
                  <th>Lineup</th>
               </tr>
               <tr>
                  <td valign="left">Limbs<br/>Falling Snow<br/>This White Mountain on Which You Will Die<br/>Fire Above, Ice Below<br/>Not Unlike the Waves<br/>Our Fortress Is Burning ... I<br/>Our Fortress Is Burning ... II - Bloodbirds<br/>Our Fortress Is Burning ... III - The Grain<br/>
                  </td>
                  <td valign="top" align="center">John Haughm<br/>Don Anderson<br/>Jason William Walton<br/>Aesop Dekker<br/>
                  </td>
               </tr>
            </table>
         </div>
      </div>
      <div>
         <h1>Alchemist</h1>
         <div>Country of origin: Australia</div>
         <div>Genre: <span>Metal</span>
         </div>
         <div>
            <h3>Spiritech</h3>
            <table cellspacing="5" width="50%">
               <tr>
                  <th>Songs</th>
                  <th>Lineup</th>
               </tr>
               <tr>
                  <td valign="left">Chinese Whispers<br/>Road To Ubar<br/>Staying Consious<br/>Beyond Genesis<br/>Spiritechnology<br/>Inertia<br/>Hermaphroditis<br/>Dancing To Life<br/>Figments<br/>
                  </td>
                  <td valign="top" align="center">Adam Agius<br/>Roy Torkington<br/>John Bray<br/>Rodney Holder<br/>
                  </td>
               </tr>
            </table>
         </div>
         <div>
            <h3>Organasm</h3>
            <table cellspacing="5" width="50%">
               <tr>
                  <th>Songs</th>
                  <th>Lineup</th>
               </tr>
               <tr>
                  <td valign="left">Austral Spectrum<br/>Bio Approach<br/>Rampant Micro Life<br/>Warring Tribes (Eventual Demise)<br/>Single Sided<br/>Surreality<br/>New Beginning<br/>Tide In, Mind Out<br/>Eclectic<br/>Escape From The Black Hole<br/>
                  </td>
                  <td valign="top" align="center">Adam Agius<br/>Roy Torkington<br/>John Bray<br/>Rodney Holder<br/>
                  </td>
               </tr>
            </table>
         </div>
         <div>
            <h3>Austral Alien</h3>
            <table cellspacing="5" width="50%">
               <tr>
                  <th>Songs</th>
                  <th>Lineup</th>
               </tr>
               <tr>
                  <td valign="left">First Contact<br/>Great Southern Wasteland<br/>Solarburn<br/>Alpha Cappella Nova Vega<br/>Older Than The Ancients<br/>Backward Journey<br/>Nature On A Leash<br/>Grief Barrier<br/>Epsilon<br/>Speed Of Life<br/>Letter To The Future<br/>
                  </td>
                  <td valign="top" align="center">Adam Agius<br/>Roy Torkington<br/>John Bray<br/>Rodney Holder<br/>
                  </td>
               </tr>
            </table>
         </div>
         <div>
            <h3>Tripsis</h3>
            <table cellspacing="5" width="50%">
               <tr>
                  <th>Songs</th>
                  <th>Lineup</th>
               </tr>
               <tr>
                  <td valign="left">Wrapped in Guilt<br/>Tongues and Knives<br/>Nothing in No Time<br/>Anticipation of a High<br/>Grasp the Air<br/>CommunicHate<br/>Substance for Shadow<br/>God Shaped Hole<br/>Degenerative Breeding<br/>
                  </td>
                  <td valign="top" align="center">Adam Agius<br/>Roy Torkington<br/>John Bray<br/>Rodney Holder<br/>
                  </td>
               </tr>
            </table>
         </div>
      </div>
      <div>
         <h1>Neurosis</h1>
         <div>Country of origin: USA</div>
         <div>Genre: <span>Atmospheric Hardcore</span>
         </div>
         <div>
            <h3>Souls At Zero  </h3>
            <table cellspacing="5" width="50%">
               <tr>
                  <th>Songs</th>
                  <th>Lineup</th>
               </tr>
               <tr>
                  <td valign="left">To Crawl Under One's Skin<br/>Souls At Zero<br/>Zero<br/>Flight<br/>The Web Sterile Vision<br/>A Chronology For Surviva<br/>Stripped<br/>Takeahnase<br/>Empty<br/>
                  </td>
                  <td valign="top" align="center">Scott Kelly<br/>Steve Von Till<br/>Dave Edwardson<br/>Jason Roeder<br/>Simon McIlroy<br/>
                  </td>
               </tr>
            </table>
         </div>
         <div>
            <h3>Through Silver In Blood  </h3>
            <table cellspacing="5" width="50%">
               <tr>
                  <th>Songs</th>
                  <th>Lineup</th>
               </tr>
               <tr>
                  <td valign="left">Through silver in blood<br/>Rehumanize<br/>Eye<br/>Purify<br/>Locust star<br/>Strength of fates<br/>Become the ocean<br/>Aeon<br/>Enclosure in flame<br/>
                  </td>
                  <td valign="top" align="center">Scott Kelly<br/>Steve Von Till<br/>Dave Edwardson<br/>Noah Landis<br/>Jason Roeder<br/>
                  </td>
               </tr>
            </table>
         </div>
         <div>
            <h3>Given To The Rising</h3>
            <table cellspacing="5" width="50%">
               <tr>
                  <th>Songs</th>
                  <th>Lineup</th>
               </tr>
               <tr>
                  <td valign="left">Given to the Rising<br/>Fear &amp; Sickness  <br/>To the Wind<br/>At the End of the Road<br/>Shadow<br/>Hidden Faces<br/>Water Is not Enough<br/>Distill (Watching the Swarm)<br/>Nine<br/>Origin<br/>
                  </td>
                  <td valign="top" align="center">Scott Kelly<br/>Steve Von Till<br/>Dave Edwardson<br/>Noah Landis<br/>Jason Roeder<br/>
                  </td>
               </tr>
            </table>
         </div>
         <div>
            <h3>A Sun That Never Sets</h3>
            <table cellspacing="5" width="50%">
               <tr>
                  <th>Songs</th>
                  <th>Lineup</th>
               </tr>
               <tr>
                  <td valign="left">Erode<br/>The Tide<br/>From the Hill<br/>A Sun That Never Sets<br/>Falling Unknow<br/>From Where Its Roots Run<br/>Crawl Back In<br/>Watchfire<br/>Resound<br/>Stones From the Sky<br/>
                  </td>
                  <td valign="top" align="center">Scott Kelly<br/>Steve Von Till<br/>Dave Edwardson<br/>Noah Landis<br/>Jason Roeder<br/>
                  </td>
               </tr>
            </table>
         </div>
      </div>
      <div>
         <h1>Virgin Black</h1>
         <div>Country of origin: Australia</div>
         <div>Genre: <span>Black Metal</span>
            <span>Doom Metal</span>
         </div>
         <div>
            <h3>Sombre Romantic</h3>
            <table cellspacing="5" width="50%">
               <tr>
                  <th>Songs</th>
                  <th>Lineup</th>
               </tr>
               <tr>
                  <td valign="left">Opera de Romanci<br/>Walk Without Limbs<br/>Of Your Beauty<br/>Drink the Midnight Hymn<br/>Museum of Iscariot<br/>Lamenting Kiss<br/>Weep for Me<br/>I Sleep with the Emperor<br/>A Poet's Tears of Porcelain<br/>
                  </td>
                  <td valign="top" align="center">Samantha Escabre<br/>Rowan London<br/>Craig Edis<br/>Ian Miller<br/>Dino Cielo<br/>
                  </td>
               </tr>
            </table>
         </div>
         <div>
            <h3>Elegant ... And Dying</h3>
            <table cellspacing="5" width="50%">
               <tr>
                  <th>Songs</th>
                  <th>Lineup</th>
               </tr>
               <tr>
                  <td valign="left">Adorned In Ashes<br/>Velvet Tongue<br/>And The Kiss Of God.s Mouth (Part 1)<br/>And The Kiss Of God.s Mouth (Part 2)<br/>Renaissance<br/>The Everlasting<br/>Cult Of Crucifixion<br/>Beloved<br/>Our Wings Are Burning<br/>
                  </td>
                  <td valign="top" align="center">Samantha Escabre<br/>Rowan London<br/>Craig Edis<br/>Ian Miller<br/>Dino Cielo<br/>
                  </td>
               </tr>
            </table>
         </div>
         <div>
            <h3>Requiem - Fortissimo</h3>
            <table cellspacing="5" width="50%">
               <tr>
                  <th>Songs</th>
                  <th>Lineup</th>
               </tr>
               <tr>
                  <td valign="left">The Fragile Breath<br/>In Winters Ash<br/>Silent<br/>God in Dust<br/>Lacrimosa (Gather Me)<br/>Darkness<br/>Forever<br/>
                  </td>
                  <td valign="top" align="center">Samantha Escabre<br/>Grayh<br/>Luk Faz<br/>Rowan London<br/>
                  </td>
               </tr>
            </table>
         </div>
      </div>
   </body>
</xhtml>