<?xml version="1.0" encoding="UTF-8"?>
<performers xmlns="http://www.tripsis.cz/encyclopedia">
   <performer>
      <name>Adam Agius</name>
      <albums/>
      <bands>
         <band id="ART2" active="yes">Alchemist</band>
      </bands>
   </performer>
   <performer>
      <name>Aesop Dekker</name>
      <albums/>
      <bands>
         <band id="ART4" active="yes">Agalloch</band>
      </bands>
   </performer>
   <performer>
      <name>Craig Edis</name>
      <albums/>
      <bands>
         <band id="ART1" active="no">Virgin Black</band>
      </bands>
   </performer>
   <performer>
      <name>Dave Edwardson</name>
      <albums/>
      <bands>
         <band id="ART3" active="yes">Neurosis</band>
      </bands>
   </performer>
   <performer>
      <name>Dino Cielo</name>
      <albums/>
      <bands>
         <band id="ART1" active="no">Virgin Black</band>
      </bands>
   </performer>
   <performer>
      <name>Don Anderson</name>
      <albums/>
      <bands>
         <band id="ART4" active="yes">Agalloch</band>
      </bands>
   </performer>
   <performer>
      <name>Grayh</name>
      <albums/>
      <bands>
         <band id="ART1" active="yes">Virgin Black</band>
      </bands>
   </performer>
   <performer>
      <name>Ian Miller</name>
      <albums/>
      <bands>
         <band id="ART1" active="no">Virgin Black</band>
      </bands>
   </performer>
   <performer>
      <name>Jason Roeder</name>
      <albums/>
      <bands>
         <band id="ART3" active="yes">Neurosis</band>
      </bands>
   </performer>
   <performer>
      <name>Jason William Walton</name>
      <albums/>
      <bands>
         <band id="ART4" active="yes">Agalloch</band>
      </bands>
   </performer>
   <performer>
      <name>John Bray</name>
      <albums/>
      <bands>
         <band id="ART2" active="yes">Alchemist</band>
      </bands>
   </performer>
   <performer>
      <name>John Haughm</name>
      <albums/>
      <bands>
         <band id="ART4" active="yes">Agalloch</band>
      </bands>
   </performer>
   <performer>
      <name>Luk Faz</name>
      <albums/>
      <bands>
         <band id="ART1" active="yes">Virgin Black</band>
      </bands>
   </performer>
   <performer>
      <name>Martin Sixta</name>
      <albums/>
      <bands/>
   </performer>
   <performer>
      <name>Noah Landis</name>
      <albums/>
      <bands>
         <band id="ART3" active="yes">Neurosis</band>
      </bands>
   </performer>
   <performer>
      <name>Rodney Holder</name>
      <albums/>
      <bands>
         <band id="ART2" active="yes">Alchemist</band>
      </bands>
   </performer>
   <performer>
      <name>Rowan London</name>
      <albums/>
      <bands>
         <band id="ART1" active="yes">Virgin Black</band>
      </bands>
   </performer>
   <performer>
      <name>Roy Torkington</name>
      <albums/>
      <bands>
         <band id="ART2" active="yes">Alchemist</band>
      </bands>
   </performer>
   <performer>
      <name>Samantha Escabre</name>
      <albums/>
      <bands>
         <band id="ART1" active="yes">Virgin Black</band>
      </bands>
   </performer>
   <performer>
      <name>Scott Kelly</name>
      <albums/>
      <bands>
         <band id="ART3" active="yes">Neurosis</band>
      </bands>
   </performer>
   <performer>
      <name>Simon McIlroy</name>
      <albums/>
      <bands>
         <band id="ART3" active="no">Neurosis</band>
      </bands>
   </performer>
   <performer>
      <name>Steve Von Till</name>
      <albums/>
      <bands>
         <band id="ART3" active="yes">Neurosis</band>
      </bands>
   </performer>
</performers>