<?xml version="1.0" encoding="UTF-8"?>
<artists xmlns="http://www.tripsis.cz/encyclopedia">
   <artist>
      <name>Virgin Black</name>
      <from>Australia</from>
      <links/>
      <about>Australian Doom/Black band </about>
      <genre>Black Metal</genre>
      <genre>Doom Metal</genre>
      <member>Samantha Escabre</member>
      <member>Grayh</member>
      <member>Luk Faz</member>
      <member>Rowan London</member>
      <albums>
         <album>
            <title>Sombre Romantic</title>
            <year>2001</year>
            <songs>
               <song track="1">Opera de Romanci</song>
               <song track="2">Walk Without Limbs</song>
               <song track="3">Of Your Beauty</song>
               <song track="4">Drink the Midnight Hymn</song>
               <song track="5">Museum of Iscariot</song>
               <song track="6">Lamenting Kiss</song>
               <song track="7">Weep for Me</song>
               <song track="8">I Sleep with the Emperor</song>
               <song track="9">A Poet's Tears of Porcelain</song>
            </songs>
            <member>Samantha Escabre</member>
            <member>Rowan London</member>
            <member>Craig Edis</member>
            <member>Ian Miller</member>
            <member>Dino Cielo</member>
         </album>
         <album>
            <title>Elegant ... And Dying</title>
            <year>2003</year>
            <songs>
               <song track="1">Adorned In Ashes</song>
               <song track="2">Velvet Tongue</song>
               <song track="3">And The Kiss Of God.s Mouth (Part 1)</song>
               <song track="4">And The Kiss Of God.s Mouth (Part 2)</song>
               <song track="5">Renaissance</song>
               <song track="6">The Everlasting</song>
               <song track="7">Cult Of Crucifixion</song>
               <song track="8">Beloved</song>
               <song track="8">Our Wings Are Burning</song>
            </songs>
            <member>Samantha Escabre</member>
            <member>Rowan London</member>
            <member>Craig Edis</member>
            <member>Ian Miller</member>
            <member>Dino Cielo</member>
         </album>
         <album>
            <title>Requiem - Fortissimo</title>
            <year>2008</year>
            <songs>
               <song track="1">The Fragile Breath</song>
               <song track="2">In Winters Ash</song>
               <song track="3">Silent</song>
               <song track="4">God in Dust</song>
               <song track="5">Lacrimosa (Gather Me)</song>
               <song track="6">Darkness</song>
               <song track="7">Forever</song>
            </songs>
            <member>Samantha Escabre</member>
            <member>Grayh</member>
            <member>Luk Faz</member>
            <member>Rowan London</member>
         </album>
      </albums>
   </artist>
   <artist>
      <name>Alchemist</name>
      <from>Australia</from>
      <links>
         <link>http://www.alchemist.com.au/</link>
      </links>
      <about>Absolutely brilliant.  </about>
      <genre>Metal</genre>
      <member>Adam Agius</member>
      <member>Roy Torkington</member>
      <member>John Bray</member>
      <member>Rodney Holder</member>
      <albums>
         <album>
            <title>Spiritech</title>
            <year>1997</year>
            <songs>
               <song track="1">Chinese Whispers</song>
               <song track="2">Road To Ubar</song>
               <song track="3">Staying Consious</song>
               <song track="4">Beyond Genesis</song>
               <song track="5">Spiritechnology</song>
               <song track="6">Inertia</song>
               <song track="7">Hermaphroditis</song>
               <song track="8">Dancing To Life</song>
               <song track="9">Figments</song>
            </songs>
            <member>Adam Agius</member>
            <member>Roy Torkington</member>
            <member>John Bray</member>
            <member>Rodney Holder</member>
         </album>
         <album>
            <title>Organasm</title>
            <year>2000</year>
            <songs>
               <song track="1">Austral Spectrum</song>
               <song track="10">Escape From The Black Hole</song>
               <song track="2">Bio Approach</song>
               <song track="3">Rampant Micro Life</song>
               <song track="4">Warring Tribes (Eventual Demise)</song>
               <song track="5">Single Sided</song>
               <song track="6">Surreality</song>
               <song track="7">New Beginning</song>
               <song track="8">Tide In, Mind Out</song>
               <song track="9">Eclectic</song>
            </songs>
            <member>Adam Agius</member>
            <member>Roy Torkington</member>
            <member>John Bray</member>
            <member>Rodney Holder</member>
         </album>
         <album>
            <title>Austral Alien</title>
            <year>2003</year>
            <songs>
               <song track="1">First Contact</song>
               <song track="10">Speed Of Life</song>
               <song track="11">Letter To The Future</song>
               <song track="2">Great Southern Wasteland</song>
               <song track="3">Solarburn</song>
               <song track="4">Alpha Cappella Nova Vega</song>
               <song track="5">Older Than The Ancients</song>
               <song track="6">Backward Journey</song>
               <song track="7">Nature On A Leash</song>
               <song track="8">Grief Barrier</song>
               <song track="9">Epsilon</song>
            </songs>
            <member>Adam Agius</member>
            <member>Roy Torkington</member>
            <member>John Bray</member>
            <member>Rodney Holder</member>
         </album>
         <album>
            <title>Tripsis</title>
            <year>2003</year>
            <songs>
               <song track="1">Wrapped in Guilt</song>
               <song track="2">Tongues and Knives</song>
               <song track="3">Nothing in No Time</song>
               <song track="4">Anticipation of a High</song>
               <song track="5">Grasp the Air</song>
               <song track="6">CommunicHate</song>
               <song track="7">Substance for Shadow</song>
               <song track="8">God Shaped Hole</song>
               <song track="9">Degenerative Breeding</song>
            </songs>
            <member>Adam Agius</member>
            <member>Roy Torkington</member>
            <member>John Bray</member>
            <member>Rodney Holder</member>
         </album>
      </albums>
   </artist>
   <artist>
      <name>Neurosis</name>
      <from>USA</from>
      <links/>
      <about>Truly unique bands. </about>
      <genre>Atmospheric Hardcore</genre>
      <member>Scott Kelly</member>
      <member>Steve Von Till</member>
      <member>Dave Edwardson</member>
      <member>Noah Landis</member>
      <member>Jason Roeder</member>
      <albums>
         <album>
            <title>Souls At Zero  </title>
            <year>1992</year>
            <songs>
               <song track="1">To Crawl Under One's Skin</song>
               <song track="2">Souls At Zero</song>
               <song track="3">Zero</song>
               <song track="4">Flight</song>
               <song track="5">The Web Sterile Vision</song>
               <song track="6">A Chronology For Surviva</song>
               <song track="7">Stripped</song>
               <song track="8">Takeahnase</song>
               <song track="9">Empty</song>
            </songs>
            <member>Scott Kelly</member>
            <member>Steve Von Till</member>
            <member>Dave Edwardson</member>
            <member>Jason Roeder</member>
            <member>Simon McIlroy</member>
         </album>
         <album>
            <title>Through Silver In Blood  </title>
            <year>1993</year>
            <songs>
               <song track="1">Through silver in blood</song>
               <song track="2">Rehumanize</song>
               <song track="3">Eye</song>
               <song track="4">Purify</song>
               <song track="5">Locust star</song>
               <song track="6">Strength of fates</song>
               <song track="7">Become the ocean</song>
               <song track="8">Aeon</song>
               <song track="9">Enclosure in flame</song>
            </songs>
            <member>Scott Kelly</member>
            <member>Steve Von Till</member>
            <member>Dave Edwardson</member>
            <member>Noah Landis</member>
            <member>Jason Roeder</member>
         </album>
         <album>
            <title>A Sun That Never Sets</title>
            <year>2001</year>
            <songs>
               <song track="1">Erode</song>
               <song track="10">Stones From the Sky</song>
               <song track="2">The Tide</song>
               <song track="3">From the Hill</song>
               <song track="4">A Sun That Never Sets</song>
               <song track="5">Falling Unknow</song>
               <song track="6">From Where Its Roots Run</song>
               <song track="7">Crawl Back In</song>
               <song track="8">Watchfire</song>
               <song track="9">Resound</song>
            </songs>
            <member>Scott Kelly</member>
            <member>Steve Von Till</member>
            <member>Dave Edwardson</member>
            <member>Noah Landis</member>
            <member>Jason Roeder</member>
         </album>
         <album>
            <title>Given To The Rising</title>
            <year>2007</year>
            <songs>
               <song track="1">Given to the Rising</song>
               <song track="10">Origin</song>
               <song track="2">Fear &amp; Sickness  </song>
               <song track="3">To the Wind</song>
               <song track="4">At the End of the Road</song>
               <song track="5">Shadow</song>
               <song track="6">Hidden Faces</song>
               <song track="7">Water Is not Enough</song>
               <song track="8">Distill (Watching the Swarm)</song>
               <song track="9">Nine</song>
            </songs>
            <member>Scott Kelly</member>
            <member>Steve Von Till</member>
            <member>Dave Edwardson</member>
            <member>Noah Landis</member>
            <member>Jason Roeder</member>
         </album>
      </albums>
   </artist>
   <artist>
      <name>Agalloch</name>
      <from>USA</from>
      <links>
         <link>http://www.agalloch.com/</link>
      </links>
      <about>So called Gray Metal from Portland, USA. </about>
      <genre>Black Metal</genre>
      <genre>Doom Metal</genre>
      <member>John Haughm</member>
      <member>Don Anderson</member>
      <member>Jason William Walton</member>
      <member>Aesop Dekker</member>
      <albums>
         <album>
            <title>Pale Folklore  </title>
            <year>1999</year>
            <songs>
               <song track="1">The painted fire across the skyline</song>
               <song track="2">The misshapen steed</song>
               <song track="3">Hallways of enchanted ebony</song>
               <song track="4">Dead winter days</song>
               <song track="5">As embers dress the sky</song>
               <song track="6">The melancholy spirit</song>
            </songs>
            <member>John Haughm</member>
            <member>Don Anderson</member>
            <member>Jason William Walton</member>
            <member>Aesop Dekker</member>
         </album>
         <album>
            <title>The Mantle  </title>
            <year>2002</year>
            <songs>
               <song track="1">A Celebration For The Death Of Man</song>
               <song track="2">In The Shadow Of Our Pale Companion</song>
               <song track="3">Odal</song>
               <song track="4">I Am The Wooden Doors</song>
               <song track="5">The Lodge</song>
               <song track="6">You Were But A Ghost In My Arms</song>
               <song track="7">The Hawthorne Passage</song>
               <song track="8">... And The Great Cold Death Of The Earth</song>
               <song track="9">A Desolation Song</song>
            </songs>
            <member>John Haughm</member>
            <member>Don Anderson</member>
            <member>Jason William Walton</member>
            <member>Aesop Dekker</member>
         </album>
         <album>
            <title>Ashes Against The Grain  </title>
            <year>2006</year>
            <songs>
               <song track="1">Limbs</song>
               <song track="2">Falling Snow</song>
               <song track="3">This White Mountain on Which You Will Die</song>
               <song track="4">Fire Above, Ice Below</song>
               <song track="5">Not Unlike the Waves</song>
               <song track="6">Our Fortress Is Burning ... I</song>
               <song track="7">Our Fortress Is Burning ... II - Bloodbirds</song>
               <song track="8">Our Fortress Is Burning ... III - The Grain</song>
            </songs>
            <member>John Haughm</member>
            <member>Don Anderson</member>
            <member>Jason William Walton</member>
            <member>Aesop Dekker</member>
         </album>
      </albums>
   </artist>
   <artist>
      <name>Green Carnation</name>
      <from>Norway</from>
      <links>
         <link>http://www.greencarnation.no</link>
      </links>
      <about>Green Carnation is a band from Kristiansand, Norway formed in 1990 that has created songs from both the progressive rock and progressive metal genres.d</about>
      <genre>Progressive Metal</genre>
      <genre>Black Metal</genre>
      <member>Tchort</member>
      <albums>
         <album>
            <title>Journey To The End Of The Night  </title>
            <year>1999</year>
            <songs>
               <song track="1">Falling into darkness</song>
               <song track="2">In the realm of the midnight sun</song>
               <song track="3">My dark reflections of life and death</song>
               <song track="4">Under eternal stars</song>
               <song track="5">Journey to the end of night (Part I)</song>
               <song track="6">Echoes of despair (Part II)</song>
               <song track="7">End of journey? (Part III)</song>
               <song track="8">Shattered (Part IV)</song>
            </songs>
            <member>Tchort</member>
            <member>X. Botteri</member>
            <member>Christopher Botteri</member>
            <member>Alf Tore Rasmussen</member>
         </album>
         <album>
            <title>Light Of Day, Day Of Darkness </title>
            <year>2001</year>
            <songs>
               <song track="1">Light of day, day of darkness</song>
            </songs>
            <member>Kjetil Nordhus</member>
            <member>Tchort</member>
            <member>Bjørn Harstad</member>
            <member>Stein Roger Sordal</member>
            <member>Anders Kobro</member>
         </album>
      </albums>
   </artist>
</artists>