<?xml version="1.0" encoding="UTF-8"?>
<directors>
   <director id="Roman_Polanski" favourite_color="Yellow">
      <name sex="male">Roman Polanski</name>
      <birth>
					    <date>August 18, 1933</date> in Paris, France
				</birth>
      <films_inperson>
         <film_inperson idref="The_Ghost_Writer"/>
      </films_inperson>
   </director>
   <director id="Quentin_Tarantino" favourite_color="Blue">
      <name sex="male">Quentin Tarantino</name>
      <birth>
         <date>March 27, 1963</date> in Knoxville, Tennessee, USA</birth>
      <films_inperson>
         <film_inperson idref="Pulp_Fiction"/>
      </films_inperson>
   </director>
</directors>