<?xml version="1.0" encoding="UTF-8"?>
<directors>
   <director>
      <name>Roman Polanski</name>
      <birth>
         <date>August 18, 1933</date>
					  in Paris, France
				</birth>
      <films_inperson>
         <film_inperson/>
      </films_inperson>
   </director>
   <director>
      <name>Quentin Tarantino</name>
      <birth>
         <date>March 27, 1963</date> in Knoxville, Tennessee, USA</birth>
      <films_inperson>
         <film_inperson/>
      </films_inperson>
   </director>
</directors>