<?xml version="1.0" encoding="UTF-8"?>
<Auta aid="b8">
			<SPZ>A7 XML</SPZ>
			<Vyrobce>Ford</Vyrobce>
			<Typ>Focus</Typ>
			<Skupina>
				  <B>do 3,5t</B>
			</Skupina>
			<Barva>Modra</Barva>
			<Stav_km>288000</Stav_km>
			<Vybava class="elegance">
				  <Kola>OZ</Kola>
				  <Motor>
					    <Palivo>Nafta</Palivo>
					    <Objem>1.6</Objem>
				  </Motor>
			</Vybava>
		</Auta>
<Auta aid="c5">
			<SPZ>C3 2CL</SPZ>
			<Vyrobce>Opel</Vyrobce>
			<Typ>Omega</Typ>
			<Skupina>
				  <B>do 3,5t</B>
			</Skupina>
			<Barva>Oranzova</Barva>
			<Stav_km>180000</Stav_km>
			<Vybava class="classic">
				  <Autoradio>Bluepunkt</Autoradio>
				  <Kola>NFSU</Kola>
				  <Motor>
					    <Palivo>Benzin</Palivo>
					    <Objem>2.0</Objem>
				  </Motor>
			</Vybava>
		</Auta>