<?xml version="1.0" encoding="UTF-8"?>
<auta>
   <vypujcka-info>
      <Pujcil Pozice="Prodejce">Lolek</Pujcil>
      <Od>2010-03-15</Od>
      <Do>
			2010-03-19
		</Do>
      <Typ>535</Typ>
      <SPZ>O4 33L</SPZ>
   </vypujcka-info>
   <vypujcka-info>
      <Pujcil>Bolek</Pujcil>
      <Od>2001-02-13</Od>
      <Do>
			2001-03-01
		</Do>
      <Typ>Focus</Typ>
      <SPZ>A7 XML</SPZ>
   </vypujcka-info>
   <vypujcka-info>
      <Pujcil Pozice="Prodejce">Lolek</Pujcil>
      <Od>2010-03-15</Od>
      <Do>
			2010-03-19
		</Do>
      <Typ>Omega</Typ>
      <SPZ>C3 2CL</SPZ>
   </vypujcka-info>
   <vypujcka-info>
      <Pujcil>Bolek</Pujcil>
      <Od>2001-02-13</Od>
      <Do>
			2001-03-01
		</Do>
      <Typ>Omega</Typ>
      <SPZ>C3 2CL</SPZ>
   </vypujcka-info>
</auta>