<html>
   <body>
      <table>
         <tr>
            <th>Typ</th>
            <th>Vyrobce</th>
            <th>SPZ</th>
            <th>Najeto</th>
         </tr>
         <tr>
            <td>360</td>
            <td>Alfa</td>
            <td>H4 XLL</td>
            <td>8000</td>
         </tr>
         <tr>
            <td>535</td>
            <td>BMW</td>
            <td>O4 33L</td>
            <td>8000</td>
         </tr>
         <tr>
            <td>Astra</td>
            <td>Opel</td>
            <td>A3 2LL</td>
            <td>18000</td>
         </tr>
         <tr>
            <td>Focus</td>
            <td>Ford</td>
            <td>A7 XML</td>
            <td>288000</td>
         </tr>
         <tr>
            <td>Mustang</td>
            <td>Shelby</td>
            <td>F7 HTM</td>
            <td>288000</td>
         </tr>
         <tr>
            <td>Omega</td>
            <td>Opel</td>
            <td>C3 2CL</td>
            <td>180000</td>
         </tr>
      </table>
   </body>
</html>