<html>
   <body>
      <table border="1">
         <tr>
            <th>Department</th>
            <th>Manager</th>
            <th>Number of employees</th>
         </tr>
         <tr>
            <td>Production</td>
            <td>John Smith</td>
            <td>3</td>
         </tr>
         <tr>
            <td>Development</td>
            <td></td>
            <td>1</td>
         </tr>
         <tr style="color: red;">
            <td>Engineering</td>
            <td>Arthur Taylor</td>
            <td>1</td>
         </tr>
         <tr style="color: red;">
            <td>Accounting</td>
            <td></td>
            <td>1</td>
         </tr>
         <tr style="color: red;">
            <td>Resources</td>
            <td>Michael Newman</td>
            <td>3</td>
         </tr>
         <tr style="color: red;">
            <td>HR</td>
            <td></td>
            <td>2</td>
         </tr>
         <tr style="color: red;">
            <td>Marketing</td>
            <td>Jane White</td>
            <td>1</td>
         </tr>
      </table>
   </body>
</html>