<?xml version="1.0" encoding="windows-1250" standalone="no"?><dopravce>
	<!--informace o dopravci-->
	<info>
		<!--jmeno firmy-->
		<nazev>StarWays and co.</nazev>
		<!--adresa hlavniho sidla firmy-->
		<sidlo>
			Administrativni budova
			<adresa>
				<ulice>Hollywood Boulevard 8</ulice>
				<mesto>Los Angeles</mesto>
				<psc>90210</psc>
			</adresa>
		</sidlo>
		<ico>26909871</ico>
		<dic>US26909871</dic>
		<!--kontaktni udaje na firmu-->
		<kontakt>
			<email>info@starways.com</email>
			<telefon>555-2368</telefon>
			<!--korespondencni adresa-->
			<adresa>
				<ulice>Vine Street 7</ulice>
				<mesto>Los Angeles</mesto>
				<psc>90210</psc>
			</adresa>
		</kontakt>
	</info>
	
	<!--seznam zamestnancu-->
	<zamestnanci>
		<!--zamestnanec s unikatnim cislem-->
		<zamestnanec>
			<jmeno> Morgan </jmeno>
			<prijmeni> Freeman </prijmeni>
			<rodnecislo> 370701/5127 </rodnecislo>
			<telefon>555-5127</telefon>
			<email>morgan@starways.com</email>
			<bydliste>
				<adresa>
					<ulice>Deadly sins street 7</ulice>
					<mesto>San Francisco</mesto>
					<psc>94109</psc>
				</adresa>
			</bydliste>
			<mzda>
				<hodinova><castka>20000</castka></hodinova>
				<osobniohodnoceni><bonus>500000</bonus><prideleno>ano</prideleno></osobniohodnoceni>
			</mzda>
			<smlouva><cislo>DRKKNGHT971995</cislo></smlouva>
			<nastup>1.6.1995</nastup>
			<pozice> CEO </pozice>
		<id>z100</id></zamestnanec>
		
		<zamestnanec>
			<jmeno> Bruce </jmeno>
			<prijmeni> Willis </prijmeni>
			<rodnecislo> 550319/5216 </rodnecislo>
			<telefon>555-5216</telefon>
			<email>bruce@starways.com</email>
			<bydliste>
				<adresa>
					<ulice>Sixth sence 6</ulice>
					<mesto>San Francisco</mesto>
					<psc>94109</psc>
				</adresa>
			</bydliste>
			<mzda>
				<hodinova><castka>500</castka></hodinova>
				<osobniohodnoceni><prideleno>ne</prideleno></osobniohodnoceni>
			</mzda>
			<smlouva><cislo>DIEHRD891988</cislo></smlouva>
			<nastup>1.2.1980</nastup>
			<pozice> driver </pozice>
			<ukonceni> 1.2.2000 </ukonceni>
		<id>z101</id></zamestnanec>
		
		<zamestnanec>
			<jmeno> Julia </jmeno>
			<prijmeni> Roberts </prijmeni>
			<rodnecislo> 676028/5372 </rodnecislo>
			<telefon>555-5372</telefon>
			<email>julia@starways.com</email>
			<bydliste>
				<adresa>
					<ulice>Notting hill 2</ulice>
					<mesto>London</mesto>
					<psc>93219</psc>
				</adresa>
			</bydliste>
			<mzda>
				<hodinova><castka>500</castka></hodinova>
				<osobniohodnoceni><bonus>4000</bonus><prideleno>ano</prideleno></osobniohodnoceni>
			</mzda>
			<smlouva><cislo>PRTTYWMN501990</cislo></smlouva>
			<nastup>1.9.2000</nastup>
			<pozice> driver </pozice>
		<id>z102</id></zamestnanec>
	</zamestnanci>
	
	<!--seznam vozidel-->
	<autopark>
		<vozidlo>
			<!--jmeno firmy ktera vyrobila auto-->
			<vyrobce>Praga</vyrobce>
			<model>V3S</model>
			<!--datum porizeni-->
			<porizeni>1.6.1975</porizeni>
			<!--poznavaci znacka vozidla-->
			<spz><cislo>MA-SH-4077</cislo></spz>
			<!--ridic prideleny k vozidlu-->
			<ridic><id>z101</id></ridic>
		</vozidlo>
		<vozidlo>
			<!--jmeno firmy ktera vyrobila auto-->
			<vyrobce>Knight Industries</vyrobce>
			<model>Pontiac Firebird</model>
			<!--datum porizeni-->
			<porizeni>1.11.1999</porizeni>
			<!--poznavaci znacka vozidla-->
			<spz><cislo>KI-TT-2000</cislo></spz>
			<!--ridic prideleny k vozidlu-->
			<ridic><id>z102</id></ridic>
		</vozidlo>	
	</autopark>
	<poznamka>
		Today date is <?php echo Date("d.m.Y")?>. Have a nice day.
			<![CDATA[
  			for (i=0; i < 2; $++)
  				{
    			document.writeln("<p>Radek vlozeny pomoci sekce CDATA</p>");
  				}
			]]>
	</poznamka>
<stav>release</stav></dopravce>