<html>
   <head>
      <meta http-equiv="Content-Type" content="text/html; charset=UTF-8">
      <title>Jakub Stasta - XML</title>
   </head>
   <body>
      <table>
         <tr>
            <th> Object name</th>
            <th>Number of polygons</th>
            <th> Number of points</th>
         </tr>
         <tr>
            <td>mesh01</td>
            <td>10</td>
            <td>5</td>
         </tr>
         <tr>
            <td>Odd Looking Thing</td>
            <td>11</td>
            <td>5</td>
         </tr>
         <tr>
            <td>No triangle</td>
            <td>2</td>
            <td>0</td>
         </tr>
         <tr>
            <td>One triangle</td>
            <td>3</td>
            <td>2</td>
         </tr>
         <tr>
            <td>Nothing</td>
            <td>0</td>
            <td>0</td>
         </tr>
      </table>
   </body>
</html>