<?xml version="1.0" encoding="UTF-8" standalone="no"?><?xml-stylesheet type="text/xml" href="data.xsl"?>
<playoff xmlns:xsi="http://www.w3.org/2001/XMLSchema-instance" xsi:noNamespaceSchemaLocation="data.xsd">
	<teams>
		<team id="wc">
			<city>Washington</city>
			<name>Capitals</name>
		</team>
		<team id="mc">
			<city>Montreal</city>
			<name>Canadiens</name>
		</team>
		<team id="njd">
			<city>New Jersey</city>
			<name>Devils</name>
		</team>
		<team id="pf">
			<city>Philadelphia</city>
			<name>Flyers</name>
		</team>
		<team id="bs">
			<city>Buffalo</city>
			<name>Sabres</name>
		</team>
		<team id="bb">
			<city>Boston</city>
			<name>Bruins</name>
		</team>
		<team id="pp">
			<city>Pittsburgh</city>
			<name>Penguins</name>
		</team>
		<team id="os">
			<city>Ottawa</city>
			<name>Senators</name>
		</team>
		<team id="sjs">
			<city>San Jose</city>
			<name>Sharks</name>
		</team>
		<team id="ca">
			<city>Colorado</city>
			<name>Avalanche</name>
		</team>
		<team id="cb">
			<city>Chicago</city>
			<name>Blackhawks</name>
		</team>
		<team id="np">
			<city>Nashville</city>
			<name>Predators</name>
		</team>
		<team id="vc">
			<city>Vancouver</city>
			<name>Canucks</name>
		</team>
		<team id="lak">
			<city>Los Angeles</city>
			<name>Kings</name>
		</team>
		<team id="pc">
			<city>Phoenix</city>
			<name>Coyotes</name>
		</team>
		<team id="drw">
			<city>Detroit</city>
			<name>Red Wings</name>
		</team>
	</teams>
	<!--********************************************************************************************
		************************                 ?tvrtfin?le               *********************************
		********************************************************************************************-->
	<quarter-finals>
		<series id="_01"><winner_advances_to value="_05"/>
			<seed id="pp"/>
			<seed id="mc"/>
			<round><home_team value="pp"/>
				<goal><side value="pp"/><time value="12:33"/></goal>
				<goal><side value="pp"/><time value="14:21"/></goal>
				<goal><side value="mc"/><time value="33:57"/></goal>
				<penalty><minutes value="5"/><player value="Jamie Langenbrunner"/><time value="34:32"/><type value="roughing"/></penalty>
				<goal><side value="mc"/><time value="45:00"/></goal>
				<penalty><minutes value="2"/><player value="Glen Beck"/><time value="46:25"/><type value="inteference"/></penalty>
				<penalty><minutes value="2"/><player value="William McLancaster"/><time value="52:04"/><type value="slashing"/></penalty>
				<goal><side value="mc"/><time value="58:02"/></goal>
				<result>
					<home>2</home>
					<away>3</away>
					<end><type value="full_time"/></end>
				</result>
				<winner id="mc"/>
			</round>
			<round><home_team value="pp"/>
				<goal><side value="pp"/><time value="17:18"/></goal>
				<goal><side value="pp"/><time value="44:21"/></goal>
				<penalty><minutes value="5"/><player value="Jamie Langenbrunner"/><time value="59:58"/><type value="roughing"/></penalty>
				<penalty><minutes value="5"/><player value="Kevin Lough"/><time value="59:58"/><type value="roughing"/></penalty>
				<penalty><minutes value="5"/><player value="Marc Modalo"/><time value="59:58"/><type value="roughing"/></penalty>
				<penalty><minutes value="5"/><player value="Evgeniy Stoichkof"/><time value="59:58"/><type value="roughing"/></penalty>
				<result>
					<home>2</home>
					<away>0</away>
					<end><type value="full_time"/></end>
				</result>
				<winner id="mc"/>
			</round>
			<round><home_team value="mc"/>
				<goal><side value="pp"/><time value="12:33"/></goal>
				<goal><side value="pp"/><time value="14:21"/></goal>
				<penalty><minutes value="2"/><player value="Hugo Mortensen"/><time value="24:57"/><type value="high-sticking"/></penalty>
				<goal><side value="mc"/><time value="33:57"/></goal>
				<goal><side value="mc"/><time value="45:00"/></goal>
				<goal><side value="pp"/><time value="69:02"/></goal>
				<result>
					<home>2</home>
					<away>3</away>
					<end><type value="over_time"/></end>
				</result>
				<winner id="mc"/>
			</round>
			<round><home_team value="mc"/>
				<goal><side value="pp"/><time value="12:33"/></goal>
				<goal><side value="pp"/><time value="14:21"/></goal>
				<goal><side value="mc"/><time value="33:57"/></goal>
				<goal><side value="mc"/><time value="45:00"/></goal>
				<penalty><minutes value="2"/><player value="Hugo Mortensen"/><time value="48:21"/><type value="high-sticking"/></penalty>
				<goal><side value="pp"/><time value="58:02"/></goal>
				<result>
					<home>2</home>
					<away>3</away>
					<end><type value="full_time"/></end>
				</result>
				<winner id="mc"/>
			</round>
			<winner id="mc"/>
		</series>
		<series id="_02"><winner_advances_to value="_05"/>
			<seed id="bb"/>
			<seed id="pf"/>
			<round><home_team value="bb"/>
				<goal><side value="bb"/><time value="12:45"/></goal>
				<penalty><minutes value="2"/><player value="Joe Moe"/><time value="23:12"/><type value="slashing"/></penalty>
				<goal><side value="pf"/><time value="55:02"/></goal>
				<goal><side value="pf"/><time value="55:48"/></goal>
				<goal><side value="pf"/><time value="58:58"/></goal>
				<result>
					<home>2</home>
					<away>3</away>
					<end><type value="full_time"/></end>
				</result>
				<winner id="pf"/>
			</round>
			<round><home_team value="bb"/>
				<goal><side value="bb"/><time value="15:45"/></goal>
				<goal><side value="pf"/><time value="25:52"/></goal>
				<goal><side value="pf"/><time value="35:18"/></goal>
				<penalty><minutes value="2"/><player value="Jean Rousseau"/><time value="43:12"/><type value="hooking"/></penalty>
				<penalty><minutes value="4"/><player value="Mike Tofu"/><time value="55:52"/><type value="roughing"/></penalty>
				<result>
					<home>1</home>
					<away>2</away>
					<end><type value="full_time"/></end>
				</result>
				<winner id="pf"/>
			</round>
			<round><home_team value="pf"/>
				<goal><side value="pf"/><time value="1:02"/></goal>
				<result>
					<home>1</home>
					<away>0</away>
					<end><type value="full_time"/></end>
				</result>
				<winner id="pf"/>
			</round>
			<winner id="bb"/>
		</series>
		<series id="_03"><winner_advances_to value="_06"/>
			<seed id="sjs"/>
			<seed id="drw"/>
			<round><home_team value="sjs"/>
				<goal><side value="sjs"/><time value="59:59"/></goal>
				<result>
					<home>1</home>
					<away>0</away>
					<end><type value="full_time"/></end>
				</result>
				<winner id="sjs"/>
			</round>
			<round><home_team value="sjs"/>
				<goal><side value="sjs"/><time value="12:12"/></goal>
				<goal><side value="sjs"/><time value="12:25"/></goal>
				<goal><side value="drw"/><time value="13:57"/></goal>
				<goal><side value="sjs"/><time value="14:29"/></goal>
				<goal><side value="sjs"/><time value="16:17"/></goal>
				<penalty><minutes value="2"/><player value="Marc Messier"/><time value="17:23"/><type value="holding"/></penalty>
				<goal><side value="drw"/><time value="18:25"/></goal>
				<goal><side value="drw"/><time value="19:57"/></goal>
				<penalty><minutes value="4"/><player value="Joe Rouclean"/><time value="23:12"/><type value="roughing"/></penalty>
				<goal><side value="sjs"/><time value="23:29"/></goal>
				<goal><side value="sjs"/><time value="26:17"/></goal>
				<goal><side value="sjs"/><time value="43:34"/></goal>
				<goal><side value="drw"/><time value="46:59"/></goal>
				<result>
					<home>7</home>
					<away>4</away>
					<end><type value="full_time"/></end>
				</result>
				<winner id="sjs"/>
			</round>
			<round><home_team value="drw"/>
				<goal><side value="drw"/><time value="33:21"/></goal>
				<goal><side value="drw"/><time value="45:22"/></goal>
				<goal><side value="drw"/><time value="55:23"/></goal>
				<goal><side value="drw"/><time value="59:24"/></goal>
				<result>
					<home>4</home>
					<away>0</away>
					<end><type value="full_time"/></end>
				</result>
				<winner id="drw"/>
			</round>
			<round><home_team value="drw"/>
				<goal><side value="sjs"/><time value="24:45"/></goal>
				<goal><side value="drw"/><time value="27:45"/></goal>
				<goal><side value="drw"/><time value="70:00"/></goal>
				<result>
					<home>2</home>
					<away>1</away>
					<end><type value="shootout"/></end>
				</result>
				<winner id="drw"/>
			</round>
			<round><home_team value="sjs"/>
				<goal><side value="sjs"/><time value="24:45"/></goal>
				<goal><side value="drw"/><time value="44:45"/></goal>
				<goal><side value="drw"/><time value="55:45"/></goal>
				<goal><side value="sjs"/><time value="58:45"/></goal>
				<goal><side value="sjs"/><time value="63:45"/></goal>
				<result>
					<home>3</home>
					<away>2</away>
					<end><type value="over_time"/></end>
				</result>
				<winner id="sjs"/>
			</round>
			<winner id="sjs"/>
		</series>
		<series id="_04"><winner_advances_to value="_06"/>
			<seed id="cb"/>
			<seed id="vc"/>
			<round><home_team value="cb"/>
				<goal><side value="cb"/><time value="11:11"/></goal>
				<goal><side value="cb"/><time value="52:01"/></goal>
				<result>
					<home>2</home>
					<away>0</away>
					<end><type value="full_time"/></end>
				</result>
				<winner id="cb"/>
			</round>
			<round><home_team value="cb"/>
				<goal><side value="vc"/><time value="39:59"/></goal>
				<result>
					<home>0</home>
					<away>1</away>
					<end><type value="full_time"/></end>
				</result>
				<winner id="vc"/>
			</round>
			<round><home_team value="vc"/>
				<goal><side value="cb"/><time value="23:23"/></goal>
				<goal><side value="cb"/><time value="25:23"/></goal>
				<goal><side value="cb"/><time value="26:23"/></goal>
				<goal><side value="vc"/><time value="46:23"/></goal>
				<result>
					<home>1</home>
					<away>3</away>
					<end><type value="full_time"/></end>
				</result>
				<winner id="cb"/>
			</round>
			<round><home_team value="vc"/>
				<goal><side value="cb"/><time value="11:52"/></goal>
				<goal><side value="cb"/><time value="24:55"/></goal>
				<goal><side value="vc"/><time value="31:00"/></goal>
				<goal><side value="vc"/><time value="35:20"/></goal>
				<goal><side value="cb"/><time value="44:29"/></goal>
				<goal><side value="cb"/><time value="59:01"/></goal>
				<goal><side value="cb"/><time value="59:50"/></goal>
				<result>
					<home>2</home>
					<away>5</away>
					<end><type value="full_time"/></end>
				</result>
				<winner id="cb"/>
			</round>
			<winner id="cb"/>
		</series>
	</quarter-finals>
	<!--********************************************************************************************
		************************                 semifin?le                 *********************************
		********************************************************************************************-->
	<semi-finals>
		<series id="_05"><winner_advances_to value="_07"/>
			<seed id="pf"/>
			<seed id="mc"/>
			<round><home_team value="pf"/>
				<goal><side value="pf"/><time value="2:23"/></goal>
				<goal><side value="pf"/><time value="4:09"/></goal>
				<goal><side value="mc"/><time value="49:00"/></goal>
				<penalty><minutes value="2"/><player value="Simon Gagne"/><time value="24:37"/><type value="slashing"/></penalty>
				<result>
					<home>2</home>
					<away>1</away>
					<end><type value="full_time"/></end>
				</result>
				<winner id="pf"/>
			</round>
			<round><home_team value="pf"/>
				<goal><side value="pf"/><time value="6:23"/></goal>
				<goal><side value="pf"/><time value="54:09"/></goal>
				<goal><side value="pf"/><time value="59:00"/></goal>
				<penalty><minutes value="2"/><player value="Mike Richards"/><time value="49:47"/><type value="holding"/></penalty>
				<result>
					<home>3</home>
					<away>0</away>
					<end><type value="full_time"/></end>
				</result>
				<winner id="pf"/>
			</round>
			<round><home_team value="mc"/>
				<goal><side value="pf"/><time value="43:23"/></goal>
				<goal><side value="pf"/><time value="45:09"/></goal>
				<goal><side value="mc"/><time value="49:00"/></goal>
				<goal><side value="mc"/><time value="59:50"/></goal>
				<goal><side value="pf"/><time value="64:20"/></goal>
				<penalty><minutes value="2"/><player value="Simon Gagne"/><time value="24:37"/><type value="slashing"/></penalty>
				<penalty><minutes value="4"/><player value="Glen Michaels"/><time value="5:09"/><type value="inteference"/></penalty>
				<result>
					<home>2</home>
					<away>1</away>
					<end><type value="over_time"/></end>
				</result>
				<winner id="pf"/>
			</round>
			<winner id="pf"/>
		</series>
		<series id="_06"><winner_advances_to value="_07"/>
			<seed id="sjs"/>
			<seed id="cb"/>
			<round><home_team value="sjs"/>
				<goal><side value="cb"/><time value="34:55"/></goal>
				<goal><side value="cb"/><time value="43:22"/></goal>
				<goal><side value="cb"/><time value="45:21"/></goal>
				<goal><side value="sjs"/><time value="57:09"/></goal>
				<result>
					<home>1</home>
					<away>3</away>
					<end><type value="full_time"/></end>
				</result>
				<winner id="cb"/>
			</round>
			<round><home_team value="sjs"/>
				<goal><side value="cb"/><time value="34:55"/></goal>
				<goal><side value="cb"/><time value="43:22"/></goal>
				<goal><side value="sjs"/><time value="57:09"/></goal>
				<result>
					<home>1</home>
					<away>2</away>
					<end><type value="full_time"/></end>
				</result>
				<winner id="cb"/>
			</round>
			<round><home_team value="cb"/>
				<goal><side value="cb"/><time value="6:55"/></goal>
				<goal><side value="cb"/><time value="12:22"/></goal>
				<goal><side value="cb"/><time value="59:21"/></goal>
				<result>
					<home>0</home>
					<away>3</away>
					<end><type value="full_time"/></end>
				</result>
				<winner id="cb"/>
			</round>
			<winner id="cb"/>
		</series>
	</semi-finals>
	<!--********************************************************************************************
		************************                 fin?le                    *********************************
		********************************************************************************************-->
	<final>
		<series id="_07">
			<seed id="cb"/>
			<seed id="pf"/>
			<round><home_team value="cb"/>
				<goal><side value="cb"/><time value="14:51"/></goal>
				<goal><side value="cb"/><time value="24:33"/></goal>
				<goal><side value="pf"/><time value="44:26"/></goal>
				<goal><side value="pf"/><time value="59:49"/></goal>
				<goal><side value="pf"/><time value="64:52"/></goal>
				<result>
					<home>2</home>
					<away>3</away>
					<end><type value="over_time"/></end>
				</result>
				<winner id="pf"/>
			</round>
			<round><home_team value="cb"/>
				<goal><side value="cb"/><time value="14:51"/></goal>
				<goal><side value="cb"/><time value="24:33"/></goal>
				<goal><side value="pf"/><time value="34:52"/></goal>
				<goal><side value="pf"/><time value="44:26"/></goal>
				<goal><side value="cb"/><time value="64:41"/></goal>
				<result>
					<home>3</home>
					<away>2</away>
					<end><type value="over_time"/></end>
				</result>
				<winner id="cb"/>
			</round>
			<round><home_team value="pf"/>
				<goal><side value="cb"/><time value="14:51"/></goal>
				<goal><side value="cb"/><time value="34:52"/></goal>
				<goal><side value="pf"/><time value="44:26"/></goal>
				<result>
					<home>1</home>
					<away>2</away>
					<end><type value="full_time"/></end>
				</result>
				<winner id="cb"/>
			</round>
			<round><home_team value="pf"/>
				<goal><side value="cb"/><time value="13:51"/></goal>
				<goal><side value="cb"/><time value="14:52"/></goal>
				<goal><side value="pf"/><time value="54:26"/></goal>
				<result>
					<home>1</home>
					<away>2</away>
					<end><type value="full_time"/></end>
				</result>
				<winner id="cb"/>
			</round>
			<winner id="cb"/>
		</series>
	</final>
	<info><![CDATA[
	Please feel free to send any questions to faq<at>nhl<dot>com.
]]></info>
	<info><area value="animals"/>
		No animals were hurt during this playoff.
	</info>

</playoff>