<?xml version="1.0" encoding="UTF-8"?>
<adresar>
   <podelementov>1</podelementov>
   <podelementy>
      <osoby>
         <podelementov>10</podelementov>
         <podelementy>
            <osoba>
               <podelementov>6</podelementov>
               <podelementy>
                  <meno/>
                  <priezvisko/>
                  <vek/>
                  <adresa>
                     <podelementov>5</podelementov>
                     <podelementy>
                        <ulica/>
                        <poschodie/>
                        <psc/>
                        <mesto/>
                        <stat/>
                     </podelementy>
                  </adresa>
                  <kontakty>
                     <podelementov>4</podelementov>
                     <podelementy>
                        <telefon/>
                        <mail/>
                        <mail/>
                        <icq/>
                     </podelementy>
                  </kontakty>
                  <poznamky>
                     <podelementov>2</podelementov>
                     <podelementy>
                        <poznamka/>
                        <poznamka/>
                     </podelementy>
                  </poznamky>
               </podelementy>
            </osoba>
            <osoba>
               <podelementov>6</podelementov>
               <podelementy>
                  <meno/>
                  <priezvisko/>
                  <vek/>
                  <prezyvka/>
                  <adresa>
                     <podelementov>5</podelementov>
                     <podelementy>
                        <ulica/>
                        <poschodie/>
                        <psc/>
                        <mesto/>
                        <stat/>
                     </podelementy>
                  </adresa>
                  <kontakty>
                     <podelementov>4</podelementov>
                     <podelementy>
                        <telefon/>
                        <fax/>
                        <mail/>
                        <icq/>
                     </podelementy>
                  </kontakty>
               </podelementy>
            </osoba>
            <osoba>
               <podelementov>6</podelementov>
               <podelementy>
                  <meno/>
                  <priezvisko/>
                  <vek/>
                  <prezyvka/>
                  <adresa>
                     <podelementov>5</podelementov>
                     <podelementy>
                        <ulica/>
                        <poschodie/>
                        <psc/>
                        <mesto/>
                        <stat/>
                     </podelementy>
                  </adresa>
                  <kontakty>
                     <podelementov>5</podelementov>
                     <podelementy>
                        <telefon/>
                        <mail/>
                        <icq/>
                        <skype/>
                        <msn/>
                     </podelementy>
                  </kontakty>
               </podelementy>
            </osoba>
            <osoba>
               <podelementov>6</podelementov>
               <podelementy>
                  <meno/>
                  <priezvisko/>
                  <vek/>
                  <prezyvka/>
                  <adresa>
                     <podelementov>5</podelementov>
                     <podelementy>
                        <ulica/>
                        <poschodie/>
                        <psc/>
                        <mesto/>
                        <stat/>
                     </podelementy>
                  </adresa>
                  <kontakty>
                     <podelementov>4</podelementov>
                     <podelementy>
                        <telefon/>
                        <mobil/>
                        <mail/>
                        <icq/>
                     </podelementy>
                  </kontakty>
               </podelementy>
            </osoba>
            <osoba>
               <podelementov>6</podelementov>
               <podelementy>
                  <meno/>
                  <priezvisko/>
                  <vek/>
                  <prezyvka/>
                  <adresa>
                     <podelementov>5</podelementov>
                     <podelementy>
                        <ulica/>
                        <poschodie/>
                        <psc/>
                        <mesto/>
                        <stat/>
                     </podelementy>
                  </adresa>
                  <kontakty>
                     <podelementov>3</podelementov>
                     <podelementy>
                        <telefon/>
                        <mail/>
                        <skype/>
                     </podelementy>
                  </kontakty>
               </podelementy>
            </osoba>
            <osoba>
               <podelementov>6</podelementov>
               <podelementy>
                  <meno/>
                  <priezvisko/>
                  <vek/>
                  <prezyvka/>
                  <adresa>
                     <podelementov>4</podelementov>
                     <podelementy>
                        <ulica/>
                        <psc/>
                        <mesto/>
                        <stat/>
                     </podelementy>
                  </adresa>
                  <kontakty>
                     <podelementov>3</podelementov>
                     <podelementy>
                        <telefon/>
                        <mail/>
                        <icq/>
                     </podelementy>
                  </kontakty>
               </podelementy>
            </osoba>
            <osoba>
               <podelementov>6</podelementov>
               <podelementy>
                  <meno/>
                  <priezvisko/>
                  <vek/>
                  <prezyvka/>
                  <adresa>
                     <podelementov>5</podelementov>
                     <podelementy>
                        <ulica/>
                        <poschodie/>
                        <psc/>
                        <mesto/>
                        <stat/>
                     </podelementy>
                  </adresa>
                  <kontakty>
                     <podelementov>1</podelementov>
                     <podelementy>
                        <mail/>
                     </podelementy>
                  </kontakty>
               </podelementy>
            </osoba>
            <osoba>
               <podelementov>6</podelementov>
               <podelementy>
                  <meno/>
                  <priezvisko/>
                  <vek/>
                  <prezyvka/>
                  <adresa>
                     <podelementov>5</podelementov>
                     <podelementy>
                        <ulica/>
                        <poschodie/>
                        <psc/>
                        <mesto/>
                        <stat/>
                     </podelementy>
                  </adresa>
                  <kontakty>
                     <podelementov>3</podelementov>
                     <podelementy>
                        <telefon/>
                        <mail/>
                        <icq/>
                     </podelementy>
                  </kontakty>
               </podelementy>
            </osoba>
            <osoba>
               <podelementov>5</podelementov>
               <podelementy>
                  <meno/>
                  <priezvisko/>
                  <vek/>
                  <adresa>
                     <podelementov>5</podelementov>
                     <podelementy>
                        <ulica/>
                        <poschodie/>
                        <psc/>
                        <mesto/>
                        <stat/>
                     </podelementy>
                  </adresa>
                  <kontakty>
                     <podelementov>2</podelementov>
                     <podelementy>
                        <telefon/>
                        <mail/>
                     </podelementy>
                  </kontakty>
               </podelementy>
            </osoba>
            <osoba>
               <podelementov>5</podelementov>
               <podelementy>
                  <meno/>
                  <priezvisko/>
                  <vek/>
                  <adresa>
                     <podelementov>4</podelementov>
                     <podelementy>
                        <ulica/>
                        <psc/>
                        <mesto/>
                        <stat/>
                     </podelementy>
                  </adresa>
                  <kontakty>
                     <podelementov>4</podelementov>
                     <podelementy>
                        <fax/>
                        <mobil/>
                        <mail/>
                        <icq/>
                     </podelementy>
                  </kontakty>
               </podelementy>
            </osoba>
         </podelementy>
      </osoby>
   </podelementy>
</adresar>