<?xml version="1.0" encoding="UTF-8"?>
<skupiny>
   <skupina>
      <nazov>Rodina</nazov>
      <osoba>
         <meno>
            <prvemeno>Ondrej</prvemeno>
            <priezvisko>Záhumenský</priezvisko>
            <telefon>555-329-471</telefon>
         </meno>
      </osoba>
      <osoba>
         <meno>
            <prvemeno>Katarína</prvemeno>
            <priezvisko>Záhumenská</priezvisko>
            <telefon>555-243-189</telefon>
         </meno>
      </osoba>
      <osoba>
         <meno>
            <prvemeno>Barbara</prvemeno>
            <priezvisko>Záhumenská</priezvisko>
            <telefon>555-243-190</telefon>
         </meno>
      </osoba>
   </skupina>
   <skupina>
      <nazov>Spolubyvajuci</nazov>
      <osoba>
         <meno>
            <prvemeno>Michal</prvemeno>
            <priezvisko>Mižišin</priezvisko>mizisin@gmail.com</meno>
      </osoba>
      <osoba>
         <meno>
            <prvemeno>Matej</prvemeno>
            <priezvisko>Ferenc</priezvisko>
            <telefon>555-229-242</telefon>
         </meno>
      </osoba>
      <osoba>
         <meno>
            <prvemeno>Lenka</prvemeno>
            <priezvisko>Lukšíková</priezvisko>
            <telefon>555-222-111</telefon>
         </meno>
      </osoba>
   </skupina>
   <skupina>
      <nazov>Kosice</nazov>
      <osoba>
         <meno>
            <prvemeno>Tomáš</prvemeno>
            <priezvisko>Matta</priezvisko>
            <mobil>107-323-689</mobil>
         </meno>
      </osoba>
      <osoba>
         <meno>
            <prvemeno>Pavol</prvemeno>
            <priezvisko>Regula</priezvisko>
            <telefon>555-244-621</telefon>
         </meno>
      </osoba>
      <osoba>
         <meno>
            <prvemeno>Martina</prvemeno>
            <priezvisko>Janitorová</priezvisko>
            <telefon>555-666-777</telefon>
         </meno>
      </osoba>
   </skupina>
   <skupina>
      <nazov>Spoluziaci</nazov>
      <osoba>
         <meno>
            <prvemeno>Lukáš</prvemeno>
            <priezvisko>Tomasy</priezvisko>
            <mobil>222-369-143</mobil>
         </meno>
      </osoba>
      <osoba>
         <meno>
            <prvemeno>Michal</prvemeno>
            <priezvisko>Mižišin</priezvisko>mizisin@gmail.com</meno>
      </osoba>
      <osoba>
         <meno>
            <prvemeno>Matej</prvemeno>
            <priezvisko>Ferenc</priezvisko>
            <telefon>555-229-242</telefon>
         </meno>
      </osoba>
   </skupina>
</skupiny>