<html>
   <body>
      <p>
         <h2>Haniska</h2>
         <ul>
            <li>Janitorová, Martina</li>
         </ul>
      </p>
      <p>
         <h2>Košice</h2>
         <ul>
            <li>Matta, Tomáš</li>
            <li>Regula, Pavol</li>
            <li>Záhumenská, Katarína</li>
            <li>Záhumenská, Barbara</li>
            <li>Záhumenský, Ondrej</li>
         </ul>
      </p>
      <p>
         <h2>Praha</h2>
         <ul>
            <li>Ferenc, Matej</li>
            <li>Lukšíková, Lenka</li>
            <li>Mižišin, Michal</li>
         </ul>
      </p>
      <p>
         <h2>Rymaně</h2>
         <ul>
            <li>Tomasy, Lukáš</li>
         </ul>
      </p>
   </body>
</html>