<?xml version="1.0" encoding="UTF-8" standalone="no"?><stanice xmlns:xsi="http://www.w3.org/2001/XMLSchema-instance" xsi:noNamespaceSchemaLocation="data.xsd">

	<logo><![CDATA[
		{<S1>}
		[<S1>]
		???????
		 ?????
		   ???
		    ?
		]]></logo>
	<k_datu>
		<?php echo date("m.d.y")?>
	</k_datu>
	<nazev>Stanice1</nazev>
	<!--Seznam zamestnanc? a informac? o nich, v p??pad?, ?e bude pro dal?? ??ely zamestnanc? nedostatek, budou dal?? p?id?ni-->
	<zamestnanci>
		<zamestnanec fotka_stav="aktu?ln?" fotka_zdroj="nezad???na" spolehlivost="3" zid="zid_1">
			<jmeno>Karl</jmeno>
			<prijmeni>Proch?zka
			</prijmeni>
			<prezdivka>Karlos</prezdivka>
			<pohlavi>mu?</pohlavi>
			<telefon>328349909</telefon>
			<email>karlos@hotmail.com</email>
			<adresa>
				<stat>?R</stat>
				<mesto>Praha</mesto>
				<ulice>V podhrad? 12</ulice>
			</adresa>
			<oblibena_hudba>rock</oblibena_hudba>
			<plat typ="hrub?">20000K?</plat>
			
		</zamestnanec>
		<zamestnanec fotka_stav="nezad???n" fotka_zdroj="nezad???na" spolehlivost="2" zid="zid_2">
			<jmeno>Petra</jmeno>
			<prijmeni>Zrubalov?
			</prijmeni>
			<prezdivka>Kojot</prezdivka>
			<pohlavi>?ena</pohlavi>
			<telefon>308333926</telefon>
			<telefon>209384762</telefon>
			<email>kojot@seznam.cz</email>
			<email>kojot@gmail.com</email>
			<adresa>
				<mesto>Praha</mesto>
				<ulice>V p??kopech 7</ulice>
			</adresa>
			<oblibena_hudba>country</oblibena_hudba>
			<plat>22000</plat>  			
		</zamestnanec>
		<zamestnanec fotka_stav="nezad???n" fotka_zdroj="nezad???na" spolehlivost="3" zid="zid_3">
			<jmeno>Milan</jmeno>
			<prijmeni>Zubat?
			</prijmeni>
			<pohlavi>mu?</pohlavi>
			<telefon>306864926</telefon>
			<telefon>888884762</telefon>
			<adresa>
				<stat>?R</stat>
				<ulice>V H?ji 16</ulice>
				<mesto>Praha</mesto>
			</adresa>
			<oblibena_hudba>trance</oblibena_hudba>
			<plat>25000</plat>
			
		</zamestnanec>
		<zamestnanec fotka_stav="zastaral?" fotka_zdroj="kostra.jpg" spolehlivost="1" zid="zid_4">
			<jmeno>Irena</jmeno>
			<prijmeni>Kostrahov?
			</prijmeni>
			<prezdivka>K</prezdivka>
			<pohlavi>?ena</pohlavi>
			<telefon>369887652</telefon>
			<adresa>
				<mesto>Praha</mesto>
				<stat>?R</stat>
				<ulice>Kuchy?ka 5</ulice>
			</adresa>
			<oblibena_hudba>rock</oblibena_hudba>
			<plat>23000</plat>
			
		</zamestnanec>
	</zamestnanci>
	<!--program vys?l?n?, spot ur?uje po?ad, d?le je pops?no ve spotu (formou seznamu), v jak?ch dnech a ?asech je vys?l?n-->
	<!--ka?d? vys?lac? ?as se odkazuje na zamestnance, kter? v dan? den a ?as spot moderuje-->
	<!--stanice nevys?l? neust?le, pro dal?? pot?eby budou p??padn? dod?ny dal?? spoty-->
	<program>
		<spot sid="sid_1">
			<nazev_spotu>Ran? ??lek k?vy</nazev_spotu>
			<zanr>country</zanr>
			<vysilani moderatorzid="zid_1">
				<den>pond?l?</den>
				<od>06:00:00</od>
				<do>08:00:00</do>
			</vysilani>
			<vysilani moderatorzid="zid_2">
				<den>?ter?</den>
				<od>06:00:00</od>
				<do>08:00:00</do>
			</vysilani>
			<vysilani moderatorzid="zid_2">
				<den>st?eda</den>
				<od>06:00:00</od>
				<do>08:00:00</do>
			</vysilani>
			<vysilani moderatorzid="zid_1">
				<den>?tvrtek</den>
				<od>06:00:00</od>
				<do>08:00:00</do>
			</vysilani>
			<vysilani moderatorzid="zid_2">
				<den>p?tek</den>
				<od>06:00:00</od>
				<do>08:00:00</do>
			</vysilani>
		</spot>
		<spot sid="sid_2">
			<nazev_spotu>V?kendov? rockov? n??ez</nazev_spotu>
			<zanr>rock</zanr>
			<vysilani moderatorzid="zid_1">
				<den>sobota</den>
				<od>16:00:00</od>
				<do>19:00:00</do>
			</vysilani>
			<vysilani moderatorzid="zid_1">
				<den>ned?le</den>
				<od>16:00:00</od>
				<do>19:00:00</do>
			</vysilani>
		</spot>
		<spot sid="sid_3">
			<nazev_spotu>Nep??telsk? duo</nazev_spotu>
			<zanr>nezn?m?</zanr>
			<vysilani moderatorzid="zid_2">
				<den>pond?l?</den>
				<od>13:00:00</od>
				<do>15:30:00</do>
			</vysilani>
			<vysilani moderatorzid="zid_1">
				<den>p?tek</den>
				<od>13:00:00</od>
				<do>15:30:00</do>
			</vysilani>
			<vysilani moderatorzid="zid_3">
				<den>st?eda</den>
				<od>13:00:00</od>
				<do>15:30:00</do>
			</vysilani>
		</spot>
		<spot sid="sid_4">
			<nazev_spotu>P?tek a rock</nazev_spotu>
			<zanr>rock</zanr>
			<vysilani moderatorzid="zid_4">
				<den>p?tek</den>
				<od>23:30:00</od>
				<do>00:00:00</do>
			</vysilani>
		</spot>
	</program>
</stanice>