<?xml version="1.0" encoding="UTF-8" standalone="no"?><knihovna>
	<ctenari>
		<ctenar>
			<info>
				<ctenarskeCislo>1</ctenarskeCislo>
				<jmeno>Tom??</jmeno>
				<prijmeni>Skalick?</prijmeni>
				<telefon>604222222</telefon>
				<datumNarozeni>
					<den>3</den>
					<mesic>5</mesic>
					<rok>1990</rok>
				</datumNarozeni>
			</info>
			<vypujcky>
				<vypujcka ref_vid="vyt_5" vraceno="ano" vyp_id="vyp_1">
					<datumVypujcky>
						<den>2</den>
						<mesic>1</mesic>
						<rok>2013</rok>
					</datumVypujcky>
				</vypujcka>
				<vypujcka ref_vid="vyt_1" vraceno="ne" vyp_id="vyp_2">
					<datumVypujcky>
						<den>2</den>
						<mesic>2</mesic>
						<rok>2013</rok>
					</datumVypujcky>
				</vypujcka>
			</vypujcky>
		</ctenar>
		<ctenar>
			<info>
				<ctenarskeCislo>2</ctenarskeCislo>
				<jmeno>Jan</jmeno>
				<prijmeni>Nepomuck?</prijmeni>
				<telefon>604222222</telefon>
				<datumNarozeni>
					<den>3</den>
					<mesic>5</mesic>
					<rok>1990</rok>
				</datumNarozeni>
			</info>
			<vypujcky>
				<vypujcka ref_vid="vyt_7" vraceno="ne" vyp_id="vyp_3">
					<datumVypujcky>
						<den>2</den>
						<mesic>1</mesic>
						<rok>2013</rok>
					</datumVypujcky>
				</vypujcka>
				<vypujcka ref_vid="vyt_11" vraceno="ne" vyp_id="vyp_4">
					<datumVypujcky>
						<den>2</den>
						<mesic>2</mesic>
						<rok>2013</rok>
					</datumVypujcky>
					<poznamka>Uzivatel stale nevratil <refvyp ref_vyp_id="vyp_3"/></poznamka>
				</vypujcka>
			</vypujcky>
		</ctenar>
	<ctenar><info><ctenarskeCislo>15235647</ctenarskeCislo><jmeno>Jakub</jmeno><prijmeni>Frajer</prijmeni><telefon>502522322</telefon><datumNarozeni><den>6</den><mesic>2</mesic><rok>1899</rok></datumNarozeni></info><vypujcky/></ctenar></ctenari>
	<knihy>
		<kniha isbn="1111115">
			<nazev>Ze ?ivota hmyzu</nazev>
			<rokVydani>1922</rokVydani>
			<refnakladatelstvi ref_nak_id="nak_3"/>
			<refautor ref_aut_id="aut_1 aut_2"/>
			<vytisky>
				<vytisk vid="vyt_1">
					<vydani>1</vydani>
				</vytisk>
				<vytisk vid="vyt_2">
					<vydani>1</vydani>
				</vytisk>
			</vytisky>
		</kniha>
		<kniha isbn="415886">
			<nazev>Havran</nazev>
			<rokVydani>1850</rokVydani>
			<refnakladatelstvi ref_nak_id="nak_1"/>
			<refautor ref_aut_id="aut_4"/>
			<vytisky>
				<vytisk vid="vyt_3">
					<vydani>2</vydani>
				</vytisk>
			</vytisky>
		</kniha>
		<kniha isbn="466245">
			<nazev>J?ma a kyvadlo</nazev>
			<rokVydani>1854</rokVydani>
			<refnakladatelstvi ref_nak_id="nak_3"/>
			<refautor ref_aut_id="aut_4"/>
			<vytisky>
				<vytisk vid="vyt_4">
					<vydani>3</vydani>
				</vytisk>
				<vytisk vid="vyt_5">
					<vydani>2</vydani>
				</vytisk>
			</vytisky>
		</kniha>
		<kniha isbn="543255">
			<nazev>Kral Lear</nazev>
			<rokVydani>1590</rokVydani>
			<refnakladatelstvi ref_nak_id="nak_1"/>
			<refautor ref_aut_id="aut_5"/>
			<vytisky>
				<vytisk vid="vyt_6">
					<vydani>8</vydani>
				</vytisk>
			</vytisky>
		</kniha>
		<kniha isbn="564238">
			<nazev>R.U.R.</nazev>
			<rokVydani>1910</rokVydani>
			<refnakladatelstvi ref_nak_id="nak_2"/>
			<refautor ref_aut_id="aut_2"/>
			<vytisky>
				
				<vytisk vid="vyt_8">
					<vydani>3</vydani>
				</vytisk>
			</vytisky>
		</kniha>
		<kniha isbn="481886">
			<nazev>Restaurant na konci vesm?ru</nazev>
			<rokVydani>1980</rokVydani>
			<refnakladatelstvi ref_nak_id="nak_1"/>
			<refautor ref_aut_id="aut_3"/>
			<vytisky>
				<vytisk vid="vyt_9">
					<vydani>1</vydani>
				</vytisk>
			</vytisky>
		</kniha>
		<kniha isbn="686472">
			<nazev>Romeo a Julie</nazev>
			<rokVydani>1600</rokVydani>
			<refnakladatelstvi ref_nak_id="nak_4"/>
			<refautor ref_aut_id="aut_5"/>
			<vytisky>
				<vytisk vid="vyt_10">
					<vydani>1</vydani>
				</vytisk>
				<vytisk vid="vyt_11">
					<vydani>1</vydani>
				</vytisk>
			</vytisky>
		</kniha>
		<kniha isbn="846225">
			<nazev>Z??iv? hlubiny</nazev>
			<rokVydani>1916</rokVydani>
			<refnakladatelstvi ref_nak_id="nak_5"/>
			<refautor ref_aut_id="aut_1 aut_2"/>
			<vytisky>
				<vytisk vid="vyt_12">
					<vydani>3</vydani>
				</vytisk>
				<vytisk vid="vyt_13">
					<vydani>3</vydani>
				</vytisk>
			</vytisky>
		</kniha>
		<kniha isbn="873215">
			<nazev>D??enka</nazev>
			<rokVydani>1933</rokVydani>
			<refnakladatelstvi ref_nak_id="nak_2"/>
			<refautor ref_aut_id="aut_2"/>
			<vytisky>
				<vytisk vid="vyt_14">
					<vydani>5</vydani>
				</vytisk>
			</vytisky>
		</kniha>
		<kniha isbn="873245">
			<nazev>Stopa??v pr?vodce po galaxii</nazev>
			<rokVydani>1980</rokVydani>
			<refnakladatelstvi ref_nak_id="nak_1"/>
			<refautor ref_aut_id="aut_3"/>
			<vytisky>
				<vytisk vid="vyt_15">
					<vydani>2</vydani>
				</vytisk>
				<vytisk vid="vyt_16">
					<vydani>2</vydani>
				</vytisk>
			</vytisky>
		</kniha>
	</knihy>
	<autori>
		<autor aut_id="aut_1">
			<jmeno>Josef</jmeno>
			<prijmeni>?apek</prijmeni>
			<datumNarozeni>
				<den>23</den>
				<mesic>3</mesic>
				<rok>1887</rok>
			</datumNarozeni>
		</autor>
		<autor aut_id="aut_2">
			<jmeno>Karel</jmeno>
			<prijmeni>?apek</prijmeni>
			<datumNarozeni>
				<den>9</den>
				<mesic>1</mesic>
				<rok>1890</rok>
			</datumNarozeni>
		</autor>
		<autor aut_id="aut_3">
			<jmeno>Douglas</jmeno>
			<prijmeni>Adams</prijmeni>
			<datumNarozeni>
				<den>11</den>
				<mesic>3</mesic>
				<rok>1952</rok>
			</datumNarozeni>
		</autor>
		<autor aut_id="aut_4">
			<jmeno>Edgar</jmeno>
			<prijmeni>Poe</prijmeni>
			<datumNarozeni>
				<den>19</den>
				<mesic>1</mesic>
				<rok>1809</rok>
			</datumNarozeni>
		</autor>
		<autor aut_id="aut_5">
			<jmeno>William</jmeno>
			<prijmeni>Shakespeare</prijmeni>
			<datumNarozeni>
				<den>26</den>
				<mesic>4</mesic>
				<rok>1564</rok>
			</datumNarozeni>
		</autor>
	</autori>
	<nakladatelstvi>
		<naklad nak_id="nak_1">
			<nazev>Books inc.</nazev>
			<mesto>Lond?n</mesto>
		</naklad>
		<naklad nak_id="nak_2">
			<nazev>Experodam</nazev>
			<mesto>Praha</mesto>
		</naklad>
		<naklad nak_id="nak_3">
			<nazev>Na?e nakladatelsv?</nazev>
			<mesto>Praha</mesto>
		</naklad>
		<naklad nak_id="nak_4">
			<nazev>Proglas</nazev>
			<mesto>Brno</mesto>
		</naklad>
		<naklad nak_id="nak_5">
			<nazev>Tu???k</nazev>
			<mesto>Plze?</mesto>
		</naklad>
		<naklad nak_id="nak_6">
			<nazev>Filda</nazev>
			<mesto>Praha</mesto>
		</naklad>
	</nakladatelstvi>
	<oknihovne>
		<![CDATA[
		Cel? dokument je rozd?len na n?kolik ??st?:
		<ctenari> - informace o ?ten???ch a jejich v?p?j?k?ch
		<knihy> - informace o knih?ch a jejich v?tisc?ch
		<autori> - informace o autorech knih
		<nakladatelstvi> - informace o nakladatelstv?ch
		]]>
		Stav knihovny je p??ipraveno k odevzd??n??
		Dne?n? datum je <?php Date("d.m.Y")?>
	</oknihovne>
</knihovna>