<?xml version="1.0" encoding="UTF-8" standalone="no"?><!--prolog--><seznamReceptu>
	<recepty>
		<recept autor="U1" kategorie="desert"> 
			<titulek>bananova zmrzlina</titulek>
			<doba-pripravy doba="1 hodina"/>
			<suroviny>
				<surovina>
					<nazev>banan</nazev>
					<mnozstvi>2ks</mnozstvi>
					<puvod>
						<stat>Ekv?dor</stat>
						<mesto>Tena</mesto>
					</puvod>
				</surovina>
				<surovina>
					<nazev>smetana</nazev>
					<mnozstvi>200ml</mnozstvi>
				</surovina>
			</suroviny>
			<popis>
				<![CDATA[
					Neprve udelane to a to a potom to a to. Muzu pouzit >= 2 banany & cukr. 	
				]]>
				A m?me <tucne>hotovo</tucne>
			</popis>
			<obtiznost>Tento recept je $tag;</obtiznost>
		</recept>
		
		
		
		<recept autor="U1" hodnoceni="3" kategorie="desert"> 
			<titulek>jahodova zmrzlina</titulek>
			<doba-pripravy doba="1 hodina"/>
			<suroviny>
				<surovina>
					<nazev>jahody</nazev>
					<mnozstvi>20ks</mnozstvi>
					<puvod>
						<stat>Ekv?dor</stat>
						<mesto>Tena</mesto>
					</puvod>
				</surovina>
				<surovina>
					<nazev>smetana</nazev>
					<mnozstvi>200ml</mnozstvi>
				</surovina>
			</suroviny>
			<popis>
				<![CDATA[
					Neprve udelane to a to a potom to a to. Muzu pouzit >= 20 jahod & cukr. 	
				]]>
				A m?me <tucne>hotovo</tucne>
			</popis>
			<obtiznost>Tento recept je $tag;</obtiznost>
		</recept>
		
		
	<recept autor="U1" kategorie="desert"><titulek>??????okol??????dov?????? zmrzlina</titulek><doba-pripravy doba="1 hodina"/><suroviny><surovina><nazev>cokolada</nazev><mnozstvi>1ks</mnozstvi><puvod><stat>CR</stat><mesto>Praha</mesto></puvod></surovina></suroviny><popis>??????okol??????dov?????? zmrzlina se d??????l?????? tak a tak</popis><obtiznost>Tento recept je lehky</obtiznost></recept></recepty>
	<uzivatele>
		<uzivatel uid="U1">
			<jmeno>michal</jmeno>
			<prijmeni>rezabek</prijmeni>
			<email>mail@mail.com</email>
			<pozdrav><?php echo "ahoj"; ?></pozdrav>
		</uzivatel>
	</uzivatele>
</seznamReceptu>