<?xml version="1.0" encoding="UTF-8" standalone="no"?><!-- ?vodn? XML deklarace --><rozbor-skladby>
<current-date><![CDATA[<?php echo Date("d.m.Y")?>]]></current-date>
<skladba id="s0" oznaceni-skladby="Tenshi">
	<medium digitalnost="ano">
		<nosic>pamet</nosic>
		<format>mp3</format>
	</medium>
	<technicka-specifikace>
		<delka>8:00</delka>
		<BPM>130</BPM>
		<bitrate>128</bitrate>
	</technicka-specifikace>
	<subjektivni-veci>
		<interpret>Tiesto</interpret>
		<remixer>ATB</remixer>
		<zanr>house</zanr>
		<vznik>1999</vznik>
		<hodnoceni hodnota="10"/>
	</subjektivni-veci>
</skladba>

<skladba id="s1" oznaceni-skladby="Firewire [A1 mix]">
	<medium digitalnost="ne">
		<nosic>vinyl</nosic>
		<format>blacklabel</format>
	</medium>
	<technicka-specifikace>
		<delka>12:30</delka>
		<BPM>125</BPM>
		<bitrate>var</bitrate>
	</technicka-specifikace>
	<subjektivni-veci>
		<interpret>Cosmic gate</interpret>
		<zanr>trance
			<subzanr>hardtrance
				<subsubzanr>oldschool hardtrance</subsubzanr>
			</subzanr>
		</zanr>
		<hodnoceni hodnota="0"/>
		<hodnoceni hodnota="10"/>
		<hodnoceni hodnota="0"/>
		<hodnoceni hodnota="9"/>
		<hodnoceni hodnota="10"/>
		<hodnoceni hodnota="10"/>
		<hodnoceni hodnota="9"/>
		<hodnoceni hodnota="0"/>
	</subjektivni-veci>
</skladba>
<copyright>Copyright:  Salda</copyright>
<tracklist tid="t0">
	<polozka id_ref="s0"/>
	<polozka id_ref="s1"/>
</tracklist>
</rozbor-skladby>