<?xml version="1.0" encoding="iso-8859-2" standalone="no"?><!--<?xml-stylesheet type="text/xsl" href="data.xsl"?>
    --><MTGMatch>
	<MTGPlayer RodneCislo="9005182714">
		<PlayerName>Petr Hole?ek</PlayerName>
		
		<MTGDeck>
			<deckName>Green Aggro</deckName>
			<Maindeck>
				<MTGCard cardName="Forest" color="colorless" id="id123456789">
					<type>land</type>
					<manacost>0</manacost>
					<flavor_text>Flavor text of Forest.</flavor_text>
				</MTGCard>
				<MTGCard cardName="Leatherback baloth" color="green" id="id123456788">
					<type>creature</type>
					<manacost>GGG</manacost>
					<flavor_text>Flavor text of Leatherback Baloth.</flavor_text>
				</MTGCard>
				<MTGCard cardName="Giant Growth" color="green" id="id123456780">
					<type>instant</type>
					<manacost>G</manacost>
					<flavor_text>Flavor text of Giant Growth</flavor_text>
				</MTGCard>
			</Maindeck>
			<Sideboard>
				<MTGCard cardName="Naturalize" color="green" id="id12345678">
					<type>land</type>
					<manacost>1G</manacost>
					<flavor_text>Flavor text of Naturalize.</flavor_text>
				</MTGCard>
			</Sideboard>
		</MTGDeck>
		<Height>182</Height>
		<Weight>80</Weight>
		<Sex>Male</Sex>
		<Idnum>999999</Idnum>
		<Favourite_color>green</Favourite_color>
		<Favourite_deck>ZOO</Favourite_deck>
		<Favourite_card>Leatherback baloth</Favourite_card>
		<Phone>482311568</Phone>
	<id>id0</id></MTGPlayer>
	<MTGPlayer RodneCislo="9005182715">
		<PlayerName>Jakub Alt?m?d</PlayerName>
		
		<MTGDeck>
			<deckName>Red Burn</deckName>
			<Maindeck>
				<MTGCard cardName="Mountain" color="colorless" id="id123456786">
					<type>land</type>
					<manacost>0</manacost>
					<flavor_text>Flavor text of Mountain.</flavor_text>
				</MTGCard>
				<MTGCard cardName="Ball Lightning" color="red" id="id123456785">
					<type>creature</type>
					<manacost>RRR</manacost>
					<flavor_text>Flavor text of Ball Lightning.</flavor_text>
				</MTGCard>
				<MTGCard cardName="Lightning bolt" color="red" id="id123456784">
					<type>instant</type>
					<manacost>R</manacost>
					<flavor_text>Lightning Bolt.</flavor_text>
				</MTGCard>
			</Maindeck>
			<Sideboard>
				<MTGCard cardName="Smash To Smithereens" color="red" id="id123456783">
					<type>instant</type>
					<manacost>1R</manacost>
					<flavor_text>
					</flavor_text>
				</MTGCard>
			</Sideboard>
		</MTGDeck>
		<Height>190</Height>
		<Weight>95</Weight>
		<Sex>Male</Sex>
		<Idnum>666666</Idnum>
		<Favourite_color/>
		<Favourite_deck>ANT</Favourite_deck>
		<Favourite_card>Snapcaster Mage</Favourite_card>
		<Phone>482399674</Phone>
	<id>id1</id></MTGPlayer>
	<Date>
		<Time>10:00:00</Time>
		<Day>22</Day>
		<Month>February</Month>
		<Year>2012</Year>
	</Date>
	<Place>
		<Continent>Europe</Continent>
		<Country>Czech Republic</Country>
		<City>Fr?dlant</City>
		<Street>Husova</Street>
		<HouseNumber>666</HouseNumber>
	</Place>
</MTGMatch>