<?xml version="1.0" encoding="UTF-8" standalone="no"?><kniznica xmlns:xsi="http://www.w3.org/2001/XMLSchema-instance" xsi:noNamespaceSchemaLocation="data.xsd">
	<!-- datum vygenerovania xml-->
	<datum>2002-09-24</datum>
	<!-- zoznam zaregistrovanych citatelov -->
	<citatelia>
		<citatel cislo="c654">
			<meno>Mari?n Labuda</meno>
			<doklad>
				<cislo>SJ4658464</cislo>
			</doklad>
		<vypozicana_kniha>Pravepodnobnostn? algoritmy</vypozicana_kniha><vypozicana_kniha>Pravepodnobnostn? algoritmy 2</vypozicana_kniha></citatel>
		<citatel cislo="c555">
			<meno>Martin Antovi?</meno>
			<doklad typ="pas">
				<cislo>SP23458</cislo>
			</doklad>
		<vypozicana_kniha>Pravepodnobnostn? algoritmy</vypozicana_kniha><vypozicana_kniha>Pravepodnobnostn? algoritmy</vypozicana_kniha><vypozicana_kniha>Pravepodnobnostn? algoritmy 2</vypozicana_kniha><vypozicana_kniha>Pravepodnobnost 4</vypozicana_kniha></citatel>
		<citatel cislo="c554">
			<meno>Martin Krakovsky</meno>
			<doklad typ="op">
				<cislo>SP23</cislo>
			</doklad>
		<vypozicana_kniha>Pravepodnobnostn? algoritmy 2</vypozicana_kniha></citatel>
	</citatelia>
	<!--- zoznam vypozicanych knih -->
	<knihy>
		<kniha cislo="k12">
			<nazov>Pravepodnobnostn? algoritmy</nazov>
			<originalny_nazov>Randomizes Algorithms</originalny_nazov>
			<autor>Rajeev Motwani</autor>
			<zaner>n?u?n? literat?ra</zaner>
			<pocet_stran>582</pocet_stran>
			<jazyk>EN</jazyk>
			<vydavatelstvo>Cambrdge university press</vydavatelstvo>
			<rok_vydania>1999</rok_vydania>
			<vypozicky>
				<vypozicka citatel="c555">
					<pokuta dovod="neskore vratenie">100</pokuta>
					<poskodenie/>
				<meno_citatela>Martin Antovi?</meno_citatela></vypozicka>
				<vypozicka citatel="c555">
					<pokuta dovod="neskore vratenie">120</pokuta>
					<poskodenie/>
				<meno_citatela>Martin Antovi?</meno_citatela></vypozicka>
				<vypozicka citatel="c654"><meno_citatela>Mari?n Labuda</meno_citatela></vypozicka>
			</vypozicky>
			<stav>zachoval?</stav>
		</kniha>
		<kniha cislo="k132">
			<nazov>Pravepodnobnostn? algoritmy 2</nazov>
			<originalny_nazov>Randomizes Algorithms</originalny_nazov>
			<autor>Rajeev Motwani</autor>
			<zaner>n?u?n? literat?ra</zaner>
			<pocet_stran>582</pocet_stran>
			<jazyk>EN</jazyk>
			<vydavatelstvo>Cambrdge university press</vydavatelstvo>
			<rok_vydania>1999</rok_vydania>
			<vypozicky>
				<vypozicka citatel="c555"><meno_citatela>Martin Antovi?</meno_citatela></vypozicka>
				<vypozicka citatel="c554">
					<pokuta dovod="neskore vratenie">120</pokuta>
					<poskodenie/>
				<meno_citatela>Martin Krakovsky</meno_citatela></vypozicka>
				<vypozicka citatel="c654"><meno_citatela>Mari?n Labuda</meno_citatela></vypozicka>
			</vypozicky>
			<stav>zachoval?</stav>
		</kniha>
		<kniha cislo="k142">
			<nazov>Pravepodnobnostn? algoritmy 3</nazov>
			<originalny_nazov>Randomizes Algorithms</originalny_nazov>
			<autor>Rajeev Schijev</autor>
			<zaner>n?u?n? literat?ra</zaner>
			<pocet_stran>542</pocet_stran>
			<jazyk>SK</jazyk>
			<vydavatelstvo>Cambrdge university press</vydavatelstvo>
			<rok_vydania>1989</rok_vydania>
			<vypozicky/>
			<stav>zachoval?</stav>
		</kniha>
		<kniha cislo="k122">
			<nazov>Pravepodnobnost 4</nazov>
			<originalny_nazov>Randomizes Algorithms</originalny_nazov>
			<autor>Rajeev Motnov</autor>
			<zaner>n?u?n? literat?ra</zaner>
			<pocet_stran>52</pocet_stran>
			<jazyk>EN</jazyk>
			<vydavatelstvo>Cambrdge university press</vydavatelstvo>
			<rok_vydania>2001</rok_vydania>
			<vypozicky>
				<vypozicka citatel="c555">
					<pokuta dovod="neskore vratenie">50</pokuta>
				<meno_citatela>Martin Antovi?</meno_citatela></vypozicka>
			</vypozicky>
			<stav>ok</stav>
		</kniha>
	</knihy>
</kniznica>