<html>
   <head>
      <meta http-equiv="Content-Type" content="text/html; charset=UTF-8">
      <title>Stanice</title>
   </head>
   <body>
      <h1>Stanice</h1>
      <table>
         <tr>
            <th>ID</th>
            <th>Nazev</th>
         </tr>
         <tr>
            <td>station_1</td>
            <td>Praha Hlavní nádraží</td>
         </tr>
         <tr>
            <td>station_2</td>
            <td>Pardubice Hlavní nádraží</td>
         </tr>
         <tr>
            <td>station_3</td>
            <td>Olomouc Hlavní nádraží</td>
         </tr>
      </table>
   </body>
</html>