<?xml version="1.0" encoding="UTF-8"?>
<route id="route_2">
			<routeStations>
				  <routeStation ref="station_3">
					    <distance>0</distance>
				  </routeStation>
				  <routeStation ref="station_2">
					    <distance>130</distance>
				  </routeStation>
				  <routeStation ref="station_1">
					    <distance>230</distance>
				  </routeStation>
			</routeStations>
		</route>
<route id="route_1">
			<routeStations>
				  <routeStation ref="station_1">
					    <distance>0</distance>
				  </routeStation>
				  <routeStation ref="station_2">
					    <distance>100</distance>
				  </routeStation>
			</routeStations>
		</route>