<?xml version="1.0" encoding="UTF-8"?>
<user id="user_1">
   <firstName>Jakub</firstName>
   <lastName>Chalupa</lastName>
   <email>chaluja7@fel.cvut.cz</email>
   <otherInfo>
      <sex>Muž</sex>
      <dateOfBirth>1993-02-01</dateOfBirth>
      <phoneNumbers>
            <phoneNumber id="phoneNumber_1">603147899</phoneNumber>
            <phoneNumber id="phoneNumber_2">384263885</phoneNumber>
        </phoneNumbers>
   </otherInfo>
</user>
<user id="user_2">
   <firstName>Tomáš</firstName>
   <lastName>Fuk</lastName>
   <email/>
   <otherInfo>
      <sex>Muž</sex>
   </otherInfo>
</user>
<user id="user_3">
   <firstName>Jarka</firstName>
   <lastName>Novotná</lastName>
   <email>jarka.novotna@neco.cz</email>
   <otherInfo>
      <sex>Žena</sex>
   </otherInfo>
</user>