<?xml version="1.0" encoding="UTF-8"?>
<literature>
   <czech>
      <fiction>
         <book>Babicka</book>
         <book>Bajecna leta pod psa</book>
         <book>Obsluhoval jsem anglickeho krale</book>
         <book>Praha s prsty deste</book>
         <book>Proti vsem</book>
         <book>Psohlavci</book>
         <book>Romeo, Julie a tma</book>
         <book>Trampoty pana Tenkrata</book>
         <book>Zalar nejtemnejsi</book>
      </fiction>
      <fantasy/>
      <sci-fi>
         <book>Vladci strachu</book>
      </sci-fi>
   </czech>
   <foreign>
      <fiction>
         <book>Na zapadni fronte klid</book>
      </fiction>
      <fantasy>
         <book>Hobbit aneb Cesta tam a zase zpatky</book>
      </fantasy>
      <sci-fi>
         <book>451 stupnu Fahrenheita</book>
      </sci-fi>
   </foreign>
</literature>