<?xml version="1.0" encoding="UTF-8"?><html xmlns="http://www.w3.org/1999/xhtml" xml:lang="en">
   <head>
      <meta http-equiv="Content-Type" content="text/html; charset=UTF-8" />
      <title>Table</title>
   </head>
   <body>
      <table>
         <tr>
            <th>Title</th>
            <th>Author</th>
            <th>Release-date</th>
         </tr>
         <tr>
            <td>451 stupnu Fahrenheita</td>
            <td>Bradbury Ray</td>
            <td>1953</td>
         </tr>
         <tr>
            <td>Babicka</td>
            <td>Nemcova Bozena</td>
            <td>1855</td>
         </tr>
         <tr>
            <td>Bajecna leta pod psa</td>
            <td>Viewegh Michal</td>
            <td>1992</td>
         </tr>
         <tr>
            <td><b>Bylo nas pet</b></td>
            <td>Polacek Karel</td>
            <td>1946</td>
         </tr>
         <tr>
            <td>Hobbit aneb Cesta tam a zase zpatky</td>
            <td>Tolkien J. R. R.</td>
            <td>1937</td>
         </tr>
         <tr>
            <td><b>Katyne</b></td>
            <td>Kohout Pavel</td>
            <td>1970</td>
         </tr>
         <tr>
            <td>Na zapadni fronte klid</td>
            <td>Remarque Erich Maria</td>
            <td>1929</td>
         </tr>
         <tr>
            <td>Obsluhoval jsem anglickeho krale</td>
            <td>Hrabal Bohumil</td>
            <td>1971</td>
         </tr>
         <tr>
            <td>Praha s prsty deste</td>
            <td>Nezval Vitezslav</td>
            <td>1936</td>
         </tr>
         <tr>
            <td>Proti vsem</td>
            <td>Jirasek Alois</td>
            <td>1893</td>
         </tr>
         <tr>
            <td>Psohlavci</td>
            <td>Jirasek Alois</td>
            <td>1886</td>
         </tr>
         <tr>
            <td>Romeo, Julie a tma</td>
            <td>Otcenasek Jan</td>
            <td>1958</td>
         </tr>
         <tr>
            <td><b>Slavnosti snezenek</b></td>
            <td>Hrabal Bohumil</td>
            <td>1978</td>
         </tr>
         <tr>
            <td><b>Temno</b></td>
            <td>Jirasek Alois</td>
            <td>1915</td>
         </tr>
         <tr>
            <td>Trampoty pana Tenkrata</td>
            <td>Hasek Jaroslav</td>
            <td>1912</td>
         </tr>
         <tr>
            <td><b>Ucastnici Zajezdu</b></td>
            <td>Viewegh Michal</td>
            <td>1996</td>
         </tr>
         <tr>
            <td>Vladci strachu</td>
            <td>Kulhanek Jiri</td>
            <td>1995</td>
         </tr>
         <tr>
            <td>Zalar nejtemnejsi</td>
            <td>Olbracht Ivan</td>
            <td>1916</td>
         </tr>
      </table>
   </body>
</html>