<?xml version="1.0" encoding="UTF-8" standalone="no"?><?xml-stylesheet href="styl.css" type="text/css"?>
<predajna>
	<!-- predavany tovar -->
	<script>
	<![CDATA[
function countwo(a,b)
{
	return a+b;
}
]]>
	</script>
	<tovar>
		<vyrobok skladom="ano" vid="alk1">
			<nazov>Staropramen sv?tl?</nazov>
			<vyrobca>Pivovary Staropramen a.s, Praha<stat>CZ</stat>
			</vyrobca>
			<objem>0,5l</objem>
			<obj_alk>4%</obj_alk>
			<cena>10.90</cena>
			<statistika>
				<sklad>
					<zaciatok>44</zaciatok>
					<koniec>20</koniec>
				</sklad>
				<predane>24</predane>
			</statistika>
			<poznamka>svetl?, l?hev</poznamka>
		</vyrobok>
		
		<vyrobok skladom="ano" vid="alk3">
			<nazov>Heineken</nazov>
			<vyrobca>Heineken N.V., Amsterdam<stat>NL</stat>
			</vyrobca>
			<objem>0,5l</objem>
			<obj_alk>5%</obj_alk>
			<cena>20.90</cena>
			<statistika>
				<sklad>
					<zaciatok>18</zaciatok>
					<koniec>10</koniec>
				</sklad>
				<predane>8</predane>
			</statistika>
			<poznamka>sv?tl? le??k, lahev</poznamka>
		</vyrobok>
		<vyrobok skladom="ano" vid="alk4">
			<nazov>Heineken</nazov>
			<vyrobca>Heineken N.V., Amsterdam<stat>NL</stat>
			</vyrobca>
			<objem>0,33l</objem>
			<obj_alk>5%</obj_alk>
			<cena>15.50</cena>
			<statistika>
				<sklad>
					<zaciatok>34</zaciatok>
					<koniec>20</koniec>
				</sklad>
				<predane>14</predane>
			</statistika>
			<poznamka>sv?tl? le??k, plech</poznamka>
		</vyrobok>
		<vyrobok skladom="ano" vid="alk5">
			<nazov>Ch?teau Valtice Dornfelder</nazov>
			<vyrobca>Vinn? sklepy Valtice, a. s.<stat>CZ</stat>
			</vyrobca>
			<objem>0,75l</objem>
			<obj_alk>12%</obj_alk>
			<cena>205.00</cena>
			<statistika>
				<sklad>
					<zaciatok>15</zaciatok>
					<koniec>10</koniec>
				</sklad>
				<predane>5</predane>
			</statistika>
			<poznamka>pozdn? sb?r, polosladk?, ?erven?, 2008</poznamka>
		</vyrobok>
		<vyrobok skladom="ano" vid="alk6">
			<nazov>Ch?teau Valtice Frankovka</nazov>
			<vyrobca>Vinn? sklepy Valtice, a. s., Valtice<stat>CZ</stat>
			</vyrobca>
			<objem>0,75l</objem>
			<obj_alk>12%</obj_alk>
			<cena>87.90</cena>
			<statistika>
				<sklad>
					<zaciatok>14</zaciatok>
					<koniec>10</koniec>
				</sklad>
				<predane>4</predane>
			</statistika>
			<poznamka>jakostn? v?no, such?, ?erven?, 2012</poznamka>
		</vyrobok>
		
		<vyrobok skladom="ano" vid="alk8">
			<nazov>Bacardi Black Rum</nazov>
			<vyrobca>Bacardi Global Brands Limited, Lond?n<stat>UK</stat>
			</vyrobca>
			<objem>0,7l</objem>
			<obj_alk>38%</obj_alk>
			<cena>399.00</cena>
			<statistika>
				<sklad>
					<zaciatok>10</zaciatok>
					<koniec>8</koniec>
				</sklad>
				<predane>2</predane>
			</statistika>
			<poznamka>&lt;</poznamka>
		</vyrobok>
		<vyrobok skladom="ano" vid="alk9">
			<nazov>Absolut Vodka</nazov>
			<vyrobca>The Absolut Company, Stockholm<stat>SE</stat>
			</vyrobca>
			<objem>1,5l</objem>
			<obj_alk>40%</obj_alk>
			<cena>749.00</cena>
			<statistika>
				<sklad>
					<zaciatok>11</zaciatok>
					<koniec>10</koniec>
				</sklad>
				<predane>1</predane>
			</statistika>
			<poznamka/>
		</vyrobok>
		<vyrobok skladom="ano" vid="alk10">
			<nazov>Finlandia Vodka</nazov>
			<vyrobca>Finlandia Vodka Worldwide Ltd., Helsinki<stat>FI</stat>
			</vyrobca>
			<objem>0,5l</objem>
			<obj_alk>40%</obj_alk>
			<cena>309.00</cena>
			<statistika>
				<sklad>
					<zaciatok>8</zaciatok>
					<koniec>5</koniec>
				</sklad>
				<predane>3</predane>
			</statistika>
			<poznamka/>
		</vyrobok>
		<vyrobok skladom="ano" vid="alk11">
			<nazov>Spi?sk? Borovi?ka</nazov>
			<vyrobca>Gas Familia, s.r.o., Star? ?ubov?a<stat>SK</stat>
			</vyrobca>
			<objem>0,7l</objem>
			<obj_alk>45%</obj_alk>
			<cena>259.00</cena>
			<statistika>
				<sklad>
					<zaciatok>16</zaciatok>
					<koniec>10</koniec>
				</sklad>
				<predane>6</predane>
			</statistika>
			<poznamka/>
		</vyrobok>
		
	<vyrobok skladom="ano" vid="alk12"><nazov>Staropramen tmavy</nazov><vyrobca>Pivovary Staropramen a.s, Praha<stat>CZ</stat></vyrobca><objem>0,5l</objem><obj_alk>4%</obj_alk><cena>10,90</cena><statistika><sklad><zaciatok>25</zaciatok><koniec>10</koniec><predane>15</predane></sklad></statistika><poznamka>tmav??????, l??????hev</poznamka></vyrobok></tovar>
	<!-- zaznam ucteniek za mesiac februar -->
	<uctenky>
		<doklad did="d1">
			<text/>
			<datum>
				<den>2</den>
				<mesiac>2</mesiac>
				<rok>2013</rok>
			</datum>
			<polozka vid_ref="alk1">
				<ks>20</ks>
			</polozka>
			<polozka vid_ref="alk5">
				<ks>2</ks>
			</polozka>
		</doklad>
		<doklad did="d2">
			<text/>
			<datum>
				<den>2</den>
				<mesiac>2</mesiac>
				<rok>2013</rok>
			</datum>
			<polozka vid_ref="alk2">
				<ks>10</ks>
			</polozka>
			<polozka vid_ref="alk12">
				<ks>2</ks>
			</polozka>
		</doklad>
		<doklad did="d3">
			<text/>
			<datum>
				<den>6</den>
				<mesiac>2</mesiac>
				<rok>2013</rok>
			</datum>
			<polozka vid_ref="alk2">
				<ks>10</ks>
			</polozka>
			<polozka vid_ref="alk10">
				<ks>1</ks>
			</polozka>
			<polozka vid_ref="alk4">
				<ks>1</ks>
			</polozka>
			<polozka vid_ref="alk5">
				<ks>1</ks>
			</polozka>
		</doklad>
		<doklad did="d4">
			<text/>
			<datum>
				<den>10</den>
				<mesiac>2</mesiac>
				<rok>2013</rok>
			</datum>
			<polozka vid_ref="alk1">
				<ks>5</ks>
			</polozka>
			<polozka vid_ref="alk7">
				<ks>2</ks>
			</polozka>
			<polozka vid_ref="alk4">
				<ks>2</ks>
			</polozka>
		</doklad>
		<doklad did="d5">
			<text/>
			<datum>
				<den>15</den>
				<mesiac>2</mesiac>
				<rok>2013</rok>
			</datum>
			<polozka vid_ref="alk11">
				<ks>3</ks>
			</polozka>
		</doklad>
		<doklad did="d6">
			<text/>
			<datum>
				<den>20</den>
				<mesiac>2</mesiac>
				<rok>2013</rok>
			</datum>
			<polozka vid_ref="alk3">
				<ks>4</ks>
			</polozka>
			<polozka vid_ref="alk11">
				<ks>2</ks>
			</polozka>
		</doklad>
		<doklad did="d7">
			<text/>
			<datum>
				<den>22</den>
				<mesiac>2</mesiac>
				<rok>2013</rok>
			</datum>
			<polozka vid_ref="alk5">
				<ks>2</ks>
			</polozka>
			<polozka vid_ref="alk7">
				<ks>1</ks>
			</polozka>
		</doklad>
		<doklad did="d8">
			<text/>
			<datum>
				<den>24</den>
				<mesiac>2</mesiac>
				<rok>2013</rok>
			</datum>
			<polozka vid_ref="alk3">
				<ks>4</ks>
			</polozka>
			<polozka vid_ref="alk7">
				<ks>2</ks>
			</polozka>
			<polozka vid_ref="alk10">
				<ks>1</ks>
			</polozka>
		</doklad>
		<doklad did="d9">
			<text/>
			<datum>
				<den>27</den>
				<mesiac>2</mesiac>
				<rok>2013</rok>
			</datum>
			<polozka vid_ref="alk9">
				<ks>4</ks>
			</polozka>
			<polozka vid_ref="alk12">
				<ks>2</ks>
			</polozka>
		</doklad>
	</uctenky>
</predajna>