<?xml version="1.0" encoding="UTF-8" standalone="no"?><diagram>
	<actors>
		<actor title="Nep?ihl??en? u?ivatel"><usecases><idref>uc1</idref><idref>uc4</idref></usecases></actor>
		
		<actor title="P?ihl??en? u?ivatel">
			<description>P?ihl??en? u?ivatel m? mo?nost pracovat se syst?mem bez omezen?</description>
		<usecases><idref>uc2</idref><idref>uc3</idref></usecases></actor>
	</actors>
	
	<usecases>
		<usecase id="uc1"><title>P?ihl?sit</title>
			<description>Umo??uje p?ihl??en? do syst?mu</description>
			
			<pre>
				<condition>U?ivatel spustil aplikaci a nen? p?ihl??en</condition>
			</pre>
			
			<post>
				<condition>U?ivatel byl ?sp??n? p?ihl??en</condition>
			</post>
			
			<scenario>
				<step>P??pad u?it? za??n? hned po spu?t?n? aplikace.</step>
				<step by="system">Syst?m zobraz? formul?? pro zad?n? p?ihla?ovac?ch ?daj?</step>
				<step by="actor">U?ivatel vypln? formul??</step>
				<step by="actor">U?ivatel potvrd? ?daje ve formul??e</step>
				<step by="system">Pokud u?ivatel zadal ?patn? ?daje, pak
					<step by="system">Syst?m zobraz? upozorn?n? na ?patn? vypln?n? ?daje</step>
					<step by="actor">U?ivatel pokra?uje bodem <?refstep 3 ?>3</step>
				</step>
				<step by="system">Syst?m u?ivatel p?ihl?s?</step>
				<step by="system">Syst?m zobraz? hlavn? obrazovku</step>
			</scenario>
		</usecase>
		
		
		
		<usecase id="uc2"><title>Zobrazit katalog</title>
			<description>Umo??uje zobrazit katalog knih v datab?zi</description>
			
			<pre>
				<condition>U?ivatel je p?ihl??en</condition>
				<condition>U?ivatel m? zobrazenou hlavn? obrazovku</condition>
			</pre>
			
			<scenario>
				<step>P??pad u?it? za??n?, kdy? u?ivatel chce zobrazit katalog knih</step>
				<step by="actor">U?ivatel klikne v hlavn?m menu na volbu pro zobrazen? katalogu</step>
				<step by="system">Syst?m zobraz? nov? dialogov? okno</step>
				<step by="system">Syst?m vyp??e seznam dostupn?ch knih z datab?ze</step>
			</scenario>
		</usecase>
		
		
		
		<usecase id="uc3"><title>Smazat knihu</title>
			<description>Umo??uje smazat knihu z katalogu</description>
			
			<post>
				<condition>Vybran? kniha byla smaz?na z datab?ze</condition>
				<condition>U?ivatel m? zobrazen? katalog se seznamem bez pr?v? smaz?n? knihy</condition>
			</post>
			
			<scenario>
				<step>P??pad u?it? za??n?, kdy? u?ivatel chce p?idat novou knihu do katalogu</step>
				<include id="uc2"/>
				<step by="actor">U?ivatel vybere ze seznamu knihu, kterou chce smazat</step>
				<step by="actor">U?ivatel klikne na tla??tko pro smaz?n? knihy</step>
				<step by="system">Syst?m vynut? potvrzen? smaz?n? u?ivatelem</step>
				<step by="actor">Pokud u?ivatel v?zvu nepotvrd?,
					<step by="system">Syst?m ??dn? zm?ny neprovede a p??pad u?it? kon??</step>
				</step>
				<step by="system">Jinak syst?m sma?e knihu z datab?ze</step>
				<step by="system">Syst?m zaloguje ud?lost o smaz?n? do logu</step>
				<step by="system">Po proveden? syst?m zobraz? v?sledek operace u?ivateli</step>
				<step>P??pad u?it? zde kon??</step>
			</scenario>
		</usecase>
		
		
		
		<usecase id="uc4"><title>Zaregistrovat u?ivatele</title>
			<description>Umo??uje zaregistrovat nov?ho u?ivatele do syst?mu</description>
			
			<post>
				<condition>U?ivatel byl zaregistrov?n</condition>
				<condition>U?ivateli byl odesl?n email s potvrzen?m registrace</condition>
			</post>
			
			<scenario>
				<!-- nenasel jsem smysluplny pripad, kde tady pouzit CDATA :( -->
				<step><![CDATA[P??pad u?it? za??n?, kdy? se nep?ihl??en? u?ivatel chce zaregistrovat do syst?mu]]></step>
				<step by="actor">U?ivatel vybere z p?ihla?ovac?ho formul??e mo?nost 'Zaregistrovat se'</step>
				<step by="system">Syst?m zobraz? registrovac? formul?? (username, email, heslo, potvrzen? hesla)</step>
				<step by="actor">U?ivatel vypln? formul??</step>
				<step by="actor">U?ivatel potvrd? ?daje ve formul??e</step>
				<step by="system">Pokud nastane jedna z t?chto mo?nost?:
					- username u? existuje
					- d?lka hesla je &lt; 5 znak?
					- hesla se neshoduj?
					- email nen? validn?, pak
					<step by="system">Syst?m zobraz? upozorn?n? na ?patn? vypln?n? ?daje</step>
					<step by="actor">U?ivatel pokra?uje bodem 4</step>
				</step>
			</scenario>
		</usecase>
		
		<usecase id="uc5"><title>Odhl?sit u?ivatele</title>
			<scenario>
				<step>U?ivatel klikne na tal??tko odhl?sit</step>
				<step>Syst?m u?ivatele odhl?s? a zobraz? p?ihla?ovac? formul??</step>
			</scenario>
		</usecase>
	</usecases>
</diagram>