<?xml version="1.0" encoding="UTF-8"?>
<xhtml>
   <head>
      <title>Vekova statistika z rezervace </title>
   </head>
   <body>
      <table>
         <tr class="zahlavi">
            <td>Jmeno</td>
            <td>Vekova skupina</td>
            <td>Vek</td>
         </tr>
         <tr>
            <td>Homer Simpson</td>
            <td>dospely</td>
            <td>46</td>
         </tr>
         <tr>
            <td>Bart Simpson</td>
            <td>dite</td>
            <td>12</td>
         </tr>
         <tr>
            <td>Lisa Simpson</td>
            <td>dite</td>
            <td>10</td>
         </tr>
         <tr>
            <td>Maggie Simpson</td>
            <td>dite</td>
            <td>2</td>
         </tr>
         <tr>
            <td>Marge Simpson</td>
            <td>dospely</td>
            <td>44</td>
         </tr>
         <tr>
            <td>Abraham Simpson</td>
            <td>senior</td>
            <td>81</td>
         </tr>
         <tr>
            <td>Mona Simpson</td>
            <td>senior</td>
            <td>79</td>
         </tr>
         <tr>
            <td colspan="2">Prumer</td>
            <td>39</td>
         </tr>
      </table>
   </body>
</xhtml>