<?xml version="1.0" encoding="UTF-8" standalone="no"?><PaintballAreal>
	<Provozovatel Ic="90576615" nazevFirmy="Paintball game s.r.o">
		<Adresa PSC="16000" cp="5922" mesto="Praha" stat="CR" ulice="Zelena"/>
	</Provozovatel>
	<SeznamHrist>
		
		
		
		
		
		
		
		
		
		
		
		
		
		
		
		
		
		
		
		
	<Hriste id="idAmazon"><Nazev>Amazonia</Nazev><Kapacita>40</Kapacita>
		Rozlehle hriste v zalesnenem terenu, baziny.
		</Hriste><Hriste id="idBlackHawk"><Nazev>Black Hawk Down</Nazev><Kapacita>30</Kapacita>
		Stredne velke hriste ve volnem terenu, stary vrtulnik, drevene budovy.
		</Hriste><Hriste id="idCage"><Nazev>Cage of Fear</Nazev><Kapacita>20</Kapacita>
		Male hriste v otevrenem terenu, umele barikady.
		</Hriste><Hriste id="idChopSue"><Nazev>Chop Sue</Nazev><Kapacita>30</Kapacita>
		Stredne velke hriste v prostredi umele asijske vesnicky.
		</Hriste><Hriste id="idCyber"><Nazev>Cyber Space</Nazev><Kapacita>10</Kapacita>
		Male hriste uvnitr zatemnene budovy, ovladano pocitacem.
		</Hriste><Hriste id="idFactory"><Nazev>Factory</Nazev><Kapacita>30</Kapacita>
		Stredne velke hriste uvnitr a v blizkem okoli byvale tovarny.
		</Hriste><Hriste id="idHamburger"><Nazev>Hamburger Hill</Nazev><Kapacita>60</Kapacita>
		Rozlehle hriste, castecne zalesneny teren, zakopy.
		</Hriste><Hriste id="idNewAmazon"><Nazev>New Amazonia</Nazev><Kapacita>20</Kapacita>
		Male hriste v zalesnenem a bazinatem terenu, doprava transporterem.
		</Hriste><Hriste id="idSmall"><Nazev>Small Woods</Nazev><Kapacita>20</Kapacita>
		Male hriste v zalesnenem terenu, drevene budovy.
		</Hriste><Hriste id="idTank"><Nazev>Tank Woods</Nazev><Kapacita>30</Kapacita>
		Stredne velke hriste v zalesnenem terenu, drevene budovy, stary tank.
		</Hriste></SeznamHrist>
	
	<Zamestnanci>
		<Zamestnanec OP="5162673" e-mail="marnytom@paintball.spielfeld.gotcha.com" idZam="idZam1" pozice="Marshall" vek="20">
			<Jmeno>Tomas</Jmeno>
			<Prijmeni>Marny</Prijmeni>
			<Certifikat>1st Marshall Certificate</Certifikat>
		</Zamestnanec>
		<Zamestnanec OP="6289865" e-mail="smutnyjan@paintball.spielfeld.gotcha.com" idZam="idZam2" pozice="Cleaner" vek="18">
			<Jmeno>Jan</Jmeno>
			<Prijmeni>Smutny</Prijmeni>
		</Zamestnanec>		
		<Zamestnanec OP="85161618" e-mail="stastnykarel@paintball.spielfeld.gotcha.com" idZam="idZam3" pozice="Cleaner" vek="19">
			<Jmeno>Karel</Jmeno>
			<Prijmeni>Stastny</Prijmeni>
			<Certifikat>Absolvent Certifikate</Certifikat>
		</Zamestnanec>
		<Zamestnanec OP="68616258" e-mail="veselyjiri@paintball.spielfeld.gotcha.com" idZam="idZam4" pozice="Marshall" vek="20">
			<Jmeno>Jiri</Jmeno>
			<Prijmeni>Vesely</Prijmeni>
		</Zamestnanec>
		<Zamestnanec OP="846185278" e-mail="novotnykarel@paintball.spielfeld.gotcha.com" idZam="idZam5" pozice="Cleaner" vek="19">
			<Jmeno>Karel</Jmeno>
			<Prijmeni>Novotny</Prijmeni>
		</Zamestnanec>
		<Zamestnanec OP="325644254" e-mail="vomackajiri@paintball.spielfeld.gotcha.com" idZam="idZam6" pozice="Marshall" vek="19">
			<Jmeno>Jiri</Jmeno>
			<Prijmeni>Vomacka</Prijmeni>
		</Zamestnanec>
	</Zamestnanci>
	
	<PusobeniZamestnancu>
		<Rozpis>
			<Datum>20.3.2011</Datum>
			<Marshallove>
				<PusobeniVeHristi hodnoceni="Dobre" hriste="idSmall" marshall="idZam1">
					
				</PusobeniVeHristi>
				<PusobeniVeHristi hriste="idTank" marshall="idZam2"/>
				<PusobeniVeHristi hodnoceni="Dobre" hriste="idTank" marshall="idZam4">
					
				</PusobeniVeHristi>
				<PusobeniVeHristi hodnoceni="Prumerne" hriste="idTank" marshall="idZam6">
					
				</PusobeniVeHristi>
			</Marshallove>
			<OstatniZamestnanci>
				<Cleaneri>
					<PusobeniCleanera hodnoceni="Dobre" pozice="myci stanice" zamestnanec="idZam3">
						
					</PusobeniCleanera>
					<PusobeniCleanera hodnoceni="Prumerne" pozice="deadman zona" zamestnanec="idZam5">
						
					</PusobeniCleanera>
				</Cleaneri>
				<Supervizori>
					<Supervize hriste="idSmall" zamestnanec="idZam1">
						<Prijmeni>Marny</Prijmeni>
					</Supervize>
					<Supervize hriste="idTank" zamestnanec="idZam4">
						<Prijmeni>Vesely</Prijmeni>
					</Supervize>
				</Supervizori>
			</OstatniZamestnanci>
		</Rozpis>
		<Rozpis>
			<Datum>21.3.2011</Datum>
			<Marshallove>
				<PusobeniVeHristi hriste="idSmall" marshall="idZam2"/>
				<PusobeniVeHristi hodnoceni="Dobre" hriste="idSmall" marshall="idZam1">
					
				</PusobeniVeHristi>
			</Marshallove>
			<OstatniZamestnanci>
				<Cleaneri>
					<PusobeniCleanera hodnoceni="Dobre" pozice="myci stanice" zamestnanec="idZam3">
						
						</PusobeniCleanera>
				</Cleaneri>
				<Supervizori>
					<Supervize hriste="idSmall" zamestnanec="idZam4">
						<Prijmeni>Vesely</Prijmeni>
					</Supervize>
				</Supervizori>
			</OstatniZamestnanci>
		</Rozpis>
	</PusobeniZamestnancu>
	
	<Poznamka>
		Zaznam vydan dne <?php echo Date("d/m/Y");	?>.
		<![CDATA[
			<br>
		<b><font color="lightblue">Gotcha paintball areal</font></b>
			<br>
			]]>
	</Poznamka>

</PaintballAreal>