<?xml version="1.0" encoding="UTF-8" standalone="no"?><rezervace><xmlns:zak>http://www.ksi.mff.cuni.cz/zakaznici</xmlns:zak><xmlns>http://www.ksi.mff.cuni.cz/letenky</xmlns>
	<zak:zakaznik><zak:Ic>0123456789</zak:Ic><zak:DIc>cZ0123456789</zak:DIc>
		<zak:nazev>Moje firma a.s.</zak:nazev>
		<zak:adresa>
			<zak:ulice>Malostranske namesti 25</zak:ulice>
			<zak:PSc>118 00</zak:PSc>
			<zak:mesto>Praha 1</zak:mesto>
		</zak:adresa>
		<zak:telefon>+420123456789</zak:telefon>
		<zak:telefon>+420123456789</zak:telefon>
		<zak:telefon>+420123456789</zak:telefon>
	</zak:zakaznik>
	<letenky><xmlns:casy>http://www.ksi.mff.cuni.cz/casy</xmlns:casy>
	 <letenka><id>A48</id>
			<start>SYD</start>
			<cil>LAX</cil>
			<let>OA 815</let>
			<spolecnost>Oceanic Airlines</spolecnost>
			<casy:odlet>
				<casy:datum>22.9.2004</casy:datum>
				<casy:cas>14:15</casy:cas>
			</casy:odlet>
			<casy:prilet>
				<casy:datum>22.9.2004</casy:datum>
				<casy:cas>10:42</casy:cas>
			</casy:prilet>
			<jmeno>Jack Shephard</jmeno>
			<doklad><typ>OP</typ><cislo>4815162342</cislo></doklad>
		</letenka>
		<letenka><id>A15</id>
			<start>SYD</start>
			<cil>LAX</cil>
			<let>OA 815</let>
			<spolecnost>Oceanic Airlines</spolecnost>
			<casy:odlet>
				<casy:datum>22.9.2004</casy:datum>
				<casy:cas>14:15</casy:cas>
			</casy:odlet>
			<casy:prilet>
				<casy:datum>22.9.2004</casy:datum>
				<casy:cas>10:42</casy:cas>
			</casy:prilet>
			<jmeno>Hugo Reyes</jmeno>
			<doklad><typ>Pas</typ><cislo>815162342</cislo></doklad>
			<priority/>
		</letenka>
	</letenky>
	<zprava>
	O jak? typ letadla jde v pripade letenek <ref><id>A15</id>1</ref> a <ref><id>A48</id>2</ref>? Je to Boeing 777?
	</zprava>
</rezervace>