<html>
   <head>
      <meta http-equiv="Content-Type" content="text/html; charset=UTF-8">
      <title>Vitezove zavodu</title>
   </head>
   <body>
      <table>
         <tr>
            <td>Datum zavodu</td>
            <td>Misto zavodu</td>
            <td>Vitez hlavni kategorie</td>
         </tr>
         <tr>
            <td>26.03.2011</td>
            <td>Prostejov</td>
            <td>
               <jmeno>Ivan Frajer</jmeno>
            </td>
         </tr>
         <tr>
            <td>27.03.2011</td>
            <td>Boskovice</td>
            <td>NA</td>
         </tr>
         <tr>
            <td>14.05.2011</td>
            <td>Kostelec nad Orlici</td>
            <td>NA</td>
         </tr>
         <tr>
            <td>20.06.2011</td>
            <td>Potstejn</td>
            <td>
               <jmeno>Vaclav Vydra</jmeno>
            </td>
         </tr>
      </table>
   </body>
</html>