<html>
   <head>
      <meta http-equiv="Content-Type" content="text/html; charset=UTF-8">
      <title>Nejvice Filmu u zakaznika</title>
   </head>
   <body>
      <h1>Zakaznik</h1>
      <table>
         <tr>
            <td>Jan</td>
            <td>Kubat</td>
            <td>2</td>
         </tr>
         <tr>
            <td>Ondrej</td>
            <td>Novak</td>
            <td>1</td>
         </tr>
         <tr>
            <td>Petr</td>
            <td>Pan</td>
            <td>zadny</td>
         </tr>
      </table>
   </body>
</html>