<html>
   <head>
      <meta http-equiv="Content-Type" content="text/html; charset=UTF-8">
      <title>Vypujcene filmy</title>
   </head>
   <body>
      <h1>Seznam vypujcenych filmu</h1>
      <table>
         <tr>
            <td>Rychlí a zběsilý</td>
            <td>Jan</td>
            <td>Kubat</td>
         </tr>
         <tr>
            <td>Rychlí a zběsilý</td>
            <td>Ondrej</td>
            <td>Novak</td>
         </tr>
         <tr>
            <td>Transformers</td>
            <td>Jan</td>
            <td>Kubat</td>
         </tr>
      </table>
   </body>
</html>