<html>
   <head>
      <meta http-equiv="Content-Type" content="text/html; charset=UTF-8">
      <title>Sestava tymu</title>
   </head>
   <body>
      <ul>
         <li><b>Kozacik</b></li>
         <li>Reznik</li>
         <li>Cisovsky</li>
         <li>Prochazka</li>
         <li>Limbersky</li>
         <li>Horvath</li>
         <li>Rajtoral</li>
         <li>Kolar</li>
         <li>Kovarik</li>
         <li>Tecl</li>
         <li>Bakos</li>
         <li><b>Vaclik</b></li>
         <li>Zapotocny</li>
         <li>Svejdik</li>
         <li>Holek</li>
         <li>Pamic</li>
         <li>Kadlec</li>
         <li>Vacha</li>
         <li>Matejovsky</li>
         <li>Krejci</li>
         <li>Kweuke</li>
         <li>Lafata</li>
         <li><b>Contofalsky</b></li>
         <li>Nitriansky</li>
         <li>Bortel</li>
         <li>Dobrotka</li>
         <li>Juhar</li>
         <li>Vosahlik</li>
         <li>Gecov</li>
         <li>Petrak</li>
         <li>Zmrhal</li>
         <li>Skutka</li>
         <li>Fenin</li>
         <li><b>Barta</b></li>
         <li>Frydrych</li>
         <li>Vomacka</li>
         <li>Kapralik</li>
         <li>Stary</li>
         <li>Fantis</li>
         <li>Droppa</li>
         <li>Hable</li>
         <li>Kukec</li>
         <li>Milosavljev</li>
         <li>Baros</li>
      </ul>
   </body>
</html>