<?xml version="1.0" encoding="UTF-8"?>
<team>
   <full_name>Viktoria Plzen</full_name>
   <goal_minutes>
      <minute>1
</minute>
      <minute>5
</minute>
      <minute>10
</minute>
      <minute>12
</minute>
      <minute>20
</minute>
      <minute>26
</minute>
      <minute>27
</minute>
      <minute>30
</minute>
      <minute>34
</minute>
      <minute>39
</minute>
      <minute>45
</minute>
      <minute>46
</minute>
      <minute>47
</minute>
      <minute>53
</minute>
      <minute>57
</minute>
      <minute>61
</minute>
      <minute>62
</minute>
      <minute>69
</minute>
      <minute>75
</minute>
      <minute>77
</minute>
      <minute>84
</minute>
      <minute>88
</minute>
      <minute>89
</minute>
      <minute>90
</minute>
   </goal_minutes>
</team>
<team>
   <full_name>Sparta Praha</full_name>
   <goal_minutes>
      <minute>60
</minute>
      <minute>70
</minute>
      <minute>88
</minute>
   </goal_minutes>
</team>
<team>
   <full_name>Slavia Praha</full_name>
   <goal_minutes>
      <minute>10
</minute>
      <minute>59
</minute>
      <minute>60
</minute>
      <minute>64
</minute>
   </goal_minutes>
</team>
<team>
   <full_name>Banik Ostrava</full_name>
   <goal_minutes>
      <minute>5
</minute>
      <minute>17
</minute>
      <minute>82
</minute>
      <minute>89
</minute>
      <minute>90
</minute>
   </goal_minutes>
</team>