<?xml version="1.0" encoding="UTF-8"?>
<coach>
   <name>Pavel</name>
   <surname>Vrba</surname>
   <age>60</age>
   <color>blue</color>
   <friends>
      <friend>Lavicka</friend>
   </friends>
</coach>
<coach>
   <name>Vitezslav</name>
   <surname>Lavicka</surname>
   <age>49</age>
   <color>green</color>
   <friends>
      <friend>Rada</friend>
   </friends>
</coach>
<coach>
   <name>Petr</name>
   <surname>Rada</surname>
   <age>54</age>
   <color>red</color>
   <friends>
      <friend>Pulpit</friend>
   </friends>
</coach>
<coach>
   <name>Martin</name>
   <surname>Pulpit</surname>
   <age>46</age>
   <color>blue</color>
   <friends>
      <friend/>
   </friends>
</coach>