<?xml version="1.0" encoding="UTF-8"?>
<out>
   <coach>
      <name>Pavel</name>
      <surname>Vrba</surname>
      <friends>
         <friend>Lavicka</friend>
         <friend>Rada</friend>
         <friend>Pulpit</friend>
         <friend/>
      </friends>
   </coach>
   <coach>
      <name>Vitezslav</name>
      <surname>Lavicka</surname>
      <friends>
         <friend>Rada</friend>
         <friend>Pulpit</friend>
         <friend/>
      </friends>
   </coach>
   <coach>
      <name>Petr</name>
      <surname>Rada</surname>
      <friends>
         <friend>Pulpit</friend>
         <friend/>
      </friends>
   </coach>
   <coach>
      <name>Martin</name>
      <surname>Pulpit</surname>
      <friends>
         <friend/>
      </friends>
   </coach>
</out>