<html>
   <head>
      <meta http-equiv="Content-Type" content="text/html; charset=UTF-8">
      <title>Zamestnanci</title>
   </head>
   <body>
      <table>
         <tr>
            <td>B_Z01</td>
            <td>Pavol Bass</td>
         </tr>
         <tr>
            <td>B_Z02</td>
            <td>Zuzana Violová</td>
         </tr>
         <tr>
            <td>C_Z01</td>
            <td>Jozef Trubadúr</td>
         </tr>
         <tr>
            <td>C_Z02</td>
            <td>Daniela Trumpetová</td>
         </tr>
         <tr>
            <td>C_Z03</td>
            <td>Peter Bass</td>
         </tr>
      </table>
   </body>
</html>