<?xml version="1.0" encoding="UTF-8"?>
<result>
   <reservation id="res4" cust-id="cust3" branch-id="b2" price-class="A" bike-type="freestyle">
			   <rental-code>44545</rental-code>
			   <pick-up-time>2014-03-14T08:00:00</pick-up-time>
			   <return-time>2014-03-18T12:00:00</return-time>
			   <paid-before/>
			   <identity-card-number>786454545411</identity-card-number>
			   <bike-reg-number>12787878</bike-reg-number>
			   <bike-maker>Author</bike-maker>
			   <derailleur/>
			   <price>4000</price>
		</reservation>
</result>