<html>
   <head>
      <meta http-equiv="Content-Type" content="text/html; charset=UTF-8">
   </head>
   <body>
      <table>
         <thead>
            <tr>
               <th>Customer name</th>
               <th>Total reservation price</th>
            </tr>
         </thead>
         <tbody>
            <tr>
               <td>
                  <name>Cameron Diaz</name>
               </td>
               <td>7700</td>
            </tr>
            <tr>
               <td>
                  <name>Adam Sandler</name>
               </td>
               <td>2700</td>
            </tr>
            <tr>
               <td>
                  <name>Burt Reynolds</name>
               </td>
               <td>2000</td>
            </tr>
         </tbody>
      </table>
   </body>
</html>