<?xml version="1.0" encoding="utf-8" standalone="no"?><database>
  <album name="a1">
    <photo>
      <description>Sunset over Vltava Copyright David Nohejl Photography, all rights reserved</description>
      <taken>
        <camera lens="lens1" model="cam1"/>
        <date>
          <day>1</day>
          <month>1</month>
          <year>2010</year>
        </date>        
        <photographer>Pepa Novak</photographer>        
        <tripod used="no"/>        
        <resolution>
          <pixelHeight>5184</pixelHeight>
          <pixelWidth>3456</pixelWidth>
        </resolution>
        <iso>800</iso>
        <focalLenght>40</focalLenght>
        <exposureComp>0</exposureComp>
        <comment>
          Easy to get there by bus. <a href="dpp.cz">DP Praha</a>
        </comment>
        <gps latitude="12.54878785454" longitude="45.12487845"/>
      </taken>
      <edit>
        <app name="DPP"/>
        <app name="Paint.net"/>
      </edit>
      <path>/images/sunset.jpg</path>
      <size>11511944</size>
      <hash><?hashgen /img/sunset.jpg ?></hash>
      <thumbnail>
        <![CDATA[
          *(&*%HUFJF&U%(yughhit>8;647656$%@#@%&*&()(IYR%^$#$&*(**&*(
        ]]>
      </thumbnail>
    </photo>
     <photo>
      <description>Sunset over Vltava Copyright David Nohejl Photography, all rights reserved</description>
      <taken>
        <camera lens="lens1" model="cam1"/>
        <date>
          <day>1</day>
          <month>1</month>
          <year>2010</year>
        </date>        
        <photographer>Pepa Novak</photographer>        
        <tripod used="yes"/>        
        <resolution>
          <pixelHeight>5184</pixelHeight>
          <pixelWidth>3456</pixelWidth>
        </resolution>
        <iso>100</iso>
        <focalLenght>40</focalLenght>
        <exposureComp>0</exposureComp>
        <comment>
          Easy to get there by bus. <a href="dpp.cz">DP Praha</a>
        </comment>
        <gps latitude="12.54878785454" longitude="45.12487845"/>
      </taken>
      <edit>
        <app name="DPP"/>
        <app name="Paint.net"/>
      </edit>
      <path>/images/sunset.jpg</path>
      <size>11511944</size>
      <hash><?hashgen /img/sunset.jpg ?></hash>
      <thumbnail>
        <![CDATA[
          *(&*%HUFJF&U%(yughhit>8;647656$%@#@%&*&()(IYR%^$#$&*(**&*(
        ]]>
      </thumbnail>
    </photo>
     <photo>
      <description>Sunset over Vltava Copyright David Nohejl Photography, all rights reserved</description>
      <taken>
        <camera lens="lens1" model="cam1"/>
        <date>
          <day>1</day>
          <month>1</month>
          <year>2010</year>
        </date>        
        <photographer>Pepa Novak</photographer>        
        <tripod used="yes"/>        
        <resolution>
          <pixelHeight>5184</pixelHeight>
          <pixelWidth>3456</pixelWidth>
        </resolution>
        <iso>100</iso>
        <focalLenght>40</focalLenght>
        <exposureComp>0</exposureComp>
        <comment>
          Easy to get there by bus. <a href="dpp.cz">DP Praha</a>
        </comment>
        <gps latitude="12.54878785454" longitude="45.12487845"/>
      </taken>
      <edit>
        <app name="DPP"/>
        <app name="Paint.net"/>
      </edit>
      <path>/images/sunset.jpg</path>
      <size>11511944</size>
      <hash><?hashgen /img/sunset.jpg ?></hash>
      <thumbnail>
        <![CDATA[
          *(&*%HUFJF&U%(yughhit>8;647656$%@#@%&*&()(IYR%^$#$&*(**&*(
        ]]>
      </thumbnail>
    </photo>

     <photo>
      <description>Sunset over Vltava Copyright David Nohejl Photography, all rights reserved</description>
      <taken>
        <camera lens="lens1" model="cam1"/>
        <date>
          <day>1</day>
          <month>1</month>
          <year>2010</year>
        </date>        
        <photographer>Pepa Novak</photographer>        
        <tripod used="yes"/>        
        <resolution>
          <pixelHeight>5184</pixelHeight>
          <pixelWidth>3456</pixelWidth>
        </resolution>
        <iso>100</iso>
        <focalLenght>40</focalLenght>
        <exposureComp>0</exposureComp>
        <comment>
          Easy to get there by bus. <a href="dpp.cz">DP Praha</a>
        </comment>
        <gps latitude="12.54878785454" longitude="45.12487845"/>
      </taken>
      <edit>
        <app name="DPP"/>
        <app name="Paint.net"/>
      </edit>
      <path>/images/sunset.jpg</path>
      <size>11511944</size>
      <hash><?hashgen /img/sunset.jpg ?></hash>
      <thumbnail>
        <![CDATA[
          *(&*%HUFJF&U%(yughhit>8;647656$%@#@%&*&()(IYR%^$#$&*(**&*(
        ]]>
      </thumbnail>
    </photo>
    
         <photo>
      <description>Sunset over Vltava Copyright David Nohejl Photography, all rights reserved</description>
      <taken>
        <camera lens="lens1" model="cam1"/>
        <date>
          <day>1</day>
          <month>1</month>
          <year>2010</year>
        </date>        
        <photographer>Pepa Novak</photographer>        
        <tripod used="no"/>        
        <resolution>
          <pixelHeight>5184</pixelHeight>
          <pixelWidth>3456</pixelWidth>
        </resolution>
        <iso>800</iso>
        <focalLenght>40</focalLenght>
        <exposureComp>0</exposureComp>
        <comment>
          Easy to get there by bus. <a href="http://dpp.cz">DP Praha</a>
        </comment>
        <gps latitude="12.54878785454" longitude="45.12487845"/>
      </taken>
      <edit>
        <app name="DPP"/>
        <app name="Paint.net"/>
      </edit>
      <path>/images/sunset.jpg</path>
      <size>11511944</size>
      <hash><?hashgen /img/sunset.jpg ?></hash>
      <thumbnail>
        <![CDATA[
          *(&*%HUFJF&U%(yughhit>8;647656$%@#@%&*&()(IYR%^$#$&*(**&*(
        ]]>
      </thumbnail>
    </photo>
  </album>
  <cameraCollection>
    <body comment="Great quality" id="cam1" manufacturer="Canon" model="EOS 550D"/>
    <body comment="Very portable" id="cam2" manufacturer="Sony" model="DSC-"/>
  </cameraCollection>
  <lensCollection>
    <lens id="lens1" manufacturer="Canon" model="18-55mm IS"/>
  </lensCollection>
  <flashesCollection>
    <flash id="flash1" manufacturer="Canon" model="builtin"/>
  </flashesCollection>
</database>