<?xml version="1.0" encoding="UTF-8"?>
<rekurze>
   <sbirkaFilmu>
      <nazev>
					    <originalni>Avatar</originalni>
				  </nazev>
      <nazev>
					    <cesky>Kmotr</cesky>
					    <originalni>Godfather, The</originalni>
				  </nazev>
      <nazevFilmu/>
   </sbirkaFilmu>
   <sbirkaFilmu>
      <nazev>
					    <originalni>Avatar</originalni>
				  </nazev>
      <nazev>
					    <cesky>Kmotr</cesky>
					    <originalni>Godfather, The</originalni>
				  </nazev>
      <nazevFilmu/>
   </sbirkaFilmu>
</rekurze>