<?xml version="1.0" encoding="UTF-8"?>
<departments>
   <department nazev="Manufacturing">
      <name>Peter Berg</name>
      <employee>
         <name>Martin Owen</name>
      </employee>
   </department>
   <department nazev="PR">
      <name>Lucy Sheen</name>
      <employee>
         <name>Carl Banks</name>
         <name>Philip Stein</name>
      </employee>
   </department>
   <employee>Martin   Smith</employee>
   <employee>John   Smith</employee>
   <employee>Peter   Brown</employee>
   <employee>Arthur   Taylor</employee>
</departments>