<html>
<head>
<META http-equiv="Content-Type" content="text/html; charset=UTF-8">
<title>Sprava ciselniku</title>
</head>
<body>
<h1>entity_country_code</h1>
<table>
<tr>
<th>iso_code</th><th>country</th><th>description</th>
</tr>
<tr>
<td><a name="iso_code_CZE">CZE</a></td><td>CZECH REPUBLIC</td><td></td>
</tr>
<tr>
<td><a name="iso_code_USA">USA</a></td><td>UNITED STATES OF AMERICA AND THE REPUBLIC FOR WHICH IT STANDS</td><td></td>
</tr>
</table>
<h1>entity_2char_country_code</h1>
<table>
<tr>
<th>iso_2cc</th><th>iso_code</th>
</tr>
<tr>
<td><a name="iso_2cc_CZ">CZ</a></td><td><a href="#iso_code_CZE">CZE</a></td>
</tr>
<tr>
<td><a name="iso_2cc_US">US</a></td><td><a href="#iso_code_USA">USA</a></td>
</tr>
</table>
<h1>entity_city</h1>
<table>
<tr>
<th>city_id</th><th>city</th><th>population</th><th>iso_code</th><th>remark</th>
</tr>
<tr>
<td><a name="city_id_1">1</a></td><td>VALASSKE MEZIRICI</td><td>49125</td><td><a href="#iso_code_CZE">CZE</a></td><td></td>
</tr>
<tr>
<td><a name="city_id_2">2</a></td><td>PRAHA</td><td>1203235</td><td><a href="#iso_code_CZE">CZE</a></td><td></td>
</tr>
</table>
<h1>entity_airport</h1>
<table>
<tr>
<th>airport_id</th><th>city_id</th><th>iata_code</th><th>airport_name</th>
</tr>
<tr>
<td><a name="airport_id_11253226">11253226</a></td><td><a href="#city_id_2">2</a></td><td>PRG</td><td>Ruzyne</td>
</tr>
</table>
<h1>entity_phone_prefix</h1>
<table>
<tr>
<th>iso_2cc</th><th>phone_prefix</th><th>comment</th>
</tr>
<tr>
<td><a href="#iso_2cc_CZ">CZ</a></td><td>420</td><td></td>
</tr>
<tr>
<td><a href="#iso_2cc_US">US</a></td><td>1201</td><td>New Jersey (Hackensack, Jersey City, Hoboken, Bayonne, Ridgewood, Union City, Teaneck, New Milford, and most of northeastern New Jersey)</td>
</tr>
<tr>
<td><a href="#iso_2cc_US">US</a></td><td>1205</td><td>Alabama (Birmingham; Tuscaloosa, and parts of western and central Alabama); Originally covered all of Alabama; split to create </td>
</tr>
<tr>
<td><a href="#iso_2cc_US">US</a></td><td>1334</td><td>Alabama (Montgomery, Auburn, Dothan, Enterprise, Eufaula, Opelika, Phenix City, Selma, Tuskegee and most of southeastern Alabama)</td>
</tr>
<tr>
<td><a href="#iso_2cc_US">US</a></td><td>1256</td><td>Alabama (Huntsville, Decatur, Cullman, Gadsden, Madison, Florence, Sheffield, Tuscumbia, Fort Payne, Scottsboro, and most of northern Alabama)</td>
</tr>
<tr>
<td><a href="#iso_2cc_US">US</a></td><td>1203</td><td>Connecticut (Bridgeport, Danbury, New Haven, Waterbury, and southwestern Connecticut); Originally covered all of Connecticut; split in 1995 to create 860.Overlain by 475 in December 2009.</td>
</tr>
<tr>
<td><a href="#iso_2cc_US">US</a></td><td>1302</td><td>Delaware (all)</td>
</tr>
<tr>
<td><a href="#iso_2cc_US">US</a></td><td>1307</td><td>Wyoming (all)</td>
</tr>
<tr>
<td><a href="#iso_2cc_US">US</a></td><td>1385</td><td>Utah; Overlain on 801 in 2009.</td>
</tr>
<tr>
<td><a href="#iso_2cc_US">US</a></td><td>1401</td><td>Rhode Island (all)</td>
</tr>
<tr>
<td><a href="#iso_2cc_US">US</a></td><td>1406</td><td>Montana (all)</td>
</tr>
<tr>
<td><a href="#iso_2cc_US">US</a></td><td>1413</td><td>Massachusetts (Springfield, Pittsfield, Holyoke, Greenfield, and most of Western Massachusetts)</td>
</tr>
<tr>
<td><a href="#iso_2cc_US">US</a></td><td>1518</td><td>New York State (Albany, Schenectady, Plattsburgh, Saranac Lake, Lake George, Westport, and most of northeastern New York State)</td>
</tr>
<tr>
<td><a href="#iso_2cc_US">US</a></td><td>1609</td><td>
			New Jersey (Trenton, Atlantic City, Princeton, and most of central &amp; southeastern New Jersey); Created in 1958 by split from </td>
</tr>
</table>
</body>
</html>
