<?xml version="1.0" encoding="UTF-8"?>
<uzivatelske-recenze>
  <recenze>
      <notebook>
         <znacka>Acer</znacka>
         <model>Aspire 5349-B812G32Mnkk</model>
      </notebook>
      <text>
      
        Super notebook za tu cenu, doporucuji vsem!
      
    </text>
      <hodnoceni>1</hodnoceni>
  </recenze>
  <recenze>
      <notebook>
         <znacka>HP</znacka>
         <model>EliteBook 8560w</model>
      </notebook>
      <text>
      
        Mame ho v praci, opravdu vykonna masina.
      
    </text>
      <hodnoceni>2</hodnoceni>
  </recenze>
  <recenze>
      <notebook>
         <znacka>Lenovo</znacka>
         <model>IdeaPad Y570</model>
      </notebook>
      <text>
      
        Kvalita jako vzdy od Lenova.
      
    </text>
      <hodnoceni>1</hodnoceni>
  </recenze>
  <recenze>
      <notebook>
         <znacka>Acer</znacka>
         <model>Aspire 5349-B812G32Mnkk</model>
      </notebook>
      <text>
      
        Priserna kvalita, uplne na nic, dvakrat mi behem prvniho roku prasklo sasi...
      
    </text>
      <hodnoceni>5</hodnoceni>
  </recenze>
</uzivatelske-recenze>