<?xml version="1.0" encoding="UTF-8"?>
<notebook>
   <znacka>Lenovo</znacka>
   <model>IdeaPad Y570</model>
   <recenze>
      <text>
      
        Kvalita jako vzdy od Lenova.
      
    </text>
      <znamka>1</znamka>
   </recenze>
</notebook>
<notebook>
   <znacka>HP</znacka>
   <model>EliteBook 8560w</model>
   <recenze>
      <text>
      
        Mame ho v praci, opravdu vykonna masina.
      
    </text>
      <znamka>2</znamka>
   </recenze>
</notebook>
<notebook>
   <znacka>Acer</znacka>
   <model>Aspire 5349-B812G32Mnkk</model>
   <recenze>
      <text>
      
        Super notebook za tu cenu, doporucuji vsem!
      
    </text>
      <znamka>1</znamka>
   </recenze>
   <recenze>
      <text>
      
        Priserna kvalita, uplne na prd, dvakrat mi behem prvniho roku prasklo sasi...
      
    </text>
      <znamka>5</znamka>
   </recenze>
</notebook>