<?xml version="1.0" encoding="UTF-8"?><html xmlns="http://www.w3.org/1999/xhtml" xml:lang="cs">
   <head>
      <meta http-equiv="Content-Type" content="text/html; charset=UTF-8" />
      <title>Karel Matternich - otcovska linie</title>
   </head>
   <body>
      <h2>Otcove</h2>
      <table border="1px">
         <tr>
            <td>jmeno</td>
            <td>prijmeni</td>
         </tr>
         <tr>
            <td>Jakub</td>
            <td>Matternich</td>
         </tr>
         <tr>
            <td>Vilem</td>
            <td>Matternich</td>
         </tr>
         <tr>
            <td>Josef</td>
            <td>Matternich</td>
         </tr>
         <tr>
            <td>Franz</td>
            <td>Matternich</td>
         </tr>
      </table>
   </body>
</html>