<?xml version="1.0" encoding="UTF-8"?>
<deti_urozenych>
   <osoba pohlavi="muz" id="o10">
      <jmeno>Josef</jmeno>
      <prijmeni>Matternich</prijmeni>
      <stav>hrabě</stav>
      <titul>aus Říčany</titul>
      <dedicna_prava>titul na syna</dedicna_prava>
      <rodice>
         <matka id="o11"/>
         <otec id="o12"/>
      </rodice>
      <datum_narozeni>
         <den>19</den>
         <mesic>1</mesic>
         <rok>1636</rok>
      </datum_narozeni>
      <datum_umrti>
         <den>3</den>
         <mesic>12</mesic>
         <rok>1699</rok>
      </datum_umrti>
   </osoba>
   <osoba id="o7" pohlavi="muz">
      <jmeno>Vilem</jmeno>
      <prijmeni>Matternich</prijmeni>
      <titul>aus Říčany</titul>
      <dedicna_prava>titul na syna</dedicna_prava>
      <rodice>
         <matka id="o9"/>
         <otec id="o10"/>
      </rodice>
      <datum_narozeni>
         <den>7</den>
         <mesic>12</mesic>
         <rok>1655</rok>
      </datum_narozeni>
      <datum_umrti>
         <den>8</den>
         <mesic>12</mesic>
         <rok>1696</rok>
      </datum_umrti>
   </osoba>
   <osoba pohlavi="zena" id="o13">
      <jmeno>Dana</jmeno>
      <prijmeni>Matternichova</prijmeni>
      <rodice>
         <matka id="o8"/>
         <otec id="o7"/>
      </rodice>
      <datum_narozeni>
         <den>21</den>
         <mesic>2</mesic>
         <rok>1680</rok>
      </datum_narozeni>
      <datum_umrti>
         <den>5</den>
         <mesic>11</mesic>
         <rok>1685</rok>
      </datum_umrti>
   </osoba>
   <osoba pohlavi="zena" id="o14">
      <jmeno>Jana</jmeno>
      <prijmeni>Matternichova</prijmeni>
      <rodice>
         <matka id="o8"/>
         <otec id="o7"/>
      </rodice>
      <datum_narozeni>
         <den>28</den>
         <mesic>6</mesic>
         <rok>1682</rok>
      </datum_narozeni>
      <datum_umrti>
         <den>18</den>
         <mesic>10</mesic>
         <rok>1685</rok>
      </datum_umrti>
   </osoba>
   <osoba pohlavi="muz" id="o15">
      <jmeno>Jakub</jmeno>
      <prijmeni>Matternich</prijmeni>
      <titul>aus Říčany</titul>
      <dedicna_prava>titul na syna</dedicna_prava>
      <rodice>
         <matka id="o8"/>
         <otec id="o7"/>
      </rodice>
      <datum_narozeni>
         <den>9</den>
         <mesic>7</mesic>
         <rok>1686</rok>
      </datum_narozeni>
      <datum_umrti>
         <den>15</den>
         <mesic>7</mesic>
         <rok>1739</rok>
      </datum_umrti>
   </osoba>
   <osoba pohlavi="muz" id="o17">
      <jmeno>Karel</jmeno>
      <prijmeni>Matternich</prijmeni>
      <titul>aus Říčany</titul>
      <dedicna_prava>titul na syna</dedicna_prava>
      <rodice>
         <matka id="o16"/>
         <otec id="o15"/>
      </rodice>
      <datum_narozeni>
         <den>29</den>
         <mesic>2</mesic>
         <rok>1712</rok>
      </datum_narozeni>
      <datum_umrti>
         <den>29</den>
         <mesic>2</mesic>
         <rok>1772</rok>
      </datum_umrti>
   </osoba>
</deti_urozenych>