<?xml version="1.0" encoding="UTF-8"?>
<accTypes>
   <accType name="classic">
      <account>
         <balance>12500</balance>
         <currency currency="USD"/>
         <premium name="client_001_a0">This is a premium account, there are 12 transactions.</premium>
         <big_transactions>This account made some BIG transactions ! Average amount is 5766.666666666667</big_transactions>
         <big_amounts>This account made A LOT transactions ! Total amount is 69200</big_amounts>
      </account>
      <account>
         <balance>5000</balance>
         <currency currency="EUR"/>
         <classic name="client_001_a0_s0">This is classic account, there are 2 transactions only.</classic>
      </account>
   </accType>
   <accType name="saveUp">
      <account>
         <balance>25780</balance>
         <currency currency="USD"/>
         <premium name="client_001_a1">This is a premium account, there are 13 transactions.</premium>
         <big_transactions>This account made some BIG transactions ! Average amount is 6153.846153846154</big_transactions>
         <big_amounts>This account made A LOT transactions ! Total amount is 80000</big_amounts>
      </account>
      <account>
         <balance>50000</balance>
         <currency currency="EUR"/>
         <classic name="client_001_a1_s0">This is classic account, there are 1 transactions only.</classic>
         <big_transactions>This account made some BIG transactions ! Average amount is 10000</big_transactions>
      </account>
   </accType>
</accTypes>