<html>
   <head>
      <meta http-equiv="Content-Type" content="text/html; charset=UTF-8">
      <title>Simple HTML output</title>
   </head>
   <body>
      <div id="main">
         <h1>Accounts and transactions</h1>
         <table border="1">
            <tr>
               <th>Account ID: client_001_a0</th>
               <th>Account type: classic</th>
            </tr>
            <tr>
               <td>Trans ID: client_001_a0_t0</td>
               <td>From acc: client_001_a0</td>
               <td>To acc: client_001_a1</td>
               <td>Trans type: disburse</td>
               <td>Amount: 2500</td>
            </tr>
            <tr>
               <td>Trans ID: client_001_a0_t1</td>
               <td>From acc: client_001_a0</td>
               <td>To acc: client_001_a1</td>
               <td>Trans type: income</td>
               <td>Amount: 2500</td>
            </tr>
            <tr>
               <td>Trans ID: client_001_a0_t10</td>
               <td>From acc: client_001_a0</td>
               <td>To acc: client_001_a1</td>
               <td>Trans type: disburse</td>
               <td>Amount: 200</td>
            </tr>
            <tr>
               <td>Trans ID: client_001_a0_t11</td>
               <td>From acc: client_001_a0</td>
               <td>To acc: client_001_a1</td>
               <td>Trans type: income</td>
               <td>Amount: 200</td>
            </tr>
            <tr>
               <td>Trans ID: client_001_a0_t8</td>
               <td>From acc: client_001_a0</td>
               <td>To acc: client_001_a1</td>
               <td>Trans type: disburse</td>
               <td>Amount: 20</td>
            </tr>
            <tr>
               <td>Trans ID: client_001_a0_t9</td>
               <td>From acc: client_001_a0</td>
               <td>To acc: client_001_a1</td>
               <td>Trans type: income</td>
               <td>Amount: 20</td>
            </tr>
            <tr>
               <td>Trans ID: client_001_a0_t18</td>
               <td>From acc: client_001_a0</td>
               <td>To acc: client_001_a1</td>
               <td>Trans type: disburse</td>
               <td>Amount: 17000</td>
            </tr>
            <tr>
               <td>Trans ID: client_001_a0_t19</td>
               <td>From acc: client_001_a0</td>
               <td>To acc: client_001_a1</td>
               <td>Trans type: income</td>
               <td>Amount: 17000</td>
            </tr>
            <tr>
               <td>Trans ID: client_001_a0_t20</td>
               <td>From acc: client_001_a0</td>
               <td>To acc: client_001_a1</td>
               <td>Trans type: disburse</td>
               <td>Amount: 10780</td>
            </tr>
            <tr>
               <td>Trans ID: client_001_a0_t21</td>
               <td>From acc: client_001_a0</td>
               <td>To acc: client_001_a1</td>
               <td>Trans type: income</td>
               <td>Amount: 10780</td>
            </tr>
            <tr>
               <td>Trans ID: client_001_a0_t6</td>
               <td>From acc: client_001_a0</td>
               <td>To acc: client_001_a1</td>
               <td>Trans type: disburse</td>
               <td>Amount: 10000</td>
            </tr>
            <tr>
               <td>Trans ID: client_001_a0_t7</td>
               <td>From acc: client_001_a0</td>
               <td>To acc: client_001_a1</td>
               <td>Trans type: income</td>
               <td>Amount: 10000</td>
            </tr>
            <tr>
               <td>User has 6 incomes in this acc.</td>
               <td>User has 6 disburses in this acc.</td>
            </tr>
         </table>
         <table border="1">
            <tr>
               <th>Account ID: client_001_a0_s0</th>
               <th>Account type: classic</th>
            </tr>
            <tr>
               <td>Trans ID: client_001_a0_s0_t1</td>
               <td>From acc: client_001_a0_s0</td>
               <td>To acc: client_001_a0</td>
               <td>Trans type: income</td>
               <td>Amount: 200</td>
            </tr>
            <tr>
               <td>Trans ID: client_001_a0_s0_t0</td>
               <td>From acc: client_001_a0_s0</td>
               <td>To acc: client_001_a0</td>
               <td>Trans type: disburse</td>
               <td>Amount: 200</td>
            </tr>
            <tr>
               <td>Trans ID: client_001_a0_s0_t2</td>
               <td>From acc: client_001_a0_s0</td>
               <td>To acc: client_001_a1</td>
               <td>Trans type: disburse</td>
               <td>Amount: 1000</td>
            </tr>
            <tr>
               <td>Trans ID: client_001_a0_s0_t3</td>
               <td>From acc: client_001_a0_s0</td>
               <td>To acc: client_001_a1</td>
               <td>Trans type: income</td>
               <td>Amount: 1000</td>
            </tr>
            <tr>
               <td>User has 2 incomes in this acc.</td>
               <td>User has 2 disburses in this acc.</td>
            </tr>
         </table>
         <table border="1">
            <tr>
               <th>Account ID: client_001_a1</th>
               <th>Account type: saveUp</th>
            </tr>
            <tr>
               <td>Trans ID: client_001_a0_t2</td>
               <td>From acc: client_001_a1</td>
               <td>To acc: client_001_a0</td>
               <td>Trans type: income</td>
               <td>Amount: 5000</td>
            </tr>
            <tr>
               <td>Trans ID: client_001_a0_t3</td>
               <td>From acc: client_001_a1</td>
               <td>To acc: client_001_a0</td>
               <td>Trans type: disburse</td>
               <td>Amount: 5000</td>
            </tr>
            <tr>
               <td>Trans ID: client_001_a0_t4</td>
               <td>From acc: client_001_a1</td>
               <td>To acc: client_001_a0</td>
               <td>Trans type: income</td>
               <td>Amount: 500</td>
            </tr>
            <tr>
               <td>Trans ID: client_001_a0_t5</td>
               <td>From acc: client_001_a1</td>
               <td>To acc: client_001_a0</td>
               <td>Trans type: disburse</td>
               <td>Amount: 500</td>
            </tr>
            <tr>
               <td>Trans ID: client_001_a0_t12</td>
               <td>From acc: client_001_a1</td>
               <td>To acc: client_001_a0</td>
               <td>Trans type: income</td>
               <td>Amount: 3000</td>
            </tr>
            <tr>
               <td>Trans ID: client_001_a0_t13</td>
               <td>From acc: client_001_a1</td>
               <td>To acc: client_001_a0</td>
               <td>Trans type: disburse</td>
               <td>Amount: 3000</td>
            </tr>
            <tr>
               <td>Trans ID: client_001_a0_t14</td>
               <td>From acc: client_001_a1</td>
               <td>To acc: client_001_a0</td>
               <td>Trans type: income</td>
               <td>Amount: 10000</td>
            </tr>
            <tr>
               <td>Trans ID: client_001_a0_t16</td>
               <td>From acc: client_001_a1</td>
               <td>To acc: client_001_a0</td>
               <td>Trans type: income</td>
               <td>Amount: 10000</td>
            </tr>
            <tr>
               <td>Trans ID: client_001_a0_t15</td>
               <td>From acc: client_001_a1</td>
               <td>To acc: client_001_a0</td>
               <td>Trans type: disburse</td>
               <td>Amount: 10000</td>
            </tr>
            <tr>
               <td>Trans ID: client_001_a0_t17</td>
               <td>From acc: client_001_a1</td>
               <td>To acc: client_001_a0</td>
               <td>Trans type: disburse</td>
               <td>Amount: 10000</td>
            </tr>
            <tr>
               <td>Trans ID: client_001_a1_s0_t1</td>
               <td>From acc: client_001_a1</td>
               <td>To acc: client_001_a1_s0</td>
               <td>Trans type: disburse</td>
               <td>Amount: 10000</td>
            </tr>
            <tr>
               <td>Trans ID: client_001_a1_s0_t0</td>
               <td>From acc: client_001_a1</td>
               <td>To acc: client_001_a1_s0</td>
               <td>Trans type: income</td>
               <td>Amount: 10000</td>
            </tr>
            <tr>
               <td>User has 6 incomes in this acc.</td>
               <td>User has 6 disburses in this acc.</td>
            </tr>
         </table>
         <table border="1">
            <tr>
               <th>Account ID: client_001_a1_s0</th>
               <th>Account type: saveUp</th>
            </tr>
            <tr>
               <td>User has 0 incomes in this acc.</td>
               <td>User has 0 disburses in this acc.</td>
            </tr>
         </table>
      </div>
   </body>
</html>