<?xml version="1.0" encoding="UTF-8"?>
<bankAccounts>
   <client_001_a0>
      <accBalance>12500</accBalance>
      <totalMoneyTrans>69200</totalMoneyTrans>
      <availableCards>
         <kreditka id="cr_001">
		          <cislo>151617181920</cislo>
		          <pin>9999</pin>
		          <datum_platnosti>2014-10-30</datum_platnosti>
		          <is2>999</is2>
		          <farba>red</farba>
		          <dizajn>bleh</dizajn>
		          <accountRef>client_001_a0</accountRef>
	        </kreditka>
      </availableCards>
      <subAcc>
         <client_001_a0_s0>
            <accBalance>5000</accBalance>
            <totalMoneyTrans>1200</totalMoneyTrans>
            <availableCards/>
            <subAcc/>
         </client_001_a0_s0>
      </subAcc>
   </client_001_a0>
   <client_001_a1>
      <accBalance>25780</accBalance>
      <totalMoneyTrans>80000</totalMoneyTrans>
      <availableCards>
         <kreditka id="cr_002">
		          <cislo>151617181784</cislo>
		          <pin>6666</pin>
		          <datum_platnosti>2016-12-31</datum_platnosti>
		          <is2>666</is2>
		          <farba>black</farba>
		          <dizajn>cool</dizajn>
		          <accountRef>client_001_a1</accountRef>
	        </kreditka>
      </availableCards>
      <subAcc>
         <client_001_a1_s0>
            <accBalance>50000</accBalance>
            <totalMoneyTrans>10000</totalMoneyTrans>
            <availableCards/>
            <subAcc/>
         </client_001_a1_s0>
      </subAcc>
   </client_001_a1>
</bankAccounts>