<?xml version="1.0" encoding="UTF-8"?>
<cards>
   <card>
      <data>red : bleh</data>
      <owner>Rosa</owner>
      <balance>12500</balance>
   </card>
   <card>
      <data>black : cool</data>
      <owner>Rosa</owner>
      <balance>25780</balance>
   </card>,
<card>
      <data>modra : hnusny</data>
      <owner>Rosa</owner>
      <balance>12500</balance>
   </card>
   <card>
      <data>zlata : uzasne nadherny</data>
      <owner>Rosa</owner>
      <balance>25780</balance>
   </card>
</cards>