<?xml version="1.0" encoding="UTF-8"?>
<fpstournament>
   <teams>
      <team>
         <id>t01</id>
         <name>Skill3rz</name>
         <members>
            <count>4</count>
         </members>
         <created>
            <day>13</day>
            <month>07</month>
            <year>2011</year>
            <founder>
               <id>p04</id>
            </founder>
         </created>
         <leader>
            <id>p04</id>
         </leader>
         <statistics>
            <season>
               <year>2012</year>
               <win>
                  <count>8</count>
               </win>
               <loss>
                  <count>3</count>
               </loss>
               <draw>
                  <count>1</count>
               </draw>
            </season>
            <season>
               <year>2013</year>
               <win>
                  <count>6</count>
               </win>
               <loss>
                  <count>4</count>
               </loss>
               <draw>
                  <count>2</count>
               </draw>
            </season>
         </statistics>
      </team>
      <team>
         <id>t02</id>
         <name>N00bs</name>
         <members>
            <count>5</count>
         </members>
         <created>
            <day>26</day>
            <month>11</month>
            <year>2010</year>
            <founder>
               <id>p09</id>
            </founder>
         </created>
         <leader>
            <id>p12</id>
         </leader>
         <statistics>
            <season>
               <year>2011</year>
               <win>
                  <count>3</count>
               </win>
               <loss>
                  <count>7</count>
               </loss>
               <draw>
                  <count>0</count>
               </draw>
            </season>
            <season>
               <year>2012</year>
               <win>
                  <count>4</count>
               </win>
               <loss>
                  <count>6</count>
               </loss>
               <draw>
                  <count>1</count>
               </draw>
            </season>
            <season>
               <year>2013</year>
               <win>
                  <count>9</count>
               </win>
               <loss>
                  <count>2</count>
               </loss>
               <draw>
                  <count>0</count>
               </draw>
            </season>
         </statistics>
      </team>
      <team>
         <id>t03</id>
         <name>ThePunishers</name>
         <members>
            <count>3</count>
         </members>
         <created>
            <day>02</day>
            <month>04</month>
            <year>2012</year>
            <founder>
               <id>p02</id>
            </founder>
         </created>
         <leader>
            <id>p02</id>
         </leader>
      </team>
   </teams>
   <players>
      <player>
         <id>p01</id>
         <level>3</level>
         <team>t03</team>
         <text>HawkEye</text>
      </player>
      <player>
         <id>p02</id>
         <level>55</level>
         <team>t03</team>
         <text>Destroyer</text>
      </player>
      <player>
         <id>p03</id>
         <level>3</level>
         <team>t02</team>
         <text>FluffyBunny</text>
      </player>
      <player>
         <id>p04</id>
         <level>36</level>
         <team>t01</team>
         <text>TheOne</text>
      </player>
      <player>
         <id>p05</id>
         <level>24</level>
         <team>t01</team>
         <text>Killer</text>
      </player>
      <player>
         <id>p06</id>
         <level>75</level>
         <team>t02</team>
         <text>Slime</text>
      </player>
      <player>
         <id>p07</id>
         <level>1</level>
         <text>HaXXor</text>
      </player>
      <player>
         <id>p08</id>
         <level>68</level>
         <team>t01</team>
         <text>YouWillDie</text>
      </player>
      <player>
         <id>p09</id>
         <level>23</level>
         <team>t02</team>
         <text>Noob</text>
      </player>
      <player>
         <id>p10</id>
         <level>7</level>
         <team>t01</team>
         <text>Atomic</text>
      </player>
      <player>
         <id>p11</id>
         <level>16</level>
         <team>t03</team>
         <text>NeverSayNever</text>
      </player>
      <player>
         <id>p12</id>
         <level>99</level>
         <team>t02</team>
         <text>Nguyen</text>
      </player>
      <player>
         <id>p13</id>
         <level>5</level>
         <team>t02</team>
         <text>Cheater</text>
      </player>
   </players>
   <matches>
      <match>
         <id>m01</id>
         <mode>CTF</mode>
         <teamA>t01</teamA>
         <teamB>t02</teamB>
         <date>
            <day>05</day>
            <month>03</month>
            <year>2014</year>
         </date>
         <score>
            <teamA>2</teamA>
            <teamB>5</teamB>
         </score>
      </match>
      <match>
         <id>m02</id>
         <mode>Assault</mode>
         <teamA>t01</teamA>
         <teamB>t03</teamB>
         <date>
            <day>06</day>
            <month>03</month>
            <year>2014</year>
         </date>
         <score>
            <teamA>5</teamA>
            <teamB>5</teamB>
         </score>
      </match>
      <match>
         <id>m03</id>
         <mode>CP</mode>
         <teamA>t02</teamA>
         <teamB>t03</teamB>
         <date>
            <day>07</day>
            <month>03</month>
            <year>2014</year>
         </date>
         <score>
            <teamA>17</teamA>
            <teamB>3</teamB>
         </score>
      </match>
   </matches>
</fpstournament>