<?xml version="1.0" encoding="UTF-8"?>
<levels>
   <level value="1">
      <player>HaXXor</player>
   </level>
   <level value="3">
      <player>HawkEye</player>
      <player>FluffyBunny</player>
   </level>
   <level value="5">
      <player>Cheater</player>
   </level>
   <level value="7">
      <player>Atomic</player>
   </level>
   <level value="16">
      <player>NeverSayNever</player>
   </level>
   <level value="23">
      <player>Noob</player>
   </level>
   <level value="24">
      <player>Killer</player>
   </level>
   <level value="36">
      <player>TheOne</player>
   </level>
   <level value="55">
      <player>Destroyer</player>
   </level>
   <level value="68">
      <player>YouWillDie</player>
   </level>
   <level value="75">
      <player>Slime</player>
   </level>
   <level value="99">
      <player>Nguyen</player>
   </level>
</levels>