<html>
   <head>
      <meta http-equiv="Content-Type" content="text/html; charset=UTF-8">
      <title>FPS Tournament</title>
   </head>
   <body bgcolor="#DFDDFF">
      <h1>FPS Tournament Database</h1>
      <h2>Players</h2>
      <table cellpadding="5" border="1">
         <tr>
            <th>ID</th>
            <th>Name</th>
            <th>Level</th>
            <th>Team</th>
         </tr>
         <tr>
            <td>p07</td>
            <td>HaXXor</td>
            <td>1</td>
            <td>-</td>
         </tr>
         <tr>
            <td>p01</td>
            <td>HawkEye</td>
            <td>3</td>
            <td>ThePunishers</td>
         </tr>
         <tr>
            <td>p03</td>
            <td>FluffyBunny</td>
            <td>3</td>
            <td>N00bs</td>
         </tr>
         <tr>
            <td>p13</td>
            <td>Cheater</td>
            <td>5</td>
            <td>N00bs</td>
         </tr>
         <tr>
            <td>p10</td>
            <td>Atomic</td>
            <td>7</td>
            <td>Skill3rz</td>
         </tr>
         <tr>
            <td>p11</td>
            <td>NeverSayNever</td>
            <td>16</td>
            <td>ThePunishers</td>
         </tr>
         <tr>
            <td>p15</td>
            <td>Psycho</td>
            <td>18</td>
            <td>ThePunishers</td>
         </tr>
         <tr>
            <td>p09</td>
            <td>Noob</td>
            <td>23</td>
            <td>N00bs</td>
         </tr>
         <tr>
            <td>p05</td>
            <td>Killer</td>
            <td>24</td>
            <td>Skill3rz</td>
         </tr>
         <tr>
            <th>-</th>
            <th>average level</th>
            <th>35.25</th>
            <th>-</th>
         </tr>
         <tr>
            <td>p04</td>
            <td>TheOne</td>
            <td>36</td>
            <td>Skill3rz</td>
         </tr>
         <tr>
            <td>p14</td>
            <td>Nuke</td>
            <td>54</td>
            <td>Skill3rz</td>
         </tr>
         <tr>
            <td>p02</td>
            <td>Destroyer</td>
            <td>55</td>
            <td>ThePunishers</td>
         </tr>
         <tr>
            <td>p08</td>
            <td>YouWillDie</td>
            <td>68</td>
            <td>Skill3rz</td>
         </tr>
         <tr>
            <td>p06</td>
            <td>Slime</td>
            <td>75</td>
            <td>N00bs</td>
         </tr>
         <tr>
            <td>p16</td>
            <td>SandStorm</td>
            <td>77</td>
            <td>ThePunishers</td>
         </tr>
         <tr>
            <td>p12</td>
            <td>Nguyen</td>
            <td>99</td>
            <td>N00bs</td>
         </tr>
      </table>
   </body>
</html>