<?xml version="1.0" encoding="UTF-8"?>
<teams>
   <team name="Skill3rz">
      <player>TheOne</player>
      <player>Killer</player>
      <player>YouWillDie</player>
      <player>Atomic</player>
   </team>
   <team name="N00bs">
      <player>FluffyBunny</player>
      <player>Slime</player>
      <player>Noob</player>
      <player>Nguyen</player>
      <player>Cheater</player>
   </team>
   <team name="ThePunishers">
      <player>HawkEye</player>
      <player>Destroyer</player>
      <player>NeverSayNever</player>
   </team>
</teams>