<?xml version="1.0" encoding="UTF-8" standalone="no"?><music xmlns:xs="http://www.w3.org/2001/XMLSchema-instance" copyright="Copyright: Jan ?kva?il" xs:noNamespaceSchemaLocation="data.xsd">
	<!-- Kategorie Klasick? hudba -->
	<category id="cat_1" name="Klasick? hudba">
		
		<category_description>
			<strong>V??n? hudba</strong> je ?irok? a <em>zna?n? nespolehliv? ozna?en?</em> pro evropskou hudebn?
			tradici a hudebn? formy z n? odvozen?, za n?m? je v dne?n? dob? pova?ov?no zejm?na obdob? <strong>renesance,
			baroka, klasicismu a romantismu</strong>. Modern? v??n? hudba se vyzna?uje nep??stupnost? a <em>nabour?v?n?m
			klasick?ch sch?mat</em>.
		</category_description>
		<pieces_list>
			<piece id="piece_1" name="Cello Sonata A-minor, op. 36">
				<other_categories>
					<ref>cat_4</ref>
					<ref>cat_5</ref>
				</other_categories>	
				<authors_list>
					<author date_birth="1843" date_death="1907" name="Edvard Grieg"/>
				</authors_list>
				<parts_list>
					<part name="Allegro agitato">
						<interpretations_list>
							<interpretation interpret="Mischa Maisky &amp; Martha Argerich " length="00:09:24" url="http://www.youtube.com/watch?v=Mnk0BEfaacs"/>
						</interpretations_list>
					</part>
					<part name="Andante molto tranquillo">
						<interpretations_list>
							<interpretation interpret="Mischa Maisky &amp; Martha Argerich " length="00:06:13" url="http://www.youtube.com/watch?v=4iOqWCseYiM"/>
						</interpretations_list>
					</part>
					<part name="Allegro molto e marcato">
						<interpretations_list>
							<interpretation interpret="Mischa Maisky &amp; Martha Argerich " length="00:12:38" url="http://www.youtube.com/watch?v=8Q1O_FPN4II"/>
						</interpretations_list>
					</part>
				</parts_list>
			</piece>
			<piece id="piece_2" name="The second waltz">
				<authors_list>
					<author date_birth="1906-09-25" date_death="1975-08-09" name="Dmitri Shostakovich"/>
				</authors_list>
				<parts_list>
					<part name="The second waltz">
						<interpretations_list>
							<interpretation interpret="Unknown" length="00:03:39" url="http://www.youtube.com/watch?v=IoS1_CRS5fA"/>
						</interpretations_list>
					</part>
				</parts_list>
				<tags_list tag="Val??k">
					
				</tags_list>
			</piece>
			<piece date_published="1849" id="piece_3" name="Totentanz">
				<other_categories ref="cat_5">
						
				</other_categories>
				<authors_list>
					<author name="Franz Liszt"/>
				</authors_list>
				<parts_list>
					<part name="Totentanz">
						<interpretations_list>
							<interpretation interpret="Valentina Lisitsa" length="00:14:53" url="http://www.youtube.com/watch?v=zGBXA1tBiLw"/>
							<interpretation interpret="P?ter T?th, Palo Alto Philharmonic Orchestra" length="00:17:14" url="http://www.youtube.com/watch?v=GX0KiSwm3yc"/>
						</interpretations_list>
					</part>
				</parts_list>
				<tags_list>
					<tag><?php echo 'Piano'; ?></tag>
					<tag><?php echo 'Klasika'; ?></tag>
					<tag><![CDATA[
						<?php if (isset($_GET['tag'])) echo $_GET['tag']; ?>
					]]></tag>
				</tags_list>
			</piece>
		</pieces_list>
	</category>
	<!-- Konec kategorie Klasicka hudba -->
	<!-- Kategorie Rock -->
	<category id="cat_2" name="Rock">
		
		<pieces_list>
			<!-- Hudebni dilo - PF: Wish You Were Here -->
			<piece date_published="1975-09" description="&#10;&#9;&#9;&#9;&#9;&#9;Wish You Were Here je dev?t? studiov? album anglick? skupiny Pink Floyd.&#10;&#9;&#9;&#9;&#9;&#9;Vyd?no bylo v z??? 1975 a v britsk? i americk? hitpar?d? se um?stilo na&#10;&#9;&#9;&#9;&#9;&#9;prvn?m m?st?, ??m? nav?zalo na ?sp?ch p?edchoz?ho albaThe Dark&#10;&#9;&#9;&#9;&#9;&#9;Side of the Moon.&#10;&#9;&#9;&#9;&#9;" id="piece_4" name="Wish You Were Here">
				
				<other_categories ref="cat_3">
					
				</other_categories>
				<authors_list>
					<author name="Pink Floyd"/>
				</authors_list>
				<parts_list>
					<part name="Shine On You Crazy Diamond">
						<interpretations_list>
							<interpretation interpret="Pink Floyd" length="00:26:12" url="http://www.youtube.com/watch?v=V1i-RKqOFxQ"/>
						</interpretations_list>
					</part>
					<part name="Welcome To The Machine">
						<interpretations_list>
							<interpretation interpret="Pink Floyd" length="00:07:27" url="http://www.youtube.com/watch?v=foCzlvXKWTA"/>
						</interpretations_list>
					</part>
					<part name="Have A Cigar">
						<interpretations_list>
							<interpretation interpret="Pink Floyd" length="00:05:25" url="http://www.youtube.com/watch?v=4sVShT6nVTA"/>
						</interpretations_list>
					</part>
					<part name="Wish You Were Here">
						<interpretations_list>
							<interpretation interpret="Pink Floyd" length="00:05:15" url="http://www.youtube.com/watch?v=GNIM4L6e8pg"/>
						</interpretations_list>
					</part>
				</parts_list>
				<tags_list tag="Shine On Your Crazy Diamond">
					<tag share="true">Roger Waters</tag>
					<tag share="false">Rick Wright</tag>
					
				</tags_list>
			</piece>
			<!-- Koenc hudebniho dila - PF: Wish You Were Here -->
			<!-- Hudebni dilo - The Doors: The Doors -->
			<piece date_published="1967-01-04" description="&#10;&#9;&#9;&#9;&#9;&#9;The Doors je debutov? album americk? rockov? skupiny The Doors. Bylo nahr?no&#10;&#9;&#9;&#9;&#9;&#9;koncem l?ta 1966 a vyd?no 4. ledna 1967. T?i dny p?ed vyd?n?m alba vy?el skupin? prvn? singl&#10;&#9;&#9;&#9;&#9;&#9;Break On Through.&#10;&#9;&#9;&#9;&#9;" id="piece_5" name="The Doors">
				
				<authors_list>
					<author name="The Doors"/>
					<author name="Jim Morrison"/>
				</authors_list>
				<parts_list>
					<part name="Break on Through">
						<interpretations_list>
							<interpretation interpret="The Doors" length="00:02:25" url="http://www.youtube.com/watch?v=cJQwnAhXnBk"/>
						</interpretations_list>
					</part>
					<part name="Soul Kitchen">
						<interpretations_list>
							<interpretation interpret="The Doors" length="00:03:34" url="http://www.youtube.com/watch?v=58ceB8U9N3w"/>
						</interpretations_list>
					</part>
					<part name="The Crystal Ship"/>
					<part name="Twentienth Century Fox"/>
					<part name="Alabama Song">
						<interpretations_list>
							<interpretation interpret="The Doors" length="00:03:18" url="http://www.youtube.com/watch?v=FS8y-7B2pEk"/>
						</interpretations_list>
					</part>
					<part name="Light My Fire"/>
					<part name="Back Door Man"/>
					<part name="I Looked At You"/>
					<part name="End Of The Night"/>
					<part name="Take It As It Comes"/>
					<part name="The End">
						<interpretations_list>
							<interpretation interpret="The Doors" length="00:11:47" url="http://www.youtube.com/watch?v=aGmAmJFUvzM"/>
						</interpretations_list>
					</part>
				</parts_list>
				<tags_list>
					<tag>Jim Morrison</tag>
					<tag>The Doors</tag>
					<tag>Break on Through</tag>
					<tag>1967</tag>
					<tag><![CDATA[
						<?php if (isset($_GET['tag'])) echo $_GET['tag']; ?>
					]]></tag>
				</tags_list>
			</piece>
			<!-- Koenc hudebniho dila - The Doors: The Doors -->
		</pieces_list>
	</category>
	<!-- Konec kategorie Rock -->
	<!-- Ostatni kategorie -->
	<category id="cat_3" name="Pink Floyd" type="private">
		
		<pieces_list/>
	</category>
	<category id="cat_4" name="Edvard Grieg" type="private">
		
		<pieces_list/>
	</category>
	<category id="cat_5" name="Romantismus">
		
		<pieces_list/>
	</category>
	<category id="cat_6" name="Baroko">
		
		<pieces_list/>
	</category>
	<!-- Koenc ostatnich kategorii -->
	
</music>