<?xml version="1.0" encoding="UTF-8"?>
<slevy hodnota="1">
   <zbozi oznaceni_dodavky="U" ks="3" cena_za_ks="2" sleva="1">
      <dph hodnota="21"/>
   </zbozi>
</slevy>
<slevy hodnota="2">
   <zbozi oznaceni_dodavky="E" ks="8" cena_za_ks="1" sleva="2">
      <dph hodnota="5"/>
   </zbozi>
</slevy>
<slevy hodnota="4">
   <zbozi oznaceni_dodavky="A" ks="2" cena_za_ks="3" sleva="4">
      <dph hodnota="5"/>
   </zbozi>
   <zbozi oznaceni_dodavky="B" ks="8" cena_za_ks="3" sleva="4">
      <dph hodnota="5"/>
   </zbozi>
</slevy>