<html>
   <head>
      <meta http-equiv="Content-Type" content="text/html; charset=UTF-8">
      <title>Pacienti</title>
   </head>
   <body>
      <table>
         <tr>
            <th>Jmeno</th>
            <th>Prijmeni</th>
            <td>Pohlavi</td>
            <th>Datum narozeni�</th>
            <th>Pojistovna</th>
         </tr>
         <tr>
            <td>Jean</td>
            <td>Smith</td>
            <td>zena</td>
            <td>1.2.1985</td>
            <td>VZP</td>
         </tr>
         <tr>
            <td>Ivan</td>
            <td>Skocil</td>
            <td>muz</td>
            <td>3.4.1962</td>
            <td>OZP</td>
         </tr>
         <tr>
            <td>Livia</td>
            <td>Smith</td>
            <td>zena</td>
            <td>1.2.1945</td>
            <td>VZP</td>
         </tr>
      </table>
   </body>
</html>