<?xml version="1.0" encoding="UTF-8"?>
<pacienti>
   <pacient person_id="p004" mother_id="p005" father_id="p006">
      <jmeno>Ivan</jmeno>
      <prijmeni>Skocil</prijmeni>
      <titul>Mgr.</titul>
      <foto/>
      <pohlavi typ="muz"/>
      <postava>
         <vaha>123</vaha>
         <vyska>189</vyska>
      </postava>
      <dat_narozeni>
         <den>3</den>
         <mesic>4</mesic>
         <rok>1962</rok>
      </dat_narozeni>
      <adresa>
         <ulice>Britska 1</ulice>
         <mesto>Praha</mesto>
         <psc>19200</psc>
         <stat>CR</stat>
      </adresa>
      <anamneza>
         <matka person_id="p005">
            <jmeno>Eva</jmeno>
            <prijmeni>Skocilova</prijmeni>
         </matka>
         <otec person_id="p006">
            <jmeno>Jiri</jmeno>
            <prijmeni>Skocil</prijmeni>
            <choroby>cukrovka</choroby>
         </otec>
      </anamneza>
      <pojistovna>OZP</pojistovna>
   </pacient>
   <pacient person_id="p001" mother_id="p002" father_id="p003">
      <jmeno>Jean</jmeno>
      <prijmeni>Smith</prijmeni>
      <foto/>
      <pohlavi typ="zena"/>
      <postava>
         <vaha>89</vaha>
         <vyska>162</vyska>
      </postava>
      <dat_narozeni>
         <den>1</den>
         <mesic>2</mesic>
         <rok>1985</rok>
      </dat_narozeni>
      <adresa>
         <ulice>Sepotalova 18</ulice>
         <mesto>Havlickuv Brod</mesto>
         <psc>58001</psc>
         <stat>CR</stat>
      </adresa>
      <anamneza>
         <matka person_id="p002">
            <jmeno>Livia</jmeno>
            <prijmeni>Smith</prijmeni>
            <choroby>cukrovka</choroby>
         </matka>
         <otec person_id="p003">
            <jmeno>Parker</jmeno>
            <prijmeni>Smith</prijmeni>
            <choroby>roztrousena skleroza</choroby>
         </otec>
      </anamneza>
      <pojistovna>VZP</pojistovna>
   </pacient>
   <pacient person_id="p009" mother_id="p007" father_id="p008">
      <jmeno>Livia</jmeno>
      <prijmeni>Smith</prijmeni>
      <foto/>
      <pohlavi typ="zena"/>
      <postava>
         <vaha>100</vaha>
         <vyska>172</vyska>
      </postava>
      <dat_narozeni>
         <den>1</den>
         <mesic>2</mesic>
         <rok>1945</rok>
      </dat_narozeni>
      <adresa>
         <ulice>Hatmanova 8</ulice>
         <mesto>Havlickuv Brod</mesto>
         <psc>58001</psc>
         <stat>CR</stat>
      </adresa>
      <anamneza>
         <matka person_id="p007">
            <jmeno>Marta</jmeno>
            <prijmeni>Bajta</prijmeni>
            <choroby>cukrovka</choroby>
         </matka>
         <otec person_id="p008">
            <jmeno>Petr</jmeno>
            <prijmeni>Bajta</prijmeni>
            <choroby>kaslicek</choroby>
            <choroby>rakovina</choroby>
         </otec>
      </anamneza>
      <pojistovna>VZP</pojistovna>
   </pacient>
</pacienti>