<?xml version="1.0" encoding="UTF-8" standalone="no"?><universe>
	<galaxy id="GAL_1">
		<name>Milky Way
	<![CDATA[
		alert("nevim proc je nutne mit tady nejaky skript");
		]]>
		</name>
		<type value="SBc"/>
		<solarSystem id="SOL_1">
			<name>Sun</name>
			<sun id="STA_1">
				<name>Sun</name>
				<classification>G2V</classification>
				<volume>1.412e18 km3</volume>
				<mass>1.9891e30 kg</mass>
				<escapeVelocity>617.7 km/s</escapeVelocity>
				<equatorialRadius>6.96342e5 km</equatorialRadius>
				<satellites>
					<satellite refid="PLA_1"/>
					<satellite refid="PLA_2"/>
					<satellite refid="PLA_3"/>
					<satellite refid="PLA_4"/>
				</satellites>
				<composition>                                            
					
					
					
					
					
				<composite amount="73.46%" name="hydrogen"/><composite amount="24.85%" name="helium"/><composite amount="0.77%" name="oxygen"/><composite amount="0.29%" name="carbon"/><composite amount="0.16%" name="iron"/></composition>
			</sun>
			<planet id="PLA_1">
				<name>Mercury</name>
				<volume>6.083e10 km3</volume>
				<mass>3.3022e23 kg</mass>
				<orbitalPeriod>87.969 day</orbitalPeriod>
				<escapeVelocity>4.25 km/s</escapeVelocity>
				<equatorialRadius>2439 km</equatorialRadius>
				<equatorialGravity>3.7 m/s2</equatorialGravity>
				<orbit>
					<aphelion>0.466 AU</aphelion>
					<perihelion>0.307 AU</perihelion>
				</orbit>
				<satellites>
				</satellites>
				<composition>
					
					
					
					
					
				<composite amount="42%" name="molecular oxygen"/><composite amount="29%" name="sodium"/><composite amount="22%" name="hydrogen"/><composite amount="6%" name="helium"/><composite amount="0.5%" name="potassium"/></composition>
			</planet>
			<planet id="PLA_2">
				<name>Venus</name>
				<volume>9.28e11 km3</volume>
				<mass>4.8685e24 kg</mass>
				<orbitalPeriod>224.698 day</orbitalPeriod>
				<escapeVelocity>10.36 km/s</escapeVelocity>
				<equatorialRadius>6,051.8 km</equatorialRadius>
				<equatorialGravity>8.87 m/s2</equatorialGravity>
				<orbit>
					<aphelion>0.728 AU</aphelion>
					<perihelion>0.718 AU</perihelion>
				</orbit>
				<satellites>
					<satellite name="VE68" type="asteroid"/>
				</satellites>
				<composition>
					
					
					
				<composite amount="96.5%" name="carbon dioxide"/><composite amount="3.5%" name="nitrogen"/><composite amount="0.015%" name="sulfur dioxide"/></composition>
			</planet>
			<planet id="PLA_3">
				<name>Earth</name>
				<volume>1.08321e12 km3</volume>
				<mass>5.9736e24 kg</mass>
				<orbitalPeriod>365.256363004 days</orbitalPeriod>
				<escapeVelocity>11.186 km/s</escapeVelocity>
				<equatorialRadius>6,378.1 km</equatorialRadius>
				<equatorialGravity>9.780327 m/s2</equatorialGravity>
				<orbit>
					<aphelion>1.016 AU</aphelion>
					<perihelion>0.983 AU</perihelion>
				</orbit>
				<satellites>
					<satellite name="Moon" type="moon"/>
					<satellite name="ISS" type="station"/>
				</satellites>
				<composition>
					
					
					
				<composite amount="78.08%" name="nitrogen"/><composite amount="20.95%" name="oxygen"/><composite amount="0.93%" name="argon"/></composition>
			</planet>
			<planet id="PLA_4">
				<name>Saturn</name>
				<volume>8.2713e14 km3</volume>
				<mass>5.6846e26 kg</mass>
				<orbitalPeriod>10759.22 day</orbitalPeriod>
				<escapeVelocity>35.5 km/s</escapeVelocity>
				<equatorialRadius>60268 km</equatorialRadius>
				<equatorialGravity>10.44 m/s2</equatorialGravity>
				<orbit>
					<aphelion>10.11 AU</aphelion>
					<perihelion>9.05 AU</perihelion>
				</orbit>
				<satellites>
					<satellite name="Titan" type="moon"/>
					<satellite description="ice ring around Saturn" name="Ring"/>
				</satellites>
				<composition>
					
					
					
					
				<composite amount="96%" name="hydrogen"/><composite amount="3%" name="helium"/><composite amount="0.4%" name="methane"/><composite amount="0.01%" name="ammonia"/></composition>
			</planet>
		<planet id="PLA_9"><name>Mars</name><volume>1.6318e11 km3</volume><mass>6.4185e23 kg</mass><orbitalPeriod>686.971 day</orbitalPeriod><escapeVelocity>5.027 km/s</escapeVelocity><equatorialRadius>3396.2 km</equatorialRadius><equatorialGravity>3.711 m/s2</equatorialGravity><orbit><aphelion>1.665 AU</aphelion><perihelion>1.381 AU</perihelion></orbit><satellites><satellite name="Phobos" type="moon"/><satellite name="Deimos" type="moon"/></satellites><composition><composite amount="95.32%" name="carbon dioxide"/><composite amount="2.7%" name="nitrogen"/><composite amount="1.6%" name="argon"/><composite amount="0.13%" name="oxygen"/></composition></planet></solarSystem>
		<solarSystem id="SOL_2">
			<name>Alpha Centauri</name>
			<sun id="STA_2">
				<name>Alpha Centauri A</name>
				<classification>G2V</classification>
				<mass>1.100 sun mass</mass>
				<equatorialRadius>1.227 sun radius</equatorialRadius>
				<satellites>
					<satellite refid="PLA_5"/>
					<satellite refid="STA_3"/>
				</satellites>
			</sun>
			<sun id="STA_3">
				<name>Alpha Centauri B</name>
				<classification>K1V</classification>
				<mass>0.907 sun mass</mass>
				<equatorialRadius>0.865 sun radius</equatorialRadius>
			</sun>
			<planet id="PLA_5">
				<name>Alpha Centauri Bb</name>
				<mass>0.934 sun mass</mass>
				<orbitalPeriod>3.2357 day</orbitalPeriod>
				<equatorialRadius>0.863 sun radius</equatorialRadius>
				<orbit>
					<aphelion>0.04 AU</aphelion>
					<perihelion>0.03 AU</perihelion>
				</orbit>
			</planet>
		</solarSystem>
	</galaxy>
	<galaxy id="GAL_2">
		<name>Andromeda</name>
		<type value="S"/>
		<solarSystem id="SOL_3">
			<name>Andromedae</name>
			<sun id="STA_4">
				<name>S Andromedae</name>
				<classification>K1V</classification>
				<mass>1.907 sun mass</mass>
				<equatorialRadius>1.865 sun radius</equatorialRadius>
				<satellites>
					<satellite refid="PLA_6"/>
					<satellite refid="PLA_7"/>
					<satellite refid="PLA_8"/>
				</satellites>
			</sun>
			<planet id="PLA_6">
				<name>Andromedae A</name>
				<mass>0.434 sun mass</mass>
				<orbitalPeriod>12.2357 day</orbitalPeriod>
				<equatorialRadius>0.563 sun radius</equatorialRadius>
				<orbit>
					<aphelion>0.04 AU</aphelion>
					<perihelion>0.04 AU</perihelion>
				</orbit>
			</planet>
			<planet id="PLA_7">
				<name>Andromedae B</name>
				<mass>1.934 sun mass</mass>
				<orbitalPeriod>93.2357 day</orbitalPeriod>
				<equatorialRadius>1.863 sun radius</equatorialRadius>
				<orbit>
					<aphelion>0.5 AU</aphelion>
					<perihelion>0.4 AU</perihelion>
				</orbit>
			</planet>
			<planet id="PLA_8">
				<name>Andromedae C</name>
				<mass>3.934 sun mass</mass>
				<orbitalPeriod>160.2357 day</orbitalPeriod>
				<equatorialRadius>3.863 sun radius</equatorialRadius>
				<orbit>
					<aphelion>1.04 AU</aphelion>
					<perihelion>1.0 AU</perihelion>
				</orbit>
			</planet>
		</solarSystem>
	</galaxy>
	<?php foreach($galaxies as $galaxy){
			$galaxy->print();
		}
	?>
</universe>