<?xml version="1.0" encoding="UTF-8" standalone="no"?><knihovna>
	<!-- Nasleduje vypis vsech zakazniku -->
	<zakaznici>
		<zakaznik>
			
			
			
			<kontakt>
				<telefon op="O2">721771459</telefon>
				<email>petr.hejhal@centrum.cz</email>
			</kontakt>
			<adresa>
				<ulice>Parizska 19</ulice>
				<mesto>Praha 1</mesto>
				<stat>KLDR</stat>
				<PSC>11000</PSC>
			</adresa>
		<jmeno>Petr MIlan Hejhal</jmeno><id>1</id></zakaznik>
		<vip_zakaznik zakaznik_id="2">
			<jmeno>Jaroslav</jmeno>
			<prijmeni>Medek</prijmeni>
			<kontakt>
				<telefon>111164545</telefon>
				<email>petr.hejhal@centrum.cz</email>
			</kontakt>
			<adresa>
				<ulice>Na hnojisti 4</ulice>
				<mesto>Beroun</mesto>
				<stat>Ceska republika</stat>
				<PSC>16400</PSC>
			</adresa>
			<sleva>50%</sleva>
		</vip_zakaznik>
		<zakaznik>
			
			
			<kontakt>
				<telefon op="O2">56486441</telefon>
				<email><![CDATA[<b>zrzek@blogisek.com</b>]]></email>
			</kontakt>
			<adresa>
				<ulice>Prazskeho povstani 44</ulice>
				<mesto>Praha 3</mesto>
				<stat>Ceska republika</stat>
				<PSC>13000</PSC>
			</adresa>
		<jmeno>Radek Jezdik</jmeno><id>3</id></zakaznik>
		
		
	</zakaznici>
	<!-- Nasleduje vycet knih -->
	<knihy>
		<kniha umisteni="A">
			<ISBN>**978-80-7300-229-9**</ISBN>
			<nazev>Mikes</nazev>
			<podtitul>Kocour v botach</podtitul>
			<zeme_puvodu>CZ</zeme_puvodu>
			<pocet_stran>122</pocet_stran>
			<coop authors="1 2 3"/>
			<rok_vydani>1950</rok_vydani>
			<zanry>
				<zanr>Pohadka</zanr>
			</zanry>
			<titulni_strana cesta="3_Mikes"/>
			<popis>tato kniha je dobra</popis>
		</kniha>
		<kniha>
			<ISBN>**944-6-7440-11-2**</ISBN>
			<nazev>Heureka</nazev>
			<podtitul>BUBABO</podtitul>
			<zeme_puvodu>CZ</zeme_puvodu>
			<pocet_stran>10</pocet_stran>
			<coop authors="1 3"/>
			<rok_vydani>2012</rok_vydani>
			<zanry>
				<zanr>Blbost</zanr>
			</zanry>
			<titulni_strana cesta="3_Mikes"/>
			<popis>tato kniha je dobra</popis>
		</kniha>
		<kniha umisteni="B">
			<ISBN>**118-80-7400-114-9**</ISBN>
			<nazev>Lotrando a Zubejda</nazev>
			<podtitul>Loupeznicka pohadka</podtitul>
			<zeme_puvodu>SK</zeme_puvodu>
			<pocet_stran>184</pocet_stran>
			<coop authors="1 2 3"/>
			<rok_vydani>1850</rok_vydani>
			<zanry>
				<zanr>Pohadka</zanr>
				<zanr>Komedie</zanr>
			</zanry>
			<titulni_strana cesta="2_Lotrandoazubejda"/>
			<popis>Nejaka pohadka v niz hraji postavy <?php echo $postavy; ?>
			</popis>
		</kniha>
	</knihy>
	<!-- Oddeleni kde mohou byt knihy ulozeny oznacene jednoznacnym kodem a nazvem -->
	<oddeleni kod="A" nazev="Sekce A"/>
	<oddeleni kod="B" nazev="Sekce B"/>
	<oddeleni kod="C" nazev="Sekce C"/>
	<autori>
		<autor autor_id="1">
			<jmeno>Jan</jmeno>
			<prijmeni>Smutny</prijmeni>
			<narodnost>CZ</narodnost>
		</autor>
		<autor autor_id="2">
			<jmeno>John</jmeno>
			<prijmeni>Eufker</prijmeni>
			<narodnost>GB</narodnost>
		</autor>
	</autori>
	<!-- Zaznamy vyjpucek -->
	<vypujcky>
		<pujcka>
			<vypujcitel id="1"/>
			<ISBN_knihy>**978-80-7300-229-9**</ISBN_knihy>
			<datum>
				<od>2012-05-05</od>
				<do>2015-06-06</do>
			</datum>
			<vraceno>
				<stav bool="NE"/>
			</vraceno>
			<pokuta>0</pokuta>
		</pujcka>
		<pujcka>
			<vypujcitel id="1"/>
			<ISBN_knihy>**918-80-7220-229-9**</ISBN_knihy>
			<datum>
				<od>2012-05-05</od>
				<do>2015-06-06</do>
			</datum>
			<vraceno>
				<stav bool="ANO"/>
			</vraceno>
			<pokuta>50</pokuta>
		</pujcka>
		<pujcka>
			<vypujcitel id="3"/>
			<ISBN_knihy>**918-80-7220-229-9**</ISBN_knihy>
			<datum>
				<od>2012-05-05</od>
				<do>2015-06-06</do>
			</datum>
			<vraceno>
				<stav bool="ANO"/>
			</vraceno>
			<pokuta>50</pokuta>
		</pujcka>
	</vypujcky>
</knihovna>