<html>
   <body>
      
      	Seznam kontrol, u nichž součet všech udělených pokut překročil určitou hranici. 
      	Pro každou kontrolu se uvede ID kontroly, součet všech udělených pokut a počet pokut.
      	
      	
      <h1>Vysoké pokuty</h1>
      <table>
         <tr>
            <th>ID kontroly</th>
            <th>Celková pokuta</th>
            <th>Počet pokut</th>
         </tr>
         <tr>
            <td>k002</td>
            <td>1800</td>
            <td>2</td>
         </tr>
         <tr>
            <td>k003</td>
            <td>3800</td>
            <td>3</td>
         </tr>
      </table>
   </body>
</html>