<html>
   <body>
      
      	Seznam zaměstnanců řazených podle příjmení, který pro každého zaměstnance uvede, zda
      	má nebo nemá nastaveno heslo.
      	
      	
      <h1>Zaměstnanci: Hesla</h1>
      <table>
         <tr>
            <th>Zaměstnanec</th>
            <th>Heslo</th>
         </tr>
         <tr>
            <td>Novák, Karel</td>
            <td>Heslo nastaveno</td>
         </tr>
         <tr>
            <td>O'Harra, Frank</td>
            <td>Nemá heslo</td>
         </tr>
         <tr>
            <td>Ohrada, František</td>
            <td>Nemá heslo</td>
         </tr>
      </table>
   </body>
</html>