<html>
   <body>
      
      	Seznam linek, na nichž leží některá zastávka na znamení.
      	
      	
      <h1>Seznam linek se zastávkou na znamení</h1>
      <table>
         <tr>
            <th>Druh</th>
            <th>Linka</th>
         </tr>
         <tr>
            <td>bus</td>
            <td>246</td>
         </tr>
         <tr>
            <td>bus</td>
            <td>333</td>
         </tr>
         <tr>
            <td>bus</td>
            <td>231</td>
         </tr>
      </table>
   </body>
</html>