<html>
   <body>
      	
      	Tabulka platových tříd.
      	
      	
      <h1>Platová tabulka</h1>
      <table>
         <tr>
            <th>Třída</th>
            <th>Plat</th>
         </tr>
         <tr>
            <td>1</td>
            <td>18000</td>
         </tr>
         <tr>
            <td>2</td>
            <td>22000</td>
         </tr>
         <tr>
            <td>3</td>
            <td>26000</td>
         </tr>
      </table><br>
      	
      	Tabulka zaměstnanců. Pro každého zaměstnance se dohledává podle platové třídy jeho mzda.
      	
      	
      <h1>Zaměstnanci</h1>
      <table>
         <tr>
            <th>Zaměstnanec</th>
            <th>Třída</th>
            <th>Plat</th>
         </tr>
         <tr>
            <td>Novák, Karel</td>
            <td>1</td>
            <td>18000</td>
         </tr>
         <tr>
            <td>O'Harra, Frank</td>
            <td>2</td>
            <td>22000</td>
         </tr>
         <tr>
            <td>Ohrada, František</td>
            <td>1</td>
            <td>18000</td>
         </tr>
      </table>
   </body>
</html>