<html>
   <head>
      <meta http-equiv="Content-Type" content="text/html; charset=UTF-8">
      <title>GPS pobocek</title>
   </head>
   <body>
      <table>
         <tr>
            <th>Restaurace</th>
            <th>Ulice</th>
            <th>c.p.</th>
            <th>gps</th>
         </tr>
         <tr>
            <td>
               				Rybka
               			
            </td>
            <td>Vinohradska</td>
            <td>16</td>
            <td>11-42-54.526 N 157-03-28.466 W</td>
         </tr>
         <tr>
            <td>
               				Rybka
               			
            </td>
            <td>Myslivecka</td>
            <td>18</td>
            <td>11-41-57.526 N 153-01-26.461 W</td>
         </tr>
         <tr>
            <td>
               				Zanzibar
               			
            </td>
            <td>Sokolovska</td>
            <td>163</td>
            <td>14-57-54.526 N 155-04-26.452 W</td>
         </tr>
      </table>
   </body>
</html>