<?xml version="1.0" encoding="UTF-8"?>
<restaurace id="r001">
   <nazev>
				Rybka
			</nazev>
   <recenze id="rc01">
      <hodnoceni>
				5.0
			</hodnoceni>
      <komentar>
				Dobra restaurace. Pekne jidlo. Dost levne a dobra lokalita.
			</komentar>
   </recenze>
   <recenze id="rc04">
      <hodnoceni>
				1.0
			</hodnoceni>
      <komentar>
				blbe misto
			</komentar>
   </recenze>
</restaurace>
<restaurace id="r002">
   <nazev>
				Zanzibar
			</nazev>
   <recenze id="rc02">
      <hodnoceni>
				3.0
			</hodnoceni>
      <komentar>
				Maji spinave okna.
			</komentar>
   </recenze>
   <recenze id="rc03">
      <hodnoceni>
				4.0
			</hodnoceni>
      <komentar>
				Dost dobra restaurace.
			</komentar>
   </recenze>
   <recenze id="rc05">
      <hodnoceni>
				2.0
			</hodnoceni>
      <komentar>
				:(
			</komentar>
   </recenze>
</restaurace>