<?xml version="1.0" encoding="UTF-8"?>
<zaznamy>
   <zaznam id="z1" zakaznik="za1">
      <den>2011-03-05</den>
      <hodina>17:34</hodina>
      <prijeti zpusob="email"/>
      <pozadavek>Výměna pneumatik, kontrola oleje a brzdových destiček.</pozadavek>
      <stav>k vyřízení</stav>
      <poznamka/>
      <poridil uzivatel="uz1"/>
      <vytvari_objednavku>ano</vytvari_objednavku>
      <kontaktovat stav="ne"/>
      <archivovat>ne</archivovat>
   </zaznam>
   <zaznam id="z2" zakaznik="za1">
      <den>2011-03-10</den>
      <hodina>12:15</hodina>
      <prijeti zpusob="telefon"/>
      <pozadavek>Zákazník reklamuje zásilku <ref id="z1"/>
      </pozadavek>
      <stav>vyřízeno</stav>
      <poznamka>Při silném brždění pískají brzdy.</poznamka>
      <poridil uzivatel="uz1"/>
      <vytvari_objednavku>ne</vytvari_objednavku>
      <kontaktovat stav="ano" kdy="15.3.2011"/>
      <archivovat>ne</archivovat>
   </zaznam>
   <zaznam id="z4" zakaznik="za4">
      <den>2011-04-08</den>
      <hodina>9:11</hodina>
      <prijeti zpusob="email"/>
      <pozadavek>Přestavba na LPG.</pozadavek>
      <stav>vyřízeno</stav>
      <poridil uzivatel="uz2"/>
      <vytvari_objednavku>ano</vytvari_objednavku>
      <kontaktovat stav="ne"/>
      <archivovat>ano</archivovat>
   </zaznam>
</zaznamy>