<?xml version="1.0" encoding="UTF-8"?>
<objednavky>
   <objednavka id="2-ho4">
      <datum>2011-04-05</datum>
      <pozadavek>Oprava po nehodě.</pozadavek>
      <zakaznik>za2</zakaznik>
      <poridil>uz3</poridil>
   </objednavka>
   <objednavka id="1-z4">
      <datum>2011-04-08</datum>
      <pozadavek>Přestavba na LPG.</pozadavek>
      <zakaznik>za4</zakaznik>
      <poridil/>
   </objednavka>
   <objednavka id="2-ho7">
      <datum>2011-04-18</datum>
      <pozadavek>Objednávka na výměnu předního skla, Škoda Superb.</pozadavek>
      <zakaznik>za3</zakaznik>
      <poridil>uz2</poridil>
   </objednavka>
   <objednavka id="2-ho9">
      <datum>2011-04-20</datum>
      <pozadavek>Výměna výfuku, Škoda Fabia.</pozadavek>
      <zakaznik>za4</zakaznik>
      <poridil>uz2</poridil>
   </objednavka>
   <objednavka id="2-ho10">
      <datum>2011-04-20</datum>
      <pozadavek>Kontrola klimatizace.</pozadavek>
      <zakaznik>za5</zakaznik>
      <poridil>uz2</poridil>
   </objednavka>
</objednavky>