<?xml version="1.0" encoding="UTF-8"?>
<hovory>
   <hovor>
      <id>ho1</id>
      <pocet-souvisejicich>0</pocet-souvisejicich>
   </hovor>
   <hovor>
      <id>ho2</id>
      <pocet-souvisejicich>1</pocet-souvisejicich>
   </hovor>
   <hovor>
      <id>ho3</id>
      <pocet-souvisejicich>0</pocet-souvisejicich>
   </hovor>
   <hovor>
      <id>ho4</id>
      <pocet-souvisejicich>1</pocet-souvisejicich>
   </hovor>
   <hovor>
      <id>ho5</id>
      <pocet-souvisejicich>2</pocet-souvisejicich>
   </hovor>
   <hovor>
      <id>ho6</id>
      <pocet-souvisejicich>3</pocet-souvisejicich>
   </hovor>
   <hovor>
      <id>ho7</id>
      <pocet-souvisejicich>0</pocet-souvisejicich>
   </hovor>
   <hovor>
      <id>ho8</id>
      <pocet-souvisejicich>1</pocet-souvisejicich>
   </hovor>
   <hovor>
      <id>ho9</id>
      <pocet-souvisejicich>0</pocet-souvisejicich>
   </hovor>
   <hovor>
      <id>ho10</id>
      <pocet-souvisejicich>0</pocet-souvisejicich>
   </hovor>
</hovory>