<html lang="cs">
   <head>
      <meta http-equiv="Content-Type" content="text/html; charset=UTF-8">
      <meta content="cs" http-equiv="Content-language">
      <title>CRM</title>
   </head>
   <body>
      <h1>Seznam uživatelů a jejich případy</h1>
      <div>
         <h2>Jan Pomalý</h2>
         <table>
            <tr>
               <th>Datum</th>
               <th>Kód zákazníka</th>
               <th>Požadavek</th>
            </tr>
            <tr>
               <td>2011-03-05 17:34</td>
               <td>za1</td>
               <td>Výměna pneumatik, kontrola oleje a brzdových destiček.</td>
            </tr>
            <tr>
               <td>2011-03-10 12:15</td>
               <td>za1</td>
               <td>Zákazník reklamuje zásilku </td>
            </tr>
         </table>
      </div>
      <div>
         <h2>Ivana Šikovná</h2>
         <table>
            <tr>
               <th>Datum</th>
               <th>Kód zákazníka</th>
               <th>Požadavek</th>
            </tr>
            <tr>
               <td>2011-01-04 16:23</td>
               <td>za3</td>
               <td>Odtah a oprava vozidla po dopravní nehodě.</td>
            </tr>
            <tr>
               <td>2011-04-08 9:11</td>
               <td>za4</td>
               <td>Přestavba na LPG.</td>
            </tr>
         </table>
      </div>
      <div>
         <h2>Ondřej Učivý</h2>
         <div>Uživatel nezpracoval žádný požadavek klienta.</div>
      </div>
   </body>
</html>