<?xml version="1.0" encoding="UTF-8"?>
<seznam-zvirat>
   <zvire>
      <jmeno>Lišáček</jmeno>
      <druh>Liška obecná</druh>
   </zvire>
   <zvire>
      <jmeno>Liška bystrouška nemlsná</jmeno>
      <druh>Liška obecná</druh>
   </zvire>
   <zvire>
      <jmeno>Liška bystrouška</jmeno>
      <druh>Liška obecná</druh>
   </zvire>
   <zvire>
      <jmeno>Fenka</jmeno>
      <druh>Pes obecný</druh>
   </zvire>
   <zvire>
      <jmeno>Alík</jmeno>
      <druh>Pes obecný</druh>
   </zvire>
   <zvire>
      <jmeno>Liška bystrouška</jmeno>
      <druh>Liška obecná</druh>
   </zvire>
</seznam-zvirat>