<?xml version="1.0" encoding="UTF-8"?>
<zvirata>
   <zvire>
      <nazev name="Lišáček"/>
      <predci>
         <predek>Liška bystrouška</predek>
         <predek>Liška bystrouška nemlsná</predek>
      </predci>
   </zvire>
   <zvire>
      <nazev name="Liška bystrouška nemlsná"/>
      <predci/>
   </zvire>
   <zvire>
      <nazev name="Liška bystrouška"/>
      <predci>
         <predek>Liška bystrouška nemlsná</predek>
      </predci>
   </zvire>
   <zvire>
      <nazev name="Fenka"/>
      <predci/>
   </zvire>
</zvirata>