<?xml version="1.0" encoding="UTF-8"?>
<rysy>
   <rys>
      <nazev>Chytrá</nazev>
      <zvire>Lišáček</zvire>
   </rys>
   <rys>
      <nazev>Přítulná</nazev>
      <zvire>Lišáček</zvire>
   </rys>
   <rys>
      <nazev>Rozkošná</nazev>
      <zvire>Lišáček</zvire>
   </rys>
   <rys>
      <nazev>Oranžová</nazev>
      <zvire>Lišáček</zvire>
   </rys>
   <rys>
      <nazev>Věčně hladová</nazev>
      <zvire>Lišáček</zvire>
   </rys>
   <rys>
      <nazev>Líná</nazev>
      <zvire>Lišáček</zvire>
      <zvire>Liška bystrouška</zvire>
   </rys>
   <rys>
      <nazev>Extra líná</nazev>
      <zvire>Liška bystrouška nemlsná</zvire>
   </rys>
   <rys>
      <nazev>Hloupá</nazev>
      <zvire>Liška bystrouška</zvire>
   </rys>
   <rys>
      <nazev> Tvrdí, že 5 + 3 &gt; 18.  A přitom 5 + 3 = </nazev>
      <zvire>Liška bystrouška</zvire>
   </rys>
   <rys>
      <nazev>Hloupý</nazev>
      <zvire>Fenka</zvire>
   </rys>
   <rys>
      <nazev>Extra líný</nazev>
      <zvire>Fenka</zvire>
   </rys>
</rysy>