<html>
   <head>
      <meta http-equiv="Content-Type" content="text/html; charset=UTF-8">
      <title>Statistiky</title>
   </head>
   <body>
      <h1>Statistiky</h1>
      <h2>Nejstarší zvíře</h2>
      <p>Liška bystrouška nemlsná, Fenka</p>
      <h2>Seřazení podle věku</h2>
      <ol>
         <li>Lišáček (Samec, 3)</li>
         <li>Liška bystrouška (Samice, 5)</li>
         <li>Liška bystrouška nemlsná (Samice, 7)</li>
         <li>Fenka (Samice, 7)</li>
      </ol>
   </body>
</html>