<html>
   <head>
      <meta http-equiv="Content-Type" content="text/html; charset=UTF-8">
   </head>
   <body>
      <h1>Nejnovejsi knihy</h1>
      <table>
         <tr>
            <th>Nazev</th>
            <th>Rok vydani</th>
            <th>Pocet vytisku</th>
         </tr>
         <tr style="color:red">
            <td>Restaurant na konci vesmíru</td>
            <td>1980</td>
            <td>0</td>
         </tr>
         <tr>
            <td>Stopařův průvodce po galaxii</td>
            <td>1980</td>
            <td>2</td>
         </tr>
      </table>
   </body>
</html>