<?xml version="1.0" encoding="UTF-8"?>
<knihy>
   <kniha>
      <nazev xmlns:xsi="http://www.w3.org/2001/XMLSchema-instance">Dášenka</nazev>
      <autori>
         <autor xmlns:xsi="http://www.w3.org/2001/XMLSchema-instance" aut_id="aut_2">
			         <jmeno>Karel</jmeno>
			         <prijmeni>Čapek</prijmeni>
			         <datumNarozeni>1890-01-09</datumNarozeni>
		       </autor>
      </autori>
   </kniha>
   <kniha>
      <nazev xmlns:xsi="http://www.w3.org/2001/XMLSchema-instance">Havran</nazev>
      <autori>
         <autor xmlns:xsi="http://www.w3.org/2001/XMLSchema-instance" aut_id="aut_4">
			         <jmeno>Edgar</jmeno>
			         <prijmeni>Poe</prijmeni>
			         <datumNarozeni>1809-01-19</datumNarozeni>
		       </autor>
      </autori>
   </kniha>
   <kniha>
      <nazev xmlns:xsi="http://www.w3.org/2001/XMLSchema-instance">Jáma a kyvadlo</nazev>
      <autori>
         <autor xmlns:xsi="http://www.w3.org/2001/XMLSchema-instance" aut_id="aut_4">
			         <jmeno>Edgar</jmeno>
			         <prijmeni>Poe</prijmeni>
			         <datumNarozeni>1809-01-19</datumNarozeni>
		       </autor>
      </autori>
   </kniha>
   <kniha>
      <nazev xmlns:xsi="http://www.w3.org/2001/XMLSchema-instance">Kral Lear</nazev>
      <autori>
         <autor xmlns:xsi="http://www.w3.org/2001/XMLSchema-instance" aut_id="aut_5">
			         <jmeno>William</jmeno>
			         <prijmeni>Shakespeare</prijmeni>
			         <datumNarozeni>1564-04-26</datumNarozeni>
		       </autor>
      </autori>
   </kniha>
   <kniha>
      <nazev xmlns:xsi="http://www.w3.org/2001/XMLSchema-instance">R.U.R.</nazev>
      <autori>
         <autor xmlns:xsi="http://www.w3.org/2001/XMLSchema-instance" aut_id="aut_2">
			         <jmeno>Karel</jmeno>
			         <prijmeni>Čapek</prijmeni>
			         <datumNarozeni>1890-01-09</datumNarozeni>
		       </autor>
      </autori>
   </kniha>
   <kniha>
      <nazev xmlns:xsi="http://www.w3.org/2001/XMLSchema-instance">Restaurant na konci vesmíru</nazev>
      <autori>
         <autor xmlns:xsi="http://www.w3.org/2001/XMLSchema-instance" aut_id="aut_3">
			         <jmeno>Douglas</jmeno>
			         <prijmeni>Adams</prijmeni>
			         <datumNarozeni>1952-03-11</datumNarozeni>
		       </autor>
      </autori>
   </kniha>
   <kniha>
      <nazev xmlns:xsi="http://www.w3.org/2001/XMLSchema-instance">Romeo a Julie</nazev>
      <autori>
         <autor xmlns:xsi="http://www.w3.org/2001/XMLSchema-instance" aut_id="aut_5">
			         <jmeno>William</jmeno>
			         <prijmeni>Shakespeare</prijmeni>
			         <datumNarozeni>1564-04-26</datumNarozeni>
		       </autor>
      </autori>
   </kniha>
   <kniha>
      <nazev xmlns:xsi="http://www.w3.org/2001/XMLSchema-instance">Stopařův průvodce po galaxii</nazev>
      <autori>
         <autor xmlns:xsi="http://www.w3.org/2001/XMLSchema-instance" aut_id="aut_3">
			         <jmeno>Douglas</jmeno>
			         <prijmeni>Adams</prijmeni>
			         <datumNarozeni>1952-03-11</datumNarozeni>
		       </autor>
      </autori>
   </kniha>
   <kniha>
      <nazev xmlns:xsi="http://www.w3.org/2001/XMLSchema-instance">Ze života hmyzu</nazev>
      <autori/>
   </kniha>
   <kniha>
      <nazev xmlns:xsi="http://www.w3.org/2001/XMLSchema-instance">Zářivé hlubiny</nazev>
      <autori/>
   </kniha>
</knihy>