<?xml version="1.0" encoding="UTF-8"?>
<sklad>
   <sekce>
      <name>Divna literatura</name>
      <pocetKnih>2</pocetKnih>
      <subsekce>
         <sekce>
            <name>Hodne divna literatura</name>
            <pocetKnih>1</pocetKnih>
            <subsekce/>
         </sekce>
         <sekce>
            <name>Malo divna literatura</name>
            <pocetKnih>1</pocetKnih>
            <subsekce/>
         </sekce>
      </subsekce>
   </sekce>
   <sekce>
      <name>Normalni literatura</name>
      <pocetKnih>1</pocetKnih>
      <subsekce/>
   </sekce>
</sklad>