<?xml version="1.0" encoding="UTF-8"?>
<knihy>
   <kniha-1111115>
      <nazev>Ze života hmyzu</nazev>
      <rokVydani>1922</rokVydani>
      <autori/>
   </kniha-1111115>
   <kniha-415886>
      <nazev>Havran</nazev>
      <rokVydani>1850</rokVydani>
      <autori>
         <autor>Edgar Poe</autor>
      </autori>
   </kniha-415886>
   <kniha-466245>
      <nazev>Jáma a kyvadlo</nazev>
      <rokVydani>1854</rokVydani>
      <autori>
         <autor>Edgar Poe</autor>
      </autori>
   </kniha-466245>
   <kniha-543255>
      <nazev>Kral Lear</nazev>
      <rokVydani>1590</rokVydani>
      <autori>
         <autor>William Shakespeare</autor>
      </autori>
   </kniha-543255>
   <kniha-564238>
      <nazev>R.U.R.</nazev>
      <rokVydani>1910</rokVydani>
      <autori>
         <autor>Karel Čapek</autor>
      </autori>
   </kniha-564238>
   <kniha-481886>
      <nazev>Restaurant na konci vesmíru</nazev>
      <rokVydani>1980</rokVydani>
      <autori>
         <autor>Douglas Adams</autor>
      </autori>
   </kniha-481886>
   <kniha-686472>
      <nazev>Romeo a Julie</nazev>
      <rokVydani>1600</rokVydani>
      <autori>
         <autor>William Shakespeare</autor>
      </autori>
   </kniha-686472>
   <kniha-846225>
      <nazev>Zářivé hlubiny</nazev>
      <rokVydani>1916</rokVydani>
      <autori/>
   </kniha-846225>
   <kniha-873215>
      <nazev>Dášenka</nazev>
      <rokVydani>1933</rokVydani>
      <autori>
         <autor>Karel Čapek</autor>
      </autori>
   </kniha-873215>
   <kniha-873245>
      <nazev>Stopařův průvodce po galaxii</nazev>
      <rokVydani>1980</rokVydani>
      <autori>
         <autor>Douglas Adams</autor>
      </autori>
   </kniha-873245>
   <kniha-ASD531>
      <nazev>Jaja a paja</nazev>
      <rokVydani>1985</rokVydani>
      <autori>
         <autor>Frantisek Spisovatel</autor>
      </autori>
   </kniha-ASD531>
   <kniha-8652SD>
      <nazev>Medvidek Pu</nazev>
      <rokVydani>1922</rokVydani>
      <autori>
         <autor>Alan Alexander Milne</autor>
      </autori>
   </kniha-8652SD>
   <kniha-85543556>
      <nazev>Odvážná školačka</nazev>
      <rokVydani>1961</rokVydani>
      <autori>
         <autor>Jevgenij Lvovič Švarc</autor>
      </autori>
   </kniha-85543556>
</knihy>