<?xml version="1.1" encoding="UTF-8" standalone="no"?><udalosti_root xmlns:xsi="http://www.w3.org/2001/XMLSchema-instance" xsi:noNamespaceSchemaLocation="data.xsd">
	<!-- soupis vsech uzivatelu, ktere mame v systemu -->
	<uzivatele>
		<uzivatel>
			<jmeno>Pepa Nov?k</jmeno>
			<kontakt>
				<email>pepa@seznam.cz</email>
				<telefon>732197722</telefon>
			</kontakt>
		<id>U1</id></uzivatel>
		<uzivatel>
			<jmeno>Jan Vlach</jmeno>
			<kontakt>
				<email>honza12@gmail.com</email>
				<telefon>728726937</telefon>
			</kontakt>
		<id>U2</id></uzivatel>
		<uzivatel>
			<jmeno>Pepa Jandura</jmeno>
			<kontakt>
				<email>pepaJandura@seznam.cz</email>
				<telefon>732432789</telefon>
			</kontakt>
		<id>U3</id></uzivatel>
		<uzivatel>
			<jmeno>Kry?tof Os?tko</jmeno>
			<kontakt>
				<email>kositko@gmail.com</email>
				<telefon>728745937</telefon>
			</kontakt>
		<id>U4</id></uzivatel>
		<uzivatel>
			<jmeno>Jan Ost?inec</jmeno>
			<kontakt>
				<email>jostrinec@seznam.cz</email>
				<telefon>732145522</telefon>
			</kontakt>
		<id>U5</id></uzivatel>
		<uzivatel>
			<jmeno>Anton?n Sova</jmeno>
			<kontakt>
				<email>tondaSova@gmail.com</email>
				<telefon>728729383</telefon>
			</kontakt>
		<id>U6</id></uzivatel>
		<uzivatel>
			<jmeno>Karel Nov?k</jmeno>
			<kontakt>
				<email>karlik@seznam.cz</email>
				<telefon>737737789</telefon>
			</kontakt>
		<id>U7</id></uzivatel>
		<uzivatel>
			<jmeno>?t?p?n Opuchl?</jmeno>
			<kontakt>
				<email>opuchlystepan@seznam.cz</email>
				<telefon>723321937</telefon>
			</kontakt>
		<id>U8</id></uzivatel>
		<uzivatel>
			<jmeno>Jan Odrava</jmeno>
			<kontakt>
				<email>janodrava@seznam.cz</email>
				<telefon>732190522</telefon>
			</kontakt>
		<id>U9</id></uzivatel>
		<uzivatel>
			<jmeno>Karel Marek</jmeno>
			<kontakt>
				<email>karelmarek@gmail.com</email>
				<telefon>648231322</telefon>
			</kontakt>
		<id>U10</id></uzivatel>
		<uzivatel>
			<jmeno>Pavel Omastek</jmeno>
			<kontakt>
				<email>pomastek@seznam.cz</email>
				<telefon>732129022</telefon>
			</kontakt>
		<id>U11</id></uzivatel>
		
	</uzivatele>
	
	<!-- soupis vsech udalosti, ktere byly naplanovany -->
	<udalosti>
		<udalost>
			<datum>
				<den>20</den>
				<mesic>b?ezen</mesic>
				<rok>2011</rok>
				<cas>14:00</cas>
			</datum>
			<zalozil><idUzivatel>U1</idUzivatel></zalozil>
			<misto>Pra?a?ka 3</misto>
			<poznamka>Vyj?d?ete se co nejd??v !!!</poznamka>
			<zucastniSe>
				<odpovedUzivatele>
					<komentar>Hodi se mi to.</komentar>
				<hraciNavic>2</hraciNavic><id>U2</id><odpoved>ano</odpoved></odpovedUzivatele>
				<odpovedUzivatele>
					<komentar>p?ijdu si zahr?t</komentar>
				<id>U4</id><odpoved>ano</odpoved></odpovedUzivatele>
				<odpovedUzivatele>
					<komentar>
						<![CDATA[
							m?m "nara?ena" z?da
						]]>				
					</komentar>
				<id>U3</id><odpoved>ne</odpoved></odpovedUzivatele>
				<odpovedUzivatele>
					<komentar>
						<![CDATA[
							jdu do divadla -> nem??u
						]]>				
					</komentar>
				<id>U1</id><odpoved>ne</odpoved></odpovedUzivatele>
			</zucastniSe>
		<typ>pratelsky_zapas</typ></udalost>
		
		<udalost>
			<datum>
				<den>2</den>
				<mesic>duben</mesic>
				<rok>2011</rok>
				<cas>8:00</cas>
			</datum>
			<zalozil><idUzivatel>U1</idUzivatel></zalozil>
			<misto>Pra?a?ka 1</misto>
			<poznamka>Prvn? z?pas nov? sezony...</poznamka>
			<zucastniSe>
				<odpovedUzivatele>
				<id>U1</id><odpoved>ano</odpoved></odpovedUzivatele>
				<odpovedUzivatele>
					<komentar>tentokrat nemuzu</komentar>
				<id>U4</id><odpoved>ne</odpoved></odpovedUzivatele>
				<odpovedUzivatele><id>U3</id><odpoved>ne</odpoved></odpovedUzivatele>
				<odpovedUzivatele>
					<komentar>skola</komentar>
				<id>U6</id><odpoved>ne</odpoved></odpovedUzivatele>
				<odpovedUzivatele><id>U5</id><odpoved>ano</odpoved></odpovedUzivatele>
				<odpovedUzivatele><id>U10</id><odpoved>ano</odpoved></odpovedUzivatele>
				<odpovedUzivatele><id>U2</id><odpoved>ano</odpoved></odpovedUzivatele>
				<odpovedUzivatele><id>U8</id><odpoved>ano</odpoved></odpovedUzivatele>
				<odpovedUzivatele><id>U7</id><odpoved>ano</odpoved></odpovedUzivatele>
				<odpovedUzivatele><id>U9</id><odpoved>ne</odpoved></odpovedUzivatele>
			</zucastniSe>
		<typ>zapas</typ></udalost>
		
		<udalost>
			<datum>
				<den>9</den>
				<mesic>duben</mesic>
				<rok>2011</rok>
				<cas>10:00</cas>
			</datum>
			<zalozil><idUzivatel>U1</idUzivatel></zalozil>
			<misto>Z?rubova</misto>
			<zucastniSe>
				<odpovedUzivatele>
				<id>U1</id><odpoved>ano</odpoved></odpovedUzivatele>
				<odpovedUzivatele><id>U2</id><odpoved>ano</odpoved></odpovedUzivatele>
				
				<odpovedUzivatele><id>U5</id><odpoved>ano</odpoved></odpovedUzivatele>
				<odpovedUzivatele><id>U3</id><odpoved>ne</odpoved></odpovedUzivatele>
			</zucastniSe>
		<typ>zapas</typ></udalost>
		
		<udalost>
			<datum>
				<den>9</den>
				<mesic>duben</mesic>
				<rok>2011</rok>
				<cas>14:00</cas>
			</datum>
			<zalozil><idUzivatel>U3</idUzivatel></zalozil>
			<misto>Libovoln? hosp?dka</misto>
			<poznamka>Rozbor z?pasu</poznamka>
			<zucastniSe>
				<odpovedUzivatele>
				<id>U1</id><odpoved>ano</odpoved></odpovedUzivatele>
				<odpovedUzivatele>
				<id>U2</id><odpoved>ano</odpoved></odpovedUzivatele>
				
				<odpovedUzivatele><id>U5</id><odpoved>ano</odpoved></odpovedUzivatele>
				
			</zucastniSe>
		<typ>zapas</typ></udalost>
		
		<udalost>
			<datum>
				<den>16</den>
				<mesic>duben</mesic>
				<rok>2011</rok>
				<cas>17:00</cas>
			</datum>
			<zalozil><idUzivatel>U1</idUzivatel></zalozil>
			<misto>Z?rubovka</misto>
			<zucastniSe>
				<odpovedUzivatele>
				<id>U1</id><odpoved>ano</odpoved></odpovedUzivatele>
				<odpovedUzivatele>
					<komentar>tentokrat nemuzu</komentar>
				<id>U4</id><odpoved>ne</odpoved></odpovedUzivatele>
				<odpovedUzivatele><id>U3</id><odpoved>ne</odpoved></odpovedUzivatele>
				<odpovedUzivatele>
					<komentar>skola</komentar>
				<id>U6</id><odpoved>ne</odpoved></odpovedUzivatele>
				<odpovedUzivatele><id>U5</id><odpoved>ne</odpoved></odpovedUzivatele>
				<odpovedUzivatele><id>U10</id><odpoved>ne</odpoved></odpovedUzivatele>
				<odpovedUzivatele><id>U2</id><odpoved>ano</odpoved></odpovedUzivatele>
				<odpovedUzivatele><id>U8</id><odpoved>ne</odpoved></odpovedUzivatele>
				<odpovedUzivatele><id>U7</id><odpoved>ano</odpoved></odpovedUzivatele>
				<odpovedUzivatele><id>U9</id><odpoved>ne</odpoved></odpovedUzivatele>
			
			</zucastniSe>
		<typ>ostatni</typ></udalost>
		
	</udalosti>
	
	
	<generovano>
		<?php echo Date("d.m.Y")?>
	</generovano>
	<strankaUdalostiTymu>www.nas-tym-home.wz.cz/index.php?action=events&amp;list=true</strankaUdalostiTymu>
</udalosti_root>