<html>
   <head>
      <meta http-equiv="Content-Type" content="text/html; charset=UTF-8">
   </head>
   <body>
      <div>
         <h2>Xerxes -  - FastSwim</h2>
         <div>
            <h3>CMAS PP most recent</h3>
            <div>
               <div>CMASLic56</div>
            </div>
         </div>
         <div>
            <h3>CMAS OP most recent</h3>
            <div>
               <div>CMASLic57</div>
            </div>
         </div>
         <div>
            <h3>CMAS DPP most recent</h3>
            <div>
               <div>CMASLic58</div>
            </div>
         </div>
         <div>
            <h3>National least recent (do not ask why do we need this)</h3>
            <div>
               <div><b>skNationalLic7450</b> - sk - 2012
               </div>
            </div>
         </div>
      </div>
      <div>
         <h2>Anna -  - KArenina</h2>
      </div>
      <div>
         <h2>John - Van falubert ' s - the first</h2>
         <div>
            <h3>CMAS PP most recent</h3>
            <div>
               <div>CMASLic59</div>
            </div>
         </div>
         <div>
            <h3>CMAS OP most recent</h3>
            <div>
               <div>CMASLic60</div>
            </div>
         </div>
         <div>
            <h3>CMAS DPP most recent</h3>
            <div>
               <div>CMASLic61</div>
            </div>
         </div>
         <div>
            <h3>National least recent (do not ask why do we need this)</h3>
            <div>
               <div><b>skNationalLic17450</b> - sk - 2013
               </div>
            </div>
         </div>
      </div>
   </body>
</html>