<html>
   <head>
      <meta http-equiv="Content-Type" content="text/html; charset=UTF-8">
   </head>
   <body>
      <div>
         <h2>Xerxes -  - FastSwim</h2>
         <div>
            <h3>YEARS ACTIVE</h3>
            <div>
               <div>2005</div>
               <div>2006</div>
               <div>2007</div>
               <div>2008</div>
               <div>2009</div>
               <div>2010</div>
               <div>2011</div>
               <div>2012</div>
            </div>
         </div>
      </div>
      <div>
         <h2>Anna -  - KArenina</h2>
      </div>
      <div>
         <h2>John - Van falubert ' s - the first</h2>
         <div>
            <h3>YEARS ACTIVE</h3>
            <div>
               <div>2004</div>
               <div>2005</div>
               <div>2006</div>
               <div>2007</div>
               <div>2011</div>
               <div>2012</div>
               <div>2013</div>
            </div>
         </div>
      </div>
   </body>
</html>