<html>
   <head>
      <meta http-equiv="Content-Type" content="text/html; charset=UTF-8">
   </head>
   <body>
      <div>
         <h2>Xerxes -  - FastSwim</h2>
         <div>
            <h3>CMAS PP</h3>
            <div>
               <div>CMASLic51</div>
               <div>CMASLic53</div>
               <div>CMASLic56</div>
            </div>
         </div>
         <div>
            <h3>CMAS OP</h3>
            <div>
               <div>CMASLic52</div>
               <div>CMASLic57</div>
            </div>
         </div>
         <div>
            <h3>CMAS DPP</h3>
            <div>
               <div>CMASLic54</div>
               <div>CMASLic58</div>
            </div>
         </div>
         <div>
            <h3>National</h3>
            <div>
               <div><b>skNationalLic127</b> - sk
               </div>
               <div><b>skNationalLic213</b> - sk
               </div>
               <div><b>skNationalLic1005</b> - sk
               </div>
               <div><b>skNationalLic1230</b> - sk
               </div>
               <div><b>skNationalLic4005</b> - sk
               </div>
               <div><b>skNationalLic5400</b> - sk
               </div>
               <div><b>skNationalLic6800</b> - sk
               </div>
               <div><b>skNationalLic7450</b> - sk
               </div>
            </div>
         </div>
      </div>
      <div>
         <h2>Anna -  - KArenina</h2>
      </div>
      <div>
         <h2>John - Van falubert ' s - the first</h2>
         <div>
            <h3>CMAS PP</h3>
            <div>
               <div>CMASLic24</div>
               <div>CMASLic31</div>
               <div>CMASLic47</div>
               <div>CMASLic55</div>
               <div>CMASLic59</div>
            </div>
         </div>
         <div>
            <h3>CMAS OP</h3>
            <div>
               <div>CMASLic33</div>
               <div>CMASLic48</div>
               <div>CMASLic60</div>
            </div>
         </div>
         <div>
            <h3>CMAS DPP</h3>
            <div>
               <div>CMASLic12</div>
               <div>CMASLic25</div>
               <div>CMASLic61</div>
            </div>
         </div>
         <div>
            <h3>National</h3>
            <div>
               <div><b>skNationalLic17450</b> - sk
               </div>
            </div>
         </div>
      </div>
   </body>
</html>