<html>
   <head>
      <meta http-equiv="Content-Type" content="text/html; charset=UTF-8">
   </head>
   <body>
      <div>
         <h2>Xerxes -  - FastSwim</h2>
         <div>
            <h3>ALL LICENCES</h3>
            <div>
               <div>
                  <div><b>skNationalLic127</b> - sk
                  </div>
               </div>
               <div>
                  <div><b>skNationalLic213</b> - sk
                  </div>
               </div>
               <div>
                  <div><b>skNationalLic1005</b> - sk
                  </div>
               </div>
               <div>
                  <div><b>skNationalLic1230</b> - sk
                  </div>
               </div>
               <div>
                  <div><b>skNationalLic4005</b> - sk
                  </div>
               </div>
               <div>
                  <div><b>CMASLic51</b> - CMAS_PP
                  </div>
               </div>
               <div>
                  <div><b>CMASLic52</b> - CMAS_OP
                  </div>
               </div>
               <div>
                  <div><b>skNationalLic5400</b> - sk
                  </div>
               </div>
               <div>
                  <div><b>CMASLic53</b> - CMAS_PP
                  </div>
               </div>
               <div>
                  <div><b>CMASLic54</b> - CMAS_DPP
                  </div>
               </div>
               <div>
                  <div><b>skNationalLic6800</b> - sk
                  </div>
               </div>
               <div>
                  <div><b>CMASLic56</b> - CMAS_PP
                  </div>
               </div>
               <div>
                  <div><b>CMASLic57</b> - CMAS_OP
                  </div>
               </div>
               <div>
                  <div><b>CMASLic58</b> - CMAS_DPP
                  </div>
               </div>
               <div>
                  <div><b>skNationalLic7450</b> - sk
                  </div>
               </div>
            </div>
         </div>
      </div>
      <div>
         <h2>Anna -  - KArenina</h2>
      </div>
      <div>
         <h2>John - Van falubert ' s - the first</h2>
         <div>
            <h3>ALL LICENCES</h3>
            <div>
               <div>
                  <div><b>CMASLic12</b> - CMAS_DPP
                  </div>
               </div>
               <div>
                  <div><b>CMASLic24</b> - CMAS_PP
                  </div>
               </div>
               <div>
                  <div><b>CMASLic25</b> - CMAS_DPP
                  </div>
               </div>
               <div>
                  <div><b>CMASLic31</b> - CMAS_PP
                  </div>
               </div>
               <div>
                  <div><b>CMASLic33</b> - CMAS_OP
                  </div>
               </div>
               <div>
                  <div><b>CMASLic47</b> - CMAS_PP
                  </div>
               </div>
               <div>
                  <div><b>CMASLic48</b> - CMAS_OP
                  </div>
               </div>
               <div>
                  <div><b>CMASLic55</b> - CMAS_PP
                  </div>
               </div>
               <div>
                  <div><b>CMASLic59</b> - CMAS_PP
                  </div>
               </div>
               <div>
                  <div><b>CMASLic60</b> - CMAS_OP
                  </div>
               </div>
               <div>
                  <div><b>CMASLic61</b> - CMAS_DPP
                  </div>
               </div>
               <div>
                  <div><b>skNationalLic17450</b> - sk
                  </div>
               </div>
            </div>
         </div>
      </div>
   </body>
</html>