<?xml version="1.0" encoding="windows-1250" standalone="no"?><formula1 xmlns:xsi="http://www.w3.org/2001/XMLSchema-instance" xsi:noNamespaceSchemaLocation="data.xsd">
  <season year="2010">
        <race name="Bahrain GP" round="1">
          <date>2010-03-14</date>
          <venue>Sakhir, Bahrain</venue>
          <circuit>Bahrain International Circuit</circuit>
          <km_distance>308.405</km_distance>
          <weather>Sunny</weather>
          <race_results>
              <finish fastest_lap="true" p="1">Fernando Alonso</finish>
              <finish p="2">Felipe Massa</finish>
              <finish p="3">Lewis Hamilton</finish>
              <finish p="4" pole_position="true">Sebastian Vettel</finish>
              <finish p="5">Nico Rosberg</finish>
              <finish p="6">Michael Schumacher</finish>
              <finish p="7">Jenson Button</finish>
              <finish p="8">Mark Webber</finish>
              <finish p="9">Vitantonio Liuzzi</finish>
              <finish p="10">Rubens Barrichello</finish>
              <finish p="11">Robert Kubica</finish>
              <finish p="12">Adrian Sutil</finish>
              <finish p="13">Jaime Alguersuari</finish>
              <finish p="14">Nico Hulkenberg</finish>
              <finish p="15">Heikki Kovalainen</finish>
              <finish p="16">Sebastien Buemi</finish>
              <finish p="17">Jarno Trulli</finish>
          </race_results>
        </race>
        <race name="Australian GP" round="2">
          <date>2010-03-28</date>
          <venue>Melbourne, Australia</venue>
          <circuit>Melbourne Grand Prix Circuit</circuit>
          <street_race/>
          <km_distance>307.574</km_distance>
          <weather>Overcast with light rain at start</weather>
          <race_results>
              <finish p="1">Jenson Button</finish>
              <finish p="2">Robert Kubica</finish>
              <finish p="3">Felipe Massa</finish>
              <finish p="4">Fernando Alonso</finish>
              <finish p="5">Nico Rosberg</finish>
              <finish p="6" pole_position="true">Lewis Hamilton</finish>
              <finish p="7">Vitantonio Liuzzi</finish>
              <finish p="8">Rubens Barrichello</finish>
              <finish fastest_lap="true" p="9">Mark Webber</finish>
              <finish p="10">Michael Schumacher</finish>
              <finish p="11">Jaime Alguersuari</finish>
              <finish p="12">Pedro de la Rosa</finish>
              <finish p="13">Heikki Kovalainen</finish>
              <finish p="14">Karun Chandhok</finish>
          </race_results>
        </race>

        <!-- TODO: add other races -->


    <point_system>
        <points position="1" reward="25"/>
        <points position="2" reward="18"/>
        <points position="3" reward="15"/>
        <points position="4" reward="12"/>
        <points position="5" reward="10"/>
        <points position="6" reward="8"/>
        <points position="7" reward="6"/>
        <points position="8" reward="4"/>
        <points position="9" reward="2"/>
        <points position="10" reward="1"/>
    </point_system>

    

    <race_teams>
        <race_team id="id_1">
          <name>McLaren Mercedes</name>
          <chassis>MP4-25</chassis>
          <engine>Mercedes</engine>
          <tyres>Bridgestone</tyres>
        <race_driver><name>Jenson Button</name><driver_no>1</driver_no><nationality>Great Britain</nationality></race_driver><race_driver><name>Lewis Hamilton</name><driver_no>2</driver_no><nationality>Great Britain</nationality></race_driver></race_team>
        <race_team id="id_2">
          <name>Mercedes GP</name>
          <chassis>MGP W01</chassis>
          <engine>Mercedes</engine>
          <tyres>Bridgestone</tyres>
        <race_driver><name>Michael Schumacher</name><driver_no>3</driver_no><nationality>Germany</nationality></race_driver><race_driver><name>Nico Rosberg</name><driver_no>4</driver_no><nationality>Germany</nationality></race_driver></race_team>
        <race_team id="id_3">
          <name>Red Bull</name>
          <chassis>RB6</chassis>
          <engine>Renault</engine>
          <tyres>Bridgestone</tyres>
        <race_driver><name>Sebastian Vettel</name><driver_no>5</driver_no><nationality>Germany</nationality></race_driver><race_driver><name>Mark Webber</name><driver_no>6</driver_no><nationality>Australia</nationality></race_driver></race_team>
        <race_team id="id_4">
          <name>Ferrari</name>
          <chassis>F10</chassis>
          <engine>Ferrari</engine>
          <tyres>Bridgestone</tyres>
        <race_driver><name>Felipe Massa</name><driver_no>7</driver_no><nationality>Brazil</nationality></race_driver><race_driver><name>Fernando Alonso</name><driver_no>8</driver_no><nationality>Spain</nationality></race_driver></race_team>
        <race_team id="id_5">
          <name>Williams</name>
          <chassis>FW32</chassis>
          <engine>Cosworth</engine>
          <tyres>Bridgestone</tyres>
        <race_driver><name>Rubens Barrichello</name><driver_no>9</driver_no><nationality>Brazil</nationality></race_driver><race_driver><name>Nico Hulkenberg</name><driver_no>10</driver_no><nationality>Germany</nationality></race_driver></race_team>
        <race_team id="id_6">
          <name>Renault</name>
          <chassis>R30</chassis>
          <engine>Renault</engine>
          <tyres>Bridgestone</tyres>
        <race_driver><name>Robert Kubica</name><driver_no>11</driver_no><nationality>Poland</nationality></race_driver><race_driver><name>Vitaly Petrov</name><driver_no>12</driver_no><nationality>Russia</nationality></race_driver></race_team>
        <race_team id="id_7">
          <name>Force India</name>
          <chassis>VJM03</chassis>
          <engine>Mercedes</engine>
          <tyres>Bridgestone</tyres>
        <race_driver><name>Adrian Sutil</name><driver_no>13</driver_no><nationality>Germany</nationality></race_driver><race_driver><name>Vitantonio Liuzzi</name><driver_no>14</driver_no><nationality>Italy</nationality></race_driver></race_team>
        <race_team id="id_8">
          <name>Scuderia Toro Rosso</name>
          <chassis>STR5</chassis>
          <engine>Ferrari</engine>
          <tyres>Bridgestone</tyres>
        <race_driver><name>Sebastien Buemi</name><driver_no>15</driver_no><nationality>Switzerland</nationality></race_driver><race_driver><name>Jaime Alguersuari</name><driver_no>16</driver_no><nationality>Spain</nationality></race_driver></race_team>
        <race_team id="id_9">
          <name>Lotus Racing</name>
          <chassis>T127</chassis>
          <engine>Cosworth</engine>
          <tyres>Bridgestone</tyres>
        <race_driver><name>Jarno Trulli</name><driver_no>17</driver_no><nationality>Italy</nationality></race_driver><race_driver><name>Heikki Kovalainen</name><driver_no>18</driver_no><nationality>Finland</nationality></race_driver></race_team>
        <race_team id="id_10">
          <name>HRT</name>
          <chassis>F110</chassis>
          <engine>Cosworth</engine>
          <tyres>Bridgestone</tyres>
        <race_driver><name>Karun Chandhok</name><driver_no>19</driver_no><nationality>India</nationality></race_driver><race_driver><name>Bruno Senna</name><driver_no>20</driver_no><nationality>Brazil</nationality></race_driver></race_team>
        <race_team id="id_11">
          <name>BMW Sauber</name>
          <chassis>C29</chassis>
          <engine>Ferrari</engine>
          <tyres>Bridgestone</tyres>
        <race_driver><name>Pedro de la Rosa</name><driver_no>21</driver_no><nationality>Spain</nationality></race_driver><race_driver><name>Kamui Kobayashi</name><driver_no>22</driver_no><nationality>Japan</nationality></race_driver></race_team>
        <race_team id="id_12">
          <name>Virgin Racing</name>
          <chassis>VR-01</chassis>
          <engine>Cosworth</engine>
          <tyres>Bridgestone</tyres>
        <race_driver><name>Timo Glock</name><driver_no>23</driver_no><nationality>Germany</nationality></race_driver><race_driver><name>Lucas di Grassi</name><driver_no>24</driver_no><nationality>Brazil</nationality></race_driver></race_team>
    </race_teams>
  </season>
  <!-- TODO: Add other seasons -->
</formula1>