<?xml version="1.0" encoding="UTF-8"?>
<songs>
   <song>
      <name>Anna Lee</name>
      <author>John Petrucci</author>
   </song>
   <song>
      <name>As I Am</name>
      <author>Mike Portnoy</author>
   </song>
   <song>
      <name>Burning My Soul</name>
      <author>John Petrucci</author>
   </song>
   <song>
      <name>Hell's Kitchen</name>
      <author>John Petrucci</author>
   </song>
   <song>
      <name>Hollow Years</name>
      <author>John Petrucci</author>
   </song>
   <song>
      <name>Just Let Me Breathe</name>
      <author>John Petrucci</author>
   </song>
   <song>
      <name>Lines in the Sand</name>
      <author>Mike Portnoy</author>
   </song>
   <song>
      <name>New Millenium</name>
      <author>John Petrucci</author>
   </song>
   <song>
      <name>Peruvian Skies</name>
      <author>John Petrucci</author>
   </song>
   <song>
      <name>Pull Me Under</name>
      <author>John Petrucci</author>
   </song>
   <song>
      <name>Take Away My Pain</name>
      <author>John Petrucci</author>
   </song>
   <song>
      <name>This Dying Soul</name>
      <author>John Petrucci</author>
   </song>
   <song>
      <name>Trial of Tears</name>
      <author>John Petrucci</author>
   </song>
   <song>
      <name>You Not Me</name>
      <author>John Petrucci</author>
   </song>
</songs>