<html>
   <head>
      <meta http-equiv="Content-Type" content="text/html; charset=UTF-8">
      <title>title Song Library</title>
   </head>
   <body>
      <h1>Dream Theater</h1>
      <table style="border: solid 2px black">
         <th>Album</th>
         <th>Songs</th>
         <tr>
            <td>Falling Into Infinity</td>
            <td>11</td>
         </tr>
         <tr>
            <td>Train Of Thought</td>
            <td>2</td>
         </tr>
         <tr>
            <td>Systematic Chaos</td>
            <td>1</td>
         </tr>
      </table>
   </body>
</html>