<?xml version="1.0" encoding="UTF-8" standalone="no"?><!-- Popisovana realita: katalog notebooku  --><katalog><v_akci notebook_id="notebook1 notebook3"/><notebook id="notebook3" v_prodeji="A"><popis><![CDATA[
Notebooky ?ady Acer Aspire p?edstavuj? v?konn? stroje s dostate?n?m grafick?m potenci?lem a celou ?k?lou komunika?n?ch mo?nost?. Nav?c je v?e ulo?eno v elegantn?m modern?m kab?tu s d?razem na odolnost a spolehlivost.

Vysok? v?kon, grafika a multim?dia

Spolu s vysok?mi v?konov?mi n?roky multimedi?ln?ho obsahu p?ih?z? i do oblasti notebook? v?konn? procesory s podporou pro plynul? multitasking. Ani ?ada notebook? Aspire nen? pozadu a p?in??? nejmodern?j?? procesorov? ?ady nap??? cel?m portfoliem typ? notebook?. Nechyb? ani dostatek diskov? kapacity pro ulo?en? ve?ker?ho multimedi?ln?ho obsahu, kter? chce m?t u?ivatel v?dy p?i ruce. Displej s vysok?m rozli?en?m a voliteln? v?konn? diskr?tn? grafick? karty poskytuj? u?ivateli dokonal? pro?itek, a? ji? na notebooku sleduje obl?ben? filmy ?i seri?ly, nebo hraje n?ro?n? po??ta?ov? hry. P?ipojen? velkoplo?n? televizn? obrazovky nikdy nebylo jednodu?? za pomoci HDMI rozhran? a u vybran?ch model? nechyb? ani modern? Blu-ray mechanika spolu s prostorov?m Dolby ozvu?en?m.

Vzhled a komunika?n? n?stroje

Kombinace Ethernetov? a Wi-Fi konektivity umo??uje spolehliv? vysokorychlostn? p??stup k internetu kdykoliv a kdekoliv. Pro snadn? videohovory je p?ipravena integrovan? kamera a modul Bluetooth nav?c usnadn? p?ipojen? nap??klad mobiln?ho telefonu. ?ada notebook? Aspire od spole?nosti Acer je prezentov?na jako atraktivn?, ergonomick? a z?rove? i odoln?. Modern? design si zakl?d? na tenk?m proveden?, jedine?n?m vzhledu a n?padn? barevn? kombinaci spolu se snadno p??stupn?mi ovl?dac?mi prvky. Spole?nost Acer klade d?raz i na ?ivotn? prost?ed? spolu s vysokou odolnost? notebooku jako celku. Proto vyvol?vaj? notebooky Aspire p?edstavu jedine?nosti a spolehlivosti.

Specifikace

Model s ozna?en?m 5349-B812G32Mnkk ?ady notebook? Acer Aspire vyu??v? v?konu procesoru Intel Celeron Dual-Core B815. Ten pracuje na frekvenci 1.6GHz a je dopln?n o 2GB opera?n? pam?ti typu DDR3. O data zobrazen? na 15.6" velk?m displeji s WXGA (1366x768 obrazov?ch bod?) rozli?en?m se star? grafika Intel HD Graphics. Pro u?ivatelsk? data je ur?en 320GB pevn? disk a nechyb? ani DVD?RW/RAM optick? mechanika. Mezi rozhran?mi notebooku nechyb? Wi-Fi, t?i konektory USB a integrov?na je i kamera a kl?vesnice obsahuje i numerickou ??st. Jako opera?n? syst?m je pou?it Windows Home Premium 64 bitov?ho proveden?.

]]></popis><cena>9000</cena><urceni><cilova_skupina>Dom?cnost</cilova_skupina><cilova_skupina>Student</cilova_skupina>
			Notebook je urcen do dom?cnosti nebo pro studenty.
			</urceni><operacni_system>Windows 7 Home</operacni_system><rozhrani><hdmi/><usb pocet="3" verze="2"/></rozhrani><operacni_pamet typ="DDR3" velikost="2GB"/><ulozna_zarizeni><disk ssd="N" velikost="500GB"/></ulozna_zarizeni><grafika integrovana="N"><procesor><model><oznaceni/><nazev>HD Graphics</nazev></model><znacka>Intel</znacka></procesor></grafika><display typ="lcd"><rozliseni>1366x768</rozliseni></display><procesor><frekvence>1.6GHz</frekvence><pocet_jader/><model><oznaceni>B815</oznaceni><nazev>Celeron</nazev></model><znacka>Intel</znacka></procesor><model><oznaceni>5349-B812G32Mnkk</oznaceni><nazev>Aspire</nazev></model><znacka>Acer</znacka></notebook><notebook id="notebook2" v_prodeji="A"><popis><![CDATA[
P?enosn? a p?esto s ?ctyhodn?m v?konem, to jsou firemn? notebooky ?ady HP EliteBook 8560w. 15.6? displej nav?c disponuje HD rozli?en?m a modern?m LED podsv?cen?m. Notebook jako celek spln? ty nejn?ro?n?j?? po?adavky a to jak v kancel??i, tak na cest?ch. Notebook odol? nejen ne?ekan?m p?d?m, ale i vysok? teplot?, nadmo?sk? v??ce, prachu nebo vibrac?m stejn? tak jako vy??? vlhkosti okoln?ho prost?ed?. Nemus?te se tak b?t vz?t si po??ta? kamkoliv s sebou.
]]></popis><cena>50000</cena><urceni><cilova_skupina>V?kon</cilova_skupina><cilova_skupina>Pr?ce</cilova_skupina>
			Pracovn? stanice.
			</urceni><operacni_system>Windows 7 Professional</operacni_system><rozhrani><esata pocet="1"/><usb pocet="3" verze="3"/></rozhrani><operacni_pamet typ="DDR3" velikost="8GB"/><ulozna_zarizeni><disk ssd="N" velikost="750GB"/></ulozna_zarizeni><grafika integrovana="N"><procesor><model><oznaceni>2000M</oznaceni><nazev>Quadro</nazev></model><znacka>NVIDIA</znacka></procesor></grafika><display typ="led"><rozliseni>1920x1080</rozliseni></display><procesor><frekvence>3.1GHz</frekvence><pocet_jader/><model><oznaceni>2670</oznaceni><nazev>Core i7</nazev></model><znacka>Intel</znacka></procesor><model><oznaceni>8560w</oznaceni><nazev>EliteBook</nazev></model><znacka>HP</znacka></notebook><notebook alternativa_k="notebook3" id="notebook1" v_prodeji="A"><popis><![CDATA[
?ada notebook? IdeaPad Y s hern? ur?en?m od spole?nosti Lenovo v sob? skr?v? surovou s?lu v kombinaci s ?hledn?m designem. Nav?c notebooky obsahuj? p?ekvapiv? novinky a jsou p?ipraveny pro mobiln? z?bavu, a? se s nimi vyd?te kamkoliv. Nic ji? proto nebr?n? uhasit ??ze? nekone?n?ch d?lek a b?t st?le p?ipojen za pomoci modern?ho a vysoce mobiln?ho spole?n?ky v podob? notebooky Lenovo IdeaPad Y.

Vysok? v?kon

Notebooky IdeaPad Y jsou postaveny na mobiln? platform? Intel Core. Ta jim poskytuje nejen exkluzivn? v?kon, ale nav?c i n?zkou spot?ebu, se kterou jde ruku v ruce dlouh? v?dr? p?i pr?ci na bateriov? nap?jen?. Procesory Intel ov?em nejsou to jedin?, co u?ivateli pom?h? v tvorb? a p?in??? neuv??iteln? multimedi?ln? z??itky. Dal??mi sou??stmi jsou v?konn? grafick? karty v kombinaci s kvalitn?mi displeji a prostorov?m SRS zvukem. Vybran? modely notebook? ?ady IdeaPad Y570 jsou nav?c vybaveny Lenovo Enhanced Experience 2.0 pro Windows 7 s podporou technologie Intel Rapid Boot, kter? se star? o pr?m?rn? sn??en? doby startu opera?n?ho syst?mu a? o 20 sekund, zrychlen? vypnut? o 28% a obnovy z re?imu sp?nku za 0.7 sekundy.

Stylov? a precizn? proveden?

Vysok? v?kon notebook? ?ady IdeaPad Y jsou zabaleny ve slu?iv?m kab?t? s vysokou odolnost?. Praktick? v?cedotykov? touchpad v kombinaci s modern? kl?vesnic? p?in??? nev?dan? pohodl? p?? dlouhotrvaj?c? pr?ci na po??ta?i a pot??? i v p??pad? multimedi?ln?ho nasazen? po??ta?e. Pohodl? p?in??? i speci?ln? software VeriFace, kter? rozpozn? v?? obli?ej a automaticky p?ihl?s? spr?vn? u?ivatelsk? ??et opera?n?ho syst?mu.

Specifikace

Tento model notebooku pro ka?dodenn? pou?it? je vybaven dvouj?drov?m procesorem Intel Core i7-2670QM. Tento procesor pracuje na frekvenci 2.2GHz a podporuje technologii TurboBoost s mo?nost? nav??en? frekvence a? na 3.1GHz. Procesor je dopln?n o 8GB opera?n? pam?ti typu DDR3 s taktem 1333MHz. Zobrazen? na 15.6" velk?m leskl?m displeji s rozli?en?m WXGA, tedy 1366x768 obrazov?ch bod? a LED podsv?cen?m, se star? grafika NVIDIA GeForce GT 555M s 2GB vlastn? pam?ti. Pro u?ivatelsk? data je ur?en 750GB pevn? disk a nechyb? ani DVD?RW/RAM optick? mechanika. Samoz?ejmost? jsou rozhran? jako Wi-Fi, Bluetooth nebo ?tve?ice konektor? USB a rozhran? eSATA. D?le je notebook vybaven kamerou a u?ivatelsk? pohodl? zaji??uje i numerick? ??st kl?vesnice. Jako opera?n? syst?m je pou?it Windows 7 Home Premium 64 bitov?ho proveden?.

]]></popis><cena>22000</cena><urceni><cilova_skupina>Z?bava</cilova_skupina><cilova_skupina>Hr??i</cilova_skupina>
			Notebook je urcen hr???m, zvl?dne i n?ro?n?j?? po??tacov? hry.
			</urceni><operacni_system>Windows 7 Home</operacni_system><rozhrani><hdmi/><esata pocet="1"/><usb pocet="4" verze="2"/></rozhrani><operacni_pamet typ="DDR3" velikost="8GB"/><ulozna_zarizeni><disk ssd="N" velikost="750GB"/></ulozna_zarizeni><grafika integrovana="N"><operacni_pamet typ="DDR4" velikost="1GB"/><procesor><model><oznaceni>GT 555M</oznaceni><nazev>GeForce</nazev></model><znacka>NVIDIA</znacka></procesor></grafika><display typ="lcd"><rozliseni>1366x768</rozliseni></display><procesor><frekvence>3.1GHz</frekvence><pocet_jader/><model><oznaceni>2670QM</oznaceni><nazev>Core i7</nazev></model><znacka>Intel</znacka></procesor><model><oznaceni>Y570</oznaceni><nazev>IdeaPad</nazev></model><znacka>Lenovo</znacka></notebook></katalog>