<html>
   <head>
      <meta http-equiv="Content-Type" content="text/html; charset=UTF-8">
      <title>Comedians</title>
   </head>
   <body>
      <p>List of some comedians. Red ones are my favorite.</p>
      <ul>
         <li title="One of the biggest faces in British comedy. Literally." style="color:red">Jimmy Carr</li>
         <li title="">Dane Cook</li>
         <li title="I have a lot of beliefs, and I live by none of them." style="color:red">Louis C. K.</li>
         <li title="">Dave Chapelle</li>
         <li title="" style="color:red">Ricky Gervais</li>
      </ul>
   </body>
</html>