<?xml version="1.0" encoding="UTF-8" standalone="no"?><cast>  <!-- ?esk? asociace stoln?ho tenisu -->
	<souteze>
		<soutez nazev="Extraliga mu??">
			<soupisky>
				<tym nazev="SF SKK El Ni?o Praha A" tid="te01">
					<vedouci>
						<jmeno krestni="Zbyn?k" prijmeni="?pa?ek"/>
						<email>zbynek.spacek@ping-pong.cz</email>
						<mobil>+420 603 458600</mobil>
					</vedouci>
					<herna nazev="Na Kotl??ce 1, Praha 6"/>
					<sestava>
						<hrac hid="h01">
							<jmeno krestni="Michal" prijmeni="Obe?lo"/>
							<rok>1989</rok>
							<umisteni>?R mu?i 11</umisteni>
						</hrac>
						<hrac hid="h02">
							<jmeno krestni="Marek" prijmeni="Obe?lo"/>
							<rok>1991</rok>
							<umisteni>?R mu?i 41</umisteni>
						</hrac>
					</sestava>
				</tym>
				<tym nazev="SK Kotl??ka Praha A" tid="te02">
					<vedouci>
						<jmeno krestni="Petr" prijmeni="Kauck?"/>
						<email>petrkaucky@seznam.cz</email>
						<mobil>+420 603 458643</mobil>
					</vedouci>
					<herna nazev="Na Kotl??ce 1, Praha 6"/>
					<sestava>
						<hrac hid="h03">
							<jmeno krestni="Franti?ek" prijmeni="Obe?lo"/>
							<rok>1991</rok>
							<umisteni>?R mu?i 52</umisteni>
							<poznamka><![CDATA[ <s>sestrin</s> <u>bratruv</u> bratr ]]></poznamka>
						</hrac>
						<hrac hid="h04">
							<jmeno krestni="Tom??" prijmeni="M?lek"/>
							<rok>1996</rok>
							<umisteni>?R mu?i 94</umisteni>
							<poznamka>St??dav? start z SK DDM Kotl??ka Praha viz: <?php echo "<a href='http://" . $_SERVER["SERVER_NAME"] . "/zprava.php?id=42'>zpr?va</a>"; ?></poznamka>
						</hrac>
					</sestava>
				</tym>
			</soupisky>
			<tabulka><radek body="3" prohry="0" remizy="0" skore="12:6" tidr="te01" vyhry="1" zapasy="1"/><radek body="0" prohry="1" remizy="0" skore="6:12" tidr="te02" vyhry="0" zapasy="1"/></tabulka>
		</soutez>
	</souteze>
	<kraje>
		<kraj nazev="Kr?lov?hradeck?">
			<souteze>
				<soutez nazev="Krajsk? sout??">
					<soupisky/>
					<tabulka/>
				</soutez>
			</souteze>
			<regiony>
				<region nazev="Ji??n">
					<souteze>
						<soutez nazev="Region?ln? p?ebor 1. t??dy">
							<soupisky>
								<tym nazev="TJ Ji??n B" tid="tjc01">
									<vedouci>
										<jmeno krestni="Petr" prijmeni="Doule"/>
										<email>kfd(a)kfd.cz</email>
										<telefon>+420 493 777662</telefon>
										<mobil>+420 736 777662</mobil>
									</vedouci>
									<herna nazev="sportovn? are?l Ji??n"/>
									<sestava>
										<hrac hid="h05">
											<jmeno krestni="Jan" prijmeni="?ervenka"/>
											<rok>1983</rok>
											<umisteni>kraj. mu?i 141-170</umisteni>
										</hrac>
									</sestava>
								</tym>
								<tym nazev="TJ Sokol Valdice B" tid="tjc02">
									<vedouci>
										<jmeno krestni="P?emysl" prijmeni="Bilansk?"/>
										<email>premekb(a)razdva.cz</email>
										<mobil>+420 605 407751</mobil>
									</vedouci>
									<herna nazev="administrativn? budova v?ze?. slu?by Valdice"/>
									<sestava>
										<hrac hid="h06">
											<jmeno krestni="Milan" prijmeni="Novotn?"/>
											<rok>1968</rok>
											<umisteni>kraj. mu?i 202.- 240.</umisteni>
										</hrac>
										<hrac hid="h07">
											<jmeno krestni="Zden?k" prijmeni="Novotn?"/>
											<rok>1967</rok>
											<umisteni>reg. mu?i 82.- 83.</umisteni>
										</hrac>
										<hrac hid="h08">
											<jmeno krestni="P?emysl" prijmeni="Bilansk?"/>
											<rok>1961</rok>
											<umisteni>nez. mu?i</umisteni>
										</hrac>
									</sestava>
								</tym>
								<tym nazev="TJ Sokol Kopidlno A" tid="tjc03">
									<vedouci>
										<jmeno krestni="Jan" prijmeni="Nov?k"/>
										<email>novak3@seznam.cz</email>
										<telefon>+420 400 123456</telefon>
									</vedouci>
									<herna nazev="m?stn? hospoda"/>
									<sestava>
									</sestava>
								</tym>
								<tym nazev="TJ Nov? Paka C" tid="tjc04">
									<vedouci>
										<jmeno krestni="Jan" prijmeni="Nov?k"/>
										<email>novak4@seznam.cz</email>
										<telefon>+420 400 123456</telefon>
									</vedouci>
									<herna nazev="m?stn? hospoda"/>
									<sestava>
									<hrac hid="h11"><jmeno krestni="Quentin" prijmeni="Tarantino"/><rok>1951</rok><umisteni>kraj 784</umisteni></hrac></sestava>
								</tym>
								<tym nazev="TJ Sokol Lib?? A" tid="tjc05">
									<vedouci>
										<jmeno krestni="Jan" prijmeni="Nov?k"/>
										<email>novak5@seznam.cz</email>
										<telefon>+420 400 123456</telefon>
									</vedouci>
									<herna nazev="m?stn? hospoda"/>
									<sestava>
									</sestava>
								</tym>
								<tym nazev="TJ Jiskra Ho?ice B" tid="tjc06">
									<vedouci>
										<jmeno krestni="Jan" prijmeni="Nov?k"/>
										<email>novak6@seznam.cz</email>
										<telefon>+420 400 123456</telefon>
									</vedouci>
									<herna nazev="m?stn? hospoda"/>
									<sestava>
									<hrac hid="h09"><jmeno krestni="Petr" prijmeni="Pavel"/><rok>1985</rok><umisteni>kraj 561</umisteni></hrac><hrac hid="h10"><jmeno krestni="Robert" prijmeni="Rodriguez"/><rok>1979</rok><umisteni>kraj 295</umisteni></hrac></sestava>
								</tym>
								<tym nazev="TJ Sokol L?ny A" tid="tjc07">
									<vedouci>
										<jmeno krestni="Jan" prijmeni="Nov?k"/>
										<email>novak7@seznam.cz</email>
										<telefon>+420 400 123456</telefon>
									</vedouci>
									<herna nazev="m?stn? hospoda"/>
									<sestava>
									</sestava>
								</tym>
								<tym nazev="TJ Sokol Nemy?eves B" tid="tjc08">
									<vedouci>
										<jmeno krestni="Jan" prijmeni="Nov?k"/>
										<email>novak8@seznam.cz</email>
										<telefon>+420 400 123456</telefon>
									</vedouci>
									<herna nazev="m?stn? hospoda"/>
									<sestava>
									</sestava>
								</tym>
								<tym nazev="SK Milet?n A" tid="tjc09">
									<vedouci>
										<jmeno krestni="Jan" prijmeni="Nov?k"/>
										<email>novak9@seznam.cz</email>
										<telefon>+420 400 123456</telefon>
									</vedouci>
									<herna nazev="m?stn? hospoda"/>
									<sestava>
									</sestava>
								</tym>
								<tym nazev="TJ Butoves A" tid="tjc10">
									<vedouci>
										<jmeno krestni="Jan" prijmeni="Nov?k"/>
										<email>novak10@seznam.cz</email>
										<telefon>+420 400 123456</telefon>
									</vedouci>
									<herna nazev="m?stn? hospoda"/>
									<sestava>
									</sestava>
								</tym>
								<tym nazev="TJ Sokol ?eleznice B" tid="tjc11">
									<vedouci>
										<jmeno krestni="Jan" prijmeni="Nov?k"/>
										<email>novak11@seznam.cz</email>
										<telefon>+420 400 123456</telefon>
									</vedouci>
									<herna nazev="m?stn? hospoda"/>
									<sestava>
									</sestava>
								</tym>
								<tym nazev="TJ Sokol Rovensko pod Troskami A" tid="tjc12">
									<vedouci>
										<jmeno krestni="Jan" prijmeni="Nov?k"/>
										<email>novak12@seznam.cz</email>
										<telefon>+420 400 123456</telefon>
									</vedouci>
									<herna nazev="m?stn? hospoda"/>
									<sestava>
									</sestava>
								</tym>
							</soupisky>
							<tabulka><radek body="57" prohry="1" remizy="1" skore="243:117" tidr="tjc01" vyhry="18" zapasy="20"/><radek body="53" prohry="3" remizy="1" skore="232:128" tidr="tjc03" vyhry="16" zapasy="20"/><radek body="49" prohry="3" remizy="2" skore="221:121" tidr="tjc02" vyhry="14" zapasy="19"/><radek body="46" prohry="7" remizy="0" skore="208:152" tidr="tjc04" vyhry="13" zapasy="20"/><radek body="45" prohry="7" remizy="1" skore="183:177" tidr="tjc05" vyhry="12" zapasy="20"/><radek body="44" prohry="8" remizy="0" skore="196:164" tidr="tjc06" vyhry="12" zapasy="20"/><radek body="38" prohry="10" remizy="2" skore="170:190" tidr="tjc07" vyhry="8" zapasy="20"/><radek body="35" prohry="12" remizy="1" skore="165:195" tidr="tjc08" vyhry="7" zapasy="20"/><radek body="31" prohry="14" remizy="1" skore="137:223" tidr="tjc09" vyhry="5" zapasy="20"/><radek body="28" prohry="15" remizy="2" skore="143:217" tidr="tjc10" vyhry="3" zapasy="20"/><radek body="26" prohry="15" remizy="1" skore="128:214" tidr="tjc11" vyhry="3" zapasy="19"/><radek body="24" prohry="18" remizy="0" skore="116:244" tidr="tjc12" vyhry="2" zapasy="20"/></tabulka>
						</soutez>
						<soutez nazev="Region?ln? p?ebor 2. t??dy">
							<soupisky>
								<tym nazev="TJ Sokol L?ny B" tid="tjc13">
									<vedouci>
										<jmeno krestni="Jan" prijmeni="Nov?k"/>
										<email>novak11@seznam.cz</email>
										<telefon>+420 400 123456</telefon>
									</vedouci>
									<herna nazev="m?stn? hospoda"/>
									<sestava>
									</sestava>
								</tym>
								<tym nazev="TJ Sokol Popovice A" tid="tjc14">
									<vedouci>
										<jmeno krestni="Jan" prijmeni="Nov?k"/>
										<email>novak12@seznam.cz</email>
										<telefon>+420 400 123456</telefon>
									</vedouci>
									<herna nazev="m?stn? hospoda"/>
									<sestava>
									</sestava>
								</tym>
							</soupisky>
							<tabulka><radek body="3" prohry="0" remizy="0" skore="14:4" tidr="tjc13" vyhry="1" zapasy="1"/><radek body="0" poplatek="ne" prohry="1" remizy="0" skore="4:14" tidr="tjc14" vyhry="0" zapasy="1"/></tabulka>
						</soutez>
					</souteze>
				</region>
				<region nazev="Hradec Kr?lov?">
				</region>
			</regiony>
		</kraj>
	</kraje>
</cast>