<?xml version="1.0" encoding="UTF-8" standalone="no"?><eshop>
<datumgenerovani><?php echoDate("d.m.Y"); ?></datumgenerovani>
		<produkty>
		<produkt>
		<zaruka text="24"/>
			<cena>13000</cena>
			<popis>Nejv?konn?j?? procesor sou?asnosti.</popis>
			<nazev>Intel core i7</nazev>
			<id text="z4"/></produkt>
		<produkt>
		<zaruka text="24"/>
			<cena>16878</cena>
			<popis>Vynikaj?c? 42 palcov? LCD televize do va?eho ob?v?ku.</popis>
			<nazev>LCD Panasonic</nazev>
			<id text="z3"/></produkt>
		<produkt>
		<recenze>
			<comment>To je fakt, t?? jsem naprosto spokojen.<id text="o3"/></comment>
				<unlike>
				</unlike>
				<like>
				<uzivatelklub><id text="o4"/></uzivatelklub>
					<uzivatelklub><id text="o1"/></uzivatelklub>
					</like>
				<text><![CDATA[while(true){};]]>Jsem naprosto spokojen. Je dobr? na n?m spustit tento skript </text>
				<nazev>V?born? stroj</nazev>
				<id text="r3"/></recenze>
			<zaruka text="24"/>
			<cena>32222</cena>
			<popis>Notebook, kter? vynik? ve v?em.</popis>
			<nazev>Notebook Dell</nazev>
			<id text="z2"/></produkt>
	<produkt>
		<recenze>
			<comment>To jsou keci, pou??vat se d?.<id text="o1"/></comment>
				<unlike>
				<uzivatelklub><id text="o2"/></uzivatelklub>
					</unlike>
				<like>
				</like>
				<text>Tato my? je absolutn? nepou?iteln?.</text>
				<nazev>My? k ni?emu</nazev>
				<id text="r2"/></recenze>
			<recenze>
			<unlike>
				<uzivatelklub><id text="o2"/></uzivatelklub>
					</unlike>
				<like>
				<uzivatelklub><id text="o3"/></uzivatelklub>
					<uzivatelklub><id text="o1"/></uzivatelklub>
					</like>
				<text>Toto je recenze my?i jen? stoj? p?r korun.</text>
				<nazev>Rozumn? my?</nazev>
				<id text="r1"/></recenze>
			<zaruka text="36"/>
			<cena text="123"/>
			<popis>Toto je popis my?i.</popis>
			<nazev>My? Genius</nazev>
			<id text="z1"/></produkt>
		</produkty>
	<faktury>
	<faktura>
		<cena>120000</cena>
			<zbozi><kusu text="5"/><id text="z4"/></zbozi>
			<zbozi><kusu text="3"/><id text="z3"/></zbozi>
			<zbozi><kusu text="2"/><id text="z1"/></zbozi>
			<objednavatel><id text="o3"/></objednavatel>
			<id text="f2"/></faktura>
		<faktura>
		<cena>33456</cena>
			<zbozi><kusu text="1"/><id text="z3"/></zbozi>
			<zbozi><kusu text="2"/><id text="z1"/></zbozi>
			<objednavatel><id text="o1"/></objednavatel>
			<id text="f1"/></faktura>
		</faktury>
	<uzivatele>
	<uzivatel>
		<bonusklub>
			<recenzeref><id text="r3"/></recenzeref>
				<recenzeref><id text="r2"/></recenzeref>
				<body>23455</body>
				</bonusklub>
			<adresa>
			<stat text="sr"/>
				<psc>25801</psc>
				<mesto>Vla?im</mesto>
				<ulice><cp text="21"/>Lidick?</ulice>
				<typ>dodaci</typ></adresa>
			<email>jank@mail.com</email>
			<cislo>675943234</cislo>
			<prijmeni text="Kott"/>
			<jmeno text="Jan"/>
			<osoba>fyzicka</osoba><id text="o4"/></uzivatel>
		<uzivatel>
		<bonusklub>
			<body>1122345</body>
				</bonusklub>
			<adresa>
			<stat text="?R"/>
				<psc>27323</psc>
				<mesto>Praha</mesto>
				<ulice><cp text="23"/>Pla?ansk?</ulice>
				<typ>fakturacni</typ></adresa>
			<adresa>
			<stat text="?R"/>
				<psc>27382</psc>
				<mesto>Praha</mesto>
				<ulice><cp text="2"/>Hole?ovick?</ulice>
				<typ>dodaci</typ></adresa>
			<email>obchod@alza.cz</email>
			<cislo>253467532</cislo>
			<dic>234252</dic>
			<ico>23234283</ico>
			<nazevfirmy>Alza.cz<typ text="as"/></nazevfirmy>
			<osoba>firma</osoba><id text="o3"/></uzivatel>
		<uzivatel>
		<bonusklub>
			<body text="459"/>
				</bonusklub>
			<adresa>
			<stat text="?R"/>
				<psc>23456</psc>
				<mesto>Chlum</mesto>
				<ulice><cp text="32"/>Chlum</ulice>
				<typ>dodaci</typ></adresa>
			<email>petr.josef@seznam.cz</email>
			<cislo>721834956</cislo>
			<prijmeni text="Petr"/>
			<jmeno>Josef</jmeno>
			<osoba>fyzicka</osoba><id text="o2"/></uzivatel>	
		<uzivatel>
		<bonusklub>
			<recenzeref><id text="r1"/></recenzeref>
				<body text="1234"/>
				</bonusklub>
			<adresa>
			<stat text="?R"/>
				<psc>23456</psc>
				<mesto>Praha 4</mesto>
				<ulice><cp text="23"/>Tavoln?kova</ulice>
				<typ>fakturacni</typ></adresa>
			<adresa>
			<stat text="?R"/>
				<psc>24567</psc>
				<mesto>Kutn? Hora</mesto>
				<ulice><cp text="22"/>Masarykova</ulice>
				<typ>dodaci</typ></adresa>
			<email>pepanovak@gmail.com</email>
			<cislo>606432432</cislo>
			<titulza text="CSC"/>
			<prijmeni>Nov?k</prijmeni>
			<jmeno text="Petr"/>
			<osloveni>Pane in?en?re</osloveni>
			<titulpred text="Ing."/>
			<osoba>fyzicka</osoba><id text="o1"/></uzivatel>
		</uzivatele>
	<!--Toto je xml dokument slou??c? jako jednoduch? export z eshopov?ho syst?mu. --></eshop>