<html>
   <head>
      <meta http-equiv="Content-Type" content="text/html; charset=UTF-8">
      <title>Class cards</title>
   </head>
   <body>
      <p>
         <h2>Anduin Wrynn</h2>
         <ul>
            <li>Cabal Shadow Priest</li>
         </ul>
         <hr>
      </p>
      <p>
         <h2>Garrosh Hellscream</h2>
         <ul>
            <li>Grommash Hellscream</li>
         </ul>
         <hr>
      </p>
      <p>
         <h2>Gul'dan</h2>
         <ul>
            <li>Shadowflame</li>
         </ul>
         <hr>
      </p>
      <p>
         <h2>Jaina Proudmoore</h2>
         <ul>
            <li>Pyroblast</li>
         </ul>
         <hr>
      </p>
      <p>
         <h2>Malfurion Stormrage</h2>
         <ul>
            <li>Ironbark Protector</li>
         </ul>
         <hr>
      </p>
      <p>
         <h2>Rexxar</h2>
         <ul>
            <li>Unleash the Hounds</li>
         </ul>
         <hr>
      </p>
      <p>
         <h2>Thrall</h2>
         <ul>
            <li>Fire Elemental</li>
         </ul>
         <hr>
      </p>
      <p>
         <h2>Uther Lightbringer</h2>
         <ul>
            <li>Truesilver Champion</li>
         </ul>
         <hr>
      </p>
      <p>
         <h2>Valeera Sanguinar</h2>
         <ul>
            <li>Blade Flurry</li>
         </ul>
         <hr>
      </p>
   </body>
</html>