<?xml version="1.0" encoding="UTF-8"?>
<cards>
   <spell>
      <quality>epic</quality>
      <name>Pyroblast</name>
      <class>Mage</class>
      <cost>10</cost>
      <description>Deal 10 damage.</description>
   </spell>
   <weapon>
      <quality>basic</quality>
      <name>Truesilver Champion</name>
      <class>Paladin</class>
      <cost>4</cost>
      <attack>4</attack>
      <durability>2</durability>
      <description>Whenever your hero attacks, restore 2 Health to it.</description>
   </weapon>
   <minion>
      <quality>basic</quality>
      <name>Ironbark Protector</name>
      <class>Druid</class>
      <cost>8</cost>
      <attack>8</attack>
      <health>8</health>
      <description>Taunt</description>
   </minion>
   <spell>
      <quality>common</quality>
      <name>Unleash the Hounds</name>
      <class>Hunter</class>
      <cost>2</cost>
      <description>For each enemy minion, summon a 1/1 Hound with Charge.</description>
   </spell>
   <minion>
      <quality>epic</quality>
      <name>Cabal Shadow Priest</name>
      <class>Priest</class>
      <cost>6</cost>
      <attack>4</attack>
      <health>5</health>
      <description>Battlecry: Take control of an enemy minion that has 2 or less Attack.</description>
   </minion>
   <spell>
      <quality>rare</quality>
      <name>Blade Flurry</name>
      <class>Rogue</class>
      <cost>2</cost>
      <description>Destroy your weapon and deal its damage to all enemies.</description>
   </spell>
   <minion>
      <quality>basic</quality>
      <name>Fire Elemental</name>
      <class>Shaman</class>
      <cost>6</cost>
      <attack>6</attack>
      <health>5</health>
      <description>Battlecry: Deal 3 damage.</description>
   </minion>
   <spell>
      <quality>rare</quality>
      <name>Shadowflame</name>
      <class>Warlock</class>
      <cost>4</cost>
      <description>Destroy a friendly minion and deal its Attack damage to all enemy minions.</description>
   </spell>
   <minion>
      <quality>legendary</quality>
      <name>Grommash Hellscream</name>
      <class>Warrior</class>
      <cost>8</cost>
      <attack>4</attack>
      <health>9</health>
      <description>Charge. Enrage: +6 Attack</description>
   </minion>
   <minion>
      <quality>common</quality>
      <name>Spellbreaker</name>
      <cost>4</cost>
      <attack>4</attack>
      <health>3</health>
      <description>Battlecry: Silence a minion.</description>
   </minion>
   <minion>
      <quality>epic</quality>
      <name>Murloc Warleader</name>
      <cost>3</cost>
      <attack>3</attack>
      <health>3</health>
      <description>ALL other Murlocs have +2/+1.</description>
      <type>Murloc</type>
   </minion>
   <minion>
      <quality>basic</quality>
      <name>Bloodfen Raptor</name>
      <cost>2</cost>
      <attack>3</attack>
      <health>2</health>
      <description/>
      <type>Beast</type>
   </minion>
   <minion>
      <quality>rare</quality>
      <name>Frothing Berserker</name>
      <class>Warrior</class>
      <cost>3</cost>
      <attack>2</attack>
      <health>4</health>
      <description>Whenever a minion takes damage, gain +1 attack.</description>
   </minion>
   <spell>
      <quality>basic</quality>
      <name>Soulfire</name>
      <class>Warlock</class>
      <cost>0</cost>
      <description>Deal 4 damage. Discard a random card.</description>
   </spell>
   <weapon>
      <quality>basic</quality>
      <name>Fiery War Axe</name>
      <class>Warrior</class>
      <cost>2</cost>
      <attack>3</attack>
      <durability>2</durability>
      <description/>
   </weapon>
</cards>