<?xml version="1.0" encoding="UTF-8"?>
<division>
   <id>1</id>
   <location>America</location>
   <subdivisions>
      <division>
         <id>1.1</id>
         <location>North America</location>
         <subdivisions/>
      </division>
   </subdivisions>
</division>
<division>
   <id>2</id>
   <location>Europe</location>
   <subdivisions>
      <division>
         <id>2.1</id>
         <location>Deutchland</location>
         <subdivisions/>
      </division>
      <division>
         <id>2.2</id>
         <location>Czech Republic</location>
         <subdivisions>
            <division>
               <id>2.2.1</id>
               <location>Praha</location>
               <subdivisions/>
            </division>
         </subdivisions>
      </division>
   </subdivisions>
</division>