<html>
   <head>
      <meta http-equiv="Content-Type" content="text/html; charset=UTF-8">
      <title>Transaction list</title>
   </head>
   <body>
      <h1>Transaction list</h1>
      <table>
         <tr>
            <th>Type</th>
            <th>Amount</th>
         </tr>
         <tr>
            <td>buy</td>
            <td>100000</td>
         </tr>
         <tr>
            <td>close</td>
            <td>100000</td>
         </tr>
         <tr>
            <td>close</td>
            <td>100000</td>
         </tr>
         <tr>
            <td>close</td>
            <td>10000</td>
         </tr>
         <tr>
            <td>deposit</td>
            <td>100000</td>
         </tr>
         <tr>
            <td>deposit</td>
            <td>500</td>
         </tr>
         <tr>
            <td>sell</td>
            <td>100000</td>
         </tr>
         <tr>
            <td>sell</td>
            <td>10000</td>
         </tr>
         <tr>
            <td>withdraw</td>
            <td>100000</td>
         </tr>
         <tr>
            <td>withdraw</td>
            <td>875</td>
         </tr>
      </table>
   </body>
</html>