<html>
   <zam>
      <jmeno> Anna	</jmeno>
      <prijmeni> Novakova </prijmeni>
      <plat>15000</plat>
   </zam>
   <zam>
      <jmeno> Lenka</jmeno>
      <prijmeni> Sukata</prijmeni>
      <plat>15000</plat>
   </zam>
   <zam>
      <jmeno>Hana</jmeno>
      <prijmeni>Pospi�ilova</prijmeni>
      <plat>17260</plat>
   </zam>
   <zam>
      <jmeno>Marek</jmeno>
      <prijmeni> Pevny</prijmeni>
      <plat>18000</plat>
   </zam>
   <zam>
      <jmeno>John</jmeno>
      <prijmeni>Smith</prijmeni>
      <plat>38000</plat>
   </zam>
   <zam>
      <jmeno>Martin</jmeno>
      <prijmeni>Smith</prijmeni>
      <plat>45600</plat>
   </zam>
   <zam>
      <jmeno>Arthur</jmeno>
      <prijmeni>Taylor</prijmeni>
      <plat>47500</plat>
   </zam>
   <zam>
      <jmeno>Peter</jmeno>
      <prijmeni>Brown</prijmeni>
      <plat>57000</plat>
   </zam>
</html>