<?xml version="1.0" encoding="UTF-8"?>
<hlavni-tag>
   <skolka>
      <deti>
         <dite>
            <jmeno> KAREL </jmeno>
            <prijmeni> NOVAK </prijmeni>
            <pohlavi> MUZ </pohlavi>
            <narozeni>
               <rok> 2006 </rok>
               <mesic> 10 </mesic>
               <den> 3 </den>
            </narozeni>
         </dite>
         <dite>
            <jmeno> HONZA</jmeno>
            <prijmeni> BLAHY</prijmeni>
            <pohlavi> MUZ</pohlavi>
            <narozeni>
               <rok> 2006</rok>
               <mesic> 01</mesic>
               <den>11</den>
            </narozeni>
         </dite>
         <dite>
            <jmeno> KLARA</jmeno>
            <prijmeni>NOVAKOVA</prijmeni>
            <pohlavi> ZENA</pohlavi>
            <narozeni>
               <rok> 2005</rok>
               <mesic>02</mesic>
               <den> 03</den>
            </narozeni>
         </dite>
         <dite>
            <jmeno>MATEJ</jmeno>
            <prijmeni> ZELENY</prijmeni>
            <pohlavi> MUZ</pohlavi>
            <narozeni>
               <rok> 2010</rok>
               <mesic>08</mesic>
               <den> 27</den>
            </narozeni>
         </dite>
         <dite>
            <jmeno>HONZA</jmeno>
            <prijmeni>MACH</prijmeni>
            <pohlavi>MUZ</pohlavi>
            <narozeni>
               <rok>2008</rok>
               <mesic>7</mesic>
               <den>15</den>
            </narozeni>
         </dite>
         <dite>
            <jmeno>MIREK</jmeno>
            <prijmeni>NOVOTNY</prijmeni>
            <pohlavi>MUZ</pohlavi>
            <narozeni>
               <rok>2005</rok>
               <mesic>1</mesic>
               <den>25</den>
            </narozeni>
         </dite>
         <dite>
            <jmeno>MIREK</jmeno>
            <prijmeni>NOVOTNY</prijmeni>
            <pohlavi>MUZ</pohlavi>
            <narozeni>
               <rok>2009</rok>
               <mesic>2</mesic>
               <den>22</den>
            </narozeni>
         </dite>
         <dite>
            <jmeno>SORA</jmeno>
            <prijmeni>NOVA</prijmeni>
            <pohlavi>ZENA </pohlavi>
            <narozeni>
               <rok>2011</rok>
               <mesic>11</mesic>
               <den>11</den>
            </narozeni>
         </dite>
         <dite>
            <jmeno>MAJA</jmeno>
            <prijmeni>LORENOVA</prijmeni>
            <pohlavi>ZENA </pohlavi>
            <narozeni>
               <rok>2007</rok>
               <mesic>05</mesic>
               <den>16</den>
            </narozeni>
         </dite>
         <dite>
            <jmeno>KLARK</jmeno>
            <prijmeni>KENT</prijmeni>
            <pohlavi>MUZ </pohlavi>
            <narozeni>
               <rok>2006</rok>
               <mesic>12</mesic>
               <den>19</den>
            </narozeni>
         </dite>
      </deti>
      <zamestnanci>
         <reditel>
            <jmeno> TAMARA</jmeno>
            <prijmeni> MILOSRDNA </prijmeni>
            <plat> 30000 </plat>
         </reditel>
         <ucetni>
            <jmeno> ALEXANDR </jmeno>
            <prijmeni>ZALUDNY</prijmeni>
            <plat> 25000 </plat>
         </ucetni>
         <vychovatel>
            <jmeno> ANNA	</jmeno>
            <prijmeni> NOVAKOVA </prijmeni>
            <plat> 15000 </plat>
         </vychovatel>
         <vychovatel>
            <jmeno>HANA</jmeno>
            <prijmeni>POSPI�ILOVA</prijmeni>
            <plat> 17260</plat>
         </vychovatel>
         <vychovatel>
            <jmeno> LENKA</jmeno>
            <prijmeni> SUKATA</prijmeni>
            <plat>15000</plat>
         </vychovatel>
         <vychovatel>
            <jmeno>MAREK</jmeno>
            <prijmeni> PEVNY</prijmeni>
            <plat> 18000</plat>
         </vychovatel>
      </zamestnanci>
      <tridy>
         <trida>
            <vychovatelR/>
            <diteR/>
            <diteR/>
            <diteR/>
         </trida>
         <trida>
            <vychovatelR/>
            <diteR/>
            <diteR/>
         </trida>
         <trida>
            <vychovatelR/>
            <vychovatelR/>
            <diteR/>
            <diteR/>
            <diteR/>
            <diteR/>
            <diteR/>
         </trida>
      </tridy>
      <vzkazy>
         <vzkaz>
            <rodic/>
         </vzkaz>
      </vzkazy>
      <employees>
         <employee>
            <firstName>JOHN</firstName>
            <lastName>SMITH</lastName>
            <email>SMITH@CO.ORG</email>
            <salary>2000</salary>
            <worksIn>D1</worksIn>
         </employee>
         <employee>
            <firstName>PETER</firstName>
            <lastName>BROWN</lastName>
            <email>BROWN@CO.ORG</email>
            <salary>3000</salary>
            <worksIn>D2</worksIn>
         </employee>
         <employee>
            <firstName>ARTHUR</firstName>
            <lastName>TAYLOR</lastName>
            <email>TAYLOR@CO.ORG</email>
            <salary>2500</salary>
            <worksIn>D1.2</worksIn>
         </employee>
         <employee>
            <firstName>MARTIN</firstName>
            <lastName>SMITH</lastName>
            <email>SMITH.M@CO.ORG</email>
            <salary>2400</salary>
            <worksIn>D1.1</worksIn>
         </employee>
      </employees>
   </skolka>
</hlavni-tag>