<?xml version="1.0" encoding="utf-8" standalone="no"?><bank>
	<clients>
		<client id="client_001">
			<lastLogin><?php echo Date("d.m.Y")?></lastLogin>
			<name>			
				<first>Michal</first>
				<last>Rosa</last>
			</name>
			<adress>
				<city>Praha</city>
				<cityBorough>6</cityBorough>
				<ZIPcode>16200</ZIPcode>
				<street>Na Vetrniku</street>
				<houseNumber>1933</houseNumber>
				<state>Czech Republic</state>
			</adress>
			<phoneNumber>
				+421775194190
			</phoneNumber>
			<mail>
				lord.domenus@gmail.com
			</mail>
			<accounts>
				<account accountNumber="client_001_a0" currency="USD" type="classic">
					<balance>12500 $</balance>
					<transactions>
						<transaction fromacc="client_001_a0" tid="client_001_a0_t0" toacc="client_001_a1" type="disburse">
							<tcurrency>USD</tcurrency>
							<amount>2500</amount>
							<newBalance>10000</newBalance>
							<datetime>
								<date date="28.2.2014"/>
								<time time="19:51:15"/>
							</datetime>
						</transaction>
						<transaction fromacc="client_001_a1" tid="client_001_a0_t2" toacc="client_001_a0" type="income">
							<tcurrency>USD</tcurrency>
							<amount>5000</amount>
							<newBalance>15000</newBalance>
							<datetime>
								<date date="1.4.2014"/>
								<time time="7:52:18"/>
							</datetime>
						</transaction>
						<transaction fromacc="client_001_a1" tid="client_001_a0_t4" toacc="client_001_a0" type="income">
							<tcurrency>USD</tcurrency>
							<amount>500</amount>
							<newBalance>15500</newBalance>
							<datetime>
								<date date="3.4.2014"/>
								<time time="14:28:20"/>
							</datetime>
						</transaction>
						<transaction fromacc="client_001_a0" tid="client_001_a0_t6" toacc="client_001_a1" type="disburse">
							<tcurrency>USD</tcurrency>
							<amount>10000</amount>
							<newBalance>5000</newBalance>
							<datetime>
								<date date="5.4.2014"/>
								<time time="15:45:25"/>
							</datetime>
						</transaction>
						<transaction fromacc="client_001_a0" tid="client_001_a0_t8" toacc="client_001_a1" type="disburse">
							<tcurrency>USD</tcurrency>
							<amount>20</amount>
							<newBalance>4980</newBalance>
							<datetime>
								<date date="6.5.2014"/>
								<time time="15:45:58"/>
							</datetime>
						</transaction>
						<transaction fromacc="client_001_a0" tid="client_001_a0_t10" toacc="client_001_a1" type="disburse">
							<tcurrency>USD</tcurrency>
							<amount>200</amount>
							<newBalance>4780</newBalance>
							<datetime>
								<date date="6.5.2014"/>
								<time time="16:00:58"/>
							</datetime>
						</transaction>
						<transaction fromacc="client_001_a1" tid="client_001_a0_t12" toacc="client_001_a0" type="income">
							<tcurrency>USD</tcurrency>
							<amount>3000</amount>
							<newBalance>7780</newBalance>
							<datetime>
								<date date="10.5.2014"/>
								<time time="16:25:3"/>
							</datetime>
						</transaction>
						<transaction fromacc="client_001_a1" tid="client_001_a0_t14" toacc="client_001_a0" type="income">
							<tcurrency>USD</tcurrency>
							<amount>10000</amount>
							<newBalance>17780</newBalance>
							<datetime>
								<date date="15.6.2014"/>
								<time time="8:54:45"/>
							</datetime>
						</transaction>
						<transaction fromacc="client_001_a1" tid="client_001_a0_t16" toacc="client_001_a0" type="income">
							<tcurrency>USD</tcurrency>
							<amount>10000</amount>
							<newBalance>27780</newBalance>
							<datetime>
								<date date="16.6.2014"/>
								<time time="8:54:45"/>
							</datetime>
						</transaction>
						<transaction fromacc="client_001_a0" tid="client_001_a0_t18" toacc="client_001_a1" type="disburse">
							<tcurrency>USD</tcurrency>
							<amount>17000</amount>
							<newBalance>10780</newBalance>
							<datetime>
								<date date="2.7.2014"/>
								<time time="0:0:0"/>
							</datetime>
						</transaction>
						<transaction fromacc="client_001_a0" tid="client_001_a0_t20" toacc="client_001_a1" type="disburse">
							<tcurrency>USD</tcurrency>
							<amount>10780</amount>
							<newBalance>0</newBalance>
							<datetime>
								<date date="24.12.2014"/>
								<time time="0:0:0"/>
							</datetime>
						</transaction>
					</transactions>
				</account>
				<account accountNumber="client_001_a1" currency="USD" type="saveUp">
					<balance>25780 $</balance>
					<transactions>
						<transaction fromacc="client_001_a0" tid="client_001_a0_t1" toacc="client_001_a1" type="income">
							<tcurrency>USD</tcurrency>
							<amount>2500</amount>
							<newBalance>28280</newBalance>
							<datetime>
								<date date="28.2.2014"/>
								<time time="19:51:15"/>
							</datetime>
						</transaction>
						<transaction fromacc="client_001_a1" tid="client_001_a0_t3" toacc="client_001_a0" type="disburse">
							<tcurrency>USD</tcurrency>
							<amount>5000</amount>
							<newBalance>23280</newBalance>
							<datetime>
								<date date="1.4.2014"/>
								<time time="7:52:18"/>
							</datetime>
						</transaction>
						<transaction fromacc="client_001_a1" tid="client_001_a0_t5" toacc="client_001_a0" type="disburse">
							<tcurrency>USD</tcurrency>
							<amount>500</amount>
							<newBalance>22780</newBalance>
							<datetime>
								<date date="3.4.2014"/>
								<time time="14:28:20"/>
							</datetime>
						</transaction>
						<transaction fromacc="client_001_a0" tid="client_001_a0_t7" toacc="client_001_a1" type="income">
							<tcurrency>USD</tcurrency>
							<amount>10000</amount>
							<newBalance>32780</newBalance>
							<datetime>
								<date date="5.4.2014"/>
								<time time="15:45:25"/>
							</datetime>
						</transaction>
						<transaction fromacc="client_001_a0" tid="client_001_a0_t9" toacc="client_001_a1" type="income">
							<tcurrency>USD</tcurrency>
							<amount>20</amount>
							<newBalance>32800</newBalance>
							<datetime>
								<date date="6.5.2014"/>
								<time time="15:45:58"/>
							</datetime>
						</transaction>
						<transaction fromacc="client_001_a0" tid="client_001_a0_t11" toacc="client_001_a1" type="income">
							<tcurrency>USD</tcurrency>
							<amount>200</amount>
							<newBalance>33000</newBalance>
							<datetime>
								<date date="6.5.2014"/>
								<time time="16:00:58"/>
							</datetime>
						</transaction>
						<transaction fromacc="client_001_a1" tid="client_001_a0_t13" toacc="client_001_a0" type="disburse">
							<tcurrency>USD</tcurrency>
							<amount>3000</amount>
							<newBalance>30000</newBalance>
							<datetime>
								<date date="10.5.2014"/>
								<time time="16:25:3"/>
							</datetime>
						</transaction>
						<transaction fromacc="client_001_a1" tid="client_001_a0_t15" toacc="client_001_a0" type="disburse">
							<tcurrency>USD</tcurrency>
							<amount>10000</amount>
							<newBalance>20000</newBalance>
							<datetime>
								<date date="15.6.2014"/>
								<time time="8:54:45"/>
							</datetime>
						</transaction>
						<transaction fromacc="client_001_a1" tid="client_001_a0_t17" toacc="client_001_a0" type="disburse">
							<tcurrency>USD</tcurrency>
							<amount>10000</amount>
							<newBalance>10000</newBalance>
							<datetime>
								<date date="16.6.2014"/>
								<time time="8:54:45"/>
							</datetime>
						</transaction>
						<transaction fromacc="client_001_a0" tid="client_001_a0_t19" toacc="client_001_a1" type="income">
							<tcurrency>USD</tcurrency>
							<amount>17000</amount>
							<newBalance>27000</newBalance>
							<datetime>
								<date date="2.7.2014"/>
								<time time="0:0:0"/>
							</datetime>
						</transaction>
						<transaction fromacc="client_001_a0" tid="client_001_a0_t21" toacc="client_001_a1" type="income">
							<tcurrency>USD</tcurrency>
							<amount>10780</amount>
							<newBalance>37780</newBalance>
							<datetime>
								<date date="24.12.2014"/>
								<time time="0:0:0"/>
							</datetime>
						</transaction>
					</transactions>
				</account>
			</accounts>
			<disabled/>	
			<personalNote>You can put your anything here.</personalNote>	
			<specialNote name="Michal Rosa" param="specialNote">Toto je ucet vajciaka <owner>Michala Rosu</owner> s menou <![CDATA[<<<&&usd;&&>>>]]></specialNote>
		</client>
	</clients>
</bank>