<?xml version="1.0" encoding="UTF-8"?>
<vehicles>
   <Strong_Tank>
      <cost>
         <cost>500000</cost>
      </cost>
      <helpers>
         <Repair_Drone>
            <cost>
               <cost>25000</cost>
            </cost>
            <helpers>
               <Repair_Drone>
                  <cost>
                     <cost>25000</cost>
                  </cost>
               </Repair_Drone>
            </helpers>
         </Repair_Drone>
         <Repair_Drone>
            <cost>
               <cost>25000</cost>
            </cost>
         </Repair_Drone>
      </helpers>
   </Strong_Tank>
   <Strong_Tank>
      <cost>
         <cost>500000</cost>
      </cost>
   </Strong_Tank>
   <Strong_Tank>
      <cost>
         <cost>500000</cost>
      </cost>
   </Strong_Tank>
   <Strong_Tank>
      <cost>
         <cost>500000</cost>
      </cost>
   </Strong_Tank>
   <Strong_Tank>
      <cost>
         <cost>500000</cost>
      </cost>
   </Strong_Tank>
   <Strong_Tank>
      <cost>
         <cost>500000</cost>
      </cost>
   </Strong_Tank>
   <Strong_Tank>
      <cost>
         <cost>500000</cost>
      </cost>
   </Strong_Tank>
   <Strong_Tank>
      <cost>
         <cost>500000</cost>
      </cost>
   </Strong_Tank>
   <Strong_Tank>
      <cost>
         <cost>500000</cost>
      </cost>
      <helpers>
         <Repair_Drone>
            <cost>
               <cost>25000</cost>
            </cost>
         </Repair_Drone>
      </helpers>
   </Strong_Tank>
   <Indestructible_Tank>
      <cost>
         <cost>2000000</cost>
      </cost>
   </Indestructible_Tank>
   <Aircraft>
      <cost>
         <cost>1000000</cost>
      </cost>
   </Aircraft>
   <Aircraft>
      <cost>
         <cost>1000000</cost>
      </cost>
   </Aircraft>
   <Mine_Layer>
      <cost>
         <cost>300000</cost>
      </cost>
   </Mine_Layer>
</vehicles>