<?xml version="1.0" encoding="UTF-8"?>
<article>
   <heading>
				My first article
			</heading>
   <category>
      <name>Spring</name>
      <count>1</count>
      <sub-categories>
         <category>
            <name>Java</name>
            <count>1</count>
            <sub-categories>
               <category>
                  <name>Enterprise development</name>
                  <count>0</count>
                  <sub-categories/>
               </category>
            </sub-categories>
         </category>
         <category>
            <name>Enterprise development</name>
            <count>0</count>
            <sub-categories/>
         </category>
      </sub-categories>
   </category>
   <category>
      <name>Java</name>
      <count>1</count>
      <sub-categories>
         <category>
            <name>Enterprise development</name>
            <count>0</count>
            <sub-categories/>
         </category>
      </sub-categories>
   </category>
   <category>
      <name>Enterprise development</name>
      <count>0</count>
      <sub-categories/>
   </category>
   <category>
      <name>Programming</name>
      <count>2</count>
      <sub-categories>
         <category>
            <name>IT</name>
            <count>1</count>
            <sub-categories>
               <category>
                  <name>Computing</name>
                  <count>0</count>
                  <sub-categories/>
               </category>
            </sub-categories>
         </category>
         <category>
            <name>Computing</name>
            <count>0</count>
            <sub-categories/>
         </category>
         <category>
            <name>Technology</name>
            <count>1</count>
            <sub-categories>
               <category>
                  <name>Modern age</name>
                  <count>0</count>
                  <sub-categories/>
               </category>
            </sub-categories>
         </category>
         <category>
            <name>Modern age</name>
            <count>0</count>
            <sub-categories/>
         </category>
      </sub-categories>
   </category>
   <category>
      <name>IT</name>
      <count>1</count>
      <sub-categories>
         <category>
            <name>Computing</name>
            <count>0</count>
            <sub-categories/>
         </category>
      </sub-categories>
   </category>
   <category>
      <name>Computing</name>
      <count>0</count>
      <sub-categories/>
   </category>
   <category>
      <name>Technology</name>
      <count>1</count>
      <sub-categories>
         <category>
            <name>Modern age</name>
            <count>0</count>
            <sub-categories/>
         </category>
      </sub-categories>
   </category>
   <category>
      <name>Modern age</name>
      <count>0</count>
      <sub-categories/>
   </category>
</article>
<article>
   <heading>
				My second article
			</heading>
   <category>
      <name>Vylety</name>
      <count>1</count>
      <sub-categories>
         <category>
            <name>Turizmus</name>
            <count>1</count>
            <sub-categories>
               <category>
                  <name>Cestovanie</name>
                  <count>0</count>
                  <sub-categories/>
               </category>
            </sub-categories>
         </category>
         <category>
            <name>Cestovanie</name>
            <count>0</count>
            <sub-categories/>
         </category>
      </sub-categories>
   </category>
   <category>
      <name>Turizmus</name>
      <count>1</count>
      <sub-categories>
         <category>
            <name>Cestovanie</name>
            <count>0</count>
            <sub-categories/>
         </category>
      </sub-categories>
   </category>
   <category>
      <name>Cestovanie</name>
      <count>0</count>
      <sub-categories/>
   </category>
   <category>
      <name>Sightseeing</name>
      <count>1</count>
      <sub-categories>
         <category>
            <name>Tourism</name>
            <count>1</count>
            <sub-categories>
               <category>
                  <name>Travelling</name>
                  <count>0</count>
                  <sub-categories/>
               </category>
            </sub-categories>
         </category>
         <category>
            <name>Travelling</name>
            <count>0</count>
            <sub-categories/>
         </category>
      </sub-categories>
   </category>
   <category>
      <name>Tourism</name>
      <count>1</count>
      <sub-categories>
         <category>
            <name>Travelling</name>
            <count>0</count>
            <sub-categories/>
         </category>
      </sub-categories>
   </category>
   <category>
      <name>Travelling</name>
      <count>0</count>
      <sub-categories/>
   </category>
</article>