<?xml version="1.0" encoding="UTF-8" standalone="no"?><!--<!DOCTYPE videopujcovna SYSTEM "videopujcovna.dtd">--><videopujcovna>
	<zakaznik>
		<jmeno>Petr</jmeno>
		<prijmeni>Nov?k</prijmeni>
		<datumNar>1990-05-28</datumNar>
		<vek>22</vek>
		<kontakt>
			<adresa>
				<ulice>U Uranie 22</ulice>
				<mesto>Praha</mesto>
				<psc>170 00</psc>
			</adresa>
			<mail>p.novak@mmm.cz</mail>
		</kontakt>
	<idZ>Z001</idZ></zakaznik>
	<zakaznik>
		<jmeno>Jan</jmeno>
		<prijmeni>Novotny</prijmeni>
		<datumNar>1990-06-20</datumNar>
		<vek>22</vek>
		<kontakt>
			<adresa>
				<ulice>Dolakova 15</ulice>
				<mesto>Praha</mesto>
				<psc>180 00</psc>
			</adresa>
			<telefon>555666777</telefon>
		</kontakt>
	<idZ>Z002</idZ></zakaznik>
	<zakaznik>
		<jmeno>Ji??</jmeno>
		<prijmeni>Volavka</prijmeni>
		<datumNar>1990-09-11</datumNar>
		<vek>22</vek>
		<kontakt>
			<adresa>
				<ulice>D?lnick? 2</ulice>
				<mesto>Praha</mesto>
				<psc>170 00</psc>
			</adresa>
			<telefon>222333444</telefon>
			<mail>j.volavka@mmm.cz</mail>
		</kontakt>
	<idZ>Z003</idZ></zakaznik>
	<zakaznik>
		<jmeno>Milan</jmeno>
		<prijmeni>Kr?tk?</prijmeni>
		<datumNar>1990-12-02</datumNar>
		<vek>22</vek>
		<kontakt>
			<adresa>
				<ulice>Lipov? 13</ulice>
				<mesto>Praha</mesto>
				<psc>180 00</psc>
			</adresa>
			<telefon>888999888</telefon>
		</kontakt>
	<idZ>Z004</idZ></zakaznik>
	<video>
		<nazevPuvod>Eagle Eye</nazevPuvod>
		<nazevPreklad>Oko dravce</nazevPreklad>
		<typ>Ak?n? Mysteri?zn? Thriller</typ>
		<zemePuvodu>USA / N?mecko</zemePuvodu>
		<rokVydani>2008</rokVydani>
		<delka>118</delka>
		<obsazeni>
			<rezie>D.J. Caruso</rezie>
			<hudba>Brian Tyler</hudba>
			<herec>
				<jmeno>Michelle Monaghan</jmeno>
				<datumNar>1976-03-23</datumNar>
				<puvod>USA</puvod>
			</herec>
			<herec>
				<jmeno>Shia LaBeouf</jmeno>
				<datumNar>1986-06-11</datumNar>
				<puvod>USA</puvod>
			</herec>
		</obsazeni>
	<forma>DVD</forma><kategorie>film</kategorie><idV>V023</idV></video>
	<video>
		<nazevPuvod>Transformers</nazevPuvod>
		<nazevPreklad>Transformers</nazevPreklad>
		<typ>Ak?n? Dobrodru?n? Thriller</typ>
		<zemePuvodu>USA</zemePuvodu>
		<rokVydani>2009</rokVydani>
		<delka>150</delka>
		<obsazeni>
			<rezie>Michael Bay</rezie>
			<hudba>Steve Jablonsky </hudba>
			<herec>
				<jmeno>Megan Fox</jmeno>
				<datumNar>1986-05-16</datumNar>
				<puvod>USA</puvod>
			</herec>
			<herec>
				<jmeno>Shia LaBeouf</jmeno>
				<datumNar>1986-06-11</datumNar>
				<puvod>USA</puvod>
			</herec>
		</obsazeni>
	<forma>DVD</forma><kategorie>film</kategorie><idV>V024</idV></video>
	<video>
		<nazevPuvod>Pirates of the Caribbean: The Curse of the Black Pearl</nazevPuvod>
		<nazevPreklad>Pir?ti z Karibiku: Proklet? ?ern? perly </nazevPreklad>
		<typ>Dobrodru?n? Ak?n? Komedie</typ>
		<zemePuvodu>USA</zemePuvodu>
		<rokVydani>2003</rokVydani>
		<delka>143</delka>
		<obsazeni>
			<rezie>Gore Verbinski</rezie>
			<hudba>Klaus Badelt</hudba>
			<herec>
				<jmeno>Johnny Depp</jmeno>
				<datumNar>1963-06-09 </datumNar>
				<puvod>USA</puvod>
			</herec>
			<herec>
				<jmeno>Orlando Bloom</jmeno>
				<datumNar>1977-01-13</datumNar>
				<puvod>Velk? Brit?nie</puvod>
			</herec>
			<herec>
				<jmeno>Keira Knightley</jmeno>
				<datumNar>1985-03-26</datumNar>
				<puvod>Velk? Brit?nie</puvod>
			</herec>
		</obsazeni>
	<forma>DVD</forma><kategorie>film</kategorie><idV>V025</idV></video>
	<video>
		<nazevPuvod>Ice Age</nazevPuvod>
		<nazevPreklad>Doba ledov?</nazevPreklad>
		<typ>Animovan? Dobrodru?n? Komedie Rodinn?</typ>
		<zemePuvodu>USA</zemePuvodu>
		<rokVydani>2002</rokVydani>
		<delka>78</delka>
		<obsazeni>
			<rezie>Carlos Saldanha</rezie>
			<rezie>Chris Wedge</rezie>
			<hudba>David Newman</hudba>
			<herec>
				<jmeno>Ray Romano </jmeno>
				<datumNar>1957-12-21</datumNar>
				<puvod>USA</puvod>
			</herec>
			<herec>
				<jmeno>John Leguizamo </jmeno>
				<datumNar>1964-07-22</datumNar>
				<puvod>Kolumbie</puvod>
			</herec>
		</obsazeni>
	<forma>Blu-ray</forma><kategorie>film</kategorie><idV>V066</idV></video>
	<video>
		<nazevPuvod>Pirates of the Caribbean: On Stranger Tides</nazevPuvod>
		<nazevPreklad>Pir?ti z Karibiku: Na vln?ch podivna</nazevPreklad>
		<typ>Dobrodru?n? Ak?n? Komedie</typ>
		<zemePuvodu>USA</zemePuvodu>
		<rokVydani>2011</rokVydani>
		<delka>131</delka>
		<obsazeni>
			<rezie>Rob Marshall</rezie>
			<hudba>Hans Zimmer </hudba>
			<herec>
				<jmeno>Johnny Depp</jmeno>
				<datumNar>1963-06-09 </datumNar>
				<puvod>USA</puvod>
			</herec>
			<herec>
				<jmeno>Pen?lope Cruz</jmeno>
				<datumNar>1974-04-28</datumNar>
				<puvod>?pan?lsko </puvod>
			</herec>
		</obsazeni>
	<forma>Blu-ray</forma><kategorie>film</kategorie><idV>V067</idV></video>
	<pujcka>
		<kdo>Z001</kdo>
		<co>
			<vidKopie>V023</vidKopie>
		</co>
		<vypujcil>
			<datum>2012-03-12</datum>
			<cas>14:25:00</cas>
		</vypujcil>
		<vratit>
			<datum>2012-03-13</datum>
			<cas>18:00:00</cas>
		</vratit>
	<idP>P002</idP><vraceno>ANO</vraceno></pujcka>
	<pujcka>
		<kdo>Z003</kdo>
		<co>
			<vidKopie>V025</vidKopie>
		</co>
		<vypujcil>
			<datum>2012-03-15</datum>
			<cas>14:25:00</cas>
		</vypujcil>
		<vratit>
			<datum>2012-03-16</datum>
			<cas>18:00:00</cas>
		</vratit>
	<idP>P003</idP><vraceno>ANO</vraceno></pujcka>
	<pujcka>
		<kdo>Z002</kdo>
		<co>
			<vidKopie>V066</vidKopie>
			<vidKopie>V067</vidKopie>
		</co>
		<vypujcil>
			<datum>2012-04-12</datum>
			<cas>14:25:00</cas>
		</vypujcil>
		<vratit>
			<datum>2012-03-13</datum>
			<cas>18:00:00</cas>
		</vratit>
	<idP>P004</idP><vraceno>ANO</vraceno></pujcka>
	<pujcka>
		<kdo>Z002</kdo>
		<co>
			<vidKopie>V025</vidKopie>
			<vidKopie>V066</vidKopie>
		</co>
		<vypujcil>
			<datum>2012-04-23</datum>
			<cas>14:25:00</cas>
		</vypujcil>
		<vratit>
			<datum>2012-03-13</datum>
			<cas>18:00:00</cas>
		</vratit>
	<idP>P005</idP><vraceno>ANO</vraceno></pujcka>
	<rezervace>
		<kdo>Z001</kdo>
		<co>V066</co>
	<idR>R001</idR></rezervace>
	<rezervace>
		<kdo>Z001</kdo>
		<co>V067</co>
	<idR>R002</idR></rezervace>
</videopujcovna>