<?xml version="1.0" encoding="UTF-8"?>
<departments>
   <startDepartment>
      <department id="1" main="2">
        <name>seller</name>
        <!-- how many people work in this department
        Not all of them written on data.xml 
        -->
        <amount>
            5
        </amount>
        <tel>
            51111111
        </tel>
      </department>
      <workers>
         <workername>
            <name xmlns:xsi="http://www.w3.org/2001/XMLSchema-instance">
                <firstname>Lana</firstname>
                <secondname>Kupcenkova</secondname>
            </name>
         </workername>
      </workers>
   </startDepartment>
   <nextDepartments>
      <department id="2" main="3">
         <name>editor</name> 
         <amount>
          6
      </amount> 
         <tel>
          453624537
      </tel>
      </department>
      <department id="3" main="4">
        <name>manager</name>
        <amount>
            5
        </amount>
        <tel>
            532464362
        </tel>
      </department>
      <department id="4" main="1">
         <name>author</name>
        <amount>7</amount>
        <tel>45345743</tel>
      </department>
   </nextDepartments>
</departments>