<html>
   <head>
      <meta http-equiv="Content-Type" content="text/html; charset=UTF-8">
      <title>HTML example</title>
   </head>
   <body>
      <table>
         <tr>
            <th>Name</th>
            <th>Surname</th>
            <th>Email</th>
         </tr>
         <tr>
            <td>
               <firstname xmlns:xsi="http://www.w3.org/2001/XMLSchema-instance">Jiri</firstname>
            </td>
            <td>
               <secondname xmlns:xsi="http://www.w3.org/2001/XMLSchema-instance">Petrov</secondname>
            </td>
            <td>
               <email xmlns:xsi="http://www.w3.org/2001/XMLSchema-instance">publicpet@seznam.cz</email>
            </td>
         </tr>
      </table>
   </body>
</html>