<?xml version="1.0" encoding="UTF-8"?>
<departments>
   <department>
      <name>
         <name>seller</name>
      </name>
      <worker>
         <name xmlns:xsi="http://www.w3.org/2001/XMLSchema-instance">
                <firstname>Lana</firstname>
                <secondname>Kupcenkova</secondname>
            </name>
      </worker>
   </department>
   <department>
      <name>
         <name>editor</name>
      </name>
      <worker>
         <name xmlns:xsi="http://www.w3.org/2001/XMLSchema-instance">
                <firstname>Ekaterina</firstname>
                <secondname>Znatkova</secondname>
            </name>
      </worker>
   </department>
   <department>
      <name>
         <name>manager</name>
      </name>
      <worker>
         <name xmlns:xsi="http://www.w3.org/2001/XMLSchema-instance">
                <firstname>Irina</firstname>
                <secondname>Kalinina</secondname>
            </name>
      </worker>
   </department>
   <department>
      <name>
         <name>author</name>
      </name>
      <worker>
         <name xmlns:xsi="http://www.w3.org/2001/XMLSchema-instance">
                <firstname>Svetlana</firstname>
                <secondname>Svobodova</secondname>
            </name>
         <email>
            <email xmlns:xsi="http://www.w3.org/2001/XMLSchema-instance">svobodova@seznam.cz</email>
         </email>
      </worker>
      <worker>
         <name xmlns:xsi="http://www.w3.org/2001/XMLSchema-instance">
                <firstname>Jiri</firstname>
                <secondname>Petrov</secondname>
            </name>
         <email>
            <email xmlns:xsi="http://www.w3.org/2001/XMLSchema-instance">pet@seznam.cz</email>
         </email>
      </worker>
   </department>
</departments>