<?xml version="1.0" encoding="UTF-8"?>
<server name="www.recepty.sk">
   <recept name="Kozmické Curry s ryžou">
      <surovina>Ryza</surovina>
   </recept>
   <recept name="Praženica">
      <surovina>vajcia</surovina>
   </recept>
   <recept name="Hurky"/>
   <recept name="Horehronsky rezen"/>
   <recept name="Zmrzlinovy pohar extra">
      <surovina>Lad</surovina>
   </recept>
</server>
<server name="www.recepty.cz">
   <recept name="Tulácky guláš">
      <surovina>vajce</surovina>
   </recept>
   <recept name="Praženica">
      <surovina>Cibule</surovina>
   </recept>
</server>