<?xml version="1.0" encoding="UTF-8"?>
<autor id="_s1_a1">
					<meno>"JOZO"</meno>
					<kontakt typ="email">jozo@seznam.cz</kontakt>
					<datum_pridania>1999-01-24</datum_pridania>			
					<pocet_receptov>4</pocet_receptov>
				</autor>
<autor id="_s1_a2">
					<meno>"Peter"</meno>
					<kontakt typ="mob">908653257</kontakt>
					<datum_pridania>1999-01-22</datum_pridania>			
					<pocet_receptov>2</pocet_receptov>
				</autor>
<autor id="_s1_a3">
					<meno>"Lukas"</meno>
					<kontakt typ="tel">7896916</kontakt>
					<datum_pridania>1999-02-20</datum_pridania>			
					<pocet_receptov>2</pocet_receptov>
				</autor>
<autor id="_s1_ax">
					<meno>"anonym"</meno>
					<pocet_duplikatov>100</pocet_duplikatov>				
				</autor>
<autor id="_s1_m1">
   <meno>Peter</meno>
   <kontakt typ="email">sk@gmail.com</kontakt>
   <pocet_receptov>0</pocet_receptov>
</autor>
<autor id="_s1_m2">
   <meno>Lukas</meno>
   <kontakt typ="mob">907452134</kontakt>
   <pocet_receptov>1</pocet_receptov>
</autor>
<autor id="_s2_a1">
					<meno>"recepty73"</meno>
					<kontakt typ="email">maria@seznam.cz</kontakt>
					<datum_pridania>1999-01-20</datum_pridania>			
					<pocet_receptov>4</pocet_receptov>
				</autor>
<autor id="_s2_a2">
					<meno>"Zdenek"</meno>
					<kontakt typ="email">zdenek@seznam.cz</kontakt>
					<datum_pridania>1999-01-20</datum_pridania>			
					<pocet_receptov>3</pocet_receptov>
				</autor>
<autor id="_s2_a3">
					<meno>"Varic12"</meno>
					<kontakt typ="tel">7896916</kontakt>
					<datum_pridania>1999-01-20</datum_pridania>			
					<pocet_receptov>1</pocet_receptov>
				</autor>
<autor id="_s2_a4">
					<meno>"Peter"</meno>
					<kontakt typ="mob">908653257</kontakt>
					<datum_pridania>1999-01-28</datum_pridania>			
					<pocet_receptov>5</pocet_receptov>
				</autor>
<autor id="_s2_ax">
					<meno>"anonym"</meno>
				</autor>