<?xml version="1.0" encoding="UTF-8"?><html xmlns="http://www.w3.org/1999/xhtml" xml:lang="en">
   <head>
      <meta http-equiv="Content-Type" content="text/html; charset=UTF-8" /><style type="text/css">body{font-family: Verdana, Arial, Helvetica, sans-serif}
    table, th, td{ border: 1px solid gray; border-collapse:collapse}
    .alt1{background-color:mistyrose}
    .alt2{background-color:azure}
    .th{background-color:silver}</style><title>All recipes</title>
   </head>
   <body>
      <div>
         <h1>Recepty serveru www.recepty.sk</h1>
         <table cellspacing="0" cellpadding="5">
            <tr class="th">
               <th>Meno Receptu</th>
            </tr>
            <tr>
               <td>Server not running</td>
            </tr>
         </table>
      </div>
      <div>
         <h1>Recepty serveru www.recepty.cz</h1>
         <table cellspacing="0" cellpadding="5">
            <tr class="th">
               <th>Meno Receptu</th>
            </tr>
            <tr>
               <td>Tulácky guláš</td>
            </tr>
            <tr>
               <td>Praženica</td>
            </tr>
         </table>
      </div>
   </body>
</html>