<?xml version="1.0" encoding="UTF-8" standalone="no"?><!-- 

  Simulace knihovny
  
  obsahuje ?daje o ?ten???ch, autorech knih, titulech a knih?ch v knihovn? a v?p?j?k?ch ?ten??? 
  
--><?php echo "DU1 made by JIRI DANIEL" ?>
<library xmlns:xsi="http://www.w3.org/2001/XMLSchema-instance">
    <loans>
        <loan>
            <from>2012-03-06</from>
            <to>2012-06-06</to>
        <user>
            <name>
                <firstName>Ji??</firstName>
                <surName>Daniel</surName>
            </name>
            <address>
                <street>Koda?sk?</street>
                <number>40</number>
                <city>Praha</city>
                <postalCode>10100</postalCode>
                <country>?esk? Republika</country>
            </address>
            <email>jiri.daniel@yahoo.de</email>
            <phone>+420728409266</phone>
        </user><bookitem number="C.1.1"><book language="CZ" type="sci-fi">
            <title>Krakatit</title>
            <ISBN>9788071973560</ISBN>
            <year>2009</year>
            <imprint>Talpress</imprint>
            <edition>1.</edition>
            <pageCount>52</pageCount>
            <description>Kniha Karla ?apka Krakatit z roku 1922 (vy?lo 1924) je rom?n na t?ma nebezpe?? zneu?it? v?dy, pokud ovl?dne p??rodn? s?ly. 
                         ?apek rom?n napsal za sv?ho pobytu v Jind?ichov? Hradci ve v?letn? restauraci Rudolf?v dv?r. </description>
        <author>
            <name>
                <firstName>Karel</firstName>
                <surName>?apek</surName>
            </name>
            <born>1890</born>
            <died>1938</died>
            <biography>?esk? spisovatel, intelektu?l, novin??, dramatik, p?ekladatel a fotograf.</biography>
        </author></book></bookitem></loan>
        <loan>
            <from>2009-08-01</from>
            <to>2014-03-01</to>
        <user>
            <name>
                <firstName>Ji??</firstName>
                <surName>Daniel</surName>
            </name>
            <address>
                <street>Koda?sk?</street>
                <number>40</number>
                <city>Praha</city>
                <postalCode>10100</postalCode>
                <country>?esk? Republika</country>
            </address>
            <email>jiri.daniel@yahoo.de</email>
            <phone>+420728409266</phone>
        </user><bookitem number="C.1.3"><book language="CZ" type="sci-fi">
            <title>Krakatit</title>
            <ISBN>9788071973560</ISBN>
            <year>2009</year>
            <imprint>Talpress</imprint>
            <edition>1.</edition>
            <pageCount>52</pageCount>
            <description>Kniha Karla ?apka Krakatit z roku 1922 (vy?lo 1924) je rom?n na t?ma nebezpe?? zneu?it? v?dy, pokud ovl?dne p??rodn? s?ly. 
                         ?apek rom?n napsal za sv?ho pobytu v Jind?ichov? Hradci ve v?letn? restauraci Rudolf?v dv?r. </description>
        <author>
            <name>
                <firstName>Karel</firstName>
                <surName>?apek</surName>
            </name>
            <born>1890</born>
            <died>1938</died>
            <biography>?esk? spisovatel, intelektu?l, novin??, dramatik, p?ekladatel a fotograf.</biography>
        </author></book></bookitem></loan>
        <loan>
            <from>2012-01-01</from>
            <to>2012-03-01</to>
        <user>
            <name>
                <firstName>Albert</firstName>
                <middleName>Thomas</middleName>
                <surName>Nov?k</surName>
            </name>
            <address>
                <street>Nov?</street>
                <number>1</number>
                <city>Praha</city>
                <postalCode>11000</postalCode>
                <country>?esk? Republika</country>
            </address>
            <email>abnovak@seznam.cz</email>
            <email>albert.novak@zamestnavatel.cz</email>
        </user><bookitem number="B.4.1"><book language="EN" type="roman">
            <title>The Da Vinci Code</title>
            <ISBN>978-0385504201</ISBN>
            <year>2003</year>
            <imprint>Doubleday</imprint>
            <edition>1.</edition>
            <pageCount>454</pageCount>
            <description>The fourth novel of <authorRef><author>
            <name>
                <firstName>Dan</firstName>
                <surName>Brown</surName>
            </name>
            <born>1964</born>
        </author></authorRef> written in 2003.</description>
        </book></bookitem></loan>
    </loans>
    <users>
        <user userID="USER_1">
            <name>
                <firstName>Ji??</firstName>
                <surName>Daniel</surName>
            </name>
            <address>
                <street>Koda?sk?</street>
                <number>40</number>
                <city>Praha</city>
                <postalCode>10100</postalCode>
                <country>?esk? Republika</country>
            </address>
            <email>jiri.daniel@yahoo.de</email>
            <phone>+420728409266</phone>
        </user>
        <user userID="USER_2">
            <name>
                <firstName>Albert</firstName>
                <middleName>Thomas</middleName>
                <surName>Nov?k</surName>
            </name>
            <address>
                <street>Nov?</street>
                <number>1</number>
                <city>Praha</city>
                <postalCode>11000</postalCode>
                <country>?esk? Republika</country>
            </address>
            <email>abnovak@seznam.cz</email>
            <email>albert.novak@zamestnavatel.cz</email>
        </user>
        <user userID="USER_3">
            <name>
                <firstName>Karel</firstName>
                <middleName>Havl??ek</middleName>
                <surName>Borovsk?</surName>
            </name>
            <address>
                <street>N?m?st?</street>
                <number>8</number>
                <city>Havl??kova Borov?</city>
                <postalCode>58223</postalCode>
                <country>?esk? Republika</country>
            </address>
            <email>khb@gmail.com</email>
        </user>
    </users>
    <books>
        <book bookID="BOOK_1" language="CZ" type="sci-fi">
            <title>Krakatit</title>
            <ISBN>9788071973560</ISBN>
            <year>2009</year>
            <imprint>Talpress</imprint>
            <edition>1.</edition>
            <pageCount>52</pageCount>
            <description>Kniha Karla ?apka Krakatit z roku 1922 (vy?lo 1924) je rom?n na t?ma nebezpe?? zneu?it? v?dy, pokud ovl?dne p??rodn? s?ly. 
                         ?apek rom?n napsal za sv?ho pobytu v Jind?ichov? Hradci ve v?letn? restauraci Rudolf?v dv?r. </description>
        <author>
            <name>
                <firstName>Karel</firstName>
                <surName>?apek</surName>
            </name>
            <born>1890</born>
            <died>1938</died>
            <biography>?esk? spisovatel, intelektu?l, novin??, dramatik, p?ekladatel a fotograf.</biography>
        </author></book>    
        <book bookID="BOOK_2" language="EN" type="roman">
            <title>Digital Fortress</title>
            <ISBN>978-0312335168</ISBN>
            <year>2004</year>
            <imprint>Thomas Dunne Books</imprint>
            <edition>Revised</edition>
            <pageCount>384</pageCount>
            <description>The first novel of <authorRef><author>
            <name>
                <firstName>Dan</firstName>
                <surName>Brown</surName>
            </name>
            <born>1964</born>
        </author></authorRef> written in 1998.</description>
        </book>
        <book bookID="BOOK_3" language="EN" type="roman">
            <title>Angels and Demons</title>
            <ISBN>978-0743486224</ISBN>
            <year>2000</year>
            <imprint>Atria Books</imprint>
            <edition>1.</edition>
            <pageCount>572</pageCount>
            <description>The second novel of <authorRef><author>
            <name>
                <firstName>Dan</firstName>
                <surName>Brown</surName>
            </name>
            <born>1964</born>
        </author></authorRef> written in 2000.</description>
        </book>
        <book bookID="BOOK_4" language="EN" type="roman">
            <title>Deception Point</title>
            <ISBN>0743490304</ISBN>
            <year>2003</year>
            <imprint>Atria Books</imprint>
            <edition>1.</edition>
            <pageCount>576</pageCount>
            <description>The third novel of <authorRef><author>
            <name>
                <firstName>Dan</firstName>
                <surName>Brown</surName>
            </name>
            <born>1964</born>
        </author></authorRef> written in 2001.</description>
        </book>
        <book bookID="BOOK_5" language="EN" type="roman">
            <title>The Da Vinci Code</title>
            <ISBN>978-0385504201</ISBN>
            <year>2003</year>
            <imprint>Doubleday</imprint>
            <edition>1.</edition>
            <pageCount>454</pageCount>
            <description>The fourth novel of <authorRef><author>
            <name>
                <firstName>Dan</firstName>
                <surName>Brown</surName>
            </name>
            <born>1964</born>
        </author></authorRef> written in 2003.</description>
        </book>     
        <book bookID="BOOK_6" language="EN" type="roman">
            <title language="EN">The Lost Symbol</title>
            <ISBN>978-0385504225</ISBN>
            <year>2012</year>
            <imprint>Doubleday</imprint>
            <edition>1.</edition>
            <pageCount>528</pageCount>
            <description>The fifth novel of <authorRef><author>
            <name>
                <firstName>Dan</firstName>
                <surName>Brown</surName>
            </name>
            <born>1964</born>
        </author></authorRef> written in 2009.</description>
        <author>
            <name>
                <firstName>Dan</firstName>
                <surName>Brown</surName>
            </name>
            <born>1964</born>
        </author></book>
        <book bookID="BOOK_7" language="DE" type="roman">
            <title>Die Aufzeichnungen des Malte Laurids Brigge</title>
            <subtitle>Kommentierte Ausgabe</subtitle>
            <ISBN>3-15-009626-X</ISBN>
            <year>1997</year>
            <imprint>Philipp Reclam</imprint>
            <edition>2.</edition>
            <pageCount>358</pageCount>
            <description>"Die Aufzeichnungen des Malte Laurids Brigge" ist der Titel eines 1910 ver?ffentlichten Romans in Tagebuchform von <authorRef><author>
            <name>
                <firstName>Rainer</firstName>
                <middleName>Maria</middleName>
                <surName>Rilke</surName>
            </name>
            <born>1875</born>
            <died>1926</died>
            <biography><![CDATA[Rilke (cel?m jm?nem <em>Ren? Karl Wilhelm Johann Josef Maria Rilke</em>) byl jeden z nejv?znamn?j??ch n?mecky p???c?ch lyrik? p?elomu 19. a 20. stolet?. Napsal tak? jeden rom?n a n?kolik pov?dek.]]></biography>
        </author></authorRef>. 
                         Der Roman wurde 1904 in Rom begonnen und reflektiert unter anderem die ersten Eindr?cke eines Paris-Aufenthaltes des Autors von 1902/03. 
                         Das 1910 in Leipzig vollendete Werk blieb Rilkes einziger Roman.</description>
        </book>
        <book bookID="BOOK_8" language="EN" type="poetry">
            <title>Das Buch Der Bilder</title>
            <ISBN>978-1467900973</ISBN>
            <year>2011</year> 
            <imprint>CreateSpace </imprint>
            <edition>1.</edition>
            <pageCount>102</pageCount>
            <description>This anthology is a thorough introduction to classic literature for those who have not yet experienced these literary masterworks. 
                         For those who have known and loved these works in the past, this is an invitation to reunite with old friends in a fresh new format. 
                         From Shakespeare?s finesse to Oscar Wilde?s wit, this unique collection brings together works as diverse and influential as The Pilgrim?s Progress and Othello. 
                         As an anthology that invites readers to immerse themselves in the masterpieces of the literary giants, it is must-have addition to any library.</description>
        <author>
            <name>
                <firstName>Rainer</firstName>
                <middleName>Maria</middleName>
                <surName>Rilke</surName>
            </name>
            <born>1875</born>
            <died>1926</died>
            <biography><![CDATA[Rilke (cel?m jm?nem <em>Ren? Karl Wilhelm Johann Josef Maria Rilke</em>) byl jeden z nejv?znamn?j??ch n?mecky p???c?ch lyrik? p?elomu 19. a 20. stolet?. Napsal tak? jeden rom?n a n?kolik pov?dek.]]></biography>
        </author></book>   
    </books>
    <bookitems> 
        <bookitem bookitemID="BOOKITEM_1" number="C.1.1"><book language="CZ" type="sci-fi">
            <title>Krakatit</title>
            <ISBN>9788071973560</ISBN>
            <year>2009</year>
            <imprint>Talpress</imprint>
            <edition>1.</edition>
            <pageCount>52</pageCount>
            <description>Kniha Karla ?apka Krakatit z roku 1922 (vy?lo 1924) je rom?n na t?ma nebezpe?? zneu?it? v?dy, pokud ovl?dne p??rodn? s?ly. 
                         ?apek rom?n napsal za sv?ho pobytu v Jind?ichov? Hradci ve v?letn? restauraci Rudolf?v dv?r. </description>
        <author>
            <name>
                <firstName>Karel</firstName>
                <surName>?apek</surName>
            </name>
            <born>1890</born>
            <died>1938</died>
            <biography>?esk? spisovatel, intelektu?l, novin??, dramatik, p?ekladatel a fotograf.</biography>
        </author></book></bookitem>
        <bookitem bookitemID="BOOKITEM_2" number="C.1.2"><book language="CZ" type="sci-fi">
            <title>Krakatit</title>
            <ISBN>9788071973560</ISBN>
            <year>2009</year>
            <imprint>Talpress</imprint>
            <edition>1.</edition>
            <pageCount>52</pageCount>
            <description>Kniha Karla ?apka Krakatit z roku 1922 (vy?lo 1924) je rom?n na t?ma nebezpe?? zneu?it? v?dy, pokud ovl?dne p??rodn? s?ly. 
                         ?apek rom?n napsal za sv?ho pobytu v Jind?ichov? Hradci ve v?letn? restauraci Rudolf?v dv?r. </description>
        <author>
            <name>
                <firstName>Karel</firstName>
                <surName>?apek</surName>
            </name>
            <born>1890</born>
            <died>1938</died>
            <biography>?esk? spisovatel, intelektu?l, novin??, dramatik, p?ekladatel a fotograf.</biography>
        </author></book></bookitem>
        <bookitem bookitemID="BOOKITEM_3" number="C.1.3"><book language="CZ" type="sci-fi">
            <title>Krakatit</title>
            <ISBN>9788071973560</ISBN>
            <year>2009</year>
            <imprint>Talpress</imprint>
            <edition>1.</edition>
            <pageCount>52</pageCount>
            <description>Kniha Karla ?apka Krakatit z roku 1922 (vy?lo 1924) je rom?n na t?ma nebezpe?? zneu?it? v?dy, pokud ovl?dne p??rodn? s?ly. 
                         ?apek rom?n napsal za sv?ho pobytu v Jind?ichov? Hradci ve v?letn? restauraci Rudolf?v dv?r. </description>
        <author>
            <name>
                <firstName>Karel</firstName>
                <surName>?apek</surName>
            </name>
            <born>1890</born>
            <died>1938</died>
            <biography>?esk? spisovatel, intelektu?l, novin??, dramatik, p?ekladatel a fotograf.</biography>
        </author></book></bookitem>
        <bookitem bookitemID="BOOKITEM_4" number="B.1.1"><book language="EN" type="roman">
            <title>Digital Fortress</title>
            <ISBN>978-0312335168</ISBN>
            <year>2004</year>
            <imprint>Thomas Dunne Books</imprint>
            <edition>Revised</edition>
            <pageCount>384</pageCount>
            <description>The first novel of <authorRef><author>
            <name>
                <firstName>Dan</firstName>
                <surName>Brown</surName>
            </name>
            <born>1964</born>
        </author></authorRef> written in 1998.</description>
        </book></bookitem>
        <bookitem bookitemID="BOOKITEM_5" number="B.2.1"><book language="EN" type="roman">
            <title>Angels and Demons</title>
            <ISBN>978-0743486224</ISBN>
            <year>2000</year>
            <imprint>Atria Books</imprint>
            <edition>1.</edition>
            <pageCount>572</pageCount>
            <description>The second novel of <authorRef><author>
            <name>
                <firstName>Dan</firstName>
                <surName>Brown</surName>
            </name>
            <born>1964</born>
        </author></authorRef> written in 2000.</description>
        </book></bookitem>
        <bookitem bookitemID="BOOKITEM_6" number="B.2.2"><book language="EN" type="roman">
            <title>Angels and Demons</title>
            <ISBN>978-0743486224</ISBN>
            <year>2000</year>
            <imprint>Atria Books</imprint>
            <edition>1.</edition>
            <pageCount>572</pageCount>
            <description>The second novel of <authorRef><author>
            <name>
                <firstName>Dan</firstName>
                <surName>Brown</surName>
            </name>
            <born>1964</born>
        </author></authorRef> written in 2000.</description>
        </book></bookitem>
        <bookitem bookitemID="BOOKITEM_7" number="B.3.1"><book language="EN" type="roman">
            <title>Deception Point</title>
            <ISBN>0743490304</ISBN>
            <year>2003</year>
            <imprint>Atria Books</imprint>
            <edition>1.</edition>
            <pageCount>576</pageCount>
            <description>The third novel of <authorRef><author>
            <name>
                <firstName>Dan</firstName>
                <surName>Brown</surName>
            </name>
            <born>1964</born>
        </author></authorRef> written in 2001.</description>
        </book></bookitem>
        <bookitem bookitemID="BOOKITEM_8" number="B.4.1"><book language="EN" type="roman">
            <title>The Da Vinci Code</title>
            <ISBN>978-0385504201</ISBN>
            <year>2003</year>
            <imprint>Doubleday</imprint>
            <edition>1.</edition>
            <pageCount>454</pageCount>
            <description>The fourth novel of <authorRef><author>
            <name>
                <firstName>Dan</firstName>
                <surName>Brown</surName>
            </name>
            <born>1964</born>
        </author></authorRef> written in 2003.</description>
        </book></bookitem>
        <bookitem bookitemID="BOOKITEM_9" number="B.4.2"><book language="EN" type="roman">
            <title>The Da Vinci Code</title>
            <ISBN>978-0385504201</ISBN>
            <year>2003</year>
            <imprint>Doubleday</imprint>
            <edition>1.</edition>
            <pageCount>454</pageCount>
            <description>The fourth novel of <authorRef><author>
            <name>
                <firstName>Dan</firstName>
                <surName>Brown</surName>
            </name>
            <born>1964</born>
        </author></authorRef> written in 2003.</description>
        </book></bookitem>
        <bookitem bookitemID="BOOKITEM_10" number="B.4.3"><book language="EN" type="roman">
            <title>The Da Vinci Code</title>
            <ISBN>978-0385504201</ISBN>
            <year>2003</year>
            <imprint>Doubleday</imprint>
            <edition>1.</edition>
            <pageCount>454</pageCount>
            <description>The fourth novel of <authorRef><author>
            <name>
                <firstName>Dan</firstName>
                <surName>Brown</surName>
            </name>
            <born>1964</born>
        </author></authorRef> written in 2003.</description>
        </book></bookitem>
        <bookitem bookitemID="BOOKITEM_11" number="B.5.1"><book language="EN" type="roman">
            <title language="EN">The Lost Symbol</title>
            <ISBN>978-0385504225</ISBN>
            <year>2012</year>
            <imprint>Doubleday</imprint>
            <edition>1.</edition>
            <pageCount>528</pageCount>
            <description>The fifth novel of <authorRef><author>
            <name>
                <firstName>Dan</firstName>
                <surName>Brown</surName>
            </name>
            <born>1964</born>
        </author></authorRef> written in 2009.</description>
        <author>
            <name>
                <firstName>Dan</firstName>
                <surName>Brown</surName>
            </name>
            <born>1964</born>
        </author></book></bookitem>
        <bookitem bookitemID="BOOKITEM_12" number="R.1.1"><book language="DE" type="roman">
            <title>Die Aufzeichnungen des Malte Laurids Brigge</title>
            <subtitle>Kommentierte Ausgabe</subtitle>
            <ISBN>3-15-009626-X</ISBN>
            <year>1997</year>
            <imprint>Philipp Reclam</imprint>
            <edition>2.</edition>
            <pageCount>358</pageCount>
            <description>"Die Aufzeichnungen des Malte Laurids Brigge" ist der Titel eines 1910 ver?ffentlichten Romans in Tagebuchform von <authorRef><author>
            <name>
                <firstName>Rainer</firstName>
                <middleName>Maria</middleName>
                <surName>Rilke</surName>
            </name>
            <born>1875</born>
            <died>1926</died>
            <biography><![CDATA[Rilke (cel?m jm?nem <em>Ren? Karl Wilhelm Johann Josef Maria Rilke</em>) byl jeden z nejv?znamn?j??ch n?mecky p???c?ch lyrik? p?elomu 19. a 20. stolet?. Napsal tak? jeden rom?n a n?kolik pov?dek.]]></biography>
        </author></authorRef>. 
                         Der Roman wurde 1904 in Rom begonnen und reflektiert unter anderem die ersten Eindr?cke eines Paris-Aufenthaltes des Autors von 1902/03. 
                         Das 1910 in Leipzig vollendete Werk blieb Rilkes einziger Roman.</description>
        </book></bookitem>
        <bookitem bookitemID="BOOKITEM_13" number="R.2.1"><book language="EN" type="poetry">
            <title>Das Buch Der Bilder</title>
            <ISBN>978-1467900973</ISBN>
            <year>2011</year> 
            <imprint>CreateSpace </imprint>
            <edition>1.</edition>
            <pageCount>102</pageCount>
            <description>This anthology is a thorough introduction to classic literature for those who have not yet experienced these literary masterworks. 
                         For those who have known and loved these works in the past, this is an invitation to reunite with old friends in a fresh new format. 
                         From Shakespeare?s finesse to Oscar Wilde?s wit, this unique collection brings together works as diverse and influential as The Pilgrim?s Progress and Othello. 
                         As an anthology that invites readers to immerse themselves in the masterpieces of the literary giants, it is must-have addition to any library.</description>
        <author>
            <name>
                <firstName>Rainer</firstName>
                <middleName>Maria</middleName>
                <surName>Rilke</surName>
            </name>
            <born>1875</born>
            <died>1926</died>
            <biography><![CDATA[Rilke (cel?m jm?nem <em>Ren? Karl Wilhelm Johann Josef Maria Rilke</em>) byl jeden z nejv?znamn?j??ch n?mecky p???c?ch lyrik? p?elomu 19. a 20. stolet?. Napsal tak? jeden rom?n a n?kolik pov?dek.]]></biography>
        </author></book></bookitem>
    </bookitems>
    <authors>
        <author authorID="AUTHOR_1">
            <name>
                <firstName>Karel</firstName>
                <surName>?apek</surName>
            </name>
            <born>1890</born>
            <died>1938</died>
            <biography>?esk? spisovatel, intelektu?l, novin??, dramatik, p?ekladatel a fotograf.</biography>
        </author>
        <author authorID="AUTHOR_2">
            <name>
                <firstName>Dan</firstName>
                <surName>Brown</surName>
            </name>
            <born>1964</born>
        </author>
        <author authorID="AUTHOR_3">
            <name>
                <firstName>Rainer</firstName>
                <middleName>Maria</middleName>
                <surName>Rilke</surName>
            </name>
            <born>1875</born>
            <died>1926</died>
            <biography><![CDATA[Rilke (cel?m jm?nem <em>Ren? Karl Wilhelm Johann Josef Maria Rilke</em>) byl jeden z nejv?znamn?j??ch n?mecky p???c?ch lyrik? p?elomu 19. a 20. stolet?. Napsal tak? jeden rom?n a n?kolik pov?dek.]]></biography>
        </author>
    </authors>
</library>