<?xml version="1.0" encoding="UTF-8"?>
<eshop>
   <section>
      <Jmeno>Tricka</Jmeno>
      <section>
         <Item>Tricko<Velikost>L</Velikost>
            <Barva>modra</Barva>
            <Cena>690</Cena>
         </Item>
      </section>
      <section>
         <Item>Tricko<Velikost>XL</Velikost>
            <Barva>cervena</Barva>
            <Cena>690</Cena>
         </Item>
      </section>
      <section>
         <Item>Tricko<Velikost>L</Velikost>
            <Barva>modra</Barva>
            <Cena>590</Cena>
         </Item>
      </section>
      <section>
         <Item>Tricko<Velikost>M</Velikost>
            <Barva>zluta</Barva>
            <Cena>590</Cena>
         </Item>
      </section>
      <section>
         <Item>Tricko<Velikost>XL</Velikost>
            <Barva>modra</Barva>
            <Cena>590</Cena>
         </Item>
      </section>
      <section>
         <Item>Tricko<Velikost>L</Velikost>
            <Barva>modra</Barva>
            <Cena>490</Cena>
         </Item>
      </section>
      <section>
         <Item>Tricko<Velikost>XL</Velikost>
            <Barva>cervena</Barva>
            <Cena>490</Cena>
         </Item>
      </section>
      <section>
         <Item>Tricko<Velikost>L</Velikost>
            <Barva>modra</Barva>
            <Cena>790</Cena>
         </Item>
      </section>
      <section>
         <Item>Tricko<Velikost>M</Velikost>
            <Barva>zluta</Barva>
            <Cena>790</Cena>
         </Item>
      </section>
      <section>
         <Item>Tricko<Velikost>XL</Velikost>
            <Barva>modra</Barva>
            <Cena>790</Cena>
         </Item>
      </section>
      <section>
         <Item>Tricko<Velikost>M</Velikost>
            <Barva>zluta</Barva>
            <Cena>290</Cena>
         </Item>
      </section>
      <section>
         <Item>Tricko<Velikost>XS</Velikost>
            <Barva>modra</Barva>
            <Cena>690</Cena>
         </Item>
      </section>
      <section>
         <Item>Tricko<Velikost>L</Velikost>
            <Barva>modra</Barva>
            <Cena>390</Cena>
         </Item>
      </section>
      <section>
         <Item>Tricko<Velikost>S</Velikost>
            <Barva>cervena</Barva>
            <Cena>190</Cena>
         </Item>
      </section>
   </section>
   <section>
      <Jmeno>Kalhoty</Jmeno>
      <section>
         <Item>Teplaky<Velikost>L</Velikost>
            <Barva>cerna</Barva>
            <Cena>990</Cena>
         </Item>
      </section>
      <section>
         <Item>Teplaky<Velikost>XL</Velikost>
            <Barva>cerna</Barva>
            <Cena>990</Cena>
         </Item>
      </section>
      <section>
         <Item>Teplaky<Velikost>L</Velikost>
            <Barva>modra</Barva>
            <Cena>990</Cena>
         </Item>
      </section>
      <section>
         <Item>Jeans<Velikost>L</Velikost>
            <Barva>modra</Barva>
            <Cena>1290</Cena>
         </Item>
      </section>
      <section>
         <Jmeno>Detske</Jmeno>
         <section>
            <Item>Teplaky<Velikost>L</Velikost>
               <Barva>cerna</Barva>
               <Cena>990</Cena>
            </Item>
         </section>
      </section>
   </section>
   <section>
      <Jmeno>Boty</Jmeno>
      <section>
         <Item>Bezecke<Velikost>43</Velikost>
            <Barva>zelena</Barva>
            <Cena>1490</Cena>
         </Item>
      </section>
      <section>
         <Item>Bezecke<Velikost>44</Velikost>
            <Barva>zelena</Barva>
            <Cena>1490</Cena>
         </Item>
      </section>
      <section>
         <Item>Basketove<Velikost>42</Velikost>
            <Barva>modra</Barva>
            <Cena>1290</Cena>
         </Item>
      </section>
      <section>
         <Item>Tenisove<Velikost>41</Velikost>
            <Barva>cervena</Barva>
            <Cena>1690</Cena>
         </Item>
      </section>
   </section>
</eshop>