<?xml version="1.0" encoding="UTF-8" standalone="no"?><!-- XML odpovida vice pozadavkum na rezervacni system nejakeho hotelu. --><rezervacni_system>
	<rezervace rid="R041">
		<fakturacni_udaje>
			<jmeno>Homer</jmeno>
			<prijmeni>Simpson</prijmeni>
			<ic>64789411</ic>
			<dic>9074116147</dic>
			<adresa>
				<ulice>Fake str. 478</ulice>
				<mesto>Springfield</mesto>
				<psc>541 80</psc>
				<stat>Illinois</stat>
			</adresa>
		</fakturacni_udaje>
		
		<datum_prijezdu>2012-08-04</datum_prijezdu>
		<datum_odjezdu>2012-08-18</datum_odjezdu>
		
		<pokoje>
			<pokoj>A24</pokoj>
			<pokoj>A25</pokoj>
		</pokoje>
		
		
		
		<vzkaz zavaznost="nizka">Objednavka od Simpsonu!</vzkaz>
	<zplostene_osoby>	
			<osoba cislo_pasu="149822347-1" pohlavi="Z" tarif="dospely" vek="44">
				<jmeno>Marge</jmeno>
				<prijmeni>Simpson</prijmeni>
				<narodnost>USA</narodnost>
				<pozadavky>Huge bathtub</pozadavky>
				<jednatel/> <!-- rika, na koho je udelana rezervace -->
				
			</osoba>
			
			
					
							<osoba cislo_pasu="149875317-2" pohlavi="M" tarif="dite" vek="12">
								<jmeno>Bart</jmeno>
								<prijmeni>Simpson</prijmeni>
								<narodnost>USA</narodnost>
								<pozadavky>Beeeer</pozadavky>
								
							</osoba>						
							<osoba cislo_pasu="149851447-8" pohlavi="Z" tarif="dite" vek="10">
								<jmeno>Lisa</jmeno>
								<prijmeni>Simpson</prijmeni>
								<narodnost>USA</narodnost>
								
							</osoba>
							<osoba cislo_pasu="224314455-0" pohlavi="Z" tarif="dite" vek="2">
								<jmeno>Maggie</jmeno>
								<prijmeni>Simpson</prijmeni>
								<narodnost>USA</narodnost>
								
							</osoba>						
						<osoba cislo_pasu="148845621-4" pohlavi="M" tarif="dospely" vek="46">
						<jmeno>Homer</jmeno>
						<prijmeni>Simpson</prijmeni>
						<narodnost>USA</narodnost>
						<pozadavky>Beeeer</pozadavky>
						
					</osoba>
				<osoba cislo_pasu="142320781-4" pohlavi="M" tarif="senior" vek="81">
				<jmeno>Abraham</jmeno>
				<prijmeni>Simpson</prijmeni>
				<narodnost>USA</narodnost>
				
			</osoba>
			
			<osoba cislo_pasu="417840314-2" pohlavi="Z" tarif="senior" vek="79">
				<jmeno>Mona</jmeno>
				<prijmeni>Simpson</prijmeni>
				<narodnost>USA</narodnost>
				
			</osoba>
		</zplostene_osoby></rezervace>
</rezervacni_system>