<?xml version="1.0" encoding="UTF-8" standalone="no"?><?formats date="yyyy-MM-hh" currency="#.##"?>
<export author="Copyright:  Tadeas Palusga 2013">
	<ck ck_id="n123">
		<name>CK Donar travel s.r.o.</name>
		<tin>111 11 111</tin>
		<about_text>Cestovni kancelar Donar travel je na trhu od roku 1999. Za dobu existence jsme prodali na 458775 zajezdu do 16411 hotelu po celem svete.</about_text>
		<web>http://www.donartravel.cz</web>
		<contacts>
			<contact type="IT">
				<person_name>Michal Kropic</person_name>
			</contact>
			<contact type="IT">
				<person_name>Michal Prgal</person_name>
			</contact>
			<contact type="IT">
				<person_name>Michal Datlic</person_name>
			</contact>
			

			<contact type="IT">
				<person_name>Jana Svizna</person_name>
			</contact>
			<contact type="IT">
				<person_name>Jana Skokanova</person_name>
			</contact>
			<contact type="IT">
				<person_name>Jana Pruzna</person_name>
			</contact>
			

			<contact type="IT">
				<person_name>Petr Zavaril</person_name>
			</contact>
			<contact type="IT">
				<person_name>Petr Dojedlik</person_name>
			</contact>
			
			<contact type="IT">
				<person_name>David Kraus</person_name>
				<phone_numbers>
					<phone>00420123456789</phone>
					<phone>00420987654321</phone>
				</phone_numbers>
				<email_addresses>
					<email>michal@kropacek.cz</email>
					<email>mikro@donartravel.cz</email>
				</email_addresses>
			</contact>
			<contact type="SALES">
				<division_name>Obchod a prodej</division_name>
				<phone_numbers>
					<phone>00420111222333</phone>
					<phone>00420333222111</phone>
				</phone_numbers>
				<email_addresses>
					<email>prodej@donartravel.cz</email>
				</email_addresses>
			</contact>
			<contact type="COMPLAINTS">
				<division_name>Oddeleni reklamaci</division_name>
				<email_addresses>
					<email>reklamace@donartravel.cz</email>
				</email_addresses>
			</contact>
		</contacts>
		<address>
			<city>Prague</city>
			<street>Jarni</street>
			<street_number>65</street_number>
			<postal_code>17000</postal_code>
		</address>
		<office_hours>
			<mon>08:00-19:00</mon>
			<tue>08:00-17:00</tue>
			<wed>08:00-19:00</wed>
			<thu>08:00-19:00</thu>
			<fri>08:00-17:00</fri>
			<sat/>
			<sun/>
		</office_hours>
		<descriptions>
			<country country_id="d1" name="Egypt">
				<destination destination_id="d290" name="Hurghada">
					<place name="Hurghada" place_id="d2650">
						<hotel hotel_id="d20487" name="Hotel Santorini" stars="5">
							<text>
<![CDATA[
Hotel v antick?m stylu. <br/>
Parn? l?zn? v komplexu.
]]>
							</text>
							<loc>
								<lat>79.547871</lat>
								<lon>-2.812500</lon>
							</loc>
						</hotel>
						<hotel hotel_id="d20458" name="Hotel Maya Beach" stars="5">
							<text>
<![CDATA[
Hotel bl?zko mo?e s v?hledem na pl??. <br/>
V bl?zkosti aquapark <b><a href="http://aquaparkraisingsun.com">RAISING SUN</a></b>.
]]>
							</text>
							<loc>
								<lat>80.998368</lat>
								<lon>-2.812500</lon>
							</loc>
						</hotel>
					</place>
				</destination>
				<destination destination_id="d291" name="Taba">
					<place name="Taba" place_id="d2655">
						<hotel hotel_id="d321454" name="Hotel Taba garden" stars="5">
							<text>
								<titled_text title="zabava">golfove hriste, stresni bazen, casino</titled_text>
								<titled_text title="bar">veskere druhy nealkoholickych napoju</titled_text>
								<titled_text title="odpocinek">osobni maseri, solna jeskyne</titled_text>
							</text>
							<loc>
								<lat>80.998368</lat>
								<lon>-2.812500</lon>
							</loc>
							<term_groups/>
						</hotel>
					</place>
				</destination>
			</country>
			<country country_id="d2" name="Italie">
				<destination destination_id="d587" name="Toskansko">
					<place name="Florencie" place_id="d6587">
						<hotel hotel_id="d18754" name="Luigi" stars="3">
							<text><![CDATA[
Hotel bl?zko mo?e s v?hledem na pl??. <br/>
V bl?zkosti aquapark <b><a href="http://aquaparkraisingsun.com">RAISING SUN</a></b>.
]]></text>
							<loc>
								<lat>85.998368</lat>
								<lon>7.812500</lon>
							</loc>
							<term_groups>
								<term_group date_from="2013-07-21" date_to="2013-07-29" gid="g1" transfer="plane">
										<term food="AI" price_per_person="12544.00" room="2+1" tid="t4578474554"/>
										
										
										
								</term_group>
								<term_group date_from="2013-08-01" date_to="2013-08-15" gid="g2" transfer="bus">
										<term food="AI" price_per_person="12888.00" room="2+1" tid="t4578474559"/>
										
										
										
								</term_group>
							</term_groups>
						</hotel>
					</place>
				</destination>
			</country>
		<country country_id="d34" name="Ceska Republika"><destination destination_id="d741" name="Cechy"><place destination_id="d3251" name="Spindleruv Mlyn"><hotel destination_id="d8744" name="Krakonos">Krasny hotel v prostredi Krkonos s kapacitou pro 120 hostu.<loc><lat>7.548874</lat><lon>2.548874</lon></loc><term_groups><term_group date_from="2013-08-01" date_to="2013-08-15" gid="g3" transfer="own"><term food="AI" price_per_person="7958.00" room="2+0" tid="t5468784115"/><term food="AI" price_per_person="6958.00" room="3+0" tid="t5468784116"/></term_group></term_groups></hotel></place></destination></country></descriptions>
		<seller_notes>
			<note>Pri problemech s prodeji kontaktujte pani Vodrazkovou.</note>
			<note>dostupnost zajezdu kontrolujte na url www.donartravel.cz/zajezd?id=xxxxx, kde id = id zajezdu.</note>
		</seller_notes>
		<reservation_url>https://www.reservation.donartravel.cz/termId={termId}</reservation_url>
		<action_termins>
			<atermin tid_ref="t4578474555"/>
			<atermin tid_ref="t4578474557"/>
			<atermin tid_ref="t4578474562"/>
		</action_termins>
	</ck>
</export>