<?xml version="1.0" encoding="UTF-8" standalone="no"?><pivovar>  <!-- databaze pivovaru, evidence zamestnancu a produktu-->
	<zamestnanci>
		<zamestnanec id="_00000001">
			<jmeno>
				Karel
			</jmeno>
			<primeni>
				Nov?k
			</primeni>
			<pozice>
				sl?dek
			</pozice>
			<pozice>
				mana?er
			</pozice>
			<email mail="karel@novak.com"/>
			<adresa>
				<mesto>Praha
					<cast>Praha 1</cast>
				</mesto>
				<ulice>malostransk?</ulice>
				<psc>10</psc>
			</adresa>
		</zamestnanec>
		<zamestnanec id="_00000002">
			<jmeno>
				Magda
			</jmeno>
			<primeni>
				Nov?kov?
			</primeni>
			<pozice>
				??etn?
			</pozice>
			<email mail="magda@novakova.com"/>
			<adresa>
				<mesto>Praha
					<cast>Praha 1</cast>
				</mesto>
				<ulice>malostransk?</ulice>
				<psc>10</psc>
			</adresa>
		</zamestnanec>
		<zamestnanec id="_00000003">
			<jmeno>
				Josef
			</jmeno>
			<primeni>
				Nov?k
			</primeni>
			<pozice>
				rozv??e?
			</pozice>
			<email mail="josef@maly.com"/>
			<adresa>
				<mesto>Praha
					<cast>Praha 5</cast>
				</mesto>
				<ulice>Kov?k?</ulice>
				<psc>20</psc>
			</adresa>
		</zamestnanec>
<zamestnanec id="_00000004">
			<jmeno>
				Jitka
			</jmeno>
			<primeni>
				Neve?e?elov?
			</primeni>
			<pozice>
				pomocnice sl?dka
			</pozice>
			<email mail="jitka@bezvecere.cz"/>
			<adresa>
				<mesto>Praha
					<cast>Praha 6</cast>
				</mesto>
				<ulice>Dejvick?</ulice>
				<psc>4</psc>
			</adresa>
		</zamestnanec>
<zamestnanec id="_00000005">
			<jmeno>
				Martin
			</jmeno>
			<primeni>
				Lev
			</primeni>
			<pozice>
				vr?tn?
			</pozice>
			<adresa>
				<mesto>
					Kladno
				</mesto>
				<ulice>Kladensk?</ulice>
				<psc>1</psc>
			</adresa>
		</zamestnanec>
	</zamestnanci>
	<produkty> <!--jaka piva vyrabime? -->
		<pivo pid="jedna">
			<nazev>
				Svetla 10??
			</nazev>
			<popis>
				Dobre pivo
			</popis>
			<skladem>
				<![CDATA[
					for (i=0; i < 10; i++)
					{ 
						document.writeln("Hi!");
					}
				]]>
				1500 litru 
				<sudu>164</sudu>
				<lahvi>974</lahvi>
			</skladem>
		</pivo>
		<pivo pid="dva">
			<nazev>
				Tmava 11??
			</nazev>
			<popis>
				<?php echo "Nase pivo s dlouholetou tradici"; ?>
			</popis>
			<skladem>
				cca 1999 litru 
				<sudu>241</sudu>
				<lahvi>5</lahvi>
			</skladem>
		</pivo>
		<pivo pid="tri">
			<nazev>
				Tmava 12??
			</nazev>
			<popis>
				<?php echo "Toto pivo nikdo nechce"; ?>
			</popis>
			<skladem>
				cca 4500 litru 
				<sudu>300</sudu>
				<lahvi>5</lahvi>
			</skladem>
		</pivo>
	<pivo pid="ctyry"><nazev>Svetla 11???</nazev><popis>Nove pivo, ktere se jeste ani nevari</popis><skladem>Celkem 0 litru<lahvi>0</lahvi><sudu>0</sudu></skladem></pivo></produkty>
	<zakaznici>
		<zakaznik zid="_123456789">
			
			
			
			
			
			
			
			
			
			<objednavka datum="8.3 2005" pidr="dva" pocet="46" preprava="lahve"/>
			<objednavka datum="16.8 2005" pidr="jedna" pocet="4" preprava="sudy"/>
			<objednavka datum="1.10 2005" pidr="dva" pocet="99" preprava="sudy"/>
		</zakaznik>
		<zakaznik zid="_923256789">
			<objednavka datum="18.10 2009" pidr="jedna" pocet="45" preprava="lahve"/>
		</zakaznik>
	</zakaznici>
</pivovar>