<?xml version="1.0" encoding="UTF-8" standalone="no"?><!-- trnap7am --><nprg023 xmlns="http://www.ksi.mff.cuni.cz/nprg023" xmlns:xsi="http://www.w3.org/2001/XMLSchema-instance" xsi:schemaLocation="http://www.ksi.mff.cuni.cz/nprg023 data.xsd">

<projekty>
  <projekt navrhovatel_uid_ref="uid44440000" nazev="CodEx" stav="obhajeny" vedouci_uid_ref="uid44449999" zahajeno="2008-06-20" zmeneno="2008-06-25"><pid>pid1</pid>
    
    <popis>The Code Examiner</popis>
    <resitele>
      <resitel uid_ref="uid44440000"/>
      <resitel uid_ref="uid44441111"/>
      <resitel uid_ref="uid44442222"/>
    </resitele>
    <prilohy>
      <priloha url="http://data.ware/doc/zadani3c.pdf">?pln? specifikace</priloha>
      <priloha url="http://web.ware/projekt/">Homepage</priloha>
      <obrazek thb="http://web.ware/img/thumbnails/screenshot001.jpeg" url="http://web.ware/img/screenshot001.jpeg">Screenshot 1</obrazek>
      </prilohy>
  </projekt>
  
  <projekt navrhovatel_uid_ref="uid44448888" nazev="&lt;EnT|T|&gt;" stav="prihlaseny_k_obhajobe" vedouci_uid_ref="uid44449999" zahajeno="2010-12-02" zmeneno="2011-03-13"><pid>pid3</pid>
    
    <popis><![CDATA[N?stroj pro pr?ci s > ]] & < " ']]></popis>
    <resitele>
      <resitel uid_ref="uid44448888"/>
    </resitele>
    <prilohy>
      <priloha url="http://no.way/not/found.txt">Zad?n?</priloha>
    </prilohy>
  </projekt>
  <projekt navrhovatel_uid_ref="uid44442222" nazev="OpenPal" stav="otevreny" vedouci_uid_ref="uid44442222" zahajeno="2011-04-26" zmeneno="2011-04-26"><pid>pid4</pid>
    
    <popis>Mikroplatebn? syst?m</popis>
    <resitele>
      <resitel uid_ref="uid44443333"/>
      <resitel uid_ref="uid44444444"/>
      <resitel uid_ref="uid44446666"/>
    </resitele>
    <prilohy>
      <priloha url="http://go.way/404/ver1.txt">Zad?n?</priloha>
    </prilohy>
  </projekt>
</projekty>

</nprg023>