<?xml version="1.0" encoding="UTF-8" standalone="no"?><!-- Dokument vytvoreny na predmet A7B36XML
	Tematem prace je knihvna

	Autor: Tomas Nosek
	Datum: 28.2.2013
--><knihovna>
<!-- seznam knih k pujceni -->
	<kniha id="K1" zanr="unknown">
		<isbn>12345</isbn>
		<nazev jazyk="cs">Bylo n?s p?t</nazev>
		<autori>
			<autor>
				<jmeno>
					<krestni>Karel</krestni>
					<prijmeni>Polacek</prijmeni>
				</jmeno>
				<narozen>
					<den>22</den>
					<mesic>03</mesic>
					<rok>1892</rok>
				</narozen>
			</autor>
		</autori>
		<exemplare>
			<exemplar id="K1E1" vypujcen="false">
				<rokvydani>1970</rokvydani>
				<jazyk>cs</jazyk>
			</exemplar>
			
		</exemplare>
	</kniha>
	
	<kniha id="K2" zanr="roman">
		<isbn>21358</isbn>
		<nazev jazyk="cs">Na z?padn? front? klid</nazev>
		<autori>
			<autor>
				<jmeno>
					<krestni>Erich Maria</krestni>
					<prijmeni>Remarque</prijmeni>
				</jmeno>
				<narozen>
					<den>22</den>
					<mesic>06</mesic>
					<rok>1898</rok>
				</narozen>
			</autor>
		</autori>
		<exemplare>
			<exemplar id="K2E1" vypujcen="true">
				<rokvydani>1985</rokvydani>
				<jazyk>cs</jazyk>
			</exemplar>
			
		</exemplare>
	</kniha>
	
	<kniha id="K3" zanr="roman">
		<isbn>475112</isbn>
		<nazev jazyk="en">Catch-22</nazev>
		<autori>
			<autor>
				<jmeno>
					<krestni>Joseph</krestni>
					<prijmeni>Heller</prijmeni>
				</jmeno>
				<narozen>
					<den>01</den>
					<mesic>05</mesic>
					<rok>1923</rok>
				</narozen>
			</autor>
		</autori>
		<exemplare>
			<exemplar id="K3E1" vypujcen="false">
				<rokvydani>1985</rokvydani>
				<jazyk>en</jazyk>
			</exemplar>
			
				<exemplar id="K3E3" vypujcen="false">
				<rokvydani>1990</rokvydani>
				<jazyk>cs</jazyk>
			</exemplar>
		</exemplare>
	</kniha>
	
	<kniha id="K4" zanr="unknown">
		<isbn>23547</isbn>
		<nazev jazyk="cs">Krakatit</nazev>
		<autori>
			<autor>
				<jmeno>
					<krestni>Karel</krestni>
					<prijmeni>Capek</prijmeni>
				</jmeno>
				<narozen>
					<den>09</den>
					<mesic>01</mesic>
					<rok>1890</rok>
				</narozen>
			</autor>
		</autori>
		<exemplare>
			<exemplar id="K4E1" vypujcen="false">
				<rokvydani>1985</rokvydani>
				<jazyk>en</jazyk>
			</exemplar>
			
				<exemplar id="K4E3" vypujcen="true">
				<rokvydani>1990</rokvydani>
				<jazyk>cs</jazyk>
			</exemplar>
		</exemplare>
	</kniha>
	
	<kniha id="K5" zanr="unknown">
		<isbn>521456</isbn>
		<!-- vyuziti sekce CDATA, pouziti ampersandu v nazvu knihy -->
		<nazev jazyk="en"><![CDATA[Angels & Demons]]></nazev>
		<autori>
			<autor>
				<jmeno>
					<krestni>Dan</krestni>
					<prijmeni>Brown</prijmeni>
				</jmeno>
				<narozen>
					<den>09</den>
					<mesic>01</mesic>
					<rok>1960</rok>
				</narozen>
			</autor>
		</autori>
		<exemplare>
			<exemplar id="K5E1" vypujcen="false">
				<rokvydani>2007</rokvydani>
				<jazyk>en</jazyk>
			</exemplar>
			
		</exemplare>
	</kniha>
	
	<konecknih/>
	
	<!-- seznam vypujcek s ID referencemi na knihy a uzivatele -->
	
	<vypujcka id="V1" kniha="K1E1" stav="aktivni" uzivatel="U1">
		<datumvypujceni>
			<den>12</den>
			<mesic>1</mesic>
			<rok>2013</rok>
		</datumvypujceni>	
		<vypujcnidoba>
			delsi
		<doba>50</doba>
		</vypujcnidoba>
		<!--Vyuziti entit a instrukci pro zpracovani, ke zprave pro vlastnika vypujcky se prida kdy byla zprava poslana -->
		<email>Dobr?? den, bl?????? se konec v??puj??n?? doby knihy, co jste si zpl??j??il v na???? knihovn??. Vratt?? ji do 5 dn??, nebo v??m za??ne nab??hat pen??le. Vygenerov??no:  <?php echo Date("d.m.Y")?></email>
	</vypujcka>
	
	<vypujcka id="V2" kniha="K1E2" stav="vraceno" uzivatel="U2">
		<datumvypujceni>
			<den>12</den>
			<mesic>12</mesic>
			<rok>2012</rok>
		</datumvypujceni>	
		<vypujcnidoba>
			<doba>50</doba>
		</vypujcnidoba>
	</vypujcka>
	
	
	<vypujcka id="V3" kniha="K3E3" stav="polhute" uzivatel="U1">
		<datumvypujceni>
			<den>15</den>
			<mesic>12</mesic>
			<rok>2013</rok>
		</datumvypujceni>	
		<vypujcnidoba>
		standartni
		</vypujcnidoba>
		<!--Vyuziti entit a instrukci pro zpracovani, ke zprave pro vlastnika vypujcky se prida kdy byla zprava poslana -->
		<email>Dobr?? den, ub??hla v??puj??n?? doba va???? knihy, vratt?? ji pros??me co nejd????ve, ode dne??ka se v??m a?? do vr??cen?? p??i????t?? pen??le 5,- K?? denn??. Vygenerov??no:  <?php echo Date("d.m.Y")?></email>
	</vypujcka>
	
	<vypujcka id="V4" kniha="K4E3" stav="aktivni" uzivatel="U2">
		<datumvypujceni>
			<den>15</den>
			<mesic>12</mesic>
			<rok>2013</rok>
		</datumvypujceni>	
		<vypujcnidoba>
		<doba>60</doba>
		</vypujcnidoba>
		<!--Vyuziti entit a instrukci pro zpracovani, ke zprave pro vlastnika vypujcky se prida kdy byla zprava poslana -->
		<email>Dobr?? den, bl?????? se konec v??puj??n?? doby knihy, co jste si zpl??j??il v na???? knihovn??. Vratt?? ji do 5 dn??, nebo v??m za??ne nab??hat pen??le. Vygenerov??no:  <?php echo Date("d.m.Y")?></email>
	</vypujcka>
	<konecvypujcek/>
	
	<!-- seznam uzivatelu -->
	<uzivatel id="U1">
		<username username="pepa28"/>
		<jmeno>
			<krestni>Pepa</krestni>
			<prijmeni>Novak</prijmeni>
		</jmeno>
		<datumnarozeni>
			<den>12</den>
			<mesic>1</mesic>
			<rok>1991</rok>
		</datumnarozeni>
	</uzivatel>
	
	<uzivatel id="U2">
		<username username="tomas.nosek"/>
		<jmeno>
			<krestni>Tomas</krestni>
			<prijmeni>Nosek</prijmeni>
		</jmeno>
		<datumnarozeni>
			<den>12</den>
			<mesic>11</mesic>
			<rok>1990</rok>
		</datumnarozeni>
	</uzivatel>
<uzivatel id="U3"><username username="user123"/><jmeno><krestni>Pepa</krestni><prijmeni>Z Depa</prijmeni></jmeno><datumnarozeni><den>01</den><mesic>01</mesic><rok>1992</rok></datumnarozeni></uzivatel></knihovna>