<?xml version="1.0" encoding="UTF-8"?>
<albums>
   <album id="a07" name="Bach Concertos">
				  <info>
					    <www>http://www.hilaryhahn.com</www>
				  </info>
				  <song id="s037" name="A-minor: Allegro moderato"/>
				  <song id="s038" name="A-minor: Andante"/>
				  <song id="s039" name="A-minor: Allegro assai"/>
			</album>
   <album id="a08" name="Obed">
				  <info>
					Minimalne Balada o ocich topicovych stoji za poslechnuti
				</info>
				  <song id="s040" name="U studanky"/>
				  <song id="s041" name="Bossa"/>
				  <song id="s042" name="Balada o ocich topicovych"/>
				  <song id="s043" name="Ctveracka"/>
				  <song id="s044" name="Divka co se rada koupe"/>
				  <song id="s045" name="Bud muj Salam"/>
				  <song id="s046" name="Ukolebavka"/>
				  <song id="s047" name="O cem vi jen tesknota"/>
				  <song id="s048" name="Muj sen"/>
				  <song id="s049" name="Obed"/>
				  <song id="s050" name="Piloti"/>
				  <song id="s051" name="Bonus - Babicka"/>
			</album>
</albums>