<?xml version="1.0" encoding="UTF-8"?>
<!--MUSIC DB - Jan Klatil--><!--pridani playlistu Obed--><playlists>
	  <playlist id="p00" name="default"/>
	  <!--empty playlist as default-->
	<playlist id="p01" name="Adele - mix">
      <songRef ids="s002">
         <name>Chasing pavement</name>
         <album>19</album>
         <band>Adele</band>
      </songRef>
      <songRef ids="s003">
         <name>Cold shoulder</name>
         <album>19</album>
         <band>Adele</band>
      </songRef>
      <songRef ids="s012">
         <name>Rolling in the deep</name>
         <album>21</album>
         <band>Adele</band>
      </songRef>
      <songRef ids="s016">
         <name>Set fire to the rain</name>
         <album>21</album>
         <band>Adele</band>
      </songRef>
   </playlist>
	  <playlist id="p02" name="Lana del rey - mix">
      <songRef ids="s025">
         <name>Born to die</name>
         <album>Born to die</album>
         <band>Lana del rey</band>
      </songRef>
      <songRef ids="s027">
         <name>Blue jeans</name>
         <album>Born to die</album>
         <band>Lana del rey</band>
      </songRef>
      <songRef ids="s028">
         <name>Video games</name>
         <album>Born to die</album>
         <band>Lana del rey</band>
      </songRef>
   </playlist>
	  <playlist id="p03" name="mixes">
      <playlistRef>
         <name>Adele - mix</name>
      </playlistRef>
      <songRef ids="s026">
         <name>Off to the races</name>
         <album>Born to die</album>
         <band>Lana del rey</band>
      </songRef>
      <playlistRef>
         <name>Lana del rey - mix</name>
      </playlistRef>
   </playlist>
	  <playlist id="p04" name="mixes2">
      <playlistRef>
         <name>mixes</name>
      </playlistRef>
      <songRef ids="s029">
         <name>Diet mountain dew</name>
         <album>Born to die</album>
         <band>Lana del rey</band>
      </songRef>
   </playlist>
	  <playlist id="p05" name="firsts">
      <songRef ids="s025">
         <name>Born to die</name>
         <album>Born to die</album>
         <band>Lana del rey</band>
      </songRef>
      <songRef ids="s000">
         <name>Daydreamer</name>
         <album>19</album>
         <band>Adele</band>
      </songRef>
      <songRef ids="s012">
         <name>Rolling in the deep</name>
         <album>21</album>
         <band>Adele</band>
      </songRef>
      <songRef ids="s037">
         <name>A-minor: Allegro moderato</name>
         <album>Bach Concertos</album>
         <band>Hilary Hahn</band>
      </songRef>
   </playlist>
	  <playlist id="p07" name="Obed">
      <songRef ids="s040">
         <name>U studanky</name>
         <album>Obed</album>
         <band>Hm...</band>
      </songRef>
      <songRef ids="s041">
         <name>Bossa</name>
         <album>Obed</album>
         <band>Hm...</band>
      </songRef>
      <songRef ids="s042">
         <name>Balada o ocich topicovych</name>
         <album>Obed</album>
         <band>Hm...</band>
      </songRef>
      <songRef ids="s043">
         <name>Ctveracka</name>
         <album>Obed</album>
         <band>Hm...</band>
      </songRef>
      <songRef ids="s044">
         <name>Divka co se rada koupe</name>
         <album>Obed</album>
         <band>Hm...</band>
      </songRef>
      <songRef ids="s045">
         <name>Bud muj Salam</name>
         <album>Obed</album>
         <band>Hm...</band>
      </songRef>
      <songRef ids="s046">
         <name>Ukolebavka</name>
         <album>Obed</album>
         <band>Hm...</band>
      </songRef>
      <songRef ids="s047">
         <name>O cem vi jen tesknota</name>
         <album>Obed</album>
         <band>Hm...</band>
      </songRef>
      <songRef ids="s048">
         <name>Muj sen</name>
         <album>Obed</album>
         <band>Hm...</band>
      </songRef>
      <songRef ids="s049">
         <name>Obed</name>
         <album>Obed</album>
         <band>Hm...</band>
      </songRef>
      <songRef ids="s050">
         <name>Piloti</name>
         <album>Obed</album>
         <band>Hm...</band>
      </songRef>
      <songRef ids="s051">
         <name>Bonus - Babicka</name>
         <album>Obed</album>
         <band>Hm...</band>
      </songRef>
   </playlist>
	  <playlist id="p06" name="Bach Concertos">
      <songRef ids="s037">
         <name>A-minor: Allegro moderato</name>
         <album>Bach Concertos</album>
         <band>Hilary Hahn</band>
      </songRef>
      <songRef ids="s038">
         <name>A-minor: Andante</name>
         <album>Bach Concertos</album>
         <band>Hilary Hahn</band>
      </songRef>
      <songRef ids="s039">
         <name>A-minor: Allegro assai</name>
         <album>Bach Concertos</album>
         <band>Hilary Hahn</band>
      </songRef>
   </playlist>
</playlists>