<html>
   <head>
      <meta http-equiv="Content-Type" content="text/html; charset=UTF-8">
   </head>
   <body>
      <table>
         <tr>
            <th>jmeno kapely</th>
            <th>pocet alb</th>
            <th>prumerne mnozstvi pisnicek v albu</th>
            <th>nejkratsi album</th>
            <th>nejdelsi album</th>
         </tr>
         <tr>
            <td>Adele</td>
            <td>2</td>
            <td>12.5</td>
            <td>12</td>
            <td>13</td>
         </tr>
         <tr>
            <td>Lana del rey</td>
            <td>1</td>
            <td>12</td>
            <td>12</td>
            <td>12</td>
         </tr>
         <tr>
            <td>Hm...</td>
            <td>1</td>
            <td>12</td>
            <td>12</td>
            <td>12</td>
         </tr>
      </table>
   </body>
</html>