<html>
   <head>
      <meta http-equiv="Content-Type" content="text/html; charset=UTF-8">
   </head>
   <body>
      <ul>
         <li>Chasing pavement</li>
         <li>Cold shoulder</li>
         <li>Rolling in the deep</li>
         <li>Set fire to the rain</li>
         <li>Born to die</li>
         <li>Blue jeans</li>
         <li>Video games</li>
         <li>Off to the races</li>
         <li>Diet mountain dew</li>
         <li>Daydreamer</li>
         <li>A-minor: Allegro moderato</li>
         <li>U studanky</li>
         <li>Bossa</li>
         <li>Balada o ocich topicovych</li>
         <li>Ctveracka</li>
         <li>Divka co se rada koupe</li>
         <li>Bud muj Salam</li>
         <li>Ukolebavka</li>
         <li>O cem vi jen tesknota</li>
         <li>Muj sen</li>
         <li>Obed</li>
         <li>Piloti</li>
         <li>Bonus - Babicka</li>
         <li>A-minor: Andante</li>
         <li>A-minor: Allegro assai</li>
      </ul>
   </body>
</html>