<?xml version="1.0" encoding="UTF-8"?>
<rectangles>
   <rec>
      <form>
         <Vector x="1" y="1" z="1"/>
         <Vector x="2" y="2" z="2"/>
         <Vector x="3" y="4" z="5"/>
      </form>
      <orientation>
         <Quaternion s="2" x="3" y="4" z="5"/>
      </orientation>
   </rec>
   <rec>
      <form>
         <Vector x="1" y="1" z="1"/>
         <Vector x="2" y="2" z="2"/>
         <Vector x="3" y="4" z="5"/>
      </form>
      <orientation>
         <Quaternion s="1" x="3" y="4" z="5"/>
      </orientation>
   </rec>
   <rec>
      <form>
         <Vector x="1" y="1" z="1"/>
         <Vector x="2" y="2" z="2"/>
         <Vector x="3" y="4" z="5"/>
      </form>
      <orientation>
         <Quaternion s="1" x="3" y="4" z="5"/>
      </orientation>
   </rec>
   <rec>
      <form>
         <Vector x="1" y="1" z="1"/>
         <Vector x="2" y="2" z="2"/>
         <Vector x="3" y="4" z="5"/>
      </form>
      <orientation>
         <Quaternion s="1" x="3" y="4" z="5"/>
      </orientation>
   </rec>
</rectangles>