<html xmlns:foo="http://www.w3.org/1999/xhtml" xml:lang="en" lang="en">
   <foo:head>
      <foo:title>CustomObjects</foo:title>
   </foo:head>
   <foo:body>
      <foo:table border="1">
         <foo:tr>
            <foo:th>ID</foo:th>
            <foo:th>Class</foo:th>
            <foo:th>Containing types</foo:th>
            <foo:th>Is defined rotation by quaternion?</foo:th>
         </foo:tr>
         <foo:tr>
            <foo:td>custom1</foo:td>
            <foo:td>class1 class2</foo:td>
            <foo:td>Rectangle Sphere Cylinder Cone Torus Polygon</foo:td>
            <foo:td>IS NOT HIDDEN</foo:td>
         </foo:tr>
         <foo:tr>
            <foo:td>custom2</foo:td>
            <foo:td>class1 class2</foo:td>
            <foo:td>Rectangle</foo:td>
            <foo:td>IS HIDDEN</foo:td>
         </foo:tr>
      </foo:table>
   </foo:body>
</html>