<?xml version="1.0" encoding="UTF-8"?>
<query>
   <result>
      <nazev nazev="SF SKK El Niňo Praha A"/>
      <hraci>
         <hrac>Obešlo Michal</hrac>
         <hrac>Obešlo Marek</hrac>
      </hraci>
   </result>
   <result>
      <nazev nazev="SK Kotlářka Praha A"/>
      <hraci>
         <hrac>Obešlo František</hrac>
         <hrac>Málek Tomáš</hrac>
      </hraci>
   </result>
   <result>
      <nazev nazev="TJ Jičín B"/>
      <hraci>
         <hrac>Bilanský Přemysl</hrac>
      </hraci>
   </result>
   <result>
      <nazev nazev="TJ Sokol Valdice B"/>
      <hraci>
         <hrac>Novotný Milan</hrac>
         <hrac>Novotný Zdeněk</hrac>
         <hrac>Červenka Jan</hrac>
      </hraci>
   </result>
   <result>
      <nazev nazev="TJ Sokol Kopidlno A"/>
      <hraci/>
   </result>
   <result>
      <nazev nazev="TJ Nová Paka C"/>
      <hraci/>
   </result>
   <result>
      <nazev nazev="TJ Sokol Libáň A"/>
      <hraci/>
   </result>
   <result>
      <nazev nazev="TJ Jiskra Hořice B"/>
      <hraci/>
   </result>
   <result>
      <nazev nazev="TJ Sokol Lány A"/>
      <hraci/>
   </result>
   <result>
      <nazev nazev="TJ Sokol Nemyčeves B"/>
      <hraci/>
   </result>
   <result>
      <nazev nazev="SK Miletín A"/>
      <hraci/>
   </result>
   <result>
      <nazev nazev="TJ Butoves A"/>
      <hraci/>
   </result>
   <result>
      <nazev nazev="TJ Sokol Železnice B"/>
      <hraci/>
   </result>
   <result>
      <nazev nazev="TJ Sokol Rovensko pod Troskami A"/>
      <hraci/>
   </result>
   <result>
      <nazev nazev="TJ Sokol Lány B"/>
      <hraci/>
   </result>
   <result>
      <nazev nazev="TJ Sokol Popovice A"/>
      <hraci/>
   </result>
</query>