<?xml version="1.0" encoding="UTF-8"?>
<query>
   <result>
      <nazev nazev="SF SKK El Niňo Praha A"/>
      <hraci>
         <jmeno xmlns:xsi="http://www.w3.org/2001/XMLSchema-instance">
								    <krestni>Marek</krestni>
								    <prijmeni>Obešlo</prijmeni>
							  </jmeno>
      </hraci>
   </result>
   <result>
      <nazev nazev="SK Kotlářka Praha A"/>
      <hraci>
         <jmeno xmlns:xsi="http://www.w3.org/2001/XMLSchema-instance">
								    <krestni>Tomáš</krestni>
								    <prijmeni>Málek</prijmeni>
							  </jmeno>
      </hraci>
   </result>
   <result>
      <nazev nazev="TJ Jičín B"/>
      <hraci/>
   </result>
   <result>
      <nazev nazev="TJ Sokol Valdice B"/>
      <hraci>
         <jmeno xmlns:xsi="http://www.w3.org/2001/XMLSchema-instance">
												<krestni>Milan</krestni>
												<prijmeni>Novotný</prijmeni>
											</jmeno>
         <jmeno xmlns:xsi="http://www.w3.org/2001/XMLSchema-instance">
												<krestni>Zdeněk</krestni>
												<prijmeni>Novotný</prijmeni>
											</jmeno>
      </hraci>
   </result>
   <result>
      <nazev nazev="TJ Sokol Kopidlno A"/>
      <hraci/>
   </result>
   <result>
      <nazev nazev="TJ Nová Paka C"/>
      <hraci/>
   </result>
   <result>
      <nazev nazev="TJ Sokol Libáň A"/>
      <hraci/>
   </result>
   <result>
      <nazev nazev="TJ Jiskra Hořice B"/>
      <hraci/>
   </result>
   <result>
      <nazev nazev="TJ Sokol Lány A"/>
      <hraci/>
   </result>
   <result>
      <nazev nazev="TJ Sokol Nemyčeves B"/>
      <hraci/>
   </result>
   <result>
      <nazev nazev="SK Miletín A"/>
      <hraci/>
   </result>
   <result>
      <nazev nazev="TJ Butoves A"/>
      <hraci/>
   </result>
   <result>
      <nazev nazev="TJ Sokol Železnice B"/>
      <hraci/>
   </result>
   <result>
      <nazev nazev="TJ Sokol Rovensko pod Troskami A"/>
      <hraci/>
   </result>
   <result>
      <nazev nazev="TJ Sokol Lány B"/>
      <hraci/>
   </result>
   <result>
      <nazev nazev="TJ Sokol Popovice A"/>
      <hraci/>
   </result>
</query>