<?xml version="1.0" encoding="UTF-8"?>
<xhtml>
   <head>
      <meta content="text/html; charset=utf-8" http-equiv="Content-Type"/>
      <title>
			�AST - hierarchie
		</title>
   </head>
   <body>
      <h1>�AST - hierarchie</h1>
      <ul>
         <li type="circle">Extraliga mužů</li>
      </ul>
      <ul>
         <li type="square">Královéhradecký<ul>
               <li type="circle">Krajská soutěž</li>
            </ul>
            <ul>
               <li type="disc">Jičín<ul>
                     <li type="circle">Regionální přebor 1. třídy</li>
                     <li type="circle">Regionální přebor 2. třídy</li>
                  </ul>
               </li>
               <li type="disc">Hradec Králové</li>
            </ul>
         </li>
      </ul>
   </body>
</xhtml>