<?xml version="1.0" encoding="UTF-8"?>
<query>
   <nazev>
      <soutez xmlns:xsi="http://www.w3.org/2001/XMLSchema-instance" nazev="Extraliga mužů"
              sid="s01">
			      <soupisky>
				        <tym nazev="SF SKK El Niňo Praha A" tid="te01">
					          <vedouci>
						            <jmeno>
							              <krestni>Zbyněk</krestni>
							              <prijmeni>Špaček</prijmeni>
						            </jmeno>
						            <email>zbynek.spacek@ping-pong.cz</email>
						            <mobil>+420 603 458600</mobil>
					          </vedouci>
					          <herna nazev="Na Kotlářce 1, Praha 6"/>
					          <sestava>
						            <hrac hid="h01">
							              <jmeno>
								                <krestni>Michal</krestni>
								                <prijmeni>Obešlo</prijmeni>
							              </jmeno>
							              <rok>1989</rok>
							              <umisteni>ČR muži 11</umisteni>
						            </hrac>
						            <hrac hid="h02">
							              <jmeno>
								                <krestni>Marek</krestni>
								                <prijmeni>Obešlo</prijmeni>
							              </jmeno>
							              <rok>1991</rok>
							              <umisteni>ČR muži 41</umisteni>
						            </hrac>
					          </sestava>
				        </tym>
				        <tym nazev="SK Kotlářka Praha A" tid="te02">
					          <vedouci>
						            <jmeno>
							              <krestni>Petr</krestni>
							              <prijmeni>Kaucký</prijmeni>
						            </jmeno>
						            <email>petrkaucky@seznam.cz</email>
						            <mobil>+420 603 458643</mobil>
					          </vedouci>
					          <herna nazev="Na Kotlářce 1, Praha 6"/>
					          <sestava>
						            <hrac hid="h03">
							              <jmeno>
								                <krestni>František</krestni>
								                <prijmeni>Obešlo</prijmeni>
							              </jmeno>
							              <rok>1991</rok>
							              <umisteni>ČR muži 52</umisteni>
							              <poznamka> &lt;s&gt;sestrin&lt;/s&gt; &lt;u&gt;bratruv&lt;/u&gt; bratr </poznamka>
						            </hrac>
						            <hrac hid="h04">
							              <jmeno>
								                <krestni>Tomáš</krestni>
								                <prijmeni>Málek</prijmeni>
							              </jmeno>
							              <rok>1996</rok>
							              <umisteni>ČR muži 94</umisteni>
							              <poznamka soukroma="ano">Střídavý start z SK DDM Kotlářka Praha viz: <?php echo "<a href='http://" . $_SERVER["SERVER_NAME"] . "/zprava.php?id=42'>zpráva</a>"; ?>
							</poznamka>
						            </hrac>
					          </sestava>
				        </tym>
			      </soupisky>
			      <tabulka>
				        <radek tidr="te02" zapasy="1" vyhry="0" prohry="1" remizy="0" skore="6:12" body="0"/>
				        <radek tidr="te01" zapasy="1" vyhry="1" prohry="0" remizy="0" skore="12:6" body="3"/>
			      </tabulka>
		    </soutez>
   </nazev>
   <tym>te01</tym>
   <tym>te02</tym>
   <nazev>
      <soutez xmlns:xsi="http://www.w3.org/2001/XMLSchema-instance" nazev="Krajská soutěž"
              sid="s02">
					    <soupisky/>
					    <tabulka/>
				  </soutez>
   </nazev>
   <nazev>
      <soutez xmlns:xsi="http://www.w3.org/2001/XMLSchema-instance"
              nazev="Regionální přebor 1. třídy"
              sid="s03">
							  <soupisky>
								    <tym nazev="TJ Jičín B" tid="tjc01">
									      <vedouci>
										        <jmeno>
											          <krestni>Petr</krestni>
											          <prijmeni>Doule</prijmeni>
										        </jmeno>
										        <email>kfd(a)kfd.cz</email>
										        <telefon>+420 493 777662</telefon>
										        <mobil>+420 736 777662</mobil>
									      </vedouci>
									      <herna nazev="sportovní areál Jičín"/>
									      <sestava>
										        <hrac hid="h05">
											          <jmeno>
												            <krestni>Jan</krestni>
												            <prijmeni>Červenka</prijmeni>
											          </jmeno>
											          <rok>1983</rok>
											          <umisteni>kraj. muži 141-170</umisteni>
										        </hrac>
									      </sestava>
								    </tym>
								    <tym nazev="TJ Sokol Valdice B" tid="tjc02">
									      <vedouci>
										        <jmeno>
											          <krestni>Přemysl</krestni>
											          <prijmeni>Bilanský</prijmeni>
										        </jmeno>
										        <email>premekb(a)razdva.cz</email>
										        <mobil>+420 605 407751</mobil>
									      </vedouci>
									      <herna nazev="administrativní budova vězeň. služby Valdice"/>
									      <sestava>
										        <hrac hid="h06">
											          <jmeno>
												            <krestni>Milan</krestni>
												            <prijmeni>Novotný</prijmeni>
											          </jmeno>
											          <rok>1968</rok>
											          <umisteni>kraj. muži 202.- 240.</umisteni>
										        </hrac>
										        <hrac hid="h07">
											          <jmeno>
												            <krestni>Zdeněk</krestni>
												            <prijmeni>Novotný</prijmeni>
											          </jmeno>
											          <rok>1967</rok>
											          <umisteni>reg. muži 82.- 83.</umisteni>
										        </hrac>
										        <hrac hid="h08">
											          <jmeno>
												            <krestni>Přemysl</krestni>
												            <prijmeni>Bilanský</prijmeni>
											          </jmeno>
											          <rok>1961</rok>
											          <umisteni>nez. muži</umisteni>
										        </hrac>
									      </sestava>
								    </tym>
								    <tym nazev="TJ Sokol Kopidlno A" tid="tjc03">
									      <vedouci>
										        <jmeno>
											          <krestni>Jan</krestni>
											          <prijmeni>Novák</prijmeni>
										        </jmeno>
										        <email>novak3@seznam.cz</email>
										        <telefon>+420 400 123456</telefon>
									      </vedouci>
									      <herna nazev="místní hospoda"/>
									      <sestava>
									</sestava>
								    </tym>
								    <tym nazev="TJ Nová Paka C" tid="tjc04">
									      <vedouci>
										        <jmeno>
											          <krestni>Jan</krestni>
											          <prijmeni>Novák</prijmeni>
										        </jmeno>
										        <email>novak4@seznam.cz</email>
										        <telefon>+420 400 123456</telefon>
									      </vedouci>
									      <herna nazev="místní hospoda"/>
									      <sestava>
									</sestava>
								    </tym>
								    <tym nazev="TJ Sokol Libáň A" tid="tjc05">
									      <vedouci>
										        <jmeno>
											          <krestni>Jan</krestni>
											          <prijmeni>Novák</prijmeni>
										        </jmeno>
										        <email>novak5@seznam.cz</email>
										        <telefon>+420 400 123456</telefon>
									      </vedouci>
									      <herna nazev="místní hospoda"/>
									      <sestava>
									</sestava>
								    </tym>
								    <tym nazev="TJ Jiskra Hořice B" tid="tjc06">
									      <vedouci>
										        <jmeno>
											          <krestni>Jan</krestni>
											          <prijmeni>Novák</prijmeni>
										        </jmeno>
										        <email>novak6@seznam.cz</email>
										        <telefon>+420 400 123456</telefon>
									      </vedouci>
									      <herna nazev="místní hospoda"/>
									      <sestava>
									</sestava>
								    </tym>
								    <tym nazev="TJ Sokol Lány A" tid="tjc07">
									      <vedouci>
										        <jmeno>
											          <krestni>Jan</krestni>
											          <prijmeni>Novák</prijmeni>
										        </jmeno>
										        <email>novak7@seznam.cz</email>
										        <telefon>+420 400 123456</telefon>
									      </vedouci>
									      <herna nazev="místní hospoda"/>
									      <sestava>
									</sestava>
								    </tym>
								    <tym nazev="TJ Sokol Nemyčeves B" tid="tjc08">
									      <vedouci>
										        <jmeno>
											          <krestni>Jan</krestni>
											          <prijmeni>Novák</prijmeni>
										        </jmeno>
										        <email>novak8@seznam.cz</email>
										        <telefon>+420 400 123456</telefon>
									      </vedouci>
									      <herna nazev="místní hospoda"/>
									      <sestava>
									</sestava>
								    </tym>
								    <tym nazev="SK Miletín A" tid="tjc09">
									      <vedouci>
										        <jmeno>
											          <krestni>Jan</krestni>
											          <prijmeni>Novák</prijmeni>
										        </jmeno>
										        <email>novak9@seznam.cz</email>
										        <telefon>+420 400 123456</telefon>
									      </vedouci>
									      <herna nazev="místní hospoda"/>
									      <sestava>
									</sestava>
								    </tym>
								    <tym nazev="TJ Butoves A" tid="tjc10">
									      <vedouci>
										        <jmeno>
											          <krestni>Jan</krestni>
											          <prijmeni>Novák</prijmeni>
										        </jmeno>
										        <email>novak10@seznam.cz</email>
										        <telefon>+420 400 123456</telefon>
									      </vedouci>
									      <herna nazev="místní hospoda"/>
									      <sestava>
									</sestava>
								    </tym>
								    <tym nazev="TJ Sokol Železnice B" tid="tjc11">
									      <vedouci>
										        <jmeno>
											          <krestni>Jan</krestni>
											          <prijmeni>Novák</prijmeni>
										        </jmeno>
										        <email>novak11@seznam.cz</email>
										        <telefon>+420 400 123456</telefon>
									      </vedouci>
									      <herna nazev="místní hospoda"/>
									      <sestava>
									</sestava>
								    </tym>
								    <tym nazev="TJ Sokol Rovensko pod Troskami A" tid="tjc12">
									      <vedouci>
										        <jmeno>
											          <krestni>Jan</krestni>
											          <prijmeni>Novák</prijmeni>
										        </jmeno>
										        <email>novak12@seznam.cz</email>
										        <telefon>+420 400 123456</telefon>
									      </vedouci>
									      <herna nazev="místní hospoda"/>
									      <sestava>
									</sestava>
								    </tym>
							  </soupisky>
							  <tabulka>
								    <radek tidr="tjc01" zapasy="20" vyhry="18" prohry="1" remizy="1" skore="243:117"
                   body="57"/>
								    <radek tidr="tjc03" zapasy="20" vyhry="16" prohry="3" remizy="1" skore="232:128"
                   body="53"/>
								    <radek tidr="tjc02" zapasy="19" vyhry="14" prohry="3" remizy="2" skore="221:121"
                   body="49"/>
								    <radek tidr="tjc04" zapasy="20" vyhry="13" prohry="7" remizy="0" skore="208:152"
                   body="46"/>
								    <radek tidr="tjc05" zapasy="20" vyhry="12" prohry="7" remizy="1" skore="183:177"
                   body="45"/>
								    <radek tidr="tjc06" zapasy="20" vyhry="12" prohry="8" remizy="0" skore="196:164"
                   body="44"/>
								    <radek tidr="tjc07" zapasy="20" vyhry="8" prohry="10" remizy="2" skore="170:190"
                   body="38"/>
								    <radek tidr="tjc08" zapasy="20" vyhry="7" prohry="12" remizy="1" skore="165:195"
                   body="35"/>
								    <radek tidr="tjc09" zapasy="20" vyhry="5" prohry="14" remizy="1" skore="137:223"
                   body="31"/>
								    <radek tidr="tjc10" zapasy="20" vyhry="3" prohry="15" remizy="2" skore="143:217"
                   body="28"/>
								    <radek tidr="tjc11" zapasy="19" vyhry="3" prohry="15" remizy="1" skore="128:214"
                   body="26"/>
								    <radek tidr="tjc12" zapasy="20" vyhry="2" prohry="18" remizy="0" skore="116:244"
                   body="24"/>
							  </tabulka>
						</soutez>
   </nazev>
   <tym>tjc01</tym>
   <tym>tjc02</tym>
   <tym>tjc03</tym>
   <tym>tjc04</tym>
   <tym>tjc05</tym>
   <tym>tjc06</tym>
   <tym>tjc07</tym>
   <tym>tjc08</tym>
   <tym>tjc09</tym>
   <tym>tjc10</tym>
   <tym>tjc11</tym>
   <tym>tjc12</tym>
   <nazev>
      <soutez xmlns:xsi="http://www.w3.org/2001/XMLSchema-instance"
              nazev="Regionální přebor 2. třídy"
              sid="s04">
							  <soupisky>
								    <tym nazev="TJ Sokol Lány B" tid="tjc13">
									      <vedouci>
										        <jmeno>
											          <krestni>Jan</krestni>
											          <prijmeni>Novák</prijmeni>
										        </jmeno>
										        <email>novak11@seznam.cz</email>
										        <telefon>+420 400 123456</telefon>
									      </vedouci>
									      <herna nazev="místní hospoda"/>
									      <sestava>
									</sestava>
								    </tym>
								    <tym nazev="TJ Sokol Popovice A" tid="tjc14">
									      <vedouci>
										        <jmeno>
											          <krestni>Jan</krestni>
											          <prijmeni>Novák</prijmeni>
										        </jmeno>
										        <email>novak12@seznam.cz</email>
										        <telefon>+420 400 123456</telefon>
									      </vedouci>
									      <herna nazev="místní hospoda"/>
									      <sestava>
									</sestava>
								    </tym>
							  </soupisky>
							  <tabulka>
								    <radek tidr="tjc13" zapasy="1" vyhry="1" prohry="0" remizy="0" skore="14:4" body="3"/>
								    <radek tidr="tjc14" zapasy="1" vyhry="0" prohry="1" remizy="0" skore="4:14" body="0"
                   poplatek="ne"/>
							  </tabulka>
						</soutez>
   </nazev>
   <tym>tjc13</tym>
   <tym>tjc14</tym>
</query>