<html>
   <head>
      <meta http-equiv="Content-Type" content="text/html; charset=UTF-8"><style type="text/css">
    body{font-family: Verdana, Arial, Helvetica, sans-serif}
    table, th, td{ border: 1px solid gray; border-collapse:collapse}
    .alt1{background-color:mistyrose}
    .alt2{background-color:azure}
    .th{background-color:silver}
    </style><title>Seznam zamestnancu</title>
   </head>
   <body>
      <h1>Seznam zamestancu</h1>
      <table cellpadding="5" cellspacing="0">
         <tr class="th">
            <th></th>
            <th>Jmeno</th>
            <th>Prijmeni</th>
            <th>Vek</th>
         </tr>
         <tr class="alt2">
            <td>1</td>
            <td>Novak</td>
            <td>Jan</td>
            <td>20</td>
         </tr>
         <tr class="alt1">
            <td>2</td>
            <td>Nikova</td>
            <td>Eliska</td>
            <td>22</td>
         </tr>
         <tr class="alt2">
            <td>3</td>
            <td>James</td>
            <td>John</td>
            <td>30</td>
         </tr>
         <tr class="alt1">
            <td>4</td>
            <td>Stepan</td>
            <td>Karel</td>
            <td>28</td>
         </tr>
         <tr class="alt2">
            <td>5</td>
            <td>Skrobankova</td>
            <td>Ilona</td>
            <td>51</td>
         </tr>
         <tr class="alt1">
            <td>6</td>
            <td>Volny</td>
            <td>Petr</td>
            <td>32</td>
         </tr>
      </table>
   </body>
</html>