<?xml version="1.0" encoding="UTF-8"?>
<Zaukolovani>
   <Zamestnanec UID="Z102" Prijmeni="James" Jmeno="John">
      <Objednavka UID="O101" Nazev="Oprava"/>
      <Objednavka UID="O102" Nazev="D11"/>
   </Zamestnanec>
   <Zamestnanec UID="Z101" Prijmeni="Nikova" Jmeno="Eliska">
      <Objednavka UID="O101" Nazev="Oprava"/>
      <Objednavka UID="O102" Nazev="D11"/>
   </Zamestnanec>
   <Zamestnanec UID="Z100" Prijmeni="Novak" Jmeno="Jan">
      <Objednavka UID="O100" Nazev="ObjA"/>
      <Objednavka UID="O101" Nazev="Oprava"/>
   </Zamestnanec>
   <Zamestnanec UID="Z104" Prijmeni="Skrobankova" Jmeno="Ilona"/>
   <Zamestnanec UID="Z103" Prijmeni="Stepan" Jmeno="Karel"/>
   <Zamestnanec UID="Z105" Prijmeni="Volny" Jmeno="Petr"/>
</Zaukolovani>