<?xml version="1.0" encoding="UTF-8"?>
<Zamestnanci>
   <Zamestnanec Jmeno="Jan" Prijmeni="Novak" UID="Z100" Vek="20" Plat="25000">
			   <Dovolena>Ano</Dovolena>
			   <Nemocenska>Ne</Nemocenska>
		</Zamestnanec>
   <Zamestnanec Jmeno="Eliska" Prijmeni="Nikova" UID="Z101" Vek="22" Plat="26000">
			   <Dovolena>Ano</Dovolena>
			   <Nemocenska>Ne</Nemocenska>
		</Zamestnanec>
   <Zamestnanec Jmeno="John" Prijmeni="James" UID="Z102" Vek="30" Plat="30000">
			   <Dovolena>Ne</Dovolena>
			   <Nemocenska>Ano</Nemocenska>
		</Zamestnanec>
   <Zamestnanec Jmeno="Karel" Prijmeni="Stepan" UID="Z103" Vek="28" Plat="28000">
			   <Dovolena>Ne</Dovolena>
			   <Nemocenska>Ne</Nemocenska>
		</Zamestnanec>
   <Zamestnanec Jmeno="Ilona" Prijmeni="Skrobankova" UID="Z104" Vek="51" Plat="37000">
      <Dovolena>Ne</Dovolena>
      <Nemocenska>Ne</Nemocenska>
   </Zamestnanec>
   <Zamestnanec Jmeno="Petr" Prijmeni="Volny" UID="Z105" Vek="32" Plat="30000">
			   <Dovolena>Ne</Dovolena>
			   <Nemocenska>Ne</Nemocenska>
		</Zamestnanec>
</Zamestnanci>