<?xml version="1.0" encoding="UTF-8"?>
<Objednavky>
   <Objednavka>
      <Pracovnici>
         <Zamestnanec Jmeno="Jan" Prijmeni="Novak" UID="Z100" Vek="20" Plat="25000">
			         <Dovolena>Ano</Dovolena>
			         <Nemocenska>Ne</Nemocenska>
		       </Zamestnanec>
      </Pracovnici>
      <Material>
         <Zbozi pocet="8" UID="S101"/>
      </Material>
   </Objednavka>
   <Objednavka>
      <Pracovnici>
         <Zamestnanec Jmeno="John" Prijmeni="James" UID="Z102" Vek="30" Plat="30000">
			         <Dovolena>Ne</Dovolena>
			         <Nemocenska>Ano</Nemocenska>
		       </Zamestnanec>
         <Zamestnanec Jmeno="Eliska" Prijmeni="Nikova" UID="Z101" Vek="22" Plat="26000">
			         <Dovolena>Ano</Dovolena>
			         <Nemocenska>Ne</Nemocenska>
		       </Zamestnanec>
         <Zamestnanec Jmeno="Jan" Prijmeni="Novak" UID="Z100" Vek="20" Plat="25000">
			         <Dovolena>Ano</Dovolena>
			         <Nemocenska>Ne</Nemocenska>
		       </Zamestnanec>
      </Pracovnici>
      <Material>
         <Zbozi pocet="1" UID="S101"/>
         <Zbozi pocet="15" UID="S100"/>
         <Zbozi pocet="8" UID="S102"/>
      </Material>
   </Objednavka>
   <Objednavka>
      <Pracovnici>
         <Zamestnanec Jmeno="John" Prijmeni="James" UID="Z102" Vek="30" Plat="30000">
			         <Dovolena>Ne</Dovolena>
			         <Nemocenska>Ano</Nemocenska>
		       </Zamestnanec>
         <Zamestnanec Jmeno="Eliska" Prijmeni="Nikova" UID="Z101" Vek="22" Plat="26000">
			         <Dovolena>Ano</Dovolena>
			         <Nemocenska>Ne</Nemocenska>
		       </Zamestnanec>
      </Pracovnici>
      <Material/>
   </Objednavka>
</Objednavky>