<?xml version="1.0" encoding="UTF-8"?>
<Evidence>
   <Na_Vyplatu>100 000</Na_Vyplatu>
   <Vyplaty Zbytek="4000">
      <Zamestnanec Jmeno="Jan" Prijmeni="Novak" UID="Z100" Vek="20" Plat="25000"/>
      <Zamestnanec Jmeno="Eliska" Prijmeni="Nikova" UID="Z101" Vek="22" Plat="26000"/>
   </Vyplaty>
   <Vyplaty Zbytek="0">
      <Zamestnanec Jmeno="Jan" Prijmeni="Novak" UID="Z100" Vek="20" Plat="25000"/>
      <Zamestnanec Jmeno="John" Prijmeni="James" UID="Z102" Vek="30" Plat="30000"/>
   </Vyplaty>
   <Vyplaty Zbytek="2000">
      <Zamestnanec Jmeno="Jan" Prijmeni="Novak" UID="Z100" Vek="20" Plat="25000"/>
      <Zamestnanec Jmeno="Karel" Prijmeni="Stepan" UID="Z103" Vek="28" Plat="28000"/>
   </Vyplaty>
   <Vyplaty Zbytek="0">
      <Zamestnanec Jmeno="Jan" Prijmeni="Novak" UID="Z100" Vek="20" Plat="25000"/>
      <Zamestnanec Jmeno="Petr" Prijmeni="Volny" UID="Z105" Vek="32" Plat="30000"/>
   </Vyplaty>
   <Vyplaty Zbytek="4000">
      <Zamestnanec Jmeno="Eliska" Prijmeni="Nikova" UID="Z101" Vek="22" Plat="26000"/>
      <Zamestnanec Jmeno="Jan" Prijmeni="Novak" UID="Z100" Vek="20" Plat="25000"/>
   </Vyplaty>
   <Vyplaty Zbytek="1000">
      <Zamestnanec Jmeno="Eliska" Prijmeni="Nikova" UID="Z101" Vek="22" Plat="26000"/>
      <Zamestnanec Jmeno="Karel" Prijmeni="Stepan" UID="Z103" Vek="28" Plat="28000"/>
   </Vyplaty>
   <Vyplaty Zbytek="0">
      <Zamestnanec Jmeno="John" Prijmeni="James" UID="Z102" Vek="30" Plat="30000"/>
      <Zamestnanec Jmeno="Jan" Prijmeni="Novak" UID="Z100" Vek="20" Plat="25000"/>
   </Vyplaty>
   <Vyplaty Zbytek="2000">
      <Zamestnanec Jmeno="Karel" Prijmeni="Stepan" UID="Z103" Vek="28" Plat="28000"/>
      <Zamestnanec Jmeno="Jan" Prijmeni="Novak" UID="Z100" Vek="20" Plat="25000"/>
   </Vyplaty>
   <Vyplaty Zbytek="1000">
      <Zamestnanec Jmeno="Karel" Prijmeni="Stepan" UID="Z103" Vek="28" Plat="28000"/>
      <Zamestnanec Jmeno="Eliska" Prijmeni="Nikova" UID="Z101" Vek="22" Plat="26000"/>
   </Vyplaty>
   <Vyplaty Zbytek="20000">
      <Zamestnanec Jmeno="Ilona" Prijmeni="Skrobankova" UID="Z104" Vek="51" Plat="35000"/>
   </Vyplaty>
   <Vyplaty Zbytek="0">
      <Zamestnanec Jmeno="Petr" Prijmeni="Volny" UID="Z105" Vek="32" Plat="30000"/>
      <Zamestnanec Jmeno="Jan" Prijmeni="Novak" UID="Z100" Vek="20" Plat="25000"/>
   </Vyplaty>
</Evidence>