<html>
   <head>
      <meta http-equiv="Content-Type" content="text/html; charset=UTF-8">
      <title>ID miesteniek, mená cestujúcich</title>
   </head>
   <body>
      <table border="1">
         <tr>
            <td>a1</td>
            <td>
               					Adam Prvý
               				
            </td>
         </tr>
         <tr>
            <td>a2</td>
            <td>
               					Baltazár Druhý
               				
            </td>
         </tr>
         <tr>
            <td>a3</td>
            <td>
               					Cyril Tretí
               				
            </td>
         </tr>
         <tr>
            <td>#a1</td>
            <td>
               					Adam Prvý
               				
            </td>
         </tr>
         <tr>
            <td>#a2</td>
            <td>
               					Baltazár Druhý
               				
            </td>
         </tr>
         <tr>
            <td>#a3</td>
            <td>
               					Cyril Tretí
               				
            </td>
         </tr>
      </table>
   </body>
</html>