<?xml version="1.0" encoding="UTF-8"?>
<gubernaty>
   <gub>
      <jmeno>Agrus</jmeno>
      <velikost>500000</velikost>
      <stav>V alianci</stav>
   </gub>
   <gub>
      <jmeno>Bazil</jmeno>
      <velikost>500000</velikost>
      <stav>V alianci</stav>
   </gub>
   <gub>
      <jmeno>Ertu</jmeno>
      <velikost>200000</velikost>
      <stav>V alianci</stav>
   </gub>
   <gub>
      <jmeno>Imrahil</jmeno>
      <velikost>999000</velikost>
      <stav>Bezaliancni</stav>
   </gub>
   <gub>
      <jmeno>Izi</jmeno>
      <velikost>98000</velikost>
      <stav>Bezaliancni</stav>
   </gub>
   <gub>
      <jmeno>KingJohn</jmeno>
      <velikost>500000</velikost>
      <stav>V alianci</stav>
   </gub>
   <gub>
      <jmeno>Kucci</jmeno>
      <velikost>2000</velikost>
      <stav>Bezaliancni</stav>
   </gub>
   <gub>
      <jmeno>Markvar</jmeno>
      <velikost>500000</velikost>
      <stav>V alianci</stav>
   </gub>
   <gub>
      <jmeno>Nidan</jmeno>
      <velikost>500000</velikost>
      <stav>V alianci</stav>
   </gub>
   <gub>
      <jmeno>Osud</jmeno>
      <velikost>100000</velikost>
      <stav>V alianci</stav>
   </gub>
   <gub>
      <jmeno>Winnie</jmeno>
      <velikost>500000</velikost>
      <stav>V alianci</stav>
   </gub>
</gubernaty>