<html>
   <head>
      <meta http-equiv="Content-Type" content="text/html; charset=UTF-8">
   </head>
   <body>
      <table border="1">
         <tr>
            <td>Jméno</td>
            <td>Velikost</td>
            <td>Síla</td>
            <td>Počet tahů</td>
         </tr>
         <tr>
            <td>Agrus</td>
            <td>500000</td>
            <td>200000000</td>
            <td>15/45</td>
         </tr>
         <tr>
            <td>Markvar</td>
            <td>500000</td>
            <td>200000000</td>
            <td>19/39</td>
         </tr>
         <tr>
            <td>KingJohn</td>
            <td>500000</td>
            <td>200000000</td>
            <td>20/28</td>
         </tr>
         <tr>
            <td>Bazil</td>
            <td>500000</td>
            <td>200000000</td>
            <td>1/49</td>
         </tr>
         <tr>
            <td>Winnie</td>
            <td>500000</td>
            <td>100000000</td>
            <td>38/38</td>
         </tr>
         <tr>
            <td>Nidan</td>
            <td>500000</td>
            <td>100000000</td>
            <td>1/49</td>
         </tr>
         <tr>
            <td>Ertu</td>
            <td>200000</td>
            <td>30000</td>
            <td>1/15</td>
         </tr>
         <tr>
            <td>Osud</td>
            <td>100000</td>
            <td>3000000</td>
            <td>1/49</td>
         </tr>
         <tr>
            <td>Imrahil</td>
            <td>999000</td>
            <td>100000000</td>
            <td>1/49</td>
         </tr>
         <tr>
            <td>Kucci</td>
            <td>2000</td>
            <td>0</td>
            <td>1/33</td>
         </tr>
         <tr>
            <td>Izi</td>
            <td>98000</td>
            <td>10000000</td>
            <td>17/17</td>
         </tr>
      </table>
   </body>
</html>