<?xml version="1.0" encoding="UTF-8"?>
<Vlastnime>
   <vozy znacka="Skoda">
      <sedadel>5</sedadel>
   </vozy>
   <vozy znacka="Ford">
      <sedadel>2</sedadel>
      <sedadel>3</sedadel>
   </vozy>
   <vozy znacka="Kia">
      <sedadel>5</sedadel>
   </vozy>
   <vozy znacka="Smart">
      <sedadel>2</sedadel>
      <sedadel>4</sedadel>
   </vozy>
   <vozy znacka="Renault">
      <sedadel>3</sedadel>
   </vozy>
   <prumer>3.4285714285714284</prumer>
   <nadprumerem>
      <typ facelift="2.verze">Octavia</typ>
      <typ facelift="1.verze">C´eed</typ>
      <typ facelift="1.verze">For4</typ>
   </nadprumerem>
</Vlastnime>