<?xml version="1.0" encoding="UTF-8"?>
<seznam>
   <auto type="nákladní" SPZ="HCA 27 86" technicka="2011" pujceno="ne">
      <znacka>Ford</znacka>
      <typ>Tranzit</typ>
      <rok>2008</rok>
      <specifikace>
         <palivo>Nafta</palivo>
         <motorizace>2.0 TDCI</motorizace>
      </specifikace>
      <sedadel>3</sedadel>
      <nosnost>2019</nosnost>
      <jednotka nazev="kg"/>
      <barva>silver</barva>
   </auto>
   <auto type="osobní" SPZ="HST 72 26" technicka="2012" pujceno="ano">
      <znacka>Smart</znacka>
      <typ facelift="1.verze">For4</typ>
      <rok>1998</rok>
      <specifikace>
         <palivo>Benzín</palivo>
         <motorizace>1.0 HTP</motorizace>
      </specifikace>
      <sedadel>4</sedadel>
      <potahy>Bezove</potahy>
      <barva>Blue</barva>
   </auto>
</seznam>