<html>
   <head>
      <meta http-equiv="Content-Type" content="text/html; charset=UTF-8">
   </head>
   <body>
      <table border="1px">
         <tr>
            <th>Znacka</th>
            <th>Typ</th>
            <th>Podrobnost</th>
         </tr>
         <tr>
            <td>
               <znacka>Skoda</znacka>
            </td>
            <td>
               <typ facelift="2.verze">Octavia</typ>
            </td>
            <td>nosnost  kg</td>
         </tr>
         <tr>
            <td>
               <znacka>Ford</znacka>
            </td>
            <td>
               <typ>Tranzit</typ>
            </td>
            <td>nosnost 1685 kg</td>
         </tr>
         <tr>
            <td>
               <znacka>Ford</znacka>
            </td>
            <td>
               <typ>Tranzit</typ>
            </td>
            <td>nosnost 2019 kg</td>
         </tr>
         <tr>
            <td>
               <znacka>Kia</znacka>
            </td>
            <td>
               <typ facelift="1.verze">C´eed</typ>
            </td>
            <td>nosnost  kg</td>
         </tr>
         <tr>
            <td>
               <znacka>Smart</znacka>
            </td>
            <td>
               <typ facelift="1.verze">Fortwo</typ>
            </td>
            <td>nosnost  kg</td>
         </tr>
         <tr>
            <td>
               <znacka>Smart</znacka>
            </td>
            <td>
               <typ facelift="1.verze">For4</typ>
            </td>
            <td>nosnost  kg</td>
         </tr>
         <tr>
            <td>
               <znacka>Renault</znacka>
            </td>
            <td>
               <typ>Espace</typ>
            </td>
            <td>nosnost 1580 kg</td>
         </tr>
      </table>
   </body>
</html>