<?xml version="1.0" encoding="UTF-8" standalone="no"?><?xml-stylesheet type="text/xsl" href="data.xsl"?>
<photogallery xmlns:xsi="http://www.w3.org/2001/XMLSchema-instance" xsi:noNamespaceSchemaLocation="data.xsd">
<generate_date>
<!--		&c;&ftg; <?php echo date("Y-m-d H:i:s"); ?>-->
	</generate_date>
	<users>
		<user id="u_103" nickname="Teuzz"><id>u_103</id><nickname>Teuzz</nickname></user>
		<user id="u_56" nickname="Joe"><id>u_56</id><nickname>Joe</nickname></user>
		<user id="u_61" nickname="Carl"><id>u_61</id><nickname>Carl</nickname></user>
		<user id="u_76" nickname="Johnny"><id>u_76</id><nickname>Johnny</nickname></user>
		<user id="u_86" nickname="Jane"><id>u_86</id><nickname>Jane</nickname></user>
		<user id="u_7" nickname="JeremyClarkson"><id>u_7</id><nickname>JeremyClarkson</nickname></user>
	</users>
	<galleries>
		<gallery id="g_87" owner_id="u_86" title="Slovenia"/>
		<gallery id="g_102" owner_id="u_103" title="Insect"/>
		<gallery id="g_80" owner_id="u_76" title="Travelling"/>
		<gallery id="g_81" owner_id="u_76" title="Screenshots"/>
		<gallery id="g_8127" owner_id="u_7" title="Top Gear Outtakes"/>
	</galleries>
	<categories>
		<category id="cat_62" title="Insect"/>
		<category id="cat_98" title="Water"/>
		<category id="cat_6" title="Cars"/>
		<category id="cat_621" title="Architecture"/>
	</categories>
	<photos>
		<photo gallery_id="g_87" id="p_111023" owner_id="u_76" palette="32b" title="V??ka">
			<photo_categories>
				<photo_category id="cat_62"/>
				<photo_category id="cat_98"/>
			</photo_categories>
			<location>
				42.55308,-92.724609
			</location>
			<time date_taken="2010-10-11T08:21:22" date_uploaded="2010-10-12T08:24:54"/>
			<comments>
				<comment author="u_56" id="c_89">
					Almost more beautiful than the <photo_ref refid="p_9"/>! Great work, man!
				</comment>
				<comment author="u_76" id="c_101" reply_to="c_89">
					Thx.
				</comment>
			</comments>
			<tags>
				<tag>
					<tag_name>nature</tag_name>
					<similar>
						<tag_name>wildlife</tag_name>
						<tag_name>countryside</tag_name>
					</similar>
				</tag>
				<tag>
					<tag_name>insect</tag_name>
				</tag>
			</tags>
			<exif>
				<![CDATA[Panasonic DMC LS-80]]>
			</exif>
		</photo>
		<photo gallery_id="g_87" id="p_23" owner_id="u_76" palette="grayscale" title="Supercars">
			<photo_categories>
				<photo_category id="cat_6"/>
			</photo_categories>
			<time date_taken="2010-10-11T18:22:22" date_uploaded="2010-10-12T08:24:58"/>
			<comments>
				<comment author="u_7" id="c_1001">
					Wooow. I really want to make a test drive in that.
				</comment>
			</comments>
			<tags>
				<tag>
					<tag_name>Ferrari</tag_name>
					<similar>
						<tag_name>Scuderia</tag_name>
						<tag_name>Maranello</tag_name>
					</similar>
				</tag>
			</tags>
			<exif>
				<![CDATA[Panasonic DMC LS-80]]>
			</exif>
		</photo>
		<photo gallery_id="g_102" id="p_9" owner_id="u_61" palette="32b" title="Bee">
			<photo_categories>
			</photo_categories>
			<location>
				12.55308,22.724609
			</location>
			<time date_taken="2009-01-02T10:02:14" date_uploaded="2009-01-02T18:22:34"/>
			<comments/>
			<tags/>
			<exif>
				<![CDATA[Sony X15]]>
			</exif>
		</photo>
		<photo gallery_id="g_80" id="p_129374" owner_id="u_76" palette="32b" title="Eiffel tower">
			<photo_categories>
				<photo_category id="cat_621"/>
			</photo_categories>
			<time date_taken="2009-08-17T11:21:02" date_uploaded="2010-10-19T08:04:51"/>
			<comments>
				<comment author="u_86" id="c_1019">
					Been there. Wonderful city and wonderful tower.
				</comment>
			</comments>
			<tags>
				<tag>
					<tag_name>Architecture</tag_name>
					<similar>
						<tag_name>buildings</tag_name>
						<tag_name>sightseeings</tag_name>
					</similar>
				</tag>
			</tags>
			<exif>
				<![CDATA[Android Nexus S]]>
			</exif>
		</photo>
		<photo gallery_id="g_81" id="p_1829" owner_id="u_76" palette="32b" title="Mac OS X">
			<photo_categories/>
			<time date_taken="2011-03-10T10:24:50" date_uploaded="2011-03-10T10:24:54"/>
			<comments>
			</comments>
			<tags>
				<tag>
					<tag_name>screenshot</tag_name>
				</tag>
			</tags>
		</photo>
		<photo gallery_id="g_80" id="p_2392" owner_id="u_76" palette="32b" title="Beer">
			<photo_categories/>
			<location>
				14.508,10.4609
			</location>
			<time date_taken="2008-08-02T12:24:54" date_uploaded="2011-02-10T18:22:12"/>
			<comments>
				<comment author="u_7" id="c_8923">
					I'll have one!
				</comment>
			</comments>
			<tags>
				<tag>
					<tag_name>beer</tag_name>
					<similar>
						<tag_name>pilsen</tag_name>
						<tag_name>stella</tag_name>
					</similar>
				</tag>
				<tag>
					<tag_name>pub</tag_name>
				</tag>
			</tags>
			<exif>
				<![CDATA[Panasonic DMC LS-80]]>
			</exif>
		</photo>
		<photo gallery_id="g_80" id="p_10231" owner_id="u_76" palette="grayscale" title="Highway">
			<photo_categories>
				<photo_category id="cat_6"/>
			</photo_categories>
			<time date_taken="2010-10-11T08:21:22" date_uploaded="2010-10-12T08:24:54"/>
			<comments>
				<comment author="u_86" id="c_8928">
					Is this the SF highway?
				</comment>
			</comments>
			<tags>
				<tag>
					<tag_name>cars</tag_name>
					<similar>
						<tag_name>transport</tag_name>
					</similar>
				</tag>
				<tag>
					<tag_name>asphalt</tag_name>
				</tag>
			</tags>
			<exif>
				<![CDATA[Android Nexus S]]>
			</exif>
		</photo>
		<photo gallery_id="g_8127" id="p_4444" owner_id="u_7" palette="32b" title="Skoda Yetti">
			<photo_categories>
				<photo_category id="cat_6"/>
			</photo_categories>
			<time date_taken="2011-03-01T08:21:22" date_uploaded="2011-03-01T11:12:12"/>
			<comments/>
			<tags>
				<tag>
					<tag_name>Top Gear UK</tag_name>
				</tag>
			</tags>
		</photo>
		<photo gallery_id="g_8127" id="p_12434" owner_id="u_7" palette="32b" title="BMW M3">
			<photo_categories>
				<photo_category id="cat_6"/>
			</photo_categories>
			<time date_taken="2011-03-02T08:21:22" date_uploaded="2011-03-02T08:24:54"/>
			<comments/>
			<tags>
				<tag>
					<tag_name>BMW</tag_name>
				</tag>
				<tag>
					<tag_name>saloon car</tag_name>
				</tag>
				<tag>
					<tag_name>supercar</tag_name>
				</tag>
			</tags>
		</photo>
		<photo gallery_id="g_8127" id="p_9716253" owner_id="u_7" palette="32b" title="Porsche 911 GT3">
			<photo_categories>
				<photo_category id="cat_6"/>
			</photo_categories>
			<time date_taken="2011-03-12T22:21:22" date_uploaded="2011-03-12T22:24:54"/>
			<comments>
				<comment author="u_76" id="c_7623">
					This car is just hidious.
				</comment>
			</comments>
			<tags>
				<tag>
					<tag_name>Vratislavice</tag_name>
					<similar>
						<tag_name>Liberec</tag_name>
						<tag_name>Jablonec nad Nisou</tag_name>
					</similar>
				</tag>
				<tag>
					<tag_name>supercar</tag_name>
				</tag>
			</tags>
		</photo>
	</photos>
	</photogallery>