<html>
   <head>
      <meta http-equiv="Content-Type" content="text/html; charset=UTF-8">
   </head>
   <body>
      <table>
         <thead>
            <tr>
               <th>#</th>
               <th>Pozice</th>
               <th>Plat</th>
               <th>Volne misto</th>
            </tr>
         </thead>
         <tbody>
            <tr>
               <td>1</td>
               <td>PHP programátor</td>
               <td>150</td>
               <td><span class="green">ano</span></td>
            </tr>
            <tr>
               <td>2</td>
               <td>Administrátor IT</td>
               <td>170</td>
               <td><span class="red">ne</span></td>
            </tr>
            <tr>
               <td>3</td>
               <td>IT manažer</td>
               <td>200</td>
               <td><span class="green">ano</span></td>
            </tr>
         </tbody>
      </table>
   </body>
</html>