<?xml version="1.0" encoding="UTF-8"?>
<zajemci>
   <zajemce o-praci="prace1">
      <jmeno>Jaroslav</jmeno>
      <prijmeni>Lukeš</prijmeni>
      <email>lukes@gmail.com</email>
   </zajemce>
   <zajemce o-praci="prace1">
      <jmeno>Tomáš</jmeno>
      <prijmeni>Dlaha</prijmeni>
      <email>tomasdlaha@gmail.com</email>
   </zajemce>,
<zajemce o-praci="prace2">
      <jmeno>Aleš</jmeno>
      <prijmeni>Novák</prijmeni>
      <email>novak.ales@gmail.com</email>
   </zajemce>
   <zajemce o-praci="prace1">
      <jmeno>Miroslav</jmeno>
      <prijmeni>Tulák</prijmeni>
      <email>tulak.m@gmail.com</email>
   </zajemce>
   <zajemce o-praci="prace3">
      <jmeno>Marek</jmeno>
      <prijmeni>Boulala</prijmeni>
      <email>boulala@centrum.cz</email>
   </zajemce>
</zajemci>