<?xml version="1.0" encoding="UTF-8"?><html xmlns="http://www.w3.org/1999/xhtml" xml:lang="en">
   <head>
      <meta http-equiv="Content-Type" content="text/html; charset=UTF-8" />
      <title>Pony singers table</title>
   </head>
   <body>
      <h2>The Best Pony Singers of Equestria!</h2>
      <table>
         <tr>
            <th>Cutiemark</th>
            <th>Pony</th>
            <th>Songs</th>
         </tr>
         <tr>
            <td>three balloons</td>
            <td>Pinkie Pie</td>
            <td>15</td>
         </tr>
         <tr>
            <td>three butterflies</td>
            <td>Fluttershy</td>
            <td>4</td>
         </tr>
         <tr>
            <td>rainbow lightning bolt</td>
            <td>Rainbow Dash</td>
            <td>3</td>
         </tr>
         <tr>
            <td>three lozenge diamonds</td>
            <td>Rarity</td>
            <td>3</td>
         </tr>
         <tr>
            <td>six-pointed star with five smaller stars</td>
            <td>Twilight Sparkle</td>
            <td>3</td>
         </tr>
         <tr>
            <td></td>
            <td>Sweetie Belle</td>
            <td>2</td>
         </tr>
         <tr>
            <td></td>
            <td>Scootaloo</td>
            <td>2</td>
         </tr>
         <tr>
            <td>NPK</td>
            <td>Gilda</td>
            <td>1</td>
         </tr>
         <tr>
            <td>three red apples</td>
            <td>Applejack</td>
            <td>1</td>
         </tr>
         <tr>
            <td>NPK</td>
            <td>Flim Flam Brothers</td>
            <td>1</td>
         </tr>
         <tr>
            <td></td>
            <td>Apple Bloom</td>
            <td>1</td>
         </tr>
         <tr>
            <td>NPK</td>
            <td>Princess Cadence</td>
            <td>1</td>
         </tr>
         <tr>
            <td>NPK</td>
            <td>Queen Chrysalis</td>
            <td>1</td>
         </tr>
      </table>
      <p>NPK - NoPony Knows</p>
   </body>
</html>