<?xml version="1.0" encoding="UTF-8"?>
<groupSingers>
   <singer>
      <name>Pinkie Pie</name>
      <sharedSongs>
         <name>The Gala Song</name>
      </sharedSongs>
   </singer>
   <singer>
      <name>Rainbow Dash</name>
      <sharedSongs>
         <name>Junior Speedsters Chant</name>
         <name>The Gala Song</name>
         <name>Find A Pet Song</name>
      </sharedSongs>
   </singer>
   <singer>
      <name>Gilda</name>
      <sharedSongs>
         <name>Junior Speedsters Chant</name>
      </sharedSongs>
   </singer>
   <singer>
      <name>Rarity</name>
      <sharedSongs>
         <name>The Gala Song</name>
      </sharedSongs>
   </singer>
   <singer>
      <name>Fluttershy</name>
      <sharedSongs>
         <name>Hush Now Lullaby</name>
         <name>The Gala Song</name>
         <name>Find A Pet Song</name>
      </sharedSongs>
   </singer>
   <singer>
      <name>Sweetie Belle</name>
      <sharedSongs>
         <name>Hush Now Lullaby</name>
         <name>The Perfect Stallion</name>
      </sharedSongs>
   </singer>
   <singer>
      <name>Scootaloo</name>
      <sharedSongs>
         <name>The Perfect Stallion</name>
      </sharedSongs>
   </singer>
   <singer>
      <name>Twilight Sparkle</name>
      <sharedSongs>
         <name>The Gala Song</name>
      </sharedSongs>
   </singer>
   <singer>
      <name>Applejack</name>
      <sharedSongs>
         <name>The Gala Song</name>
      </sharedSongs>
   </singer>
   <singer>
      <name>Flim Flam Brothers</name>
      <sharedSongs/>
   </singer>
   <singer>
      <name>Apple Bloom</name>
      <sharedSongs>
         <name>The Perfect Stallion</name>
      </sharedSongs>
   </singer>
   <singer>
      <name>Princess Cadence</name>
      <sharedSongs>
         <name>This Day Aria</name>
      </sharedSongs>
   </singer>
   <singer>
      <name>Queen Chrysalis</name>
      <sharedSongs>
         <name>This Day Aria</name>
      </sharedSongs>
   </singer>
</groupSingers>