<?xml version="1.0" encoding="UTF-8"?>
<unitedPoniesOfEquestria>
   <pony>Pipsqueak</pony>
   <pony>Fancypants</pony>
   <pony>Gilda</pony>
   <pony>Flim Flam Brothers</pony>
   <pony>Princess Cadence</pony>
   <pony>Queen Chrysalis</pony>
   <pony>Twilight Sparkle</pony>
   <pony>Applejack</pony>
   <pony>Fluttershy<pet>Angel</pet>
   </pony>
   <pony>Rarity</pony>
   <pony>Pinkie Pie<pet>Gummy</pet>
   </pony>
   <pony>Rainbow Dash</pony>
   <pony>Apple Bloom</pony>
   <pony>Scootaloo</pony>
   <pony>Sweetie Belle</pony>
</unitedPoniesOfEquestria>