<html>
   <body>
      <div>
         <h1>M1</h1>
         <div>
            <h2>WDB1234567I123456</h2>
            <p> Registration no UF12345 issued by Daimler CR at 2011-11-11</p>
         </div>
         <div>
            <h2>WDC1234567I123456</h2>
            <p> Registration no UF12345 issued by Daimler CR at 2006-11-11</p>
         </div>
      </div>
      <div>
         <h1>N3</h1>
         <div>
            <h2>WDD123456XL125874</h2>
            <p> Registration no UA48978 issued by  at 2002-12-08</p>
         </div>
      </div>
   </body>
</html>