<?xml version="1.0" encoding="UTF-8"?>
<soupis>
   <zaznam>
      <jmeno>Lukas</jmeno>
      <prijmeni>Suchy</prijmeni>
      <plat>15000</plat>
      <vybaveni>rolba</vybaveni>
   </zaznam>
   <zaznam>
      <jmeno>Lukas</jmeno>
      <prijmeni>Suchy</prijmeni>
      <plat>15000</plat>
      <vybaveni>rolba</vybaveni>
   </zaznam>
   <zaznam>
      <jmeno>Lukas</jmeno>
      <prijmeni>Suchy</prijmeni>
      <plat>15000</plat>
      <vybaveni>kasa</vybaveni>
   </zaznam>
   <zaznam>
      <jmeno>Lukas</jmeno>
      <prijmeni>Suchy</prijmeni>
      <plat>15000</plat>
      <vybaveni>kasa</vybaveni>
   </zaznam>
   <zaznam>
      <jmeno>Jiri</jmeno>
      <prijmeni>Tomas</prijmeni>
      <plat>20000</plat>
      <vybaveni>kasa</vybaveni>
   </zaznam>
   <zaznam>
      <jmeno>Tomas</jmeno>
      <prijmeni>Novotny</prijmeni>
      <plat>28000</plat>
      <vybaveni>rolba</vybaveni>
   </zaznam>
</soupis>