<?xml version="1.0" encoding="UTF-8"?>
<oddeleni>
   <jmeno>kancelare</jmeno>
   <zamestnanci>
      <zamestnanec>Petr Novak</zamestnanec>
      <zamestnanec>Jiri Lukas</zamestnanec>
      <zamestnanec>Jarda Novak</zamestnanec>
      <zamestnanec>Jiri Tomas</zamestnanec>
   </zamestnanci>
</oddeleni>
<oddeleni>
   <jmeno>teren</jmeno>
   <zamestnanci>
      <zamestnanec>Pavel Petr</zamestnanec>
      <zamestnanec>Lukas Novy</zamestnanec>
      <zamestnanec>PavelNovak</zamestnanec>
      <zamestnanec>TomasNovotny</zamestnanec>
      <zamestnanec>LukasSuchy</zamestnanec>
   </zamestnanci>
</oddeleni>