<?xml version="1.0" encoding="UTF-8"?>
<zamestnanci>
   <JardaNovak>
      <pozice>reditel</pozice>
      <plat>55000</plat>
      <podrizeni>
         <PavelNovak>
            <pozice>udrzba</pozice>
            <plat>100000</plat>
         </PavelNovak>
         <TomasNovotny>
            <pozice>udrzba</pozice>
            <plat>28000</plat>
            <podrizeni>
               <LukasSuchy>
                  <pozice>pomocna sila</pozice>
                  <plat>15000</plat>
               </LukasSuchy>
            </podrizeni>
         </TomasNovotny>
      </podrizeni>
   </JardaNovak>
   <JiriTomas>
      <pozice>kasa</pozice>
      <plat>20000</plat>
   </JiriTomas>
</zamestnanci>