<html>
   <head>
      <meta http-equiv="Content-Type" content="text/html; charset=UTF-8">
   </head>
   <body>
      <table>
         <tr>
            <th>Jmeno</th>
            <th>Obtiznost</th>
            <th>Delka</th>
         </tr>
         <tr>
            <td>strecha</td>
            <td>cerna</td>
            <td>800</td>
         </tr>
         <tr>
            <td>cervena</td>
            <td>cervena</td>
            <td>1500</td>
         </tr>
         <tr>
            <td>vyhlidkova</td>
            <td>modra</td>
            <td>3000</td>
         </tr>
      </table>
   </body>
</html>