<?xml version="1.0" encoding="UTF-8"?>
<depth>0</depth>
<zamestnanec vaha="88" id="7561">
          <krestni>Karel</krestni>
          <prijmeni>Novak</prijmeni>
          <podzamestnanci>
            <zamestnanec vaha="98" id="7562">
              <krestni>Tonda</krestni>
              <prijmeni>Petrovic</prijmeni>
            </zamestnanec>
            <zamestnanec vaha="98" id="7563">
              <krestni>Tonda2</krestni>
              <prijmeni>Petrovic2</prijmeni>
              <podzamestnanci>
                <zamestnanec vaha="98" id="71563">
                  <krestni>Bota</krestni>
                  <prijmeni>Kolotov</prijmeni>
                </zamestnanec>
              </podzamestnanci>
            </zamestnanec>
          </podzamestnanci>
        </zamestnanec>
<zamestnanec vaha="66" id="7564"> <!-- zakladni informace o majiteli -->
          <krestni>Karel</krestni>
          <prijmeni>Novak</prijmeni>
          <podzamestnanci>
            <zamestnanec vaha="98" id="7565">
              <krestni>Tonda</krestni>
              <prijmeni>Petrovic</prijmeni>
            </zamestnanec>
          </podzamestnanci>
        </zamestnanec>
<depth>1</depth>
<podzamestnanci>
            <zamestnanec vaha="98" id="7562">
              <krestni>Tonda</krestni>
              <prijmeni>Petrovic</prijmeni>
            </zamestnanec>
            <zamestnanec vaha="98" id="7563">
              <krestni>Tonda2</krestni>
              <prijmeni>Petrovic2</prijmeni>
              <podzamestnanci>
                <zamestnanec vaha="98" id="71563">
                  <krestni>Bota</krestni>
                  <prijmeni>Kolotov</prijmeni>
                </zamestnanec>
              </podzamestnanci>
            </zamestnanec>
          </podzamestnanci>
<depth>1</depth>
<podzamestnanci>
            <zamestnanec vaha="98" id="7565">
              <krestni>Tonda</krestni>
              <prijmeni>Petrovic</prijmeni>
            </zamestnanec>
          </podzamestnanci>