<html>
   <head>
      <meta http-equiv="Content-Type" content="text/html; charset=UTF-8">
      <title>Objednane zbrane</title>
   </head>
   <body>
      <table>
         <tr>
            <th>poradi</th>
            <th>Id</th>
            <th>Cena</th>
            <th>Prichod</th>
         </tr>
         <tr>
            <td>3</td>
            <td>400565</td>
            <td>10000</td>
            <td>12.4.2022</td>
         </tr>
         <tr>
            <td>1</td>
            <td>4563</td>
            <td>15000</td>
            <td>11.3.2019</td>
         </tr>
         <tr>
            <td>2</td>
            <td>4564</td>
            <td>20000</td>
            <td>11.4.2012</td>
         </tr>
         <tr>
            <td>4</td>
            <td>4565</td>
            <td>40000</td>
            <td>12.4.2011</td>
         </tr>
      </table>
   </body>
</html>