<?xml version="1.0" encoding="UTF-8"?>
<zakaznici>
   <zakaznik>
      <zakaznik id="5566">
		       <krestni>Tomas</krestni>
		       <prijmeni>Jednoslav</prijmeni>
	     </zakaznik>
      <zakaznik id="5566">
        		<vypujcka id="1123"> <!-- nektera ze zakaznikovych vypujcek -->
	        		<vypujcene-zbrane> <!-- vypujcene zbrane zakaznika  pro danou vypujcku-->
	        			<vypujcena-zbran id="4612"/> 
               <!-- reference na klic zbrane -->
	        		</vypujcene-zbrane>
	        		<datum-vypujcky od="2012-11-11" do="2012-12-22"/>
	        		<komentar>
	        			Zbran <odkaz-zbrane id="4612"/> byla pri prevzeti spinava. Nejspise ji zaspinil <odkaz-zakaznika id="55661"/>
	        			 document.printComent("_01123");  <!-- sekce CDATA pro vypsani komentare pomoci metody void printComment(String id_vypujcky) -->
	        		</komentar>
    				</vypujcka>
        	</zakaznik>
   </zakaznik>
   <zakaznik>
      <zakaznik id="55661">
		       <krestni>Lukas</krestni>
		       <prijmeni>Dvojslav</prijmeni>
	     </zakaznik>
      <zakaznik id="55661">
        		<vypujcka id="11231"> <!-- nektera ze zakaznikovych vypujcek -->

	        		<vypujcene-zbrane> <!-- vypujcene zbrane zakaznika  pro danou vypujcku-->
	        			<vypujcena-zbran id="46121"/>
	        		</vypujcene-zbrane>
	        		<datum-vypujcky od="2012-11-11" do="2012-12-22"/>
	        		<komentar>
	        			Zbran <odkaz-zbrane id="4612"/> byla pri prevzeti spinava. Nejspise ji zaspinil <odkaz-zakaznika id="5566"/>
	        		</komentar>
				     </vypujcka>
    		</zakaznik>
   </zakaznik>
</zakaznici>