<?xml version="1.0" encoding="UTF-8" standalone="no"?><!-- databaze zanru, interpretu a alb --><musiclib updated="5.3.2013">
	<!-- zanry - kazdy umelec musi mit prirazen minimalne jeden zanr -->
    <genres>
        <genre-name genre-id="genre-jazz">Jazz</genre-name>
        <genre-name genre-id="genre-rock">Rock</genre-name>
        <genre-name genre-id="genre-pop">Pop</genre-name>
        <genre-name genre-id="genre-class">Classical</genre-name>
        <genre-name genre-id="genre-metal">Metal</genre-name>
        <genre-name genre-id="genre-ost">Soundtrack</genre-name>
        <genre-name genre-id="genre-ele">Electronic</genre-name>
    </genres>
    <!-- umelci - kazde album musi mit prirazeno minimalne jednoho umelce -->
    <artists>
    	<artist alive="no" artist-genre="genre-jazz" artist-id="a-1">
    		<artist-name>Louis Armstrong</artist-name>
    		<artist-description>Louis Armstrong (August 4, 1901 ? July 6, 1971), nicknamed Satchmo or Pops, was an American jazz trumpeter and singer from New Orleans, Louisiana.</artist-description>
	    </artist>
	    <artist alive="yes" artist-genre="genre-rock" artist-id="a-2">
	    	<artist-name>Rolling Stones</artist-name>
	    	<artist-born>1962</artist-born>
	    </artist>
	    <artist artist-genre="genre-rock genre-metal" artist-id="a-3">
	    	<artist-name>System of a Down</artist-name>
	    	<artist-born>1994</artist-born>
	    	<artist-description>System of a Down is an Armenian American rock band from Southern California, formed in 1994. It currently consists of <person>Daron Malakian</person> (guitar, vocals), <person>Serj Tankian</person> (lead vocals, keyboards, rhythm guitar), <person>Shavo Odadjian</person> (bass, background vocals) and <person>John Dolmayan</person> (drums).</artist-description>
	    </artist>
	    <artist artist-genre="genre-class" artist-id="a-4">
	    	<artist-name>W. A. Mozart</artist-name>
	    </artist>
	    <artist artist-genre="genre-jazz" artist-id="a-5">
	    	<artist-name>Benny Goodman</artist-name>
	    </artist>
	    <artist artist-genre="genre-ele" artist-id="a-6">
	    	<artist-name>Noisia</artist-name>
	    </artist>
	    <artist artist-genre="genre-rock" artist-id="a-7">
	    	<artist-name>AC/DC</artist-name>
	    </artist>
	    <artist artist-genre="genre-rock" artist-id="a-8">
	    	<artist-name>Led Zeppelin</artist-name>
	    </artist>
	    <artist artist-genre="genre-rock" artist-id="a-9">
	    	<artist-name>Queen</artist-name>
	    </artist>
	    <artist artist-genre="genre-jazz" artist-id="a-10">
	    	<artist-name>Miles Davis</artist-name>
	    </artist>
	    <artist artist-genre="genre-ele" artist-id="a-11">
	    	<artist-name>C2C</artist-name>
	    </artist>
    <artist artist-id="a-12"><artist-name>Alvin Lee</artist-name><artist-born>1944</artist-born></artist></artists>
    <albums>
    	<album album-artists="a-3" album-genre="genre-rock" album-id="r-1" recorded="studio">
    		<album-name>Toxicity</album-name>
    		<album-year>2001</album-year>
    		<album-song song-id="s-prison">
	    		<song-name>Prison Song</song-name>
	    		<song-length>3:34</song-length>
	    		<song-no>1</song-no>
    		</album-song>
    		<album-song song-id="s-needles">
	    		<song-name>Needles</song-name>
	    		<song-no>2</song-no>
    		</album-song>
    		<album-song song-id="s-chopsuey">
	    		<song-name>Chop suey!</song-name>
	    		<song-no>6</song-no>
	    		<song-video>
	    			<video-director>Marcos Siega</video-director>
	    			<video-description>The band members are performing the song on stage, surrounded by approximately 1,000 fans. Editing devices are used to create the effect of the band members "walking through" one another and teleporting on and off the stage. One scene briefly shows Tankian eating chop suey with some fans, the only reference to the title dish in either the song or the video. The video makes use of the SnorriCam technique, in which an actor will have a camera attached to them with a harness, making it appear as though the background is moving and the actor is stationary. In the middle of the video the Armenian flag can be seen. The video has over 130 million views on YouTube, as of February 2013.</video-description>
	    		</song-video>
    		</album-song>
    	</album>
    	<album album-artists="a-11" album-genre="genre-ele" album-id="r-2">
    		<album-name>Tetra</album-name>
    		<album-year>2012</album-year>
    		<album-song song-id="s-c2c-01">
	    		<song-name>Down the road</song-name>
    		</album-song>
    		
    	</album>
    </albums>
<info>
<![CDATA[
if(countArtist() == 0) {
	alert('V databazi nejsou zadni interpreti!');
};
]]></info>
<songcount><?php echo countSongs();?></songcount>
</musiclib>