<?xml version="1.0" encoding="UTF-8" standalone="no"?><!--
    Toto je dokument pro realitu videopujcovna eviduje jednotlive filmy a udaje o nich a dale pak zakaznika a co si kdy jaky zakaznik pujcil
--><videopujcovna>
    <inventar>
        <film id="f1">
            <nazev lang="cz">Transformers</nazev>
            <nazev lang="en">Transformers</nazev>
            <zanr>Ak?n?</zanr>
            <zanr>Sci-Fi</zanr>
            <zanr>Thriller</zanr>
            <hraji>
                <herec gender="muz">
                    <jmeno>Shia</jmeno>
                    <prijmeni>LaBeouf</prijmeni> 
                </herec>
                <herec gender="zena">
                    <jmeno>Megan</jmeno>
                    <prijmeni>Fox</prijmeni>  
                </herec>
                <herec gender="muz">
                    <jmeno>Josh</jmeno>
                    <prijmeni>Duhamel</prijmeni>  
                </herec>
                <herec gender="zena">
                    <jmeno>Rachael</jmeno>
                    <prijmeni>Taylor</prijmeni>  
                </herec>
                <herec gender="muz">
                    <jmeno>Tyrese</jmeno>
                    <prijmeni>Gibson</prijmeni>
                </herec>
            </hraji>
            <rezie>Michael Bay</rezie>
            <hudba>Steve Jablonsky</hudba>
            <vydano>2007</vydano>
            <zemepuvodu>USA</zemepuvodu>
            <delka jednotka="min">144</delka>
            <popis>
                Transformers pat?? k nej?sp??n?j??m hra?k?m v historii. Roboti, kte?? se dok??ou p?etransformovat v libovoln? dopravn? prost?edek, jsou popul?rn? natolik, ?e se stali hrdiny ak?n?ho animovan?ho seri?lu. Mohli by ale b?t tak? p?edlohou pro hran? celove?ern? ak?n? film? Pochybnosti hrav? rozmetaj? dva argumenty ? ?sp??n? sn?mky se v sou?asnosti nat??ej? podle mnohem podivn?j??ch n?m?t? (t?eba podle atrakc? v z?bavn?ch parc?ch, viz Pir?ti z Karibiku) a Transformers se nav?c mohou op??t o dva velik?ny sv?tov?ho filmu, produkuj?c?ho Stevena Spielberga a re??ruj?c?ho Michaela Baye (Mizerov? 1 + 2, Sk?la, Armageddon). Ti dva maj? dostate?n? kredit na to, aby se z projektu, kter? by jinak doprov?zely pochyby, stal jeden ze nejo?ek?van?j??ch film? l?ta.

                Prakticky odnepam?ti ve vesm?ru kolem n?s zu?? v?lka dvou vysp?l?ch mimozemsk?ch civilizaci, ?hodn?ch? Autobots a ?zl?ch? Decepticons. Dousd se n?m vyh?bala, ale kdy? tito vysp?l? mechanoidi objev? na Zemi zdroj energie, jeho? ovl?dnut? m??e jedn? ?i druh? stran? p?in?st kone?n? v?t?zstv?, prom?n? se na?e planeta v peklo na zemi (nebo sp?? ve vesm?ru). Jejich invazi pro??v?me spole?n? s teenagerem Samem (Shia LaBeouf), kter?ho doposud tr?pila pouze ?kola, absence po??dn? k?ry a sle?na jm?nem Mikaela (Megan Fox), je? d?v? p?ednost jeho spolu??k?m. Ve chv?li, kdy se v televizi objev? prvn? zpr?vy o ni?iv?ch robotech, za?ne m?t o jeden probl?m nav?c. Je to pr?v? on, kdo nev?domky ukr?v? kl?? k onomu ?ivotn? d?le?it?mu energetick?mu zdroji, proto m? n?rok na prvn? m?sto na seznamu ohro?en?ch druh?. Hned za n?m figuruje zbytek na?? civilizace?

                Spojen?m Stevena Spielberga s Michaelem Bayem vznikl z d?tsk? hra?ky siln? epick? p??b?h, kter? ?sp??n? kombinuje dramati?nost V?lky sv?t? s div?ckou vst??cnost? Dne nez?vislosti. P?esto?e p??b?hu dominuj? velkolep? ak?n? sekvence, o kter? se starali mist?i oboru, specialist? z trikov?ho studia George Lucase Industrial Light and Magic, je v n?m dostatek prostoru i pro humor a pro origin?ln? z?pletku. ?Nejd?le?it?j?? bude p?esv?d?it lidi o tom, ?e film, kter? se inspiroval d?tskou hra?kou, m??e b?t pro dosp?l?. Sta?? ale p?r vte?in libovoln? ak?n? sekvence a va?e p?edsudky budou ty tam,? tvrd? producent filmu Lorenzo di Bonaventura. (ofici?ln? text distributora)
            </popis>
        </film>
        <film id="f2">
            <nazev lang="cz">Rychl? a zb?sil?</nazev>
            <nazev lang="en">Fast &amp; Furious</nazev>
            <zanr>Ak?n?</zanr>
            <zanr>Krimi</zanr>
            <zanr>Drama</zanr>
            <zanr>Thriller</zanr>
            <hraji>
                <herec gender="muz">
                    <jmeno>Vin</jmeno>
                    <prijmeni>Diesel</prijmeni> 
                </herec>
                <herec gender="muz">
                    <jmeno>Paul</jmeno>
                    <prijmeni>Walker</prijmeni>
                </herec>
                <herec gender="zena">
                    <jmeno>Jordana</jmeno>
                    <prijmeni>Brewster</prijmeni> 
                </herec>
                <herec gender="zena">
                    <jmeno>Michelle</jmeno>
                    <prijmeni>Rodriguez</prijmeni> 
                </herec>
                <herec gender="muz">
                    <jmeno>John</jmeno>
                    <prijmeni>Ortiz</prijmeni>
                </herec>
            </hraji>
            <rezie>Justin Lin</rezie>
            <hudba>Brian Tyler</hudba>
            <vydano>2009</vydano>
            <zemepuvodu>USA</zemepuvodu>
            <delka jednotka="min">102</delka>
            <popis>
                Dokonale polad?n? model. Luxusn? vybaven?, nabl?skan? kapota a pod n? osv?d?en? sou??stky, kter? mu dod?vaj? punc v?jime?nosti. Tak n?jak by fanou?ek rychl?ch kol popsal ?tvrt? d?l slavn? ak?n? s?rie, jeho? n?zev je tentokr?t modifikovan? do podoby Rychl? a zb?sil?. S p?edchoz? ??st?, kter? se odehr?vala v Tokiu, v prost?ed? vyznava?? ?koly smyku, ?ty?ku spojuje jenom jm?no re?is?ra Justina Lina a hlavn? hv?zda Vin Diesel, kter? si p?du pro n?vrat v Tokijsk? j?zd? p?ipravila cameo roli?kou.
                Ocit?me se v Dominik?nsk? republice, kde hodl? Torrettova skupina rychle a zb?sile ukr?st ?p?r litr?? benz?nu z jedouc?ho konvoje. Velkolep? ak?n? sekvence jen p?edj?m? tempo, jak? bude Justin Lin po zbytek filmu diktovat. Po ostr?m st?ihu se ocit?me v Los Angeles, kde naraz?me na druh?ho ?ztracen?ho syna?. Brian O?Conner (Paul Walker, kter? se objevil v prvn?m a druh?m d?lu) z?stal v?rn? policejn? placce. Pr?v? se sna?? rozkr?t drogov? kartel, jeho? ?lenov? pa?uj? drogy do Spojen?ch st?t? p?es mexickou hranici nebezpe?n?mi spanil?mi j?zdami podzemn?mi tunely. Mistr volantu O?Conner z?sk? od nad??zen?ch ofici?ln? posv?cen? opr??it sv? ?idi?sk? um?n? a proniknout do tohoto gangu coby jeden z ?idi??. Stejn? z?m?r, nicm?n? mnohem osobn?j?? c?l, kter? se neslu?? prozrazovat, m? i Dominic Toretto. A tak se oba sejdou na startu neleg?ln?ho z?vodu, jeho? v?t?zov? z?skaj? pochybn? pr?vo st?t se ?leny gangu a pracovat pro n?j jako n?mezdn? jezdci. Znovu tak budou ?v?t motory, pneumatiky trhat asfalt a prote?e i p?r litr? krve. Tahle j?zda rozhodn? nen? pro ?aj??ky. (ofici?ln? text distributora)
            </popis>
        </film>
    </inventar>
    <zakaznici>
        <zakaznik id="z1">
            <jmeno>Jan</jmeno>
            <prijmeni>Kubat</prijmeni>
            <narozen>26.08.1988</narozen>
            <registrovan>           
                <?php date("d.m.Y");?>
            </registrovan>
            <adresa>
                <ulice>Pod Zemankou</ulice>
                <cislo orientacni="21" popisne="273"/>
                <psc>14700</psc>
                <mesto>Praha 4 - Bran?k</mesto>
            </adresa>
            <telefon>728780116</telefon>
            <email>jan.kubat@release.cz</email>
            <poznamka>
                <![CDATA[
                    <strong>nevraci obaly</strong>
                ]]>
            </poznamka>
        </zakaznik>
    </zakaznici>
    <vypujcky>
        <pujcka id="p1" ref="f1">
            <vypujcil ref="z1"/>
            <vypujceno datum="10.01.2012"/>
            <vraceno datum="12.01.2012"/>
        </pujcka>
	
	<pujcka id="p3" ref="f1">
            <vypujcil ref="z1"/>
            <vypujceno datum="10.01.2000"/>
        </pujcka>
	<pujcka id="p3" ref="f1">
            <vypujcil ref="z1"/>
            <vypujceno datum="10.01.2000"/>
        <ztraceno/></pujcka>
	<pujcka id="p3" ref="f1">
            <vypujcil ref="z1"/>
            <vypujceno datum="10.01.2000"/>
        <ztraceno/></pujcka>
    </vypujcky>
</videopujcovna>