<html>
   <head>
      <meta http-equiv="Content-Type" content="text/html; charset=UTF-8">
      <title>Pairs in the final round</title>
   </head>
   <body>
      <table>
         <tr>
            <td>Jan Sejbl</td>
            <td>Olga Vinduskova</td>
         </tr>
         <tr>
            <td>Radim Stupka</td>
            <td>Tereza Jendrulova</td>
         </tr>
         <tr>
            <td>Denis Forster</td>
            <td>Irena Zizkova</td>
         </tr>
         <tr>
            <td>Frantisek Kalina</td>
            <td>Olga Bautina</td>
         </tr>
         <tr>
            <td>Petr Zabystrzan</td>
            <td>Monika Mihalikova</td>
         </tr>
      </table>
   </body>
</html>