<?xml version="1.0" encoding="UTF-8"?>
<dances>
   <dance>
      <name>
            waltz
        </name>
      <winner>
         <man>Jan Sejbl</man>
         <woman>Olga Vinduskova</woman>
      </winner>
   </dance>
   <dance>
      <name>
            tango
        </name>
      <winner>
         <man>Jan Sejbl</man>
         <woman>Olga Vinduskova</woman>
      </winner>
   </dance>
   <dance>
      <name>
            viennese waltz
        </name>
      <winner>
         <man>Radim Stupka</man>
         <woman>Tereza Jendrulova</woman>
      </winner>
   </dance>
   <dance>
      <name>
            quickstep
        </name>
      <winner>
         <man>Jan Sejbl</man>
         <woman>Olga Vinduskova</woman>
      </winner>
   </dance>
</dances>