<?xml version="1.0" encoding="UTF-8"?>
<pairs>
   <pair>
      <man>Radim Stupka</man>
      <woman>Tereza Jendrulova</woman>
      <coaches>
         <coach>Denis Forster</coach>
         <coach>Dobromil Novacek</coach>
         <coach>Jan Sejbl</coach>
         <coach>Martin Dvorak</coach>
         <coach>Petr Zabystrzan</coach>
      </coaches>
   </pair>
   <pair>
      <man>Jan Sejbl</man>
      <woman>Olga Vinduskova</woman>
      <coaches>
         <coach>Denis Forster</coach>
      </coaches>
   </pair>
   <pair>
      <man>Denis Forster</man>
      <woman>Irena Zizkova</woman>
   </pair>
   <pair>
      <man>Frantisek Kalina</man>
      <woman>Olga Bautina</woman>
   </pair>
   <pair>
      <man>Petr Zabystrzan</man>
      <woman>Monika Mihalikova</woman>
      <coaches>
         <coach>Dobromil Novacek</coach>
      </coaches>
   </pair>
   <pair>
      <man>Martin Dvorak</man>
      <woman>Zuzana Silhanova</woman>
      <coaches>
         <coach>Dobromil Novacek</coach>
         <coach>Petr Zabystrzan</coach>
      </coaches>
   </pair>
</pairs>