<?xml version="1.0" encoding="UTF-8"?>
<people>
   <person>
      <name>Denis Forster</name>
      <count>1</count>
   </person>
   <person>
      <name>Dorbromil Novacek</name>
      <count>1</count>
   </person>
   <person>
      <name>Frantisek Kalina</name>
      <count>1</count>
   </person>
   <person>
      <name>Irena Zizkova</name>
      <count>1</count>
   </person>
   <person>
      <name>Jan Sejbl</name>
      <count>1</count>
   </person>
   <person>
      <name>Jiri Pixa</name>
      <count>1</count>
   </person>
   <person>
      <name>Martin Dvorak</name>
      <count>2</count>
   </person>
   <person>
      <name>Monika Mihalikova</name>
      <count>1</count>
   </person>
   <person>
      <name>Olga Bautina</name>
      <count>1</count>
   </person>
   <person>
      <name>Olga Vinduskova</name>
      <count>1</count>
   </person>
   <person>
      <name>Ondrej Daniel</name>
      <count>1</count>
   </person>
   <person>
      <name>Petr Zabystrzan</name>
      <count>1</count>
   </person>
   <person>
      <name>Radim Stupka</name>
      <count>1</count>
   </person>
   <person>
      <name>Tereza Jendrulova</name>
      <count>1</count>
   </person>
   <person>
      <name>Tibor Stano</name>
      <count>1</count>
   </person>
   <person>
      <name>Zuzana Silhanova</name>
      <count>1</count>
   </person>
</people>