<?xml version="1.0" encoding="UTF-8" standalone="no"?><nhlstatistics xmlns:xsi="http://www.w3.org/2001/XMLSchema-instance" xsi:noNamespaceSchemaLocation="data.xsd">
	<season year="2011">
		<teams>
			<team id="t05"><name>Boston Bruins</name>
			
				<!-- Goalies -->
				<player id="p0" position="G">Tim Thomas</player>
				<player id="p1" position="G">Tukka Rask</player>
				
				<!-- Defensemen -->
				<player id="p2" position="D">Zdeno Chara</player>
				<player id="p3" position="D">Joe Corvo</player>
				<player id="p4" position="D">Andrew Ferenc</player>
				<player id="p5" position="D">Dennis Seidenberg</player>
				<player id="p6" position="D">Johnny Boychuk</player>
				<player id="p7" position="D">Adam MacQuaid</player>
				<player id="p8" position="D">Greg Zanon</player>
				<player id="p9" position="D">Mike Mottau</player>
				<player id="p10" position="D">Matt Bartkowski</player>
				
				<!-- Forwards -->
				<player id="p11" position="L">Milan Lucic</player>
				<player id="p12" position="L">Brad Marchand</player>
				<player id="p13" position="L">Benoit Pouliot</player>
				<player id="p14" position="L">Shawn Thorton</player>
				<player id="p15" position="C">Patrice Bergeron</player>
				<player id="p16" position="C">Tayler Seguin</player>
				<player id="p17" position="C">David Krejci</player>
				<player id="p18" position="C">Rich Peverley</player>
				<player id="p19" position="R">Nathan Horton</player>
				<player id="p20" position="R">Dave Rolston</player>
				<player id="p21" position="R">Jordan Caron</player>
			</team>
			<team id="t03"><name>Philadelphia Flyers</name>
			
				<!-- Goalies -->
				<player id="p22" position="G">Sergei Bobrovsky</player>
				<player id="p23" position="G">Ilya Bryzgalov</player>
				
				<!-- Defensemen -->
				<player id="p24" position="D">Marc-Andre Bourdon</player>
				<player id="p25" position="D">Matt Carle</player>
				<player id="p26" position="D">Braydon Coburn</player>
				<player id="p27" position="D">Andrej Meszaros</player>
				<player id="p28" position="D">Kimmo Timonen</player>
				<player id="p29" position="D">Chris Pronger</player>
				<player id="p30" position="D">Nicklas Grossman</player>
				<player id="p31" position="D">Pavel Kubina</player>
				<player id="p32" position="D">Erik Gustafsson</player>
				
				<!-- Forwards -->
				<player id="p33" position="L">Scott Hartnell</player>
				<player id="p34" position="L">James van Riemsdyk</player>
				<player id="p35" position="L">Harry Zolnierczyk</player>
				<player id="p36" position="L">Eric Wellwood</player>
				<player id="p37" position="C">Maxime Talbot</player>
				<player id="p38" position="C">Sean Couturier</player>
				<player id="p39" position="C">Brayden Schenn</player>
				<player id="p40" position="C">Zac Rinaldo</player>
				<player id="p41" position="R">Claude Giroux</player>
				<player id="p42" position="R">Jaromir Jagr</player>
				<player id="p43" position="R">Wayne Simmonds</player>
			</team>
		</teams>
		<date value="6.10.2011">
			<game host="t03" id="g0" visitor="t05">
				<score>
					<period id="1">
						<host>0</host><visitor>2</visitor>
						
					</period>
					<period id="2">
						<host>1</host><visitor>0</visitor>
						
					</period>
					<period id="3">
						<host>0</host><visitor>0</visitor>
						
					</period>
					<total>
						<host>1</host><visitor>2</visitor>
						
					</total>
				</score>
				<shots>
					<period id="1">
						<host>11</host><visitor>10</visitor>
						
					</period>
					<period id="2">
						<host>8</host><visitor>14</visitor>
						
					</period>
					<period id="3">
						<host>9</host><visitor>11</visitor>
						
					</period>
					<total>
						<host>28</host><visitor>35</visitor>
						
					</total>
				</shots>
				<scoring_summary>
					<period id="1">
						<scoring_record type="EQ">
							<time>5:08</time>
							<view><![CDATA[nhl_video('rtmp://flash.onthefly.nhl.com/ondemand/NHLHighlights/mp4:20112012/02/0974/2_974_njd_nyi_1112_h_discrete_NYI354_goal_1600K_16x9_1.mp4','2010020974')]]></view>
							<goal id="p15"/>
							<type>Wrist</type>
							<primary_assist id="p18"/>
							<secondary_assist id="p19"/>
						</scoring_record>
						<scoring_record type="PP">
							<time>17:42</time>
							<view><![CDATA[nhl_video('rtmp://flash.onthefly.nhl.com/ondemand/NHLHighlights/mp4:20112012/02/0974/2_974_njd_nyi_1112_h_discrete_NYI354_goal_1600K_16x9_1.mp4','2010020974')]]></view>
							<goal id="p10"/>
							<type>Slapshot</type>
							<primary_assist id="p15"/>
						</scoring_record>
						<scoring_record type="PS">
							<time>34:20</time>
							<goal id="p41"/>
							<type>Tip-in</type>
							<primary_assist id="p18"/>
							<secondary_assist id="p15"/>
						</scoring_record>
					</period>
					
					
				</scoring_summary>
				<penalty_summary>
					<period id="1">
						<penalty_record>
							<time>17:15</time>
							<penalty id="p31"/>
							<duration>2</duration>
							<reason>Hooking</reason>
						</penalty_record>
					</period>
					
					
				</penalty_summary>
				<boxscore>
					<host>
						<skaters>
							<player_stats id="p35">
								<goals>0</goals>
								<assists>1</assists>
								<difference>-1</difference>
								<pim>0</pim>
								<toi>7:22</toi>
								<etoi>7:22</etoi>
								<pptoi>0:00</pptoi>
								<pktoi>0:00</pktoi>
							</player_stats>
						</skaters>
						<goalies>
							<player_stats id="p22">
								<toi>60:00</toi>
								<percentages>0.924</percentages>
								<sa>45</sa>
								<sb>43</sb>
							</player_stats>
						</goalies>
					</host><visitor>
						<skaters>
							<player_stats id="p15">
								<goals>1</goals>
								<assists>1</assists>
								<difference>+2</difference>
								<pim>2</pim>
								<toi>18:42</toi>
								<etoi>17:20</etoi>
								<pptoi>1:22</pptoi>
								<pktoi>0:00</pktoi>
							</player_stats>
						</skaters>
						<goalies>
							<player_stats id="p0">
								<toi>59:36</toi>
								<percentages>0.957</percentages>
								<sa>33</sa>
								<sb>32</sb>
							</player_stats>
						</goalies>
					</visitor>
					
				</boxscore>
				<referees>
					<main>Dennis LaRue, Tom Kowal</main>
					<linesmen>Brad Lazarowich, Vaughan Rody</linesmen>
				</referees>
				<headcoaches>
					<host>Mike Yeo</host><visitor>Joe Sacco</visitor>
					
				</headcoaches>
				<attendance>16722</attendance>
				<stars>
					<img src="1ststar.png"/>Zdeno Chara <?game_stats g0 p2?>, <img src="2ndstar.png"/>Mike Lucic <?game_stats g0 p11?>, <img src="3rdstar.png"/>Patrice Bergeron <?game_stats g0 p15?>
				</stars>
				<scratches>C. Kobasew<reason>concussion</reason>, K. Porter<reason>upper-body injury</reason></scratches>
			</game>
		</date>
	</season>
</nhlstatistics>