<?xml version="1.0" encoding="UTF-8"?>
<seznam>
   <dodavatel>
      <jmeno>Bedrich Mach</jmeno>
      <kytky>
         <kytky>
            <nazev>kytka</nazev>
         </kytky>
         <kytky>
            <nazev>mala ruze</nazev>
         </kytky>
         <kytky>
            <nazev>mala umela ruze</nazev>
         </kytky>
         <kytky>
            <nazev>orchidej</nazev>
         </kytky>
         <kytky>
            <nazev>sem patri nazev</nazev>
         </kytky>
         <kytky>
            <nazev>slunecnice</nazev>
         </kytky>
         <kytky>
            <nazev>umela ruze</nazev>
         </kytky>
         <kytky>
            <nazev>velka orchidej</nazev>
         </kytky>
      </kytky>
   </dodavatel>
   <dodavatel>
      <jmeno>Cyril Metodej</jmeno>
      <kytky>
         <kytky>
            <nazev>anglicka ruze</nazev>
         </kytky>
         <kytky>
            <nazev>holandsky tulipan</nazev>
         </kytky>
         <kytky>
            <nazev>tulipan</nazev>
         </kytky>
      </kytky>
   </dodavatel>
   <dodavatel>
      <jmeno>Joe Black</jmeno>
      <kytky/>
   </dodavatel>
</seznam>